kw-high-intent,,,,,,,,,,,,,,,,,,,,,,,,,
1 April 2025 - 31 March 2026,,,,,,,,,,,,,,,,,,,,,,,,,
Keyword,Currency,Avg. monthly searches,Three month change,YoY change,Competition,Competition (indexed value),Top of page bid (low range),Top of page bid (high range),Ad impression share,Organic impression share,Organic average position,In account?,In plan?,Searches: Apr 2025,Searches: May 2025,Searches: Jun 2025,Searches: Jul 2025,Searches: Aug 2025,Searches: Sep 2025,Searches: Oct 2025,Searches: Nov 2025,Searches: Dec 2025,Searches: Jan 2026,Searches: Feb 2026,Searches: Mar 2026
hire web designer,INR,1300,116%,-21%,Low,23,1260.81,4328.31,,,,Y,,2400,1900,1300,1000,1000,1600,720,590,590,880,880,1900
web design quote,INR,260,0%,-71%,Low,10,964.90,3831.59,,,,,,590,320,210,170,210,590,260,90,140,170,140,170
web design pricing,INR,260,189%,-70%,Low,13,297.62,1507.54,,,,,,880,390,260,260,210,480,170,70,90,90,110,260
how much does a website cost,INR,2400,0%,-17%,Medium,47,226.92,1091.29,,,,,,2900,2400,1900,1900,1900,1900,2400,1900,1900,2400,1900,2400
web design packages,INR,260,24%,-64%,Low,15,377.93,1121.94,,,,,,480,320,210,260,260,480,390,210,140,170,90,210
web design proposal,INR,210,55%,-65%,Low,15,314.22,1609.66,,,,,,390,260,210,140,140,480,320,170,140,110,90,170
hire shopify developer,INR,880,126%,-45%,Low,8,578.24,4222.01,,,,,,1300,1900,1300,320,260,1900,390,210,320,390,320,880
ecommerce website cost,INR,390,179%,-56%,Low,10,261.75,1406.36,,,,,,880,590,390,210,260,880,590,110,320,140,140,390
website design cost,INR,1900,90%,-65%,Low,29,377.93,1581.07,,,,,,4400,2900,1900,1600,1600,2400,2400,1600,1000,1000,1000,1900
hire a website designer,INR,1300,116%,-21%,Low,23,1260.81,4328.31,,,,,,2400,1900,1300,1000,1000,1600,720,590,590,880,880,1900
shopify developers,INR,2400,89%,-18%,Low,30,538.56,3883.78,,,,,,3600,3600,2400,2900,1900,3600,2400,1600,1600,1900,2400,3600
freelance website designer,INR,2900,132%,22%,Low,13,579.34,3041.65,,,,,,3600,4400,3600,2900,2900,3600,2400,1900,1300,1900,2900,4400
how much does it cost to build a website,INR,1600,23%,-33%,Medium,49,231.48,1051.74,,,,,,2400,1900,1600,1600,1300,1300,1300,1300,1000,1300,1000,1600
how much does it cost to make a website,INR,1600,0%,-16%,Medium,42,210.80,760.27,,,,,,2400,1900,1300,1300,1300,1300,1300,1300,1300,1600,1600,1600
freelance website developer,INR,260,179%,22%,Low,15,572.57,3038.15,,,,,,320,320,260,390,260,390,170,140,210,140,170,390
affordable website design packages,INR,170,57%,-81%,Low,2,,,,,,,,480,260,210,90,140,260,90,20,70,70,70,110
how much does it cost to create a website,INR,880,0%,-32%,Medium,46,219.78,954.61,,,,,,1300,1300,880,880,720,880,880,720,720,880,720,880
average cost of website design for small business,INR,390,321%,-33%,Medium,38,267.39,1177.18,,,,,,880,880,590,480,390,390,260,110,90,140,260,590
website development costs,INR,720,50%,-55%,Low,26,414.54,2106.58,,,,,,1300,880,720,590,480,1000,480,480,390,480,480,720
hire shopify expert,INR,390,85%,-52%,Low,15,884.45,4375.55,,,,,,880,720,390,320,320,1000,210,170,170,260,170,480
hire website developer,INR,1000,310%,-33%,Low,11,918.38,5675.19,,,,,,1900,1900,1300,880,720,1600,590,320,390,390,480,1600
shopify website builder cost,INR,110,-36%,-67%,Medium,64,275.43,1104.27,,,,,,170,170,90,140,140,170,110,90,110,110,70,70
how much is a squarespace website,INR,2900,-19%,-34%,Medium,53,202.63,986.16,,,,,,4400,3600,2900,3600,2900,2900,2900,2400,2400,3600,2900,2900
web developers for hire,INR,1000,310%,-33%,Low,11,918.38,5675.19,,,,,,1900,1900,1300,880,720,1600,590,320,390,390,480,1600
how much does it cost to have a website,INR,590,0%,-18%,Medium,61,174.59,784.95,,,,,,880,720,590,590,590,590,720,590,590,720,590,720
cost to build a website,INR,1300,14%,-72%,Medium,50,287.86,1360.57,,,,,,2400,1300,1600,1300,1000,1600,880,880,720,880,720,1000
how much is a website,INR,720,22%,-12%,Medium,56,244.96,1132.86,,,,,,1000,880,590,590,720,720,720,590,590,720,590,880
freelance shopify developer,INR,260,24%,-46%,Low,29,650.63,2994.42,,,,,,480,390,210,140,170,590,210,210,70,170,140,210
how much does a squarespace website cost,INR,2400,0%,-17%,Medium,53,194.08,953.60,,,,,,2900,2400,2400,2400,2400,1900,1900,1900,1900,2400,2400,2400
squarespace website pricing,INR,22200,49%,22%,Low,31,272.79,1006.87,,,,,,22200,22200,18100,22200,18100,18100,18100,18100,18100,22200,22200,33100
godaddy website cost,INR,590,0%,-33%,Medium,60,122.78,699.80,,,,,,720,720,590,590,590,590,590,590,390,590,590,590
how much does a website cost per month,INR,590,0%,-18%,Medium,56,208.21,859.80,,,,,,880,720,590,590,480,480,590,590,590,590,480,590
shopify website cost,INR,590,-18%,-33%,Medium,59,222.41,792.50,,,,,,720,720,480,590,590,720,720,590,590,720,590,590
freelance web developers,INR,1900,82%,-16%,Low,20,274.48,2259.30,,,,,,1900,2400,1900,2900,1600,2400,1300,880,1000,880,2400,1600
wordpress website cost,INR,720,-18%,-55%,Medium,45,248.94,1292.37,,,,,,1900,880,720,720,590,590,590,390,390,720,480,590
hire ui ux designer,INR,210,179%,-19%,Low,7,717.61,4025.71,,,,,,390,320,210,170,110,480,170,110,90,140,110,390
wix ecommerce pricing,INR,260,-19%,-46%,Low,32,235.18,861.46,,,,,,390,390,320,320,260,320,260,260,260,260,170,210
website maintenance cost,INR,590,181%,-55%,Low,13,315.18,1218.54,,,,,,1300,880,480,390,480,1900,390,260,210,210,260,590
website design packages,INR,320,50%,-79%,Low,16,487.99,1702.01,,,,,,720,390,260,320,210,880,390,210,110,140,110,210
custom website design cost,INR,50,50%,-57%,Medium,36,352.42,1699.88,,,,,,70,50,50,70,30,140,30,20,20,20,20,30
website design prices,INR,1900,90%,-65%,Low,29,377.93,1581.07,,,,,,4400,2900,1900,1600,1600,2400,2400,1600,1000,1000,1000,1900
website creators for hire,INR,30,0%,-25%,Medium,56,1095.24,3117.96,,,,,,40,30,20,50,30,30,20,20,20,30,30,30
shopify expert near me,INR,210,52%,52%,Low,15,733.02,3053.21,,,,Y,,260,210,210,140,210,320,170,70,110,210,260,320
godaddy website pricing,INR,320,0%,-46%,Medium,59,167.40,824.35,,,,,,480,480,320,390,320,390,320,260,320,320,320,320
website packages,INR,210,27%,-71%,Low,21,641.90,1680.36,,,,,,390,320,210,170,260,590,90,110,90,110,90,140
hire freelance web developer,INR,390,0%,126%,Low,3,719.51,4465.86,,,,,,320,260,260,110,90,320,170,70,50,880,880,880
shopify freelancers,INR,260,24%,-46%,Low,29,650.63,2994.42,,,,,,480,390,210,140,170,590,210,210,70,170,140,210
website creation cost,INR,1900,90%,-65%,Low,29,377.93,1581.07,,,,,,4400,2900,1900,1600,1600,2400,2400,1600,1000,1000,1000,1900
low cost website,INR,170,-36%,-85%,Medium,53,751.94,3052.02,,,,,,390,170,170,210,170,320,170,170,140,140,110,90
how much does it cost to start a website,INR,480,0%,-19%,Medium,54,213.87,819.51,,,,,,720,590,390,480,390,390,480,480,390,480,390,480
freelance web designer near me,INR,260,86%,-46%,Low,22,694.70,3038.34,,,,,,720,480,260,260,260,170,140,90,110,140,140,260
how much does it cost to set up a website,INR,480,0%,-19%,Medium,54,213.87,819.51,,,,,,720,590,390,480,390,390,480,480,390,480,390,480
best and cheapest website builder,INR,390,22%,-34%,Medium,55,658.18,3451.37,,,,,,480,480,390,390,320,480,320,390,320,320,320,390
freelancer for website development,INR,590,50%,-19%,Low,13,200.08,1344.81,,,,,,590,880,720,720,480,880,720,480,390,260,390,390
website price list,INR,110,-22%,-67%,Medium,38,234.75,879.83,,,,,,210,170,110,110,110,170,110,50,50,90,40,70
how much does it cost for a website,INR,170,24%,0%,Medium,57,211.20,699.41,,,,,,260,260,170,170,170,140,170,140,140,170,170,210
web design cost,INR,1900,90%,-65%,Low,29,377.93,1581.07,,,,,,4400,2900,1900,1600,1600,2400,2400,1600,1000,1000,1000,1900
how much does wix cost,INR,1600,0%,-33%,Low,33,262.59,1009.31,,,,,,1900,1900,1900,1900,1600,1600,1600,1300,1300,1600,1600,1600
wordpress website pricing,INR,720,-18%,-55%,Medium,45,248.94,1292.37,,,,,,1900,880,720,720,590,590,590,390,390,720,480,590
how much does it cost to run a website,INR,320,22%,-19%,Medium,44,161.28,679.67,,,,,,480,480,320,320,260,320,320,320,320,320,320,390
website builders for hire,INR,260,24%,-19%,High,68,1303.25,4069.55,,,,,,320,260,210,210,210,320,210,210,170,210,210,260
how much is a wordpress website,INR,170,0%,-35%,Medium,64,156.99,1113.48,,,,,,260,210,210,170,170,170,170,140,110,170,140,170
godaddy ecommerce pricing,INR,210,0%,-36%,Medium,58,213.01,786.18,,,,,,110,1300,720,70,70,70,90,50,50,70,70,70
how much does it cost to get a website made,INR,170,21%,-19%,Medium,61,358.30,1317.97,,,,,,260,170,170,140,170,140,140,110,140,140,110,170
how much does it cost to have a website built,INR,210,0%,0%,Medium,58,269.14,1184.51,,,,,,210,210,210,260,210,170,210,170,210,260,260,260
shopify store cost,INR,260,-19%,-34%,Medium,51,190.90,672.72,,,,,,260,260,260,210,260,320,210,210,210,260,210,210
business website cost,INR,90,0%,-71%,Medium,64,414.62,1548.14,,,,,,170,140,50,50,70,170,110,50,50,50,50,50
how much does it cost to design a website,INR,1600,0%,-16%,Medium,42,210.80,760.27,,,,,,2400,1900,1300,1300,1300,1300,1300,1300,1300,1600,1600,1600
website cost for small business,INR,320,243%,-45%,Low,19,275.89,1183.88,,,,,,720,590,480,320,140,210,170,110,140,140,170,480
website design quote,INR,110,-20%,-88%,Low,25,1963.85,6808.83,,,,,,260,170,90,70,90,390,70,10,30,50,30,40
cost of squarespace website,INR,2900,-19%,-46%,Medium,50,261.87,961.75,,,,,,3600,3600,2900,3600,2900,2900,2900,2900,2900,3600,2900,2900
how much is it to create a website,INR,140,21%,0%,Medium,58,233.39,991.32,,,,,,140,140,140,110,110,110,140,140,90,140,140,170
best low cost website builder,INR,40,-40%,-40%,High,75,647.77,3495.36,,,,,,40,30,50,50,40,30,40,30,20,50,50,30
web design price list,INR,90,0%,-76%,Low,9,239.99,1104.46,,,,,,210,170,70,70,50,30,140,20,90,40,30,40
godaddy website builder cost,INR,480,0%,-46%,Medium,47,182.98,920.84,,,,,,720,590,590,480,480,720,590,390,390,390,320,390
wix website pricing,INR,9900,-18%,-55%,Low,26,268.66,1038.21,,,,,,14800,12100,12100,12100,9900,9900,9900,8100,8100,9900,8100,8100
shopify website design packages,INR,30,100%,-33%,Medium,34,,,,,,,,90,50,40,10,10,20,40,10,10,10,10,20
freelance web developer near me,INR,50,150%,-29%,Low,29,528.27,2020.01,,,,,,70,90,50,70,50,30,40,70,20,20,40,50
ecommerce website price,INR,390,179%,-56%,Low,10,261.75,1406.36,,,,Y,,880,590,390,210,260,880,590,110,320,140,140,390
low cost website builder,INR,140,-65%,-57%,Medium,56,716.00,3438.85,,,,,,210,210,170,140,140,110,110,110,90,260,90,90
website packages pricing,INR,110,57%,-48%,Low,10,482.81,1621.93,,,,,,320,210,90,50,90,260,110,30,30,70,40,110
hire wordpress website designer,INR,20,0%,-86%,Low,32,1585.12,6112.59,,,,,,40,30,30,10,30,10,10,10,10,10,10,10
shopify website pricing,INR,140,0%,-18%,Medium,53,227.89,786.12,,,,,,170,140,140,140,140,110,140,110,110,140,170,140
looking for website developer,INR,70,120%,0%,Low,33,844.50,4668.44,,,,,,90,110,70,70,40,50,50,50,110,50,70,110
low cost website design,INR,210,55%,-71%,Low,7,1159.99,5410.51,,,,,,480,210,140,110,170,480,210,210,170,110,90,170
hire designers online,INR,10,0%,-67%,High,67,574.34,3361.25,,,,,,10,10,10,30,20,20,10,10,10,10,10,10
cost to make a website,INR,1300,14%,-72%,Medium,50,287.86,1360.57,,,,,,2400,1300,1600,1300,1000,1600,880,880,720,880,720,1000
shopify store price,INR,90,-36%,-36%,Medium,50,201.73,748.47,,,,,,110,110,110,90,70,70,90,110,90,110,110,70
website design packages prices,INR,170,56%,-64%,Low,4,355.26,1477.39,,,,,,480,260,140,70,70,210,170,50,90,90,70,140
find web developer freelance,INR,20,0%,-80%,Medium,57,1267.75,4246.96,,,,,,40,40,30,20,20,10,10,10,10,10,10,10
squarespace website builder cost,INR,90,0%,0%,Medium,46,235.02,1061.05,,,,,,90,140,90,70,70,90,70,70,90,90,90,90
website builder prices,INR,1300,14%,-72%,Medium,50,287.86,1360.57,,,,,,2400,1300,1600,1300,1000,1600,880,880,720,880,720,1000
webflow ecommerce pricing,INR,70,0%,-36%,Medium,38,345.08,1206.34,,,,,,90,90,90,110,70,70,70,50,50,70,50,70
shopify expert cost,INR,40,200%,-73%,Low,2,,,,,,,,90,70,20,10,20,140,10,10,10,10,10,30
hire squarespace designer,INR,40,150%,25%,Low,4,1086.34,1850.58,,,,,,40,70,40,50,70,20,20,10,10,20,50,50
average cost to build a website,INR,260,23%,-33%,Medium,43,251.27,1425.07,,,,,,480,390,320,260,260,260,260,210,210,260,210,320
how much is a godaddy website,INR,320,-33%,-33%,Medium,59,125.96,782.37,,,,,,390,320,320,320,320,320,320,260,260,390,260,260
hire shopify website builder,INR,30,200%,-79%,Low,29,871.14,3860.15,,,,,,110,50,10,10,20,110,20,10,10,10,10,30
affordable shopify developers,INR,10,0%,-75%,Low,9,,,,,,,,20,10,20,10,10,10,10,10,0,10,10,10
how much does a website cost for a small business,INR,110,50%,24%,Medium,45,271.35,1193.19,,,,,,170,170,90,90,70,70,90,70,110,140,110,210
find a website developer,INR,10,0%,-50%,High,77,2199.98,6270.29,,,,,,20,10,10,10,10,10,10,10,10,10,10,10
website proposal,INR,210,53%,-33%,Low,19,381.73,1536.32,,,,,,390,320,210,170,140,390,170,170,110,170,210,260
how much does website design cost,INR,210,53%,-19%,Medium,36,262.29,1131.19,,,,,,320,210,210,210,170,140,140,140,170,170,140,260
how much is it to build a website,INR,320,0%,0%,Medium,55,244.67,882.25,,,,,,390,480,260,260,260,320,320,320,260,390,320,390
ecommerce website development cost,INR,140,-35%,-72%,Low,5,330.48,3227.03,,,,,,390,210,170,70,90,390,50,30,140,170,30,110
find a shopify developer,INR,10,0%,-80%,Low,30,2574.81,14274.29,,,,,,30,10,20,10,10,10,10,10,20,10,10,10
how much squarespace cost,INR,50,0%,67%,Medium,43,185.37,811.99,,,,,,30,70,50,50,50,40,50,40,40,50,50,50
how much to start a website,INR,140,-21%,-48%,Medium,62,269.57,1113.96,,,,,,170,170,140,110,140,140,140,140,90,140,110,110
square space website pricing,INR,0,0%,0%,Unknown,,,,,,,,,0,0,0,0,0,0,0,0,0,0,0,0
how much does it cost to buy a website,INR,90,0%,0%,Medium,52,256.61,746.09,,,,,,170,140,90,90,70,70,110,90,90,110,70,110
shopify web designer near me,INR,90,-29%,-71%,Medium,34,712.41,2834.65,,,,,,170,170,110,70,50,140,50,70,40,70,30,50
squarespace web designer pricing,INR,20,0%,-75%,Low,12,,,,,,,,40,50,30,20,10,10,10,10,0,10,10,10
wix website builder cost,INR,140,-18%,27%,Medium,50,250.26,931.17,,,,,,110,110,170,140,110,110,140,110,110,170,140,140
how much does wordpress hosting cost,INR,20,-50%,-67%,High,69,197.01,1395.46,,,,,,10,20,20,30,20,30,20,30,20,20,10,10
cost to have a website built,INR,70,0%,-36%,Medium,67,377.93,1338.83,,,,,,90,90,70,70,70,70,70,70,70,70,70,70
website development packages,INR,140,-29%,-71%,Low,9,392.11,1173.49,,,,Y,,170,140,90,30,70,720,70,40,90,70,40,50
low cost websites for small business,INR,20,0%,-33%,High,86,864.82,2671.96,,,,,,30,30,30,30,30,30,20,20,20,20,20,20
how much it cost to build a website,INR,70,0%,-22%,Medium,61,257.45,933.19,,,,,,110,90,90,90,90,70,70,70,70,70,50,70
how much should i charge to build a website,INR,260,-19%,-34%,Medium,36,89.42,500.73,,,,,,320,260,260,210,210,390,260,170,170,260,170,210
how much does a shopify website cost,INR,110,27%,-33%,Medium,51,186.68,598.99,,,,,,140,140,90,140,110,90,90,110,90,110,110,140
hire someone to design my website,INR,10,0%,0%,High,80,1933.88,4235.08,,,,,,10,10,10,10,10,10,10,10,10,10,10,10
how much does a wordpress site cost,INR,140,21%,-35%,Medium,52,179.52,1218.69,,,,,,170,170,170,170,140,140,110,90,110,140,110,170
low cost ecommerce website,INR,170,21%,-56%,Medium,36,488.43,2347.28,,,,,,260,170,170,170,170,170,170,140,210,140,140,170
website design proposal,INR,140,0%,-65%,Low,23,352.98,1108.44,,,,,,210,170,110,110,90,320,210,170,110,90,70,90
how much does it cost to own a website,INR,170,24%,24%,Medium,39,188.27,753.04,,,,,,210,210,140,140,140,170,170,140,140,170,170,210
shopify freelance developer,INR,20,0%,-60%,Medium,42,864.50,2876.11,,,,,,40,20,20,10,10,110,10,30,10,20,10,20
website development prices,INR,110,175%,-72%,Low,19,346.40,1189.16,,,,,,320,210,170,90,110,170,70,50,70,40,50,110
how much does it cost to have a shopify store,INR,90,-36%,-36%,Medium,52,184.57,566.90,,,,,,90,110,110,90,140,140,90,70,90,110,90,70
how much does webflow cost,INR,90,0%,-18%,Medium,40,257.00,973.29,,,,,,90,90,90,110,90,70,90,70,110,90,110,90
looking for shopify developer,INR,10,0%,-75%,Low,0,,,,,,,,30,20,10,10,10,10,10,10,10,10,10,10
how much does it cost to maintain a website,INR,260,24%,-46%,Low,28,132.19,722.42,,,,,,390,320,210,210,170,260,260,210,170,170,170,210
cheapest way to set up a website,INR,10,100%,100%,High,77,711.06,3509.96,,,,,,20,20,20,10,20,10,10,10,10,10,20,20
website redesign proposal,INR,210,55%,-65%,Low,15,314.22,1609.66,,,,,,390,260,210,140,140,480,320,170,140,110,90,170
hire freelance web designer,INR,170,50%,243%,Low,2,1680.25,4478.65,,,,,,170,170,110,90,40,70,30,20,30,320,480,480
hire a website creator,INR,260,24%,-19%,High,68,1303.25,4069.55,,,,,,320,260,210,210,210,320,210,210,170,210,210,260
squarespace website design cost,INR,40,-33%,-60%,Low,30,437.00,819.10,,,,,,50,70,70,40,30,20,20,20,20,30,20,20
how much does a web designer cost,INR,210,50%,-19%,Medium,48,326.20,1373.82,,,,,,320,320,210,260,210,170,210,170,140,140,140,210
web development packages,INR,140,-29%,-71%,Low,9,392.11,1173.49,,,,,,170,140,90,30,70,720,70,40,90,70,40,50
how much does it cost to develop a website,INR,1600,23%,-33%,Medium,49,231.48,1051.74,,,,,,2400,1900,1600,1600,1300,1300,1300,1300,1000,1300,1000,1600
how much does it cost to hire a website designer,INR,90,0%,-18%,Medium,50,349.49,1358.07,,,,,,140,90,140,210,70,70,50,50,110,90,70,90
basic website cost,INR,90,-36%,-36%,Medium,60,236.88,1209.34,,,,,,140,140,90,90,90,90,90,70,90,140,70,90
hire ecommerce developer,INR,320,243%,-18%,Low,8,1097.90,4616.81,,,,,,720,390,210,90,70,1000,70,140,210,210,210,720
go daddy website cost,INR,590,0%,-33%,Medium,60,122.78,699.80,,,,,,720,720,590,590,590,590,590,590,390,590,590,590
how much does it cost to make your own website,INR,70,-22%,-22%,Medium,52,181.84,702.02,,,,,,70,110,70,70,70,70,90,70,70,90,70,70
how much does it cost to have your own website,INR,70,0%,0%,Medium,55,138.86,663.49,,,,,,70,70,70,70,90,90,90,70,70,90,70,90
best cheap websites,INR,50,0%,-29%,High,82,301.17,2049.76,,,,,,70,70,40,50,50,40,40,50,50,50,50,50
average cost for website design,INR,390,22%,-46%,Medium,39,233.70,1446.59,,,,,,720,480,390,320,320,320,320,260,260,320,320,390
custom website development cost,INR,10,0%,-67%,Low,13,,,,,,,,30,10,20,10,10,10,10,10,10,10,10,10
hire a professional website designer,INR,90,100%,-81%,Low,17,1699.86,6585.55,,,,,,320,170,140,30,50,260,20,40,10,20,20,40
how much is godaddy website,INR,320,-33%,-33%,Medium,59,125.96,782.37,,,,,,390,320,320,320,320,320,320,260,260,390,260,260
how much does it cost to have a website made,INR,90,0%,-18%,Medium,65,283.45,1317.99,,,,,,110,70,50,50,70,140,90,70,70,90,50,90
go daddy website pricing,INR,320,0%,-46%,Medium,59,167.40,824.35,,,,,,480,480,320,390,320,390,320,260,320,320,320,320
hire a shopify expert cost,INR,20,0%,-86%,Low,10,,,,,,,,70,40,20,10,10,90,10,10,10,10,10,10
shopify developer hire,INR,140,600%,-36%,Low,4,1359.71,9454.04,,,,,,90,590,390,20,40,170,50,10,10,10,30,70
website redesign cost,INR,260,129%,-19%,Low,15,517.59,2058.33,,,,,,480,320,260,170,210,390,210,260,170,170,170,390
how much it cost to create a website,INR,320,-19%,-46%,Medium,62,209.84,1037.12,,,,,,480,390,320,390,320,320,320,260,210,320,260,260
how much for website design,INR,210,24%,-46%,Medium,45,261.44,1142.31,,,,,,390,260,210,210,210,170,170,140,140,170,170,210
website maintenance pricing,INR,90,-33%,-90%,Low,8,,,,,,,,210,140,90,70,140,260,50,10,10,30,20,20
how much is it to start a website,INR,70,0%,-22%,Medium,57,289.36,895.00,,,,,,90,90,70,70,40,70,50,50,70,70,50,70
freelance shopify website designer,INR,20,0%,-50%,High,83,857.91,5653.13,,,,,,20,20,30,10,10,30,10,20,20,10,10,10
shopify plans and features,INR,10,100%,-33%,Low,5,,,,,,,,10,20,20,10,10,20,10,10,10,10,10,20
wordpress website builder cost,INR,40,-25%,-40%,Medium,56,536.21,1511.74,,,,,,70,70,70,50,40,40,30,30,30,40,30,30
shopify web designer cost,INR,20,0%,-86%,Medium,64,381.71,939.46,,,,,,70,30,10,10,10,90,20,10,0,10,10,10
average website cost,INR,390,23%,-33%,Medium,35,178.73,1107.51,,,,,,880,590,390,390,320,320,390,320,260,390,390,480
how much does wordpress website cost,INR,140,21%,-35%,Medium,52,179.52,1218.69,,,,,,170,170,170,170,140,140,110,90,110,140,110,170
how much does a godaddy website cost,INR,70,29%,0%,Medium,49,172.30,943.75,,,,,,70,70,90,90,70,70,70,70,40,70,70,90
shopify developer near me,INR,140,91%,24%,Low,10,877.70,3470.00,,,,,,260,90,170,110,70,170,70,50,50,110,260,210
website setup cost,INR,110,0%,-47%,Medium,53,221.74,1526.36,,,,,,170,140,110,110,90,140,90,70,70,90,90,90
low cost website design company,INR,70,-25%,-73%,Low,0,,,,,,,,110,70,30,10,70,210,70,90,30,40,10,30
shopify coders,INR,30,0%,-78%,Low,33,729.38,5844.67,,,,,,70,30,50,20,20,20,20,30,10,20,20,20
hire professional website developer,INR,90,100%,-81%,Low,17,1699.86,6585.55,,,,,,320,170,140,30,50,260,20,40,10,20,20,40
duda ecommerce pricing,INR,20,-50%,0%,Low,31,353.63,1127.29,,,,,,30,20,10,30,20,20,30,30,10,20,20,10
ecommerce website hosting cost,INR,10,0%,0%,Medium,51,503.85,1515.68,,,,,,10,10,20,10,20,20,10,10,10,10,10,10
shopify ecommerce website cost,INR,30,-50%,-86%,Medium,36,386.35,516.59,,,,,,70,40,20,30,30,20,20,20,30,20,10,10
how much does it cost to get a website built,INR,50,0%,-29%,High,69,466.95,1715.67,,,,,,70,70,50,70,50,40,30,50,40,50,40,50
how much does it cost to get a website,INR,70,0%,-22%,High,68,246.57,1058.08,,,,,,110,70,70,90,70,70,70,70,70,70,70,70
how much it cost to make a website,INR,260,23%,0%,Medium,48,214.24,780.75,,,,,,390,320,260,210,260,210,260,260,170,260,210,320
how much does godaddy charge to build a website,INR,110,0%,27%,Medium,59,258.05,1181.80,,,,,,70,70,90,90,110,140,110,110,90,140,110,140
how much website cost,INR,140,0%,-33%,Medium,44,243.17,966.82,,,,,,260,170,140,140,110,90,110,90,90,140,140,140
website creation price,INR,140,27%,-46%,Medium,37,289.20,1228.75,,,,,,320,210,170,140,140,110,170,70,90,110,90,140
how much does web design cost,INR,210,53%,-19%,Medium,36,262.29,1131.19,,,,,,320,210,210,210,170,140,140,140,170,170,140,260
how much does squarespace website cost,INR,2400,0%,-17%,Medium,53,194.08,953.60,,,,,,2900,2400,2400,2400,2400,1900,1900,1900,1900,2400,2400,2400
how much does it cost to have a squarespace website,INR,40,25%,25%,Medium,47,167.16,928.77,,,,,,30,40,30,30,40,50,20,30,40,40,40,50
how much does wix cost to build a website,INR,40,50%,-73%,Low,23,245.54,954.19,,,,,,110,90,20,50,20,20,40,30,10,20,20,30
website development quote,INR,50,133%,-50%,Low,4,840.45,5390.43,,,,,,110,70,50,40,50,10,10,20,70,30,20,70
how much does it cost to maintain a website monthly,INR,50,25%,25%,Low,28,181.95,939.17,,,,,,70,50,40,40,50,40,40,30,30,40,40,50
cost to start a website,INR,90,29%,-47%,Medium,53,217.05,1255.98,,,,,,170,140,110,90,70,70,90,70,70,70,70,90
how much to build website,INR,390,0%,-46%,Medium,58,232.01,932.10,,,,,,480,480,480,390,390,320,390,320,260,320,320,320
how much does a wix website cost,INR,320,0%,-18%,Medium,36,191.39,791.34,,,,,,320,260,260,320,320,320,320,260,260,320,260,320
how much should a website cost,INR,2400,0%,-17%,Medium,47,226.92,1091.29,,,,,,2900,2400,1900,1900,1900,1900,2400,1900,1900,2400,1900,2400
website design cost per hour,INR,30,0%,-78%,Low,21,133.04,1032.96,,,,,,70,40,40,20,10,50,20,10,10,20,10,20
wordpress website design cost,INR,140,3500%,324%,Low,0,472.42,2194.97,,,,,,170,170,50,70,110,260,70,70,20,20,10,720
how much is it for a website,INR,40,0%,-20%,High,69,142.71,891.64,,,,,,90,40,30,30,30,40,30,30,40,40,30,40
how much does squarespace charge,INR,40,75%,75%,Medium,34,179.56,821.99,,,,,,40,40,30,50,30,40,30,30,30,40,50,70
how much does it cost to make a shopify website,INR,30,-75%,-86%,Medium,40,188.42,594.88,,,,,,50,50,20,20,20,20,20,30,40,40,30,10
how much does a professional website cost,INR,90,89%,0%,Medium,45,287.74,1231.33,,,,,,140,110,90,90,70,90,90,90,70,90,90,170
website development proposal,INR,140,40%,-82%,Low,15,317.47,1375.45,,,,,,390,170,50,30,70,590,30,40,40,50,30,70
web design pricing packages,INR,70,-25%,-79%,Low,24,284.23,1339.78,,,,,,170,90,70,40,70,90,90,20,40,40,50,30
how much does a website cost on squarespace,INR,40,0%,33%,Medium,63,149.93,1006.27,,,,,,50,40,20,30,40,30,40,20,20,40,50,40
freelance website developer near me,INR,10,200%,200%,Low,22,1382.30,5313.37,,,,,,20,10,10,10,10,10,10,10,10,10,10,30
hire a squarespace designer,INR,30,-40%,-25%,Medium,48,1174.88,2801.98,,,,,,20,50,30,20,10,20,20,20,20,50,110,30
hire shopify designer,INR,50,350%,-18%,Low,7,508.97,1549.82,,,,,,110,90,40,20,70,170,20,10,10,20,10,90
how much does a website on squarespace cost,INR,20,-33%,0%,Medium,59,275.91,1112.43,,,,,,20,20,20,20,30,30,20,20,20,30,20,20
best price website builder,INR,10,0%,0%,High,86,,,,,,,,10,10,10,10,10,10,10,10,10,10,10,10
how much does it cost to open a website,INR,50,0%,25%,Medium,46,286.35,1187.98,,,,,,50,50,40,40,40,40,40,40,50,50,50,50
website monthly cost,INR,70,0%,-36%,Medium,47,209.00,1043.85,,,,,,70,90,70,70,50,50,70,50,50,70,70,70
how much does squarespace charge for a website,INR,40,25%,25%,Medium,61,190.56,942.00,,,,,,40,50,30,40,50,40,50,40,30,40,50,50
website maintenance packages pricing,INR,30,100%,-71%,Low,10,,,,,,,,90,40,20,10,20,70,10,0,10,10,10,20
website creator hire,INR,10,-100%,-100%,Unknown,,,,,,,,,10,10,10,10,10,10,10,10,10,10,10,0
shopify approved developers,INR,10,0%,0%,Low,0,,,,,,,,10,10,10,10,10,10,10,10,0,10,10,10
average price for website design,INR,390,22%,-46%,Medium,39,233.70,1446.59,,,,,,720,480,390,320,320,320,320,260,260,320,320,390
how much do web designers charge,INR,210,0%,0%,Medium,46,231.50,1050.66,,,,,,260,210,210,170,210,210,170,170,140,260,170,260
website design and hosting prices,INR,10,0%,-67%,Medium,43,835.43,1870.64,,,,,,40,30,20,10,10,10,10,10,10,10,10,10
website design quotation,INR,110,-20%,-88%,Low,25,1963.85,6808.83,,,,,,260,170,90,70,90,390,70,10,30,50,30,40
professional website cost,INR,40,-40%,-67%,Medium,50,305.32,1142.04,,,,,,70,50,40,40,20,50,50,40,30,50,40,30
how much does it cost to have a wordpress website,INR,20,100%,0%,High,71,115.64,1152.50,,,,,,10,10,20,10,20,20,10,10,10,10,20,20
hire wix designer,INR,20,0%,-80%,Low,27,1102.96,2204.48,,,,,,40,30,10,10,30,90,10,10,10,10,10,10
ecommerce website price list,INR,20,0%,-80%,Medium,37,135.61,655.53,,,,,,70,40,30,30,30,20,30,10,10,10,10,10
custom web design pricing,INR,10,0%,-80%,Low,0,,,,,,,,70,30,10,10,10,10,20,10,10,10,10,10
squarespace website designer cost,INR,10,0%,-75%,Low,14,,,,,,,,10,10,10,10,10,20,10,10,10,10,10,10
web development cost,INR,50,25%,-71%,Low,25,370.46,1536.02,,,,,,140,110,70,30,50,30,30,30,30,40,50,50
price to build a website,INR,30,50%,0%,High,78,234.42,1125.30,,,,,,70,50,30,20,40,20,20,30,20,20,30,30
how much is it to set up a website,INR,10,100%,0%,Medium,56,217.12,1100.58,,,,,,20,10,10,20,30,10,10,20,10,10,10,20
cost of website design for small business,INR,110,89%,-19%,Low,32,369.15,1462.47,,,,,,210,110,110,90,70,70,110,70,70,90,90,170
wix web hosting cost,INR,390,-19%,-46%,Medium,37,204.08,985.37,,,,,,480,590,480,480,390,390,390,390,320,480,390,390
website hosting and maintenance cost,INR,30,-50%,-80%,Medium,58,378.20,1961.51,,,,,,50,30,30,20,40,70,10,20,10,20,10,10
godaddy website design cost,INR,40,-33%,-50%,Medium,63,512.45,972.78,,,,,,50,50,50,30,40,30,30,20,30,30,30,20
cost to create a website for a small business,INR,70,-20%,-81%,Medium,42,275.94,1249.18,,,,,,170,90,50,30,30,140,50,90,70,50,30,40
shopify programmers,INR,30,0%,-78%,Low,33,729.38,5844.67,,,,,,70,30,50,20,20,20,20,30,10,20,20,20
shopify hire expert,INR,10,0%,-75%,High,71,,,,,,,,30,20,30,10,10,10,10,0,10,10,10,10
wix website design cost,INR,30,50%,-40%,Medium,41,283.45,772.39,,,,,,40,40,30,30,20,30,20,30,30,20,30,30
how much does a good website cost,INR,50,-40%,-40%,Medium,50,214.14,1085.62,,,,,,90,70,50,50,40,40,50,40,40,50,50,30
cost of a shopify store,INR,260,-19%,-34%,Medium,51,190.90,672.72,,,,,,260,260,260,210,260,320,210,210,210,260,210,210
squarespace how much does it cost,INR,2400,0%,-17%,Medium,53,194.08,953.60,,,,,,2900,2400,2400,2400,2400,1900,1900,1900,1900,2400,2400,2400
how much should it cost to build a website,INR,880,0%,-32%,Medium,46,219.78,954.61,,,,,,1300,1300,880,880,720,880,880,720,720,880,720,880
wordpress website development cost,INR,140,3500%,243%,Low,0,,,,,,,,210,170,110,90,70,260,50,20,20,20,20,720
how much does it cost to have a website designed,INR,50,-50%,-78%,Medium,62,277.04,1331.37,,,,,,90,70,40,40,40,110,50,70,50,40,40,20
how much do website designers charge per hour,INR,70,-20%,-43%,Low,29,150.85,576.96,,,,,,70,90,70,70,70,50,70,50,50,50,40,40
wix web designer cost,INR,20,100%,-71%,Medium,45,335.10,1576.21,,,,,,40,30,30,20,20,20,20,20,20,10,10,20
shopify website development cost,INR,50,100%,-71%,Low,9,318.10,797.23,,,,,,140,70,30,20,20,140,50,10,40,20,10,40
hire website maker,INR,260,24%,-19%,High,68,1303.25,4069.55,,,,,,320,260,210,210,210,320,210,210,170,210,210,260
shopify website plans,INR,70,-29%,0%,Medium,39,286.28,1553.63,,,,,,70,70,140,170,70,40,70,50,40,70,90,50
web development pricing,INR,110,175%,-72%,Low,19,346.40,1189.16,,,,,,320,210,170,90,110,170,70,50,70,40,50,110
low cost web design services,INR,40,0%,-91%,Low,21,,,,,,,,90,50,20,20,30,140,30,30,30,10,10,10
hire a web designer cost,INR,20,100%,-33%,Low,13,272.16,829.22,,,,,,30,20,20,20,20,10,10,10,20,10,10,20
monthly website design packages,INR,30,100%,-82%,Low,3,,,,,,,,90,70,70,20,20,10,10,10,10,10,10,20
how much cost to build a website,INR,50,0%,-43%,Medium,44,272.11,1610.38,,,,,,70,70,50,30,40,30,40,50,30,40,50,40
cost to build a shopify website,INR,20,100%,-71%,Medium,50,266.69,1889.67,,,,,,50,20,10,10,10,70,10,10,10,10,10,20
find freelance web designer,INR,30,100%,-60%,Low,9,,,,,,,,50,30,20,10,10,90,10,10,20,10,10,20
rfp for website design and development,INR,30,300%,-56%,Low,10,464.72,1495.87,,,,,,50,50,70,20,90,20,20,10,10,10,30,40
shopify expert hire,INR,10,0%,-75%,Medium,43,,,,,,,,30,20,10,10,10,20,10,10,10,10,10,10
hire expert shopify,INR,10,0%,0%,Low,0,,,,,,,,10,10,10,10,10,10,10,0,0,10,10,10
website to find graphic designers,INR,10,0%,0%,Medium,47,802.31,4587.18,,,,,,10,10,10,10,10,20,20,10,10,10,10,10
web design packages examples,INR,30,0%,-86%,Low,13,,,,,,,,90,40,70,30,20,110,0,10,10,10,10,10
finding a website designer,INR,260,189%,-33%,Low,24,1674.41,5334.41,,,,,,480,390,210,170,170,720,210,140,140,90,70,260
cost to build shopify website,INR,10,0%,-86%,Medium,51,197.69,869.68,,,,,,50,40,20,10,10,10,10,10,10,10,10,10
basic website design cost,INR,70,50%,-79%,High,68,391.69,2278.34,,,,,,140,110,110,90,70,90,40,40,30,20,30,30
how much is it to get a website made,INR,20,-67%,-67%,Medium,63,370.25,1278.32,,,,,,20,10,20,30,10,30,20,10,10,30,10,10
how much to charge for a website,INR,170,21%,-19%,Low,28,91.04,601.37,,,,,,260,260,210,170,140,210,140,110,70,140,110,170
web design cost for small business,INR,110,89%,-19%,Low,32,369.15,1462.47,,,,,,210,110,110,90,70,70,110,70,70,90,90,170
how much does it cost to build a wordpress website,INR,50,133%,-50%,Low,23,417.04,1861.37,,,,,,110,90,70,50,40,140,50,30,20,30,30,70
fiverr website design price,INR,110,0%,50%,Low,6,148.17,1269.69,,,,,,30,40,390,20,20,20,20,70,110,210,90,210
website design hire,INR,70,133%,-59%,Medium,39,853.73,3439.26,,,,,,170,110,70,40,40,110,50,40,20,30,50,70
hire shopify website designer,INR,40,100%,-82%,Low,12,1200.71,2820.74,,,,,,110,70,30,20,50,90,10,10,10,10,10,20
how much does it cost to run a website monthly,INR,10,100%,0%,Medium,46,149.30,590.50,,,,,,10,20,20,10,10,10,10,20,20,10,20,20
godaddy web design pricing,INR,20,0%,-75%,Medium,60,623.65,3783.30,,,,,,40,30,30,30,10,10,10,10,10,10,10,10
how much does squarespace cost a month,INR,20,-33%,-50%,Medium,54,168.86,945.78,,,,,,30,20,20,30,30,20,20,20,20,30,30,20
cost of building a website for a small business,INR,30,-33%,-50%,Medium,36,183.88,870.77,,,,,,70,30,20,30,20,20,20,10,10,30,20,20
how much does it cost to build an ecommerce website,INR,50,100%,-64%,Low,28,251.68,987.11,,,,,,140,90,90,50,70,70,40,30,30,20,20,40
cost of ecommerce website,INR,390,179%,-56%,Low,10,261.75,1406.36,,,,,,880,590,390,210,260,880,590,110,320,140,140,390
website design and maintenance cost,INR,30,-50%,-80%,Medium,53,375.68,1428.73,,,,,,70,70,50,30,70,10,20,10,10,20,10,10
woocommerce website development cost,INR,10,200%,0%,Low,0,,,,,,,,30,30,20,10,10,10,10,0,10,10,10,30
how much does it cost to host a wordpress site,INR,30,50%,-25%,Medium,57,253.98,1318.98,,,,,,50,30,30,30,20,50,30,20,20,20,20,30
shopify website design pricing,INR,90,-80%,-89%,Low,11,,,,,,,,90,40,20,20,20,260,320,210,40,50,10,10
how much does wordpress charge for hosting,INR,10,0%,0%,High,68,421.08,2915.05,,,,,,10,10,10,10,10,10,10,10,10,10,10,10
how much wordpress website cost,INR,10,0%,-67%,High,68,396.83,1085.60,,,,,,10,20,30,10,20,20,10,10,10,10,10,10
custom website cost,INR,70,180%,-18%,Low,23,268.20,1125.30,,,,,,140,70,70,50,40,40,30,30,40,50,40,140
website builder quotes,INR,10,0%,-86%,Medium,58,2791.54,7072.93,,,,,,30,20,10,30,10,10,10,10,10,10,10,10
how much does a custom website cost,INR,110,-18%,-36%,Medium,42,241.88,1070.50,,,,,,140,90,70,70,70,140,70,90,260,110,90,90
shopify expert developer,INR,2900,60%,-45%,Low,21,833.22,3976.81,,,,,,4400,14800,1900,1300,1600,2900,1600,1000,1300,1000,1300,1600
how much does it cost to build a shopify website,INR,40,-67%,-89%,Medium,62,242.28,1229.24,,,,,,90,70,30,30,30,140,10,10,20,30,30,10
shopify store development cost,INR,30,0%,-89%,Low,13,,,,,,,,110,50,20,10,10,110,30,10,10,10,10,10
cost to run a website,INR,90,0%,-50%,Medium,44,84.15,682.31,,,,,,140,90,90,70,70,70,50,70,70,70,90,70
ecommerce website packages,INR,50,0%,-22%,Low,5,283.45,1146.60,,,,,,70,90,70,30,40,20,10,10,10,70,110,70
how much does real geeks website cost,INR,10,∞,0%,Low,29,,,,,,,,10,10,0,0,10,10,10,0,10,0,10,10
small business web design packages,INR,260,550%,-46%,Low,2,420.18,1989.03,,,,,,590,480,320,140,140,720,90,30,40,40,50,260
website design price list,INR,90,0%,-76%,Low,9,239.99,1104.46,,,,,,210,170,70,70,50,30,140,20,90,40,30,40
low price website,INR,50,25%,-29%,Low,28,294.79,1557.14,,,,,,90,70,50,70,50,70,50,90,40,40,30,50
website design fees,INR,30,-50%,-89%,Medium,58,197.47,1107.35,,,,,,90,50,40,40,30,30,30,20,20,20,30,10
website design cheapest price,INR,10,0%,0%,High,86,,,,,,,,10,10,10,10,10,0,10,10,10,10,10,10
hire landing page designer,INR,20,1000%,175%,Low,1,,,,,,,,30,50,30,10,10,10,10,10,10,10,10,110
wordpress ecommerce website cost,INR,10,-100%,-100%,Unknown,,,,,,,,,10,30,10,10,10,10,0,10,10,10,10,0
website proposal examples,INR,110,-36%,-65%,Low,14,218.94,662.78,,,,,,210,140,140,140,70,170,110,90,50,140,110,90
website design costs for small business,INR,110,89%,-19%,Low,32,369.15,1462.47,,,,,,210,110,110,90,70,70,110,70,70,90,90,170
new website cost,INR,30,-50%,-78%,Medium,62,304.70,1384.41,,,,,,70,40,40,40,40,30,30,20,20,40,20,20
hire webdesigner,INR,10,0%,-100%,Unknown,,,,,,,,,10,0,10,0,0,0,0,0,0,0,0,0
professional website builder cost,INR,10,0%,-67%,Medium,39,248.49,4057.52,,,,,,10,10,10,10,10,10,10,10,10,10,10,10
hire freelance website designer,INR,170,50%,243%,Low,2,1680.25,4478.65,,,,,,170,170,110,90,40,70,30,20,30,320,480,480
how much does a basic website cost,INR,70,-22%,0%,Medium,57,246.45,1107.35,,,,,,70,70,70,50,50,50,50,70,50,90,70,70
cost to have someone build a website,INR,20,50%,-25%,Medium,55,365.18,1483.18,,,,,,30,30,20,20,20,20,20,20,20,20,30,30
website management cost,INR,40,0%,-67%,Medium,41,218.26,1317.68,,,,,,70,70,50,70,90,70,20,20,10,30,20,30
how much does making a website cost,INR,880,0%,-32%,Medium,46,219.78,954.61,,,,,,1300,1300,880,880,720,880,880,720,720,880,720,880
how much does it cost to build a professional website,INR,20,33%,-43%,Medium,37,298.66,1189.49,,,,,,30,10,10,20,20,20,30,20,10,30,30,40
squarespace expert cost,INR,10,100%,0%,Low,26,413.19,1019.19,,,,,,30,20,10,10,10,10,10,10,10,10,10,20
ecommerce website design price,INR,30,100%,-71%,Low,5,,,,,,,,110,90,10,10,10,50,50,10,10,10,10,20
shopify hire,INR,110,-22%,-50%,Low,11,167.62,1816.27,,,,,,260,140,110,90,90,170,90,50,70,90,50,70
quotation for website development,INR,50,133%,-50%,Low,4,840.45,5390.43,,,,,,110,70,50,40,50,10,10,20,70,30,20,70
how much does a squarespace site cost,INR,2400,0%,-17%,Medium,53,194.08,953.60,,,,,,2900,2400,2400,2400,2400,1900,1900,1900,1900,2400,2400,2400
how much does an ecommerce website cost,INR,110,0%,-59%,Low,33,260.66,1477.65,,,,,,260,140,70,110,110,210,170,40,50,70,40,70
how much does a business website cost,INR,70,40%,0%,Medium,43,247.05,1138.53,,,,,,50,70,50,110,30,40,40,40,110,50,90,70
how much does it cost for a squarespace website,INR,10,-67%,-50%,High,74,220.99,771.48,,,,,,10,10,10,10,20,10,10,10,10,30,20,10
how much does a website cost to make,INR,70,-22%,-22%,Medium,44,174.87,726.06,,,,,,90,90,70,70,70,90,70,70,70,90,70,70
website builder packages,INR,10,0%,-50%,High,71,,,,,,,,20,20,10,10,10,10,10,10,10,10,10,10
hire a wordpress web designer,INR,20,0%,-50%,High,86,,,,,,,,30,50,70,10,40,20,10,0,0,10,10,10
low cost web design,INR,210,55%,-71%,Low,7,1159.99,5410.51,,,,,,480,210,140,110,170,480,210,210,170,110,90,170
how much does a landing page cost,INR,70,0%,-22%,Low,31,232.65,1219.49,,,,,,90,70,90,90,70,50,90,40,40,70,40,70
shopify store monthly cost,INR,10,0%,0%,Low,29,,,,,,,,10,10,10,10,10,10,10,10,10,10,10,10
website builder monthly fee,INR,10,0%,0%,Medium,51,1698.24,8342.71,,,,,,10,10,10,10,10,10,10,10,10,10,10,10
how much does a website cost to build,INR,70,0%,-55%,Medium,43,205.19,1203.35,,,,,,110,70,50,40,50,140,50,70,40,50,30,50
how much does it cost to hire a web designer,INR,90,0%,-18%,Medium,50,349.49,1358.07,,,,,,140,90,140,210,70,70,50,50,110,90,70,90
website design rates,INR,70,150%,-71%,Low,27,230.66,1113.96,,,,,,170,90,70,70,90,50,50,70,40,20,40,50
how much does it cost to build a simple website,INR,30,50%,0%,High,69,317.90,1641.68,,,,,,30,20,30,30,40,30,30,10,10,20,30,30
hire someone to design website,INR,10,0%,0%,High,86,1044.42,4834.40,,,,,,10,10,10,10,10,10,10,10,10,10,10,10
how much does it cost to make a business website,INR,50,0%,-43%,Medium,52,255.51,1152.55,,,,,,90,50,30,20,40,110,50,70,50,40,20,40
cost of hosting a wordpress website,INR,590,0%,-33%,Medium,38,353.87,1644.99,,,,,,1300,590,480,480,390,720,480,390,320,590,480,590
how much do website designers charge,INR,210,0%,0%,Medium,46,231.50,1050.66,,,,,,260,210,210,170,210,210,170,170,140,260,170,260
shopify website design cost,INR,40,100%,-86%,Low,17,407.01,1084.66,,,,,,140,50,20,10,20,140,40,10,10,10,10,20
professional website development cost,INR,10,0%,0%,High,76,314.98,570.45,,,,,,10,10,10,10,10,10,10,10,10,10,10,10
how much does a simple website cost,INR,30,-25%,0%,Medium,59,249.41,1157.22,,,,,,30,30,20,30,20,30,30,20,30,40,30,30
shopify online store pricing,INR,10,0%,0%,Low,28,210.27,800.32,,,,,,10,10,10,10,10,10,10,10,10,10,10,10
how much does it cost to make a squarespace website,INR,20,0%,100%,Medium,54,329.75,1033.15,,,,,,10,20,10,20,20,20,10,20,10,20,20,20
how much does it cost to build your own website,INR,30,33%,0%,Medium,64,238.61,1858.73,,,,,,30,20,20,20,30,20,30,20,20,30,30,40
custom ecommerce website cost,INR,20,0%,-75%,Low,13,,,,,,,,90,50,40,40,10,10,10,10,10,10,10,10
how much does a web designer make,INR,880,0%,-32%,Low,2,114.94,954.48,,,,Y,,1000,1300,880,720,1000,1000,880,880,720,880,720,880
how much cost to make a website,INR,50,0%,-43%,Medium,44,272.11,1610.38,,,,,,70,70,50,30,40,30,40,50,30,40,50,40
professional website design cost,INR,50,33%,-71%,Medium,37,549.67,2782.40,,,,,,110,90,40,40,70,70,50,40,50,30,20,40
how much does it cost to create your own website,INR,40,33%,0%,Medium,62,182.39,705.39,,,,,,50,50,30,40,40,30,30,40,30,30,30,40
how much does it cost to create a business website,INR,110,-18%,-18%,Medium,63,237.15,976.75,,,,,,110,90,40,50,50,170,170,210,140,110,70,90
freelance shopify expert,INR,20,-50%,-75%,Low,19,,,,,,,,40,30,20,10,10,90,10,10,10,20,10,10
how much does a web page cost,INR,2400,0%,-17%,Medium,47,226.92,1091.29,,,,,,2900,2400,1900,1900,1900,1900,2400,1900,1900,2400,1900,2400
how much is to make a website,INR,390,0%,-46%,Medium,58,232.01,932.10,,,,,,480,480,480,390,390,320,390,320,260,320,320,320
how much does a new website cost,INR,50,25%,-29%,Medium,43,217.04,981.13,,,,,,50,50,40,40,40,30,30,30,140,40,30,50
website developer price,INR,10,0%,-50%,High,84,356.98,1111.13,,,,,,10,10,10,10,10,10,10,10,10,10,10,10
website building services prices,INR,10,0%,0%,High,76,275.46,2135.18,,,,,,10,10,10,10,10,10,10,10,10,10,10,10
freelance website builder cost,INR,10,0%,0%,Low,21,,,,,,,,10,10,10,10,10,10,10,0,10,10,10,10
web development proposal,INR,140,40%,-82%,Low,15,317.47,1375.45,,,,,,390,170,50,30,70,590,30,40,40,50,30,70
how much does it cost to do a website,INR,2400,0%,-17%,Medium,47,226.92,1091.29,,,,,,2900,2400,1900,1900,1900,1900,2400,1900,1900,2400,1900,2400
how much does shopify website cost,INR,20,0%,-33%,Medium,53,129.14,515.69,,,,,,20,20,20,30,20,20,10,10,20,20,10,20
how much does squarespace domain cost,INR,20,-50%,-67%,Medium,58,237.42,1432.79,,,,,,30,20,20,20,10,20,20,20,20,20,20,10
average cost to have a website built,INR,70,-25%,-79%,Medium,61,404.81,1380.80,,,,,,110,70,40,40,70,170,90,110,70,40,30,30
how much does creating a website cost,INR,880,0%,-32%,Medium,46,219.78,954.61,,,,,,1300,1300,880,880,720,880,880,720,720,880,720,880
cost of having a website,INR,50,0%,-43%,Medium,60,166.67,1065.84,,,,,,70,50,40,30,50,50,70,50,40,40,50,40
shopify site cost,INR,590,-18%,-33%,Medium,59,222.41,792.50,,,,,,720,720,480,590,590,720,720,590,590,720,590,590
custom wordpress website cost,INR,20,100%,-60%,Low,26,321.09,1133.80,,,,,,40,50,20,20,30,10,10,10,10,10,10,20
cost to build a website on wordpress,INR,10,0%,-67%,Medium,43,,,,,,,,20,40,20,10,10,10,10,10,0,10,10,10
average price for a website,INR,390,23%,-33%,Medium,35,178.73,1107.51,,,,,,880,590,390,390,320,320,390,320,260,390,390,480
cost for someone to build a website,INR,10,0%,-50%,High,74,471.26,2099.95,,,,,,30,30,10,20,10,10,10,10,10,10,10,10
cost of website on squarespace,INR,10,-50%,-50%,High,69,224.54,1103.61,,,,,,20,10,10,10,10,10,20,20,10,20,10,10
how much does building a website cost,INR,1600,23%,-33%,Medium,49,231.48,1051.74,,,,,,2400,1900,1600,1600,1300,1300,1300,1300,1000,1300,1000,1600
website redesign price,INR,260,189%,-70%,Low,13,297.62,1507.54,,,,,,880,390,260,260,210,480,170,70,90,90,110,260
hire professional shopify developers,INR,170,57%,-58%,Low,0,,,,,,,,210,720,390,20,20,390,30,30,70,70,30,110
average web design cost,INR,390,22%,-46%,Medium,39,233.70,1446.59,,,,,,720,480,390,320,320,320,320,260,260,320,320,390
how much does weebly cost,INR,70,75%,-22%,Medium,35,172.42,1058.00,,,,,,70,70,70,70,50,70,50,50,50,40,50,70
professional web design cost,INR,50,33%,-71%,Medium,37,549.67,2782.40,,,,,,110,90,40,40,70,70,50,40,50,30,20,40
cost to build a wordpress website,INR,30,-50%,-80%,Medium,53,261.52,1138.64,,,,,,20,50,40,40,40,50,20,10,10,20,10,10
how much does a google website cost,INR,70,40%,-59%,Low,31,208.09,1229.23,,,,,,90,90,70,70,70,50,50,70,40,50,50,70
hire shopify help,INR,10,∞,0%,High,71,,,,,,,,10,0,10,10,10,10,0,10,10,0,0,10
how much is a web designer,INR,70,0%,-44%,Medium,50,325.02,1583.60,,,,,,110,70,70,70,50,90,50,40,40,50,50,50
how much does it cost to build a good website,INR,30,0%,-89%,Medium,59,175.32,1047.05,,,,,,70,20,20,20,30,70,70,40,20,10,20,10
web page design cost,INR,1900,90%,-65%,Low,29,377.93,1581.07,,,,,,4400,2900,1900,1600,1600,2400,2400,1600,1000,1000,1000,1900
squarespace web design packages,INR,10,200%,200%,Low,12,,,,,,,,10,10,10,30,20,20,10,10,10,10,10,30
cost to set up shopify store,INR,10,0%,0%,High,67,291.97,1214.52,,,,,,10,10,10,10,20,10,10,10,10,10,10,10
web developer freelance website,INR,70,25%,-64%,Low,19,373.89,1800.56,,,,,,140,140,170,40,70,50,40,50,30,40,30,50
cost to hire someone to build a website,INR,20,0%,-50%,Medium,59,460.80,1730.94,,,,,,20,20,10,20,20,10,10,10,10,10,10,10
how much should i charge for a website,INR,90,29%,-18%,Low,28,75.74,525.39,,,,,,110,90,70,70,50,170,110,50,50,70,50,90
website maintenance services cost,INR,30,0%,-86%,Low,29,,,,,,,,70,40,50,30,20,70,10,20,20,10,20,10
how much does website maintenance cost,INR,50,133%,-50%,Low,13,424.99,1381.35,,,,,,140,90,70,50,50,70,50,50,30,30,30,70
website design reseller packages,INR,10,0%,-100%,Unknown,,,,,,,,,10,10,0,10,10,10,0,0,0,0,10,0
shopify hire an expert cost,INR,10,∞,0%,High,81,1579.77,1962.43,,,,,,10,20,10,10,10,10,10,10,10,0,0,10
shopify website maintenance,INR,20,0%,-89%,Low,6,,,,,,,,70,30,20,10,20,40,10,10,10,10,10,10
how much does a domain cost on squarespace,INR,30,0%,-25%,Medium,43,427.49,1066.23,,,,,,30,20,50,20,30,30,20,20,20,30,20,30
companies looking for website development,INR,10,0%,-50%,Low,29,,,,,,,,10,10,10,10,10,30,10,10,10,10,10,10
hire someone to design a website,INR,10,0%,0%,High,86,1044.42,4834.40,,,,,,10,10,10,10,10,10,10,10,10,10,10,10
best shopify developer,INR,40,400%,-44%,Low,2,,,,,,,,90,90,50,30,30,20,20,10,10,10,30,50
how much to pay for a website,INR,30,-33%,-33%,Medium,51,305.84,1143.20,,,,,,30,20,30,20,20,30,20,20,20,30,20,20
how much is a wordpress website cost,INR,10,0%,-50%,High,86,,,,,,,,10,10,10,10,10,10,10,0,0,10,10,10
website management services cost,INR,30,0%,-75%,Medium,37,582.87,1034.66,,,,,,50,40,90,20,30,90,10,10,10,10,10,10
weebly ecommerce pricing,INR,20,0%,-75%,Low,26,331.87,769.57,,,,,,20,40,40,20,10,10,10,10,10,10,10,10
website maintenance monthly cost,INR,40,250%,0%,Low,13,404.39,1702.50,,,,,,110,70,50,30,30,20,50,20,10,20,30,70
price to make a website,INR,20,50%,-25%,Medium,64,272.15,1684.65,,,,,,30,20,20,20,20,20,20,30,10,20,20,30
how much does it cost to setup a shopify store,INR,40,0%,-29%,Medium,35,261.05,809.06,,,,,,50,50,40,50,40,20,30,30,40,50,50,50
website design monthly packages,INR,20,0%,-86%,Low,19,,,,,,,,50,30,30,10,10,10,10,10,10,10,10,10
digital marketing services price list,INR,20,-75%,-67%,Low,17,227.71,636.16,,,,,,30,40,20,20,20,50,30,10,0,40,10,10
shopify website cost per month,INR,40,75%,75%,Medium,51,201.66,955.13,,,,,,30,30,20,30,40,40,40,40,30,40,50,70
web design quotation,INR,110,-20%,-88%,Low,25,1963.85,6808.83,,,,,,260,170,90,70,90,390,70,10,30,50,30,40
website design and build costs,INR,40,0%,-71%,Low,10,1898.44,3117.96,,,,,,70,50,40,20,30,110,50,30,30,20,20,20
shopify website packages,INR,10,0%,0%,High,71,158.33,563.93,,,,,,10,10,10,10,10,10,10,10,10,10,10,10
small business website design packages,INR,260,550%,-46%,Low,2,420.18,1989.03,,,,,,590,480,320,140,140,720,90,30,40,40,50,260
best low cost ecommerce website,INR,10,0%,0%,High,79,,,,,,,,10,10,0,0,10,10,10,10,10,10,10,10
how much does it cost for a website designer,INR,210,50%,-19%,Medium,48,326.20,1373.82,,,,,,320,320,210,260,210,170,210,170,140,140,140,210
how much does it cost to get a website designed,INR,30,0%,-25%,High,67,277.24,1933.60,,,,,,40,40,30,40,30,20,30,20,20,30,20,30
how much does it cost to keep a website running,INR,90,0%,-18%,Medium,39,113.38,891.19,,,,,,110,90,70,40,50,70,90,110,110,90,90,90
web design maintenance package,INR,10,100%,0%,Low,4,,,,,,,,10,20,10,10,20,10,10,10,10,10,10,20
how much money does it cost to make a website,INR,50,25%,0%,Low,30,139.38,532.46,,,,,,70,70,50,30,40,50,70,40,40,40,40,50
how much is it to have your own website,INR,20,100%,0%,Medium,61,235.94,796.10,,,,,,20,20,20,20,20,10,20,10,20,10,20,20
how much does it cost to create a shopify store,INR,10,0%,0%,Medium,51,281.34,886.68,,,,,,10,10,10,10,10,10,10,10,20,10,10,10
how much does it cost to hire a website developer,INR,30,0%,300%,Low,19,646.68,2815.72,,,,,,10,10,40,110,10,10,10,10,20,40,10,40
how much does it cost to launch a website,INR,30,-25%,-25%,Medium,49,215.15,576.84,,,,,,50,40,30,20,20,30,30,20,40,40,30,30
shopify web hosting cost,INR,20,-67%,-67%,High,67,181.75,819.87,,,,,,30,40,20,30,20,10,20,20,20,30,20,10
how much website design cost,INR,50,0%,-64%,Medium,59,273.46,1052.55,,,,,,110,70,40,30,50,110,40,50,30,40,30,40
website start up costs,INR,10,0%,0%,High,69,888.36,1682.59,,,,,,20,20,10,10,10,10,10,10,10,10,10,10
average cost to create a website,INR,50,0%,-55%,Medium,45,215.54,1360.57,,,,,,110,70,50,50,70,40,50,40,30,50,40,50
website design proposal example,INR,90,29%,-57%,Low,20,225.82,925.29,,,,,,170,110,110,70,40,170,50,50,70,70,70,90
how much does it cost to build a squarespace website,INR,10,0%,0%,Medium,46,183.86,838.63,,,,,,10,10,10,10,10,10,10,10,10,10,10,10
how much does google sites cost,INR,70,40%,-59%,Low,31,208.09,1229.23,,,,,,90,90,70,70,70,50,50,70,40,50,50,70
low cost business website,INR,20,0%,-86%,Medium,49,784.96,2421.46,,,,,,70,40,10,10,10,90,20,10,10,10,10,10
web developer price,INR,50,67%,-71%,Low,33,335.24,1388.41,,,,,,140,70,50,40,40,30,30,30,30,30,40,50
how much does a web developer cost,INR,20,-50%,-67%,Medium,44,596.18,1512.98,,,,,,40,20,20,20,20,20,10,20,10,20,20,10
hibu website cost,INR,20,50%,50%,Medium,43,485.02,1889.67,,,,,,10,20,20,30,20,10,20,10,20,20,20,30
hire shopify app developer,INR,170,350%,-36%,Low,4,1650.20,15725.02,,,,,,110,590,390,40,40,480,40,10,30,20,40,90
shopify website hosting cost,INR,20,-67%,-67%,High,67,181.75,819.87,,,,,,30,40,20,30,20,10,20,20,20,30,20,10
web design and marketing packages,INR,40,-67%,-50%,Low,0,,,,,,,,0,10,10,10,10,30,170,110,70,30,10,10
how much does it cost to redesign a website,INR,110,143%,0%,Low,25,276.68,1417.26,,,,,,210,110,140,90,70,70,90,50,90,70,90,170
cost effective website design,INR,10,0%,0%,Low,0,,,,,,,,10,10,10,10,10,10,10,10,0,10,10,10
how much does it cost to build a basic website,INR,20,0%,0%,Medium,60,270.35,1036.00,,,,,,20,20,20,20,10,20,20,20,10,20,10,20
freelancing websites for web developers,INR,70,25%,-64%,Low,19,373.89,1800.56,,,,,,140,140,170,40,70,50,40,50,30,40,30,50
hire a landing page designer,INR,10,200%,-25%,Low,0,,,,,,,,30,20,10,10,10,10,10,10,10,10,10,30
website development package price,INR,10,0%,0%,Low,0,,,,,,,,10,10,10,10,10,10,0,10,0,10,10,10
cost to start shopify store,INR,10,0%,0%,Low,29,,,,,,,,10,10,10,10,10,10,10,10,10,10,10,10
website construction cost,INR,1900,90%,-65%,Low,29,377.93,1581.07,,,,,,4400,2900,1900,1600,1600,2400,2400,1600,1000,1000,1000,1900
most cost effective ecommerce site,INR,10,0%,0%,Medium,43,,,,,,,,0,0,10,0,10,10,10,0,10,10,0,10
how much does a website developer cost,INR,20,200%,-25%,Medium,46,168.92,1217.90,,,,,,50,20,30,20,20,20,10,20,20,10,30,30
web design rates,INR,70,150%,-71%,Low,27,230.66,1113.96,,,,,,170,90,70,70,90,50,50,70,40,20,40,50
how much does it cost to publish a website,INR,40,67%,-44%,Medium,45,190.65,1065.29,,,,,,50,50,50,30,30,20,40,40,40,30,40,50
magento ecommerce developers,INR,260,320%,-56%,Low,1,,,,,,,,390,1000,880,90,90,320,40,20,50,50,20,210
cost to build ecommerce website,INR,30,0%,-78%,Low,31,390.00,1248.41,,,,,,90,70,50,50,30,30,10,10,20,20,10,20
wordpress cost for website,INR,10,0%,0%,High,79,76.67,1133.80,,,,,,10,10,10,10,10,10,10,10,10,10,10,10
how much should a basic website cost,INR,70,-22%,0%,Medium,57,246.45,1107.35,,,,,,70,70,70,50,50,50,50,70,50,90,70,70
how much does a website redesign cost,INR,110,143%,0%,Low,25,276.68,1417.26,,,,,,210,110,140,90,70,70,90,50,90,70,90,170
how much does it cost to build a shopify store,INR,10,0%,0%,Medium,66,308.94,556.85,,,,,,10,10,20,10,10,10,10,10,10,10,10,10
how much does it cost to start your own website,INR,20,-50%,-67%,Medium,40,344.33,1075.86,,,,,,30,30,10,20,20,20,20,20,20,20,30,10
website design charges,INR,30,-50%,-89%,Medium,58,197.47,1107.35,,,,,,90,50,40,40,30,30,30,20,20,20,30,10
squarespace website packages,INR,10,-50%,0%,Medium,52,385.29,1325.24,,,,,,10,10,10,10,10,10,10,10,10,20,10,10
cheapest way to set up website,INR,10,-100%,-100%,Unknown,,,,,,,,,10,10,10,10,0,0,10,10,10,10,10,0
cheapest online website,INR,40,-40%,-57%,High,100,141.73,907.73,,,,,,50,70,40,70,40,40,40,40,40,50,30,30
best low cost website,INR,10,0%,0%,High,86,784.18,4472.61,,,,,,10,10,10,10,10,10,10,10,10,10,10,10
how much does it cost for a web designer,INR,210,50%,-19%,Medium,48,326.20,1373.82,,,,,,320,320,210,260,210,170,210,170,140,140,140,210
how much should i charge for website design,INR,70,0%,-64%,Medium,44,83.95,579.81,,,,,,140,110,90,70,70,70,70,50,50,50,50,50
hire a wix designer,INR,20,0%,-80%,Medium,66,705.50,4134.79,,,,,,50,20,20,10,20,70,10,20,10,10,10,10
how much does wix charge to build a website,INR,10,-50%,-50%,Medium,36,199.13,867.06,,,,,,10,10,10,10,20,10,20,20,10,20,20,10
freelance wordpress web developer,INR,20,200%,-40%,Low,3,,,,,,,,40,70,30,10,10,10,10,10,10,10,10,30
how much does it cost to migrate a website,INR,20,0%,0%,Low,6,,,,,,,,10,10,20,20,30,20,20,10,30,20,10,20
1 page website cost,INR,30,-33%,-71%,Medium,64,415.82,1889.67,,,,,,30,30,30,30,40,20,20,30,20,30,20,20
web developer quotes,INR,20,200%,0%,Low,0,,,,,,,,20,10,10,20,30,10,10,10,30,10,10,30
average price to build a website,INR,260,23%,-33%,Medium,43,251.27,1425.07,,,,,,480,390,320,260,260,260,260,210,210,260,210,320
how much is to build a website,INR,390,0%,-46%,Medium,58,232.01,932.10,,,,,,480,480,480,390,390,320,390,320,260,320,320,320
web design proposal examples,INR,90,29%,-57%,Low,20,225.82,925.29,,,,,,170,110,110,70,40,170,50,50,70,70,70,90
cost to get a website built,INR,40,0%,-71%,High,75,282.70,1144.72,,,,,,70,30,20,20,30,110,40,30,20,20,20,20
how much does it cost to make a professional website,INR,30,-50%,-80%,Medium,40,293.31,1363.10,,,,,,50,30,20,20,20,90,40,40,30,20,30,10
wordpress website design packages,INR,90,600%,-18%,Low,5,,,,,,,,210,260,170,50,90,110,10,10,10,20,10,140
shopify website builder price,INR,20,0%,100%,Medium,40,210.70,832.83,,,,,,20,20,20,20,20,20,20,30,20,20,20,20
how much is it to get a website,INR,10,-67%,0%,High,71,318.03,1002.26,,,,,,10,10,20,10,10,10,10,10,10,30,10,10
website build proposal,INR,10,0%,0%,Low,0,,,,,,,,10,10,10,10,10,10,10,10,10,10,10,10
low cost website development,INR,50,0%,-89%,Low,0,,,,,,,,90,50,20,10,50,170,70,110,30,10,10,10
how much should a website cost for a small business,INR,110,50%,24%,Medium,45,271.35,1193.19,,,,,,170,170,90,90,70,70,90,70,110,140,110,210
how much does wordpress cost per month,INR,40,0%,75%,Medium,66,136.69,1080.95,,,,,,30,30,20,30,30,30,40,50,50,70,50,70
web design agency pricing,INR,40,100%,33%,Low,16,299.64,941.61,,,,,,140,90,30,70,30,20,30,10,20,20,20,40
how much does it cost to build a marketplace website,INR,10,0%,-75%,Low,14,,,,,,,,20,10,10,10,10,10,10,10,10,10,10,10
cost of building a shopify website,INR,10,∞,-80%,Low,0,,,,,,,,40,20,10,10,10,10,10,0,10,0,0,10
pay monthly website builder,INR,10,0%,-50%,High,76,365.96,1842.00,,,,,,10,10,10,10,10,10,10,10,10,10,10,10
wix website maker cost,INR,10,0%,0%,Low,0,,,,,,,,10,10,10,10,10,10,10,10,0,10,10,10
best shopify designers,INR,40,200%,-57%,Low,19,380.36,1733.06,,,,,,50,50,20,10,20,210,10,10,10,10,10,30
low price website builder,INR,140,-65%,-57%,Medium,56,716.00,3438.85,,,,,,210,210,170,140,140,110,110,110,90,260,90,90
how much is it to hire a web designer,INR,10,0%,0%,Medium,61,522.40,1889.67,,,,,,10,10,10,10,0,10,10,10,10,10,10,10
cost for website design and development,INR,40,350%,0%,Low,5,338.32,1609.76,,,,,,90,50,50,40,30,20,20,90,20,20,30,90
how much does it cost to build a business website,INR,140,120%,-48%,Medium,60,253.11,1087.07,,,,,,210,210,140,110,140,210,170,170,170,50,40,110
wordpress web design packages,INR,90,600%,-18%,Low,5,,,,,,,,210,260,170,50,90,110,10,10,10,20,10,140
how much does it cost to hire a wix professional,INR,20,50%,50%,Medium,51,335.37,1414.24,,,,,,20,30,20,20,20,20,10,10,10,20,20,30
website design services cost,INR,140,100%,0%,Low,13,498.16,1282.72,,,,,,20,10,880,590,210,10,10,10,10,10,10,20
simple website cost,INR,90,-36%,-36%,Medium,60,236.88,1209.34,,,,,,140,140,90,90,90,90,90,70,90,140,70,90
web design and hosting packages,INR,20,200%,-25%,Low,3,,,,,,,,50,40,20,10,10,10,10,20,10,10,20,30
landing page design price,INR,20,200%,-40%,Low,11,321.24,566.90,,,,,,40,20,50,30,10,10,10,10,10,10,10,30
custom shopify website cost,INR,10,-100%,-100%,Unknown,,,,,,,,,10,10,10,10,10,10,10,0,10,10,10,0
how much does it cost to build a new website,INR,10,0%,-50%,Medium,54,289.51,1889.67,,,,,,10,10,10,10,20,10,10,10,10,10,10,10
how much do people charge to build a website,INR,170,24%,24%,Medium,49,143.62,742.21,,,,,,210,210,170,170,210,170,210,140,170,210,210,260
how much does it cost for a professional website,INR,90,89%,0%,Medium,45,287.74,1231.33,,,,,,140,110,90,90,70,90,90,90,70,90,90,170
ecommerce hosting prices,INR,10,∞,0%,Medium,43,,,,,,,,10,10,10,10,10,10,10,10,10,0,0,10
company website design cost,INR,10,0%,0%,High,86,,,,,,,,10,10,10,0,10,10,10,0,0,10,0,10
how much does it cost to setup a website,INR,480,0%,-19%,Medium,54,213.87,819.51,,,,,,720,590,390,480,390,390,480,480,390,480,390,480
hire web designer online,INR,20,0%,-80%,Low,26,1936.08,3140.09,,,,,,30,30,40,10,20,20,10,10,10,10,10,10
cost for godaddy website,INR,20,0%,-50%,High,76,140.19,755.87,,,,,,20,20,20,20,10,20,10,20,20,10,20,10
go daddy website builder cost,INR,480,0%,-46%,Medium,47,182.98,920.84,,,,,,720,590,590,480,480,720,590,390,390,390,320,390
how much does it cost to build a web page,INR,880,0%,-32%,Medium,46,219.78,954.61,,,,,,1300,1300,880,880,720,880,880,720,720,880,720,880
simple website design cost,INR,70,50%,-79%,High,68,391.69,2278.34,,,,,,140,110,110,90,70,90,40,40,30,20,30,30
how much does a webpage cost,INR,2400,0%,-17%,Medium,47,226.92,1091.29,,,,,,2900,2400,1900,1900,1900,1900,2400,1900,1900,2400,1900,2400
website developer quotes,INR,260,0%,-71%,Low,10,964.90,3831.59,,,,,,590,320,210,170,210,590,260,90,140,170,140,170
how much is it to open a website,INR,10,0%,0%,High,75,260.30,839.22,,,,,,20,10,10,10,10,10,10,10,10,10,10,10
freelance website for web developers,INR,10,∞,0%,Low,0,,,,,,,,10,10,10,10,10,10,10,10,10,0,10,10
cost to start a shopify store,INR,10,0%,0%,Low,30,137.14,492.82,,,,,,20,10,10,10,10,10,10,10,10,10,10,10
best websites to hire graphic designers,INR,10,0%,0%,High,86,,,,,,,,10,10,10,10,10,10,10,10,10,10,0,10
squarespace website cost per year,INR,10,100%,100%,Medium,47,153.62,873.99,,,,,,10,10,10,10,10,10,10,10,10,10,20,20
how much does website development cost,INR,50,67%,-64%,Low,29,167.84,1053.97,,,,,,170,70,30,40,30,30,30,40,50,30,40,50
professional website designer cost,INR,10,-100%,-100%,Unknown,,,,,,,,,30,10,10,10,10,10,10,10,10,10,0,0
hire shopify specialist,INR,10,0%,0%,Low,6,,,,,,,,10,10,10,0,10,10,0,10,10,10,10,10
how much does a domain name cost on wix,INR,170,-21%,-58%,Low,32,358.86,2823.73,,,,,,210,320,170,170,170,140,140,110,90,140,140,110
wordpress web design price,INR,110,0%,-85%,Low,9,718.11,1855.21,,,,,,210,260,110,110,140,260,90,20,30,40,20,40
average website cost for small business,INR,70,120%,-48%,Low,27,214.59,1394.58,,,,,,170,110,70,90,70,40,50,30,50,50,50,110
how much to do a website,INR,20,0%,-33%,High,76,281.34,1032.71,,,,,,20,30,20,20,20,20,20,10,10,20,20,20
how much is wix a month,INR,170,0%,-19%,Low,26,267.04,858.29,,,,,,210,170,170,170,140,170,170,170,140,170,170,170
cost of web design services,INR,140,120%,-58%,Low,20,264.46,1197.11,,,,,,480,260,140,90,50,210,140,20,30,50,40,110
how much does it cost to create a web page,INR,1600,23%,-33%,Medium,49,231.48,1051.74,,,,,,2400,1900,1600,1600,1300,1300,1300,1300,1000,1300,1000,1600
how much does it cost to hire a web developer,INR,40,-33%,-60%,Medium,36,396.61,1489.85,,,,,,50,50,50,90,30,20,10,20,40,30,30,20
ecommerce website maintenance packages,INR,20,0%,-60%,Low,0,,,,,,,,50,40,30,10,10,10,10,10,10,20,10,20
cost to own a website,INR,50,0%,-43%,Medium,60,166.67,1065.84,,,,,,70,50,40,30,50,50,70,50,40,40,50,40
cost of shopify site,INR,10,0%,-50%,Medium,48,,,,,,,,10,10,10,10,10,10,10,10,10,10,10,10
cost of maintaining a website,INR,110,0%,-59%,Medium,35,161.19,979.29,,,,,,170,210,140,140,140,70,90,90,70,70,70,70
how much does it cost to revamp a website,INR,10,0%,-50%,Medium,57,560.27,1302.64,,,,,,30,10,10,10,10,10,20,10,10,10,10,10
cost of a website per month,INR,110,0%,-48%,Medium,59,185.23,900.43,,,,,,170,140,90,90,110,70,110,90,90,110,110,110
how much to hire a web designer,INR,10,0%,0%,Medium,66,270.99,869.33,,,,,,10,20,10,10,10,20,10,10,10,10,10,10
cost to build and maintain a website,INR,20,-50%,-75%,Medium,52,438.02,1771.34,,,,,,20,20,10,20,20,10,10,10,20,20,20,10
cost for website redesign,INR,70,50%,-86%,Medium,44,351.29,1437.87,,,,,,210,70,70,30,30,260,50,40,20,20,30,30
how much do people charge to make a website,INR,170,24%,24%,Medium,49,143.62,742.21,,,,,,210,210,170,170,210,170,210,140,170,210,210,260
how much do web designers make per website,INR,30,50%,-40%,Low,5,,,,,,,,30,40,20,30,30,20,20,20,20,20,20,30
how much does a website cost to set up,INR,10,0%,0%,High,70,141.85,998.28,,,,,,10,10,10,0,10,10,10,10,10,10,10,10
price for godaddy website,INR,10,0%,0%,Medium,57,213.41,768.37,,,,,,10,10,10,10,10,10,10,10,10,10,10,10
website design hosting packages,INR,10,100%,-33%,Low,0,,,,,,,,20,20,10,10,10,10,10,10,10,10,10,20
how much it cost to build website,INR,70,0%,-22%,Medium,61,257.45,933.19,,,,,,110,90,90,90,90,70,70,70,70,70,50,70
how much do web designers charge for a website,INR,210,0%,0%,Medium,46,231.50,1050.66,,,,,,260,210,210,170,210,210,170,170,140,260,170,260
how much does it cost for a shopify website,INR,20,0%,-50%,Medium,59,249.82,501.40,,,,,,10,10,20,10,20,20,10,10,20,10,20,10
how much wordpress cost,INR,10,0%,0%,High,68,419.72,994.44,,,,,,10,10,10,10,10,10,10,10,10,10,10,10
freelance web developer pricing,INR,50,120%,22%,Low,3,239.00,583.67,,,,,,50,50,70,50,20,50,20,30,70,50,40,110
shopify store setup cost,INR,10,100%,0%,Low,15,657.92,1500.64,,,,,,10,30,20,20,10,10,10,10,10,10,10,20
how much should it cost to design a website,INR,10,0%,0%,High,86,,,,,,,,10,10,10,10,10,10,10,10,10,10,10,10
website creation and maintenance cost,INR,10,-100%,-100%,Unknown,,,,,,,,,10,10,10,10,10,10,10,10,10,10,10,0
web design cost per page,INR,10,0%,-75%,Low,25,,,,,,,,20,40,30,10,10,10,10,10,10,10,10,10
how much is the website cost,INR,10,0%,0%,High,86,,,,,,,,10,10,10,10,10,10,10,10,10,10,10,10
how much does it cost for a business website,INR,10,100%,100%,High,77,237.54,1023.73,,,,,,10,10,10,10,10,10,10,10,10,10,10,20
how much does a website designer make,INR,880,0%,-32%,Low,2,114.94,954.48,,,,,,1000,1300,880,720,1000,1000,880,880,720,880,720,880
how much does it cost to have a website created,INR,40,-50%,-80%,Medium,50,368.40,2274.92,,,,,,70,70,20,20,30,110,40,10,30,20,20,10
how much to get a website,INR,10,0%,0%,High,68,238.63,1132.86,,,,,,10,10,10,10,10,10,10,10,10,10,10,10
how much does squarespace cost monthly,INR,10,0%,0%,Medium,63,245.09,628.45,,,,,,10,10,10,20,20,10,20,10,10,10,10,10
web design services price list,INR,10,0%,-100%,Unknown,,,,,,,,,10,10,10,10,10,20,10,0,0,0,0,0
how much it cost to design a website,INR,50,0%,-64%,Medium,59,273.46,1052.55,,,,,,110,70,40,30,50,110,40,50,30,40,30,40
wordpress website packages pricing,INR,10,0%,0%,Low,0,,,,,,,,50,30,10,10,10,10,10,10,10,10,10,10
how much does a personal website cost,INR,10,0%,0%,High,68,151.84,1199.91,,,,,,20,20,10,10,10,20,10,10,10,10,10,10
how much to charge for squarespace website design,INR,10,0%,0%,Low,10,,,,,,,,10,10,10,10,10,10,10,10,10,10,10,10
website packages for small business,INR,260,143%,-71%,Low,12,485.65,1921.69,,,,,,590,390,320,210,140,1000,110,20,50,70,30,170
cost of online store website,INR,10,0%,0%,High,79,280.06,765.14,,,,,,10,20,10,10,10,10,10,10,10,10,10,10
how much does it cost to build a landing page,INR,10,200%,50%,Low,25,672.84,1791.26,,,,,,20,20,10,10,10,10,10,10,10,10,20,30
shopify website developer cost,INR,10,-100%,-100%,Unknown,,,,,,,,,20,20,10,10,10,10,10,10,10,10,10,0
how much does it cost to build an online store,INR,10,0%,0%,Medium,64,304.36,1290.08,,,,,,10,10,10,10,10,10,10,10,10,10,10,10
how much does it cost to make a shopify store,INR,20,-50%,-75%,Medium,52,264.42,592.62,,,,,,30,30,20,30,30,20,20,20,20,20,10,10
how much do squarespace designers charge,INR,10,0%,0%,Medium,55,406.33,1602.29,,,,,,10,10,10,10,10,10,10,10,10,10,10,10
web development pricing packages,INR,10,-100%,-100%,Unknown,,,,,,,,,10,10,10,10,10,10,10,10,10,10,10,0
custom built website cost,INR,10,0%,0%,Low,29,,,,,,,,20,10,10,10,10,0,0,0,10,10,0,10
how much to create a business website,INR,30,0%,-86%,High,73,430.28,2119.42,,,,,,70,30,20,20,20,90,40,20,20,10,10,10
cost of setting up a shopify store,INR,10,0%,0%,Medium,64,146.03,490.47,,,,,,10,10,10,10,10,10,0,10,10,10,10,10
how much does it cost to hire a website builder,INR,10,0%,0%,Medium,63,701.99,2751.04,,,,,,10,20,10,10,10,10,10,10,10,10,10,10
how much does it cost to have my own website,INR,10,-50%,0%,High,71,114.89,649.53,,,,,,10,10,10,10,10,10,20,10,10,20,20,10
cost of getting a website made,INR,10,0%,-50%,Medium,66,454.47,3298.68,,,,,,10,10,10,10,10,10,10,10,10,10,10,10
how much does it cost to start up a website,INR,20,0%,0%,Medium,36,230.26,811.33,,,,,,70,30,10,10,10,10,20,20,30,30,10,30
how much does it cost to create a shopify website,INR,10,0%,-50%,Medium,57,289.85,570.22,,,,,,10,20,10,20,10,10,10,10,10,10,10,10
web design freelance rates,INR,50,100%,-64%,Low,20,236.42,956.19,,,,,,90,70,90,50,50,70,30,20,30,20,30,40
cost to have a website,INR,40,25%,0%,Medium,64,165.85,1020.42,,,,,,50,40,50,40,40,40,40,50,30,40,30,50
godaddy website builder costs,INR,480,0%,-46%,Medium,47,182.98,920.84,,,,,,720,590,590,480,480,720,590,390,390,390,320,390
website developer upwork,INR,260,189%,53%,Low,13,207.03,1248.85,,,,,,170,260,390,480,170,590,170,110,110,90,110,260
how much does it cost for a basic website,INR,70,-22%,0%,Medium,57,246.45,1107.35,,,,,,70,70,70,50,50,50,50,70,50,90,70,70
how much does it cost to rebuild a website,INR,10,100%,-33%,Medium,50,258.17,1232.07,,,,,,30,10,10,10,10,10,10,10,10,10,10,20
how much does it cost to have a shopify website,INR,30,-25%,-25%,Medium,51,256.06,1110.83,,,,,,30,30,30,20,30,30,30,20,30,40,30,30
website freelance developers,INR,10,∞,0%,Low,0,,,,,,,,10,10,10,10,10,10,10,10,10,0,10,20
how much does it take to make a website,INR,20,0%,50%,Medium,43,175.07,653.97,,,,,,20,30,10,20,10,10,20,10,20,30,20,30
how much does it cost for a wordpress website,INR,140,21%,-35%,Medium,52,179.52,1218.69,,,,,,170,170,170,170,140,140,110,90,110,140,110,170
squarespace web design pricing,INR,20,0%,-67%,Low,12,,,,,,,,30,40,40,40,40,20,10,10,10,10,10,10
web design fees,INR,1900,90%,-65%,Low,29,377.93,1581.07,,,,,,4400,2900,1900,1600,1600,2400,2400,1600,1000,1000,1000,1900
how much does it cost to build a custom website,INR,20,0%,-67%,Medium,57,312.85,1727.17,,,,,,30,10,10,20,20,10,20,10,10,10,20,10
find web developers online,INR,10,0%,0%,Low,0,,,,,,,,10,10,10,10,10,0,0,0,10,10,0,10
godaddy website design services cost,INR,20,0%,-50%,Medium,66,500.51,1396.64,,,,,,10,20,20,40,30,20,10,10,10,10,10,10
how much should i charge to make a website,INR,260,-19%,-34%,Medium,36,89.42,500.73,,,,,,320,260,260,210,210,390,260,170,170,260,170,210
cost of setting up shopify store,INR,10,0%,0%,Medium,36,,,,,,,,10,10,0,10,10,10,10,10,10,10,10,10
how much does it cost to make a selling website,INR,10,-100%,-100%,Unknown,,,,,,,,,10,10,10,10,10,10,10,10,10,10,0,0
how much to charge for website maintenance,INR,30,-50%,-80%,Low,17,80.34,742.53,,,,,,50,50,20,30,30,70,30,10,10,20,20,10
how much it cost to have a website,INR,20,0%,-33%,Medium,55,152.77,952.85,,,,,,30,20,20,10,20,10,10,20,20,20,10,20
wix cost to build a website,INR,10,0%,-50%,Low,10,,,,,,,,10,10,10,10,10,10,10,10,10,10,10,10
how much does godaddy website builder cost,INR,10,0%,-50%,Medium,62,200.00,1477.91,,,,,,10,10,10,10,10,10,10,10,10,10,10,10
how much does it cost to have a business website,INR,20,100%,-33%,High,74,281.72,883.59,,,,,,30,30,20,10,20,20,20,10,10,10,10,20
how much would it cost to build a website,INR,1600,23%,-33%,Medium,49,231.48,1051.74,,,,,,2400,1900,1600,1600,1300,1300,1300,1300,1000,1300,1000,1600
how much does a website cost per year,INR,50,0%,40%,Medium,49,201.16,1063.37,,,,,,90,50,40,40,50,50,50,40,50,70,70,70
average cost of website development,INR,70,125%,-57%,Low,24,340.14,1885.29,,,,,,210,90,70,50,70,50,50,40,30,40,40,90
custom website price,INR,70,180%,-18%,Low,23,268.20,1125.30,,,,,,140,70,70,50,40,40,30,30,40,50,40,140
how much does it cost to host a wordpress website,INR,20,0%,0%,High,72,424.18,1789.50,,,,,,20,30,20,40,20,20,10,10,10,20,20,20
how much does a domain cost on wordpress,INR,10,0%,0%,Medium,46,405.07,2118.01,,,,,,10,10,10,10,10,10,10,10,10,10,10,10
website design cheap prices,INR,50,-33%,-82%,Low,23,1043.13,1889.67,,,,,,110,90,50,20,70,170,30,40,30,30,10,20
how much it cost for a website,INR,10,0%,-50%,High,83,301.69,903.82,,,,,,10,10,10,10,10,10,10,10,10,10,10,10
how much to charge for a website design,INR,170,0%,-64%,Low,29,83.22,658.91,,,,,,320,210,210,210,140,170,170,140,140,140,110,140
typical website design cost,INR,10,100%,-33%,Medium,43,287.47,1561.19,,,,,,30,20,10,10,10,10,10,10,10,10,10,20
how much it cost for website,INR,10,0%,-50%,High,83,301.69,903.82,,,,,,10,10,10,10,10,10,10,10,10,10,10,10
how much do website builders charge,INR,30,50%,50%,Medium,53,323.80,1186.20,,,,,,10,10,20,20,30,110,40,20,20,20,30,30
how much does godaddy charge for a website,INR,40,33%,33%,Medium,50,177.82,1006.52,,,,,,70,70,20,20,30,40,40,30,40,30,20,40
digital marketing services price,INR,70,120%,-35%,Low,1,,,,,,,,110,140,110,40,50,70,30,20,10,50,20,110
how much does it cost to build a webpage,INR,1600,23%,-33%,Medium,49,231.48,1051.74,,,,,,2400,1900,1600,1600,1300,1300,1300,1300,1000,1300,1000,1600
hire wordpress website developer,INR,110,40%,-78%,Low,2,,,,,,,,260,210,70,20,70,390,50,40,20,50,20,70
ecommerce website maintenance cost,INR,30,0%,-75%,Low,29,,,,,,,,50,50,30,10,50,140,10,10,10,10,10,10
best website proposal examples,INR,20,-50%,-67%,Medium,40,454.65,1461.10,,,,,,30,20,10,20,10,40,20,10,10,20,10,10
rfp website redesign,INR,260,23%,-33%,Low,8,722.05,2551.06,,,,,,390,390,260,210,320,390,390,260,170,260,140,320
pricing for digital marketing services,INR,10,-67%,-50%,Low,29,,,,,,,,40,20,10,10,20,20,10,10,10,30,10,10
how much does it cost to start a business website,INR,20,0%,0%,High,71,267.03,1227.20,,,,,,30,30,20,10,20,10,20,20,10,20,10,20
how much does a decent website cost,INR,50,-40%,-40%,Medium,50,214.14,1085.62,,,,,,90,70,50,50,40,40,50,40,40,50,50,30
how much to get a website built,INR,10,-50%,0%,High,69,393.02,1224.51,,,,,,10,10,10,10,10,10,10,10,10,20,10,10
how much does it cost to update a website,INR,30,150%,25%,Low,17,425.61,1497.90,,,,,,50,30,20,20,20,30,30,20,20,20,20,50
packages for website design,INR,320,50%,-79%,Low,16,487.99,1702.01,,,,,,720,390,260,320,210,880,390,210,110,140,110,210
website designers cost,INR,210,0%,-56%,Medium,43,394.00,1683.14,,,,,,390,320,210,170,210,320,170,170,210,210,170,210
proposal for website development and maintenance,INR,10,0%,-100%,Unknown,,,,,,,,,10,10,10,10,0,0,10,10,0,0,0,0
how much does it cost to build a membership website,INR,10,-100%,-100%,Unknown,,,,,,,,,10,10,10,10,10,10,10,10,10,10,10,0
freelance web design proposal sample,INR,10,-100%,-100%,Unknown,,,,,,,,,10,10,10,10,10,10,0,10,0,10,10,0
how does it cost to build a website,INR,30,-50%,-80%,High,75,339.23,987.07,,,,,,40,20,10,10,20,70,30,20,40,20,10,10
cost to hire a website designer,INR,10,0%,-50%,Medium,43,409.16,1343.52,,,,,,20,30,20,20,20,10,10,10,10,10,10,10
cost to set up shopify website,INR,10,-100%,-100%,Unknown,,,,,,,,,10,10,10,10,10,0,10,10,10,10,10,0
how much does it cost to make a web page,INR,1600,23%,-33%,Medium,49,231.48,1051.74,,,,,,2400,1900,1600,1600,1300,1300,1300,1300,1000,1300,1000,1600
how much will it cost to build a website,INR,1600,23%,-33%,Medium,49,231.48,1051.74,,,,,,2400,1900,1600,1600,1300,1300,1300,1300,1000,1300,1000,1600
how much does an e commerce website cost,INR,40,0%,200%,Low,6,230.97,743.44,,,,,,20,20,110,110,10,10,10,20,30,30,40,30
hire shopify web developer,INR,70,350%,-36%,Low,2,,,,,,,,110,110,30,10,30,320,20,10,20,20,10,90
how much does it cost for wordpress website,INR,10,0%,0%,High,71,,,,,,,,10,10,10,10,10,10,10,10,10,10,10,10
expert shopify developers,INR,2900,60%,-45%,Low,21,833.22,3976.81,,,,,,4400,14800,1900,1300,1600,2900,1600,1000,1300,1000,1300,1600
wordpress website development packages,INR,10,0%,-75%,Low,0,,,,,,,,30,20,10,10,20,10,0,10,10,10,10,10
shopify certified developers,INR,50,150%,-64%,Low,8,715.18,6108.37,,,,,,90,90,70,20,40,140,40,10,10,20,20,50
how much it cost to develop a website,INR,10,0%,0%,Medium,57,,,,,,,,10,20,10,10,10,10,10,10,10,10,10,10
fixed price website design,INR,10,-100%,-100%,Unknown,,,,,,,,,10,10,10,10,10,10,10,0,0,10,0,0
basic website price,INR,90,-36%,-36%,Medium,60,236.88,1209.34,,,,,,140,140,90,90,90,90,90,70,90,140,70,90
website rebuild cost,INR,10,0%,0%,Medium,47,507.12,4903.78,,,,,,10,10,10,10,10,10,10,10,10,10,10,10
how much should i charge to build a wordpress website,INR,20,0%,-75%,Medium,48,,,,,,,,30,40,40,30,20,20,20,10,10,10,10,10
shopify app developer for hire,INR,20,200%,-40%,Low,11,524.64,3418.94,,,,,,30,30,10,10,30,90,10,10,10,10,30,30
website design and development packages,INR,10,0%,-75%,Low,5,,,,,,,,50,20,20,10,20,10,10,10,10,10,10,10
ecommerce web hosting prices,INR,10,0%,-100%,Unknown,,,,,,,,,0,10,0,0,10,0,0,10,0,0,0,0
online store website cost,INR,10,0%,0%,High,79,280.06,765.14,,,,,,10,20,10,10,10,10,10,10,10,10,10,10
how much does a wordpress domain cost,INR,10,0%,-50%,Medium,48,300.50,1463.29,,,,,,10,10,10,10,10,20,10,10,10,10,10,10
wordpress ecommerce cost,INR,30,0%,-40%,Medium,48,297.71,1144.54,,,,,,40,30,20,20,30,30,20,70,30,30,20,30
magento website cost,INR,40,400%,-44%,Low,0,,,,,,,,90,70,30,20,10,170,10,30,10,10,10,50
ecommerce website development price,INR,140,-35%,-72%,Low,5,330.48,3227.03,,,,,,390,210,170,70,90,390,50,30,140,170,30,110
web development proposal for client,INR,10,0%,-100%,Unknown,,,,,,,,,10,10,0,0,10,10,0,0,0,0,0,0
how much to have your own website,INR,10,0%,0%,Medium,33,,,,,,,,10,10,10,10,10,10,10,10,10,10,10,10
wix web developer freelance,INR,10,-100%,-100%,Unknown,,,,,,,,,10,0,0,0,0,0,0,0,0,10,10,0
freelance ecommerce website developer,INR,10,0%,-100%,Unknown,,,,,,,,,10,10,10,10,10,10,10,10,0,0,10,0
wordpress website development price,INR,140,3500%,243%,Low,0,,,,,,,,210,170,110,90,70,260,50,20,20,20,20,720
cost to open shopify store,INR,10,0%,0%,Medium,41,,,,,,,,10,10,10,10,10,10,10,10,10,10,10,10
how much does it cost to start a web page,INR,480,0%,-19%,Medium,54,213.87,819.51,,,,,,720,590,390,480,390,390,480,480,390,480,390,480
best web developer freelance websites,INR,10,0%,0%,Low,0,,,,,,,,10,0,10,10,0,10,0,0,10,10,10,10
how much does a real estate website cost,INR,10,100%,0%,Low,0,,,,,,,,10,30,10,10,20,10,10,10,10,10,20,20
average cost of website maintenance,INR,70,150%,-71%,Low,10,114.80,1849.05,,,,,,170,110,70,70,110,210,50,30,10,20,20,50
how much does it cost to make a wordpress website,INR,10,0%,0%,Medium,47,120.17,839.02,,,,,,10,10,10,10,10,20,10,10,10,10,10,10
how much does running a website cost,INR,320,22%,-19%,Medium,44,161.28,679.67,,,,,,480,480,320,320,260,320,320,320,320,320,320,390
how much does it cost to create a simple website,INR,10,0%,0%,Medium,38,,,,,,,,10,10,10,10,10,10,10,10,10,10,10,10
wix website cost per month,INR,140,-19%,21%,Medium,37,208.49,710.52,,,,,,110,110,90,110,140,170,140,170,140,210,170,170
website design and development proposal,INR,10,0%,-80%,Low,29,,,,,,,,20,20,10,10,10,10,0,10,10,10,10,10
how much does it cost to hire a wix designer,INR,10,0%,0%,High,76,283.42,812.22,,,,,,10,0,10,10,10,10,10,10,10,10,10,10
basic web design package,INR,10,100%,100%,Low,0,,,,,,,,20,20,10,10,10,10,10,10,10,10,10,20
website designer cost per hour,INR,10,0%,-67%,High,67,359.81,1006.94,,,,,,20,20,10,10,10,10,10,10,10,10,10,10
how much does it cost to create a wordpress website,INR,10,0%,0%,Medium,35,483.04,1388.34,,,,,,10,10,10,10,10,20,10,10,10,10,10,10
woocommerce website cost,INR,10,∞,0%,High,71,,,,,,,,10,10,0,0,10,0,0,10,10,0,10,10
cost of wordpress ecommerce site,INR,10,∞,0%,Low,0,,,,,,,,10,10,10,10,10,0,0,10,10,0,10,10
web designer freelance rates,INR,20,0%,-80%,Low,14,269.77,585.76,,,,,,30,40,10,30,20,90,20,10,10,10,10,10
how much does it cost to have a website developed,INR,10,0%,0%,High,86,400.24,1560.86,,,,,,10,10,10,10,10,10,10,10,10,10,10,10
how much should i charge for an ecommerce website,INR,10,0%,0%,Low,0,,,,,,,,10,10,10,10,10,10,10,10,10,10,10,10
how much is a wix domain,INR,320,-19%,-56%,Low,33,344.16,2302.43,,,,,,480,390,320,390,390,320,320,210,170,260,260,210
how much would a website cost,INR,30,0%,50%,Medium,53,296.22,1027.20,,,,,,40,30,20,10,30,20,20,20,30,30,20,30
how much it cost to make website,INR,70,0%,-22%,Medium,61,257.45,933.19,,,,,,110,90,90,90,90,70,70,70,70,70,50,70
web design cheapest price,INR,50,-33%,-82%,Low,23,1043.13,1889.67,,,,,,110,90,50,20,70,170,30,40,30,30,10,20
how much does it cost to manage a website,INR,10,-50%,-50%,Low,31,95.41,650.01,,,,,,30,20,10,10,10,10,10,10,20,20,10,10
website development fees,INR,50,25%,-71%,Low,25,370.46,1536.02,,,,,,140,110,70,30,50,30,30,30,30,40,50,50
how much does godaddy cost to build a website,INR,10,0%,0%,Medium,59,153.67,908.05,,,,,,10,10,10,10,10,10,10,10,10,10,10,10
hire a wix website designer,INR,20,100%,-60%,Low,33,876.13,3581.40,,,,,,40,20,10,10,30,90,10,10,10,10,10,20
how much does a website cost on godaddy,INR,10,0%,0%,Medium,64,231.99,1314.17,,,,,,10,20,10,10,10,10,10,10,10,10,10,10
cost to build a basic website,INR,10,-50%,0%,High,71,322.61,1270.48,,,,,,20,20,10,10,10,10,10,10,10,20,10,10
how much does it cost to create a landing page,INR,10,0%,0%,Medium,57,187.52,1313.86,,,,,,10,10,10,10,10,10,20,10,10,10,10,10
sample web design proposal,INR,10,0%,-67%,Low,11,,,,,,,,20,10,10,10,10,10,10,10,10,10,10,10
how much does your own website cost,INR,10,0%,0%,High,73,210.16,757.58,,,,,,10,10,10,10,10,10,10,10,10,10,10,10
website redesign quote,INR,260,0%,-71%,Low,10,964.90,3831.59,,,,,,590,320,210,170,210,590,260,90,140,170,140,170
website management pricing,INR,40,0%,-67%,Medium,41,218.26,1317.68,,,,,,70,70,50,70,90,70,20,20,10,30,20,30
shopify online store cost,INR,10,0%,0%,Medium,52,,,,,,,,10,10,10,10,10,10,10,10,10,10,10,10
website designers price,INR,90,22%,-48%,Low,23,452.58,1702.41,,,,,,210,210,110,50,50,90,90,50,70,90,40,110
website builder godaddy cost,INR,10,0%,0%,Medium,50,,,,,,,,0,0,10,10,10,0,10,10,10,10,10,10
how much does godaddy website cost,INR,10,0%,-50%,Medium,57,137.00,807.79,,,,,,20,10,10,10,20,10,10,20,20,10,10,10
business website price,INR,20,200%,-57%,Low,23,331.69,1168.76,,,,,,50,30,10,10,10,70,30,30,20,10,10,30
how much does a weebly website cost,INR,10,0%,0%,Medium,47,190.29,568.17,,,,,,10,10,10,20,10,10,10,10,10,10,10,10
bespoke website cost,INR,10,0%,0%,Low,0,,,,,,,,10,10,10,0,0,0,0,0,0,10,0,10
how much does it take to build a website,INR,10,0%,-50%,Medium,56,296.79,923.29,,,,,,20,10,10,10,10,10,10,10,10,10,10,10
how much do designers charge for a website,INR,10,0%,0%,Medium,43,,,,,,,,10,10,10,10,10,10,0,10,10,10,10,10
how much web design cost,INR,50,0%,-64%,Medium,59,273.46,1052.55,,,,,,110,70,40,30,50,110,40,50,30,40,30,40
cost to set up ecommerce website,INR,10,0%,-50%,Medium,36,,,,,,,,20,20,10,10,10,10,10,10,10,10,10,10
how much does it cost to open an online store,INR,20,100%,300%,Low,8,227.71,1318.53,,,,,,10,10,10,30,10,10,10,10,30,20,30,40
own website cost,INR,10,0%,-100%,Unknown,,,,,,,,,10,10,0,10,10,10,0,10,10,0,0,0
how much does wix cost per month,INR,90,21%,143%,Low,30,293.44,1141.83,,,,,,70,50,50,70,90,70,90,110,90,140,140,170
website designer fees,INR,90,22%,-48%,Low,23,452.58,1702.41,,,,,,210,210,110,50,50,90,90,50,70,90,40,110
how much does it cost to have a web page,INR,590,0%,-18%,Medium,61,174.59,784.95,,,,,,880,720,590,590,590,590,720,590,590,720,590,720
how much does it cost to make an online store,INR,10,0%,0%,Medium,48,164.13,624.78,,,,,,20,20,10,10,10,10,10,10,10,10,10,10
hire shopify agency,INR,50,200%,-67%,Low,3,,,,,,,,110,50,30,20,40,210,90,10,10,10,20,30
how much does wix charge for a website,INR,170,-19%,21%,Medium,36,197.68,756.27,,,,,,140,170,170,210,210,210,210,170,170,210,170,170
godaddy website development cost,INR,10,0%,0%,High,81,584.57,1258.92,,,,,,10,10,10,10,10,10,10,10,10,10,10,10
godaddy pricing website,INR,10,0%,0%,High,78,253.57,755.87,,,,,,10,10,10,10,10,10,10,10,10,10,10,10
cost to run a shopify store,INR,10,0%,0%,Medium,46,,,,,,,,10,10,10,10,10,10,10,10,10,10,10,10
how much does wix cost per year,INR,40,-20%,33%,Low,11,258.03,1004.36,,,,,,30,30,20,20,40,30,50,40,30,50,40,40
website design rfp,INR,480,0%,-56%,Low,5,472.42,2362.09,,,,,,720,720,590,480,480,480,480,480,320,390,260,390
how much does it cost to outsource website development,INR,10,0%,0%,Medium,43,,,,,,,,20,20,10,10,10,70,0,0,10,10,0,10
how much does the average website cost,INR,40,25%,0%,Medium,45,152.48,687.94,,,,,,50,40,40,30,30,40,40,30,30,40,30,50
cost to hire a web developer,INR,20,300%,-20%,Low,2,,,,,,,,30,20,20,10,10,10,20,10,10,10,10,40
wix professional website cost,INR,10,0%,0%,High,71,393.04,1233.96,,,,,,10,10,10,10,10,10,10,10,10,10,10,10
how much does it cost to start an ecommerce website,INR,10,0%,0%,Medium,48,,,,,,,,10,10,10,10,10,10,10,10,10,10,10,10
price of a wordpress website,INR,10,-100%,-100%,Unknown,,,,,,,,,10,0,10,0,10,10,0,0,10,10,0,0
how much would it cost to make a website,INR,880,0%,-32%,Medium,46,219.78,954.61,,,,,,1300,1300,880,880,720,880,880,720,720,880,720,880
how much does it take to create a website,INR,10,0%,0%,Medium,36,,,,,,,,20,10,10,10,10,10,10,10,10,10,10,10
how much does it cost to make my own website,INR,10,0%,-50%,Medium,60,297.36,1284.95,,,,,,10,20,10,10,20,10,10,10,20,10,10,10
shopify ecommerce website price,INR,10,0%,0%,High,86,,,,,,,,10,10,10,10,10,10,0,10,10,10,10,10
how much does it cost to create a professional website,INR,10,0%,0%,Medium,56,344.55,1035.22,,,,,,20,10,10,10,10,10,10,10,10,10,10,10
ecommerce website package pricing,INR,10,-100%,-100%,Unknown,,,,,,,,,20,30,10,0,0,10,10,10,0,10,10,0
how much to get a website designed,INR,10,0%,0%,High,82,150.84,1298.85,,,,,,20,10,10,10,10,10,10,10,10,10,10,10
squarespace hire a designer,INR,10,0%,0%,High,75,953.11,2256.89,,,,,,10,10,10,10,10,10,10,0,10,10,10,10
average cost for ecommerce website,INR,20,0%,-91%,Low,27,110.50,1108.94,,,,,,70,30,20,20,10,10,10,10,10,10,10,10
simple website proposal,INR,10,∞,0%,Medium,61,290.68,990.32,,,,,,10,10,10,10,10,0,10,10,10,0,0,10
cost of a wix website,INR,1600,0%,-33%,Medium,36,206.36,844.96,,,,,,1900,1600,1600,1600,1600,1600,1300,1300,1300,1600,1300,1600
website startup cost,INR,30,400%,25%,Low,11,162.01,2961.01,,,,,,50,30,20,10,10,20,10,10,70,10,20,50
hire ecommerce designer,INR,20,0%,-80%,Low,0,,,,,,,,50,40,20,10,10,140,10,0,0,10,10,10
average cost for a web designer,INR,20,0%,-50%,High,67,254.41,1183.29,,,,,,40,20,20,20,20,20,10,20,10,20,20,20
cost of a godaddy website,INR,10,0%,0%,High,68,208.45,1181.24,,,,,,10,10,10,20,10,10,10,10,10,10,10,10
basic wordpress website cost,INR,10,200%,200%,Low,2,,,,,,,,10,10,10,10,10,10,10,10,10,10,10,30
squarespace online store cost,INR,10,0%,0%,High,86,,,,,,,,10,10,10,10,10,10,0,10,10,10,10,10
how much does site123 cost,INR,10,0%,0%,Medium,61,518.13,1071.12,,,,,,10,10,10,10,10,10,10,10,0,10,10,10
web page design price,INR,1900,90%,-65%,Low,29,377.93,1581.07,,,,,,4400,2900,1900,1600,1600,2400,2400,1600,1000,1000,1000,1900
ecommerce web design packages,INR,50,33%,-76%,Low,4,,,,,,,,170,110,70,20,50,10,50,10,10,30,10,40
how much does a magento website cost,INR,20,∞,67%,Low,0,,,,,,,,30,20,20,20,10,40,10,10,10,0,20,50
how much does it cost build a website,INR,1600,23%,-33%,Medium,49,231.48,1051.74,,,,,,2400,1900,1600,1600,1300,1300,1300,1300,1000,1300,1000,1600
cost of running a shopify store,INR,10,-100%,-100%,Unknown,,,,,,,,,10,10,10,10,10,10,10,10,0,10,10,0
cost to build simple website,INR,10,0%,0%,Medium,51,683.36,1785.46,,,,,,10,10,10,10,10,10,10,10,10,10,10,10
retail website cost,INR,10,0%,0%,Low,0,,,,,,,,10,10,0,10,0,10,10,10,0,10,10,10
how much does it cost for a small business website,INR,110,50%,24%,Medium,45,271.35,1193.19,,,,,,170,170,90,90,70,70,90,70,110,140,110,210
prices for website builders,INR,260,-33%,0%,Low,23,393.38,1642.56,,,,,,90,390,390,210,720,320,140,90,110,210,210,140
how much does it cost to make an ecommerce website,INR,50,100%,-64%,Low,28,251.68,987.11,,,,,,140,90,90,50,70,70,40,30,30,20,20,40
how much does it cost for ecommerce website,INR,10,0%,0%,Medium,57,,,,,,,,10,10,0,10,10,0,0,10,0,10,0,10
how much does it cost to run your own website,INR,10,0%,0%,Medium,61,131.89,536.31,,,,,,10,20,10,10,10,10,20,10,10,10,10,10
custom website design packages,INR,10,∞,-80%,Low,0,,,,,,,,30,30,20,10,10,10,10,10,10,0,10,10
average cost of shopify website,INR,10,0%,-80%,Medium,40,,,,,,,,40,20,10,10,10,10,10,10,10,10,10,10
how much do people charge to create a website,INR,30,33%,33%,Medium,42,149.60,699.78,,,,,,40,50,20,30,30,30,20,20,30,30,30,40
website cost godaddy,INR,10,0%,0%,High,76,75.06,563.91,,,,,,10,10,10,10,10,10,10,10,10,10,10,10
website design and hosting packages,INR,20,200%,-25%,Low,3,,,,,,,,50,40,20,10,10,10,10,20,10,10,20,30
ecommerce website design cost,INR,70,0%,-82%,Low,13,843.74,3615.32,,,,,,140,90,50,10,20,170,90,10,90,20,20,20
web design and development price list,INR,10,0%,-100%,Unknown,,,,,,,,,0,10,0,0,0,0,0,0,0,0,10,0
how much does a web developer charge for a website,INR,20,0%,50%,Medium,61,162.69,1050.66,,,,,,30,20,20,10,20,10,30,20,30,30,30,30
how much does professional website cost,INR,90,89%,0%,Medium,45,287.74,1231.33,,,,,,140,110,90,90,70,90,90,90,70,90,90,170
offshore shopify developers,INR,10,0%,-75%,Low,0,,,,,,,,40,20,20,10,20,40,10,10,10,10,10,10
how much does wix ecommerce cost,INR,10,0%,0%,Low,25,,,,,,,,10,10,10,10,10,10,10,10,10,10,0,10
sample website proposal,INR,260,24%,-64%,Low,21,405.83,1434.95,,,,,,480,320,210,210,210,720,320,260,170,170,140,210
how much does having a website cost,INR,20,-67%,-50%,Medium,58,144.10,1125.30,,,,,,20,30,20,20,10,10,20,20,20,30,20,10
web design cost per hour,INR,30,0%,-78%,Low,21,133.04,1032.96,,,,,,70,40,40,20,10,50,20,10,10,20,10,20
how much for web design,INR,210,24%,-46%,Medium,45,261.44,1142.31,,,,,,390,260,210,210,210,170,170,140,140,170,170,210
website creation proposal,INR,140,0%,-65%,Low,23,352.98,1108.44,,,,,,210,170,110,110,90,320,210,170,110,90,70,90
wordpress website developer cost,INR,10,0%,0%,High,86,,,,,,,,0,20,10,10,10,0,10,10,0,10,0,10
professional website price,INR,10,0%,0%,High,86,481.29,1254.87,,,,,,10,10,10,0,10,10,10,10,10,10,10,10
web design proposal software,INR,10,0%,0%,Low,0,,,,,,,,10,10,0,10,10,0,0,10,0,10,10,10
cost to build a website on wix,INR,10,0%,-50%,Medium,65,248.31,522.92,,,,,,20,10,10,10,10,10,10,10,10,10,10,10
how much to charge for website design and maintenance,INR,30,67%,-29%,Low,17,73.47,863.58,,,,,,70,50,40,30,30,20,20,40,30,30,20,50
how much does a 5 page website cost,INR,10,0%,-50%,Medium,44,528.29,1421.40,,,,,,10,10,20,10,10,10,10,10,10,10,10,10
how much does it cost to make a website accessible,INR,10,0%,0%,Low,0,,,,,,,,10,10,10,10,10,10,10,10,10,10,10,10
website creation packages,INR,320,50%,-79%,Low,16,487.99,1702.01,,,,,,720,390,260,320,210,880,390,210,110,140,110,210
companies that hire web designers,INR,20,-50%,-50%,Low,21,,,,,,,,40,30,10,10,20,10,20,10,20,20,30,10
how much to design a shopify website,INR,10,0%,-100%,Unknown,,,,,,,,,40,20,10,0,10,90,10,10,10,0,10,0
best website prices,INR,10,0%,0%,Medium,52,,,,,,,,10,10,10,10,10,10,10,10,10,10,10,10
cost to build a business website,INR,10,0%,0%,High,76,207.84,1257.09,,,,,,10,10,10,10,10,10,10,10,10,10,10,10
how much to pay a website designer,INR,20,-50%,-67%,High,69,270.40,1280.05,,,,,,30,30,20,10,20,20,10,10,10,20,10,10
how much do website developers charge,INR,30,0%,-71%,Medium,66,201.49,939.32,,,,,,40,30,40,30,50,20,30,40,20,20,20,20
website design lowest price,INR,10,-100%,-100%,Unknown,,,,,,,,,0,10,0,10,0,0,0,10,10,10,0,0
how much would it cost to create a website,INR,880,0%,-32%,Medium,46,219.78,954.61,,,,,,1300,1300,880,880,720,880,880,720,720,880,720,880
ecommerce website building cost,INR,10,0%,0%,Low,0,,,,,,,,10,10,10,10,10,10,0,10,0,10,10,10
e commerce website creation cost,INR,10,0%,-100%,Unknown,,,,,,,,,0,10,0,0,10,10,10,0,10,0,0,0
how much to charge for wordpress website,INR,30,-67%,-86%,Low,11,,,,,,,,50,70,40,20,20,20,20,30,10,30,10,10
cost for ecommerce website development,INR,140,-35%,-72%,Low,5,330.48,3227.03,,,,,,390,210,170,70,90,390,50,30,140,170,30,110
multi vendor ecommerce website price,INR,10,0%,0%,Low,0,,,,,,,,10,10,10,10,0,10,10,10,0,10,0,10
how much does it cost to build a retail website,INR,10,0%,0%,High,76,394.94,849.87,,,,,,10,10,10,10,10,10,10,10,10,10,10,10
average cost of a business website,INR,30,0%,-60%,Medium,55,255.08,1043.56,,,,,,50,20,10,10,40,110,30,30,30,20,10,20
cost of having a website built,INR,10,0%,0%,High,79,314.51,1229.00,,,,,,10,10,10,10,10,10,10,10,10,10,10,10
how much do it cost to make a website,INR,1600,23%,-33%,Medium,49,231.48,1051.74,,,,,,2400,1900,1600,1600,1300,1300,1300,1300,1000,1300,1000,1600
website redesign proposal example,INR,90,29%,-57%,Low,20,225.82,925.29,,,,,,170,110,110,70,40,170,50,50,70,70,70,90
average cost of website redesign,INR,30,-50%,-71%,Low,20,203.92,1442.14,,,,,,70,40,30,20,10,90,20,20,20,40,30,20
custom website packages,INR,10,0%,0%,Low,24,,,,,,,,10,10,10,10,20,10,10,10,10,10,10,10
how much does a company website cost,INR,70,40%,0%,Medium,43,247.05,1138.53,,,,,,50,70,50,110,30,40,40,40,110,50,90,70
how much for website development,INR,40,200%,-67%,Medium,36,300.30,1062.96,,,,,,90,50,20,20,30,50,50,30,20,10,20,30
cost to build your own website,INR,10,0%,0%,High,86,,,,,,,,10,10,10,10,10,10,10,10,10,10,10,10
cost of a website redesign,INR,70,50%,-86%,Medium,44,351.29,1437.87,,,,,,210,70,70,30,30,260,50,40,20,20,30,30
how much does a domain cost on wix,INR,170,-21%,-58%,Low,32,358.86,2823.73,,,,,,210,320,170,170,170,140,140,110,90,140,140,110
how much does a website cost to create,INR,10,0%,0%,Medium,57,317.60,943.94,,,,,,10,10,10,10,10,10,10,10,10,10,10,10
how much money does it take to make a website,INR,20,-33%,100%,Medium,33,109.77,417.58,,,,,,40,40,10,10,20,30,30,20,10,30,20,20
how much will it cost to create a website,INR,880,0%,-32%,Medium,46,219.78,954.61,,,,,,1300,1300,880,880,720,880,880,720,720,880,720,880
looking for freelance web developer,INR,10,0%,-50%,Medium,37,782.09,3978.73,,,,,,10,10,10,20,10,10,10,10,10,10,10,10
wix shop pricing,INR,10,0%,0%,Low,17,,,,,,,,10,10,10,10,10,10,0,10,10,10,10,10
new website price,INR,10,-100%,-100%,Unknown,,,,,,,,,10,10,10,0,0,10,10,0,0,10,10,0
how much does cost to build a website,INR,10,0%,0%,Medium,52,,,,,,,,10,10,10,10,10,10,10,10,10,10,10,10
average monthly cost for website maintenance,INR,20,0%,-67%,Low,19,,,,,,,,40,20,20,10,30,50,10,10,10,10,10,10
web developer price per hour,INR,10,-100%,-100%,Unknown,,,,,,,,,10,10,10,10,10,40,20,0,10,10,10,0
how much is it to start a website business,INR,10,0%,0%,High,70,145.74,1419.36,,,,,,10,10,10,10,10,10,10,10,10,10,10,10
website for small business cost,INR,10,0%,0%,High,86,,,,,,,,10,10,10,10,10,10,10,10,10,10,10,10
hire freelance website developer,INR,390,0%,126%,Low,3,719.51,4465.86,,,,,,320,260,260,110,90,320,170,70,50,880,880,880
how much does a small website cost,INR,10,0%,0%,Medium,37,,,,,,,,10,10,10,10,10,10,10,10,10,10,10,10
wix website development cost,INR,10,0%,0%,Low,0,,,,,,,,10,10,10,10,10,10,10,10,10,10,10,10
how much should i charge for website maintenance,INR,20,0%,-80%,Medium,33,141.73,1795.19,,,,,,50,20,10,10,10,90,10,10,10,10,10,10
how much does it cost to have a godaddy website,INR,10,0%,0%,Medium,39,188.25,2066.27,,,,,,10,10,10,10,10,10,10,10,10,10,10,10
ecommerce website design packages,INR,50,33%,-76%,Low,4,,,,,,,,170,110,70,20,50,10,50,10,10,30,10,40
how much does a woocommerce site cost,INR,10,0%,0%,Medium,50,,,,,,,,10,10,10,10,10,10,10,10,10,10,10,10
how much does a webflow website cost,INR,10,0%,0%,Medium,61,,,,,,,,10,10,10,10,10,10,10,10,10,10,10,10
how much does it cost to put up a website,INR,10,0%,0%,Medium,34,210.33,647.93,,,,,,10,10,20,10,10,10,10,10,10,10,10,10
how much does it cost for a simple website,INR,10,0%,0%,High,71,303.11,835.93,,,,,,10,10,10,10,10,10,20,10,10,10,10,10
web design course price,INR,10,-100%,-100%,Unknown,,,,,,,,,10,10,10,10,0,10,10,10,10,10,10,0
web design charges,INR,30,-50%,-89%,Medium,58,197.47,1107.35,,,,,,90,50,40,40,30,30,30,20,20,20,30,10
how much a wordpress website cost,INR,10,0%,-67%,High,68,396.83,1085.60,,,,,,10,20,30,10,20,20,10,10,10,10,10,10
how much ecommerce website cost,INR,10,0%,-80%,High,71,,,,,,,,30,10,10,10,10,10,0,0,10,10,10,10
how much does it cost to create an ecommerce website,INR,50,100%,-64%,Low,28,251.68,987.11,,,,,,140,90,90,50,70,70,40,30,30,20,20,40
web design companies hiring,INR,20,100%,-71%,Low,3,,,,,,,,70,40,10,10,10,90,10,10,10,10,10,20
cost to build website godaddy,INR,10,∞,0%,Low,29,,,,,,,,0,10,10,10,0,10,10,0,0,0,10,10
how much does it cost to create a webpage,INR,10,0%,0%,High,86,557.19,1377.96,,,,,,10,10,10,10,10,10,10,10,10,10,10,10
company website cost,INR,20,0%,-80%,Low,29,,,,,,,,40,20,10,10,10,70,20,40,10,10,10,10
how much to charge for monthly website maintenance,INR,10,0%,0%,Low,10,,,,,,,,10,10,10,10,10,10,10,10,10,10,10,10
how much should a wordpress website cost,INR,140,21%,-35%,Medium,52,179.52,1218.69,,,,,,170,170,170,170,140,140,110,90,110,140,110,170
how much should an ecommerce website cost,INR,110,0%,-59%,Low,33,260.66,1477.65,,,,,,260,140,70,110,110,210,170,40,50,70,40,70
how much does a website cost monthly,INR,20,50%,0%,Medium,54,271.93,1097.75,,,,,,40,30,20,20,20,20,20,20,20,20,20,30
how much do website designers cost,INR,210,50%,-19%,Medium,48,326.20,1373.82,,,,,,320,320,210,260,210,170,210,170,140,140,140,210
cheap website packages,INR,30,-100%,-100%,Unknown,,,,,,,,,50,50,10,10,10,170,10,10,10,10,10,0
cost to create and maintain a website,INR,10,200%,200%,Medium,60,217.31,1050.34,,,,,,20,10,10,10,10,20,10,10,10,10,20,30
website design budget,INR,90,125%,-65%,Low,17,289.58,2183.26,,,,,,210,170,90,40,110,260,50,20,50,40,30,90
how much does it cost for your own website,INR,10,0%,-50%,High,71,237.95,522.18,,,,,,10,10,10,10,20,10,10,10,10,10,20,10
hire wix website builders,INR,10,0%,-75%,Low,0,,,,,,,,30,20,10,10,10,70,0,10,10,10,10,10
wordpress ecommerce website price,INR,10,∞,0%,Low,0,,,,,,,,10,10,10,10,10,0,0,10,10,0,10,10
hire website programmer,INR,10,200%,-25%,Low,3,,,,,,,,40,40,30,10,10,10,0,10,10,10,10,30
cost of creating a business website,INR,20,0%,-80%,Medium,48,,,,,,,,50,10,10,10,20,70,20,10,20,10,10,10
how much does owning a website cost,INR,170,24%,24%,Medium,39,188.27,753.04,,,,,,210,210,140,140,140,170,170,140,140,170,170,210
shopify store charges,INR,10,0%,-100%,Unknown,,,,,,,,,0,10,10,10,10,10,0,10,10,0,10,0
web agency pricing,INR,20,0%,-75%,Low,17,,,,,,,,30,20,10,10,20,50,10,10,10,10,10,10
how does it cost to create a website,INR,10,0%,0%,Medium,43,444.14,1420.36,,,,,,10,10,10,10,10,0,10,10,0,10,10,10
how much does it cost for a web page,INR,10,0%,0%,Medium,50,127.25,298.17,,,,,,10,10,10,10,10,10,10,10,10,10,10,10
how much does it cost to maintain a wordpress website,INR,10,0%,-75%,Low,14,,,,,,,,30,30,20,20,20,10,10,10,10,10,10,10
how much is website development cost,INR,10,0%,-50%,Medium,46,285.85,1426.53,,,,,,40,20,10,10,20,20,10,10,10,10,10,10
how much should i charge to maintain a website,INR,10,100%,100%,Low,7,,,,,,,,10,10,10,10,10,10,10,10,10,10,10,20
cost to have a website made,INR,30,-50%,-80%,High,76,447.52,1340.06,,,,,,50,20,10,10,20,70,20,50,20,20,10,10
how much does a restaurant website cost,INR,10,0%,-50%,Medium,49,196.36,655.93,,,,,,20,10,10,10,10,10,10,10,10,10,10,10
how much does it cost to redo a website,INR,10,0%,-75%,Medium,48,318.02,1348.47,,,,,,30,10,20,20,10,10,10,10,10,10,10,10
ecommerce site cost,INR,390,179%,-56%,Low,10,261.75,1406.36,,,,,,880,590,390,210,260,880,590,110,320,140,140,390
web designer cost per hour,INR,10,0%,-67%,High,67,359.81,1006.94,,,,,,20,20,10,10,10,10,10,10,10,10,10,10
squarespace website design proposal,INR,10,0%,-100%,Unknown,,,,,,,,,10,10,10,10,10,10,0,0,0,0,0,0
freelance web designer and developer,INR,30,1000%,175%,Low,5,558.91,1931.11,,,,,,40,50,50,70,30,20,20,10,10,10,10,110
how much should i charge to create a website,INR,260,-19%,-34%,Medium,36,89.42,500.73,,,,,,320,260,260,210,210,390,260,170,170,260,170,210
website creating price,INR,10,0%,-50%,Medium,43,,,,,,,,10,10,10,0,10,10,0,10,10,10,10,10
hire shopify theme developer,INR,140,200%,-47%,Low,1,,,,,,,,170,720,390,10,70,390,30,10,10,30,10,90
price for a wordpress website,INR,720,-18%,-55%,Medium,45,248.94,1292.37,,,,,,1900,880,720,720,590,590,590,390,390,720,480,590
how much does a google site cost,INR,10,0%,0%,Medium,51,244.99,1025.15,,,,,,10,10,20,20,10,10,10,20,10,20,10,20
how much does it cost to have a com website,INR,10,0%,-50%,Medium,61,274.43,805.19,,,,,,10,10,10,10,10,10,10,10,10,10,10,10
how much does web development cost,INR,50,67%,-64%,Low,29,167.84,1053.97,,,,,,170,70,30,40,30,30,30,40,50,30,40,50
wordpress ecommerce website development cost,INR,10,0%,-100%,Unknown,,,,,,,,,10,20,10,10,10,10,10,0,0,0,0,0
cost of a web developer,INR,50,67%,-71%,Low,33,335.24,1388.41,,,,,,140,70,50,40,40,30,30,30,30,30,40,50
how much does it cost to make a simple website,INR,10,0%,100%,Medium,63,256.92,755.40,,,,,,10,10,10,20,10,10,10,20,10,20,10,20
average cost of having a website built,INR,10,0%,0%,High,82,422.95,1785.74,,,,,,10,10,10,10,10,10,10,10,10,10,10,10
how much it cost to build a ecommerce website,INR,10,0%,0%,Medium,43,,,,,,,,10,10,0,10,10,0,10,10,10,10,10,10
basic website development cost,INR,10,0%,0%,Low,0,,,,,,,,20,30,10,10,10,10,10,10,10,10,10,10
how much cost to create website,INR,10,0%,0%,High,86,,,,,,,,10,10,10,10,10,10,10,10,10,10,10,10
cost to have a website designed,INR,10,0%,-67%,Medium,60,191.13,1319.17,,,,,,20,10,10,20,20,10,10,10,10,10,10,10
average cost for website redesign,INR,390,22%,-46%,Medium,39,233.70,1446.59,,,,,,720,480,390,320,320,320,320,260,260,320,320,390
how much does website security cost,INR,10,0%,0%,Low,0,,,,,,,,10,10,10,10,10,10,10,10,10,10,10,10
average cost of building website,INR,260,23%,-33%,Medium,43,251.27,1425.07,,,,,,480,390,320,260,260,260,260,210,210,260,210,320
average cost of web development services,INR,10,-100%,-100%,Unknown,,,,,,,,,10,10,0,10,10,10,10,10,10,10,10,0
how much does it cost to have a wix website,INR,20,50%,50%,Low,30,125.66,712.49,,,,,,20,20,30,20,20,20,30,20,20,20,30,30
how much does it cost to run an ecommerce website,INR,10,0%,0%,High,86,,,,,,,,10,10,10,10,10,10,10,10,10,10,10,10
basic web design cost,INR,70,50%,-79%,High,68,391.69,2278.34,,,,,,140,110,110,90,70,90,40,40,30,20,30,30
web development services quotes,INR,10,0%,-100%,Unknown,,,,,,,,,10,10,0,10,10,0,0,10,10,0,0,0
how much does it cost to make a ecommerce website,INR,10,0%,0%,High,83,348.59,1109.37,,,,,,10,10,10,10,10,10,10,10,10,10,10,10
how much it cost a website,INR,10,0%,0%,High,76,86.45,289.51,,,,,,10,10,10,10,10,10,10,10,10,10,10,10
how much does a one page website cost,INR,10,0%,-80%,Medium,46,149.74,1165.84,,,,,,10,10,10,10,10,10,10,10,10,10,10,10
price to start a website,INR,10,0%,0%,Medium,43,,,,,,,,10,10,10,10,10,10,0,10,10,10,10,10
website quotes design,INR,20,100%,0%,Low,22,783.94,2097.50,,,,,,40,20,20,20,20,10,10,10,10,10,20,20
how much does website maintenance cost per month,INR,10,0%,0%,Low,17,,,,,,,,10,20,10,10,10,10,10,20,20,10,20,10
godaddy website cost per year,INR,10,100%,0%,Medium,44,68.23,510.21,,,,,,20,10,20,20,20,10,10,10,10,10,10,20
how much does it cost to get your own website,INR,10,0%,-50%,Medium,62,209.09,959.31,,,,,,10,10,10,10,10,10,10,10,10,10,10,10
online website cost,INR,10,0%,0%,Medium,57,299.40,875.63,,,,,,20,10,10,10,10,10,10,10,10,10,10,10
how much is it for a website design,INR,10,0%,-50%,Medium,48,,,,,,,,10,10,10,10,10,10,0,10,10,10,10,10
godaddy ecommerce website pricing,INR,10,0%,0%,Medium,60,137.00,1119.73,,,,,,10,10,10,10,10,10,10,10,10,10,10,10
hire web design company,INR,20,100%,-71%,Low,3,,,,,,,,70,40,10,10,10,90,10,10,10,10,10,20
website development rates,INR,10,0%,-50%,Medium,43,,,,,,,,10,10,10,10,10,10,10,10,10,10,10,10
website upkeep costs,INR,20,0%,-67%,High,71,,,,,,,,40,20,10,10,20,70,10,10,10,10,10,10
web design company price list,INR,10,0%,-100%,Unknown,,,,,,,,,0,0,10,0,0,0,0,0,0,0,10,0
the cost of building a website,INR,10,0%,0%,High,71,,,,,,,,10,10,10,10,10,10,0,10,0,10,10,10
20 examples of web design packages,INR,10,0%,-50%,Low,14,,,,,,,,30,10,10,10,10,10,10,10,10,10,10,10
hire shopify seo expert,INR,30,-20%,-20%,Low,0,,,,,,,,50,40,10,10,20,110,30,10,20,50,10,40
how much does a wix domain cost,INR,170,-21%,-58%,Low,32,358.86,2823.73,,,,,,210,320,170,170,170,140,140,110,90,140,140,110
how much is it to do a website,INR,10,0%,0%,High,82,129.08,1778.82,,,,,,10,10,10,10,0,10,10,10,10,10,10,10
godaddy price for website,INR,10,0%,-50%,High,77,510.21,990.89,,,,,,10,10,10,10,10,10,20,20,10,10,10,10
web redesign proposal,INR,210,55%,-65%,Low,15,314.22,1609.66,,,,,,390,260,210,140,140,480,320,170,140,110,90,170
website design proposal templates,INR,320,0%,-56%,Medium,36,373.52,1535.77,,,,,,590,390,320,320,260,720,210,170,110,260,260,260
how much does a wordpress blog cost,INR,10,0%,0%,High,78,78.76,707.20,,,,,,10,10,10,10,10,10,10,10,10,10,10,10
certified shopify developer,INR,10,0%,0%,Low,29,,,,,,,,10,10,10,10,10,10,10,10,10,10,10,10
cost to open a website,INR,90,29%,-47%,Medium,53,217.05,1255.98,,,,,,170,140,110,90,70,70,90,70,70,70,70,90
how much does it cost for a godaddy website,INR,10,0%,0%,Medium,64,200.77,680.66,,,,,,10,10,10,10,10,10,10,10,10,10,10,10
average price for web design,INR,390,22%,-46%,Medium,39,233.70,1446.59,,,,,,720,480,390,320,320,320,320,260,260,320,320,390
web design proposal templates,INR,320,0%,-56%,Medium,36,373.52,1535.77,,,,,,590,390,320,320,260,720,210,170,110,260,260,260
how much does someone charge to build a website,INR,10,0%,0%,High,70,214.39,949.59,,,,,,10,10,10,10,10,10,20,20,10,10,20,10
how much should a website cost per month,INR,10,0%,0%,Medium,63,490.97,1166.32,,,,,,10,10,10,10,10,10,20,10,10,10,10,10
website support costs,INR,10,0%,0%,Medium,43,,,,,,,,10,20,10,10,10,10,10,0,10,10,10,10
how much can you sell a website for,INR,30,75%,40%,Low,18,237.53,765.48,,,,,,30,30,30,30,30,20,20,20,30,40,50,70
how much does cost to make a website,INR,10,0%,0%,Medium,52,,,,,,,,10,10,10,10,10,10,10,10,10,10,10,10
price of godaddy website,INR,10,0%,0%,Medium,66,73.30,350.69,,,,,,0,10,10,10,10,10,10,10,10,10,10,10
cost to pay someone to build a website,INR,10,0%,0%,High,67,,,,,,,,10,10,10,10,10,10,10,10,10,10,10,10
how much will a website cost,INR,2400,0%,-17%,Medium,47,226.92,1091.29,,,,,,2900,2400,1900,1900,1900,1900,2400,1900,1900,2400,1900,2400
how much does google website cost,INR,10,0%,0%,Medium,62,,,,,,,,10,10,10,10,10,10,10,10,10,10,10,10
hire shopify programmer,INR,40,100%,-86%,Low,0,,,,,,,,110,50,20,10,40,210,10,10,10,10,10,20
website development and maintenance cost,INR,20,0%,-67%,Medium,38,231.49,1789.08,,,,,,50,50,30,10,30,10,10,10,10,10,10,10
how much does it cost to make a good website,INR,10,0%,-50%,Medium,51,183.75,1161.95,,,,,,30,20,10,10,10,10,10,10,10,10,10,10
cost to build a simple website,INR,10,0%,-50%,Medium,61,833.19,2304.25,,,,,,10,10,10,20,10,10,10,10,10,10,10,10
rfp website development,INR,260,23%,-33%,Low,6,422.05,2484.92,,,,,,320,320,320,170,210,320,590,390,140,260,140,320
web designer low cost,INR,210,55%,-71%,Low,7,1159.99,5410.51,,,,,,480,210,140,110,170,480,210,210,170,110,90,170
how much does it cost to get a website created,INR,170,21%,-19%,Medium,61,358.30,1317.97,,,,,,260,170,170,140,170,140,140,110,140,140,110,170
wix ecommerce cost,INR,260,-19%,-46%,Low,32,235.18,861.46,,,,,,390,390,320,320,260,320,260,260,260,260,170,210
cost of redesigning a website,INR,70,50%,-86%,Medium,44,351.29,1437.87,,,,,,210,70,70,30,30,260,50,40,20,20,30,30
how much does it cost for an ecommerce website,INR,110,0%,-59%,Low,33,260.66,1477.65,,,,,,260,140,70,110,110,210,170,40,50,70,40,70
the cost of creating a website,INR,10,0%,-100%,Unknown,,,,,,,,,10,10,10,0,10,10,10,10,10,0,10,0
how much is it to get a website designed,INR,10,0%,0%,High,82,150.84,1298.85,,,,,,20,10,10,10,10,10,10,10,10,10,10,10
how much does it cost to design a web page,INR,880,0%,-32%,Medium,46,219.78,954.61,,,,,,1300,1300,880,880,720,880,880,720,720,880,720,880
bigcommerce website cost,INR,10,∞,0%,Low,11,,,,,,,,10,10,10,0,10,0,10,0,10,0,10,10
how expensive is it to build a website,INR,10,0%,0%,Medium,61,240.59,1426.57,,,,,,10,10,10,10,10,10,10,10,10,10,10,10
how much does an online store cost,INR,10,0%,100%,Low,7,,,,,,,,10,10,10,10,10,10,10,10,30,20,20,20
wordpress design cost,INR,10,0%,-100%,Unknown,,,,,,,,,10,20,10,20,20,10,10,10,0,0,0,0
how much does wordpress com cost,INR,10,0%,0%,Medium,43,,,,,,,,10,10,10,10,10,10,10,10,10,10,10,10
one page website design cost,INR,10,0%,-75%,Medium,62,,,,,,,,10,10,10,10,10,10,10,10,10,10,10,10
how much should i charge for web design,INR,70,0%,-64%,Medium,44,83.95,579.81,,,,,,140,110,90,70,70,70,70,50,50,50,50,50
website creation and hosting cost,INR,10,0%,0%,Low,17,,,,,,,,10,10,10,10,0,10,10,0,10,10,10,10
how much should i pay for a wordpress website,INR,20,0%,-100%,Unknown,,,,,,,,,30,10,0,10,10,110,10,10,0,0,0,0
freelance website designer cost,INR,10,0%,0%,Low,28,467.44,1368.97,,,,,,30,10,20,10,10,10,10,10,10,20,40,20
how much does it cost to build an interactive website,INR,10,0%,100%,Low,22,244.02,532.69,,,,,,10,10,10,10,10,10,10,10,10,20,10,20
how much cost to develop a website,INR,10,0%,0%,Medium,63,399.80,1021.52,,,,,,20,10,10,10,10,10,10,0,10,10,10,10
website pricing page,INR,20,100%,0%,Low,33,235.58,1142.31,,,,,,40,20,20,20,20,20,10,10,10,10,10,20
ecommerce website proposal,INR,110,-56%,-64%,Low,0,,,,,,,,170,70,20,10,20,320,260,140,140,90,10,40
wordpress website designer freelance,INR,90,29%,-18%,Low,5,856.63,4277.15,,,,,,110,170,90,70,70,260,90,10,70,70,10,90
cost to create ecommerce website,INR,10,-100%,-100%,Unknown,,,,,,,,,10,10,10,0,10,10,10,0,10,10,10,0
how much does a 1 page website cost,INR,10,0%,0%,Medium,34,,,,,,,,10,10,10,10,10,10,10,10,10,10,10,10
how much does it cost for website maintenance,INR,50,133%,-50%,Low,13,424.99,1381.35,,,,,,140,90,70,50,50,70,50,50,30,30,30,70
how much does it cost to get a website developed,INR,10,0%,0%,Medium,64,553.48,1883.72,,,,,,10,10,10,10,10,10,10,10,10,10,10,10
freelance website cost,INR,10,0%,0%,Low,5,,,,,,,,20,10,20,10,10,10,10,10,10,10,10,10
how much does it cost create a website,INR,10,0%,0%,Medium,52,,,,,,,,10,10,10,0,10,10,10,10,10,10,10,10
average cost of ecommerce website,INR,20,0%,-91%,Low,27,110.50,1108.94,,,,,,70,30,20,20,10,10,10,10,10,10,10,10
low cost website design and hosting,INR,20,∞,-80%,High,86,,,,,,,,40,30,10,10,10,90,20,30,10,0,10,10
typical cost to build a website,INR,50,0%,-55%,Medium,45,215.54,1360.57,,,,,,110,70,50,50,70,40,50,40,30,50,40,50
website design maintenance cost,INR,30,-50%,-80%,Medium,53,375.68,1428.73,,,,,,70,70,50,30,70,10,20,10,10,20,10,10
website design and development quotation,INR,10,∞,0%,Low,0,,,,,,,,10,10,10,10,0,10,10,10,0,0,10,10
freelance shopify designers,INR,40,0%,-80%,Low,16,,,,,,,,50,20,40,210,40,140,10,10,10,10,10,10
how much does it cost to use wix,INR,20,0%,-33%,Low,32,221.44,596.78,,,,,,20,10,30,30,30,20,20,20,10,20,30,20
how much is website development,INR,10,∞,0%,High,86,,,,,,,,10,10,10,10,10,10,10,10,10,0,10,10
how much does it cost to operate a website,INR,20,0%,0%,Medium,54,157.74,797.47,,,,,,50,20,20,10,10,20,10,30,10,10,20,10
how much money does it cost to start a website,INR,10,0%,0%,Low,18,,,,,,,,10,10,10,10,10,10,10,10,10,10,10,10
custom ecommerce website price,INR,10,0%,0%,Low,0,,,,,,,,20,20,10,10,10,10,20,10,0,10,10,10
how much does website building cost,INR,10,0%,0%,High,67,,,,,,,,10,10,10,10,10,10,10,10,10,10,10,10
how does it cost to make a website,INR,30,-50%,-80%,High,75,339.23,987.07,,,,,,40,20,10,10,20,70,30,20,40,20,10,10
how much to develop website,INR,40,200%,-67%,Medium,36,300.30,1062.96,,,,,,90,50,20,20,30,50,50,30,20,10,20,30
how much does a freelance web developer charge,INR,30,50%,-25%,Low,21,95.06,654.06,,,,,,40,40,40,50,30,30,30,20,20,20,20,30
personal website price,INR,10,0%,-100%,Unknown,,,,,,,,,10,10,30,10,10,10,0,10,10,0,0,0
small business website development cost,INR,10,0%,-75%,Low,0,,,,,,,,20,20,20,10,10,10,10,10,10,10,10,10
website builder godaddy pricing,INR,10,∞,0%,Low,29,,,,,,,,10,10,10,10,10,10,10,10,10,0,10,10
cost to get a website designed,INR,10,0%,0%,High,81,471.86,2653.26,,,,,,10,10,10,10,10,10,10,10,10,10,10,10
average cost to have someone build a website,INR,10,0%,-50%,Medium,56,490.37,1335.14,,,,,,10,10,10,10,10,10,10,10,10,10,10,10
wordpress website design prices,INR,110,0%,-85%,Low,9,718.11,1855.21,,,,,,210,260,110,110,140,260,90,20,30,40,20,40
web design rfp,INR,480,0%,-56%,Low,5,472.42,2362.09,,,,,,720,720,590,480,480,480,480,480,320,390,260,390
ecommerce maintenance services,INR,20,600%,40%,Low,1,,,,,,,,30,40,30,10,30,10,10,10,20,10,50,70
how much does it cost to have a personal website,INR,10,0%,0%,Medium,41,257.93,906.76,,,,,,10,10,10,10,10,10,10,10,10,10,10,10
how much does it cost to upload a website,INR,10,0%,0%,Medium,40,302.90,807.42,,,,,,10,10,10,10,10,10,10,10,10,10,10,10
how much do web designers get paid,INR,30,0%,0%,Low,1,,,,,,,,30,40,20,20,30,30,20,30,20,20,20,20
how much do you have to pay for a website,INR,10,0%,0%,Medium,42,232.43,842.92,,,,,,20,10,10,10,10,20,10,10,10,10,10,10
how much does it cost to make a shopping website,INR,10,0%,0%,Low,21,,,,,,,,10,10,0,10,10,10,10,10,0,10,10,10
how much cost for making website,INR,50,0%,-43%,Medium,44,272.11,1610.38,,,,,,70,70,50,30,40,30,40,50,30,40,50,40
how much does it cost to host a wix website,INR,10,0%,0%,Low,29,,,,,,,,10,10,10,10,10,10,10,10,10,10,10,10
how much does it cost to make a basic website,INR,10,-50%,0%,Medium,61,198.53,584.17,,,,,,10,10,10,10,10,10,10,10,20,20,10,10
how much does wix professional cost,INR,10,0%,-50%,Low,24,,,,,,,,20,10,20,10,20,10,10,10,10,10,10,10
pricing digital marketing services,INR,30,-67%,-80%,Low,0,,,,,,,,50,30,10,10,30,110,30,20,10,30,10,10
web development rfp,INR,260,23%,-33%,Low,6,422.05,2484.92,,,,,,320,320,320,170,210,320,590,390,140,260,140,320
how much is it to develop a website,INR,10,0%,0%,High,68,298.97,894.14,,,,,,10,10,10,10,10,10,10,10,10,10,10,10
how much do people charge to make websites,INR,20,50%,50%,Medium,39,113.88,506.34,,,,,,20,30,10,20,20,30,20,20,10,20,20,30
how much does wix charge per transaction,INR,50,-25%,-82%,Low,4,,,,,,,,110,70,20,40,50,50,50,40,40,40,30,30
how much should i charge to update a website,INR,10,0%,-67%,Low,31,,,,,,,,10,10,10,10,10,10,10,10,10,10,10,10
google web designer cost,INR,10,0%,0%,Low,5,,,,,,,,10,10,10,10,20,10,10,10,10,10,10,10
how much should a business website cost,INR,70,40%,0%,Medium,43,247.05,1138.53,,,,,,50,70,50,110,30,40,40,40,110,50,90,70
website design services pricing,INR,140,120%,-58%,Low,20,264.46,1197.11,,,,,,480,260,140,90,50,210,140,20,30,50,40,110
how much cost to open a website,INR,10,0%,0%,High,71,213.77,1005.01,,,,,,10,10,10,10,0,10,10,10,10,10,10,10
hire shopify seo,INR,10,∞,-50%,Low,0,,,,,,,,10,10,10,10,10,0,10,10,10,0,10,10
business website design cost,INR,10,0%,-50%,High,86,,,,,,,,10,10,10,10,10,10,10,10,10,10,10,10
hire shopify website developer,INR,20,-50%,-50%,Low,0,,,,,,,,30,20,10,10,10,140,10,0,10,20,10,10
how much does it cost to code a website,INR,10,0%,-50%,Medium,53,138.70,517.96,,,,,,10,10,10,10,10,10,10,10,10,10,10,10
how much does website management cost,INR,10,0%,0%,Medium,64,459.28,1221.27,,,,,,20,10,10,10,10,10,10,10,20,10,10,10
company website price,INR,10,0%,-100%,Unknown,,,,,,,,,0,10,0,10,0,0,0,10,0,0,0,0
how much does it cost to make a wix website,INR,20,-50%,0%,Medium,35,432.21,694.80,,,,,,20,20,10,10,20,10,20,20,10,20,20,10
how much does it cost to pay for a website,INR,10,0%,0%,Medium,57,,,,,,,,10,10,10,10,10,10,10,10,10,10,10,10
squarespace web design cost,INR,40,-33%,-60%,Low,30,437.00,819.10,,,,,,50,70,70,40,30,20,20,20,20,30,20,20
wix how much does it cost,INR,1600,0%,-33%,Low,33,262.59,1009.31,,,,,,1900,1900,1900,1900,1600,1600,1600,1300,1300,1600,1600,1600
how much should a new website cost,INR,10,0%,0%,Medium,65,433.87,1889.77,,,,,,10,10,10,10,10,10,10,10,10,10,10,10
how much does a wix professional cost,INR,10,100%,100%,Medium,61,328.18,1361.90,,,,,,10,20,10,10,10,10,10,10,10,10,10,20
how much can a website cost,INR,2400,0%,-17%,Medium,47,226.92,1091.29,,,,,,2900,2400,1900,1900,1900,1900,2400,1900,1900,2400,1900,2400
charges for website development,INR,10,∞,0%,High,71,,,,,,,,10,10,10,0,10,0,10,10,10,0,0,10
hiring a web developer cost,INR,20,300%,-20%,Low,2,,,,,,,,30,20,20,10,10,10,20,10,10,10,10,40
website design freelance cost,INR,10,-100%,-100%,Unknown,,,,,,,,,10,10,10,10,10,10,10,0,10,10,10,0
webflow ecommerce cost,INR,10,0%,0%,High,71,,,,,,,,10,10,0,10,10,10,10,10,10,10,10,10
how much does it cost to set up ecommerce website,INR,10,0%,0%,High,79,313.92,1172.70,,,,,,10,10,10,10,10,0,10,10,10,10,10,10
how much do wix designers charge,INR,10,0%,0%,Low,14,,,,,,,,10,10,10,10,10,0,10,10,0,10,0,10
godaddy cost for website,INR,30,25%,25%,Medium,63,137.00,602.20,,,,,,10,10,30,10,30,70,30,40,40,40,30,50
ecommerce wordpress website cost,INR,10,0%,0%,Unknown,,,,,,,,,0,10,10,0,10,0,0,0,0,0,10,0
website developer cost per hour,INR,10,0%,0%,Medium,57,,,,,,,,10,10,10,10,10,10,10,10,10,10,10,10
how much does it cost to set a website up,INR,10,0%,∞,High,80,222.69,849.82,,,,,,10,10,10,0,10,10,10,10,10,10,10,10
how much do you charge for website design,INR,10,0%,-50%,Medium,54,87.54,1036.57,,,,,,20,20,10,20,10,10,10,10,10,10,10,10
how much does cost to create a website,INR,10,0%,-50%,Medium,43,,,,,,,,10,10,10,10,10,10,10,10,10,10,10,10
ecommerce design packages,INR,10,0%,-100%,Unknown,,,,,,,,,10,10,0,0,0,0,10,0,0,0,0,0
online shopping website development cost,INR,10,-100%,-100%,Unknown,,,,,,,,,10,20,10,10,10,10,10,10,10,10,10,0
website redesign contract,INR,210,-21%,-77%,Medium,44,236.43,1533.37,,,,,,480,320,170,140,110,480,110,110,140,140,140,110
website creation quote,INR,10,0%,-86%,Low,29,,,,,,,,30,10,0,10,0,70,10,10,10,10,0,10
how much does it cost to get a web designer,INR,10,0%,0%,High,86,,,,,,,,10,10,10,10,10,10,10,0,10,10,10,10
how much do web designers charge per hour,INR,70,-20%,-43%,Low,29,150.85,576.96,,,,,,70,90,70,70,70,50,70,50,50,50,40,40
how much do web developers charge to build a website,INR,10,0%,0%,High,71,,,,,,,,10,10,10,10,10,10,10,10,0,10,10,10
cost of personal website,INR,20,0%,-50%,Medium,46,123.42,486.68,,,,,,20,20,40,10,20,10,10,20,10,10,10,10
ecommerce website making cost,INR,10,∞,0%,Low,0,,,,,,,,10,20,10,10,10,10,10,10,10,0,0,10
1 page website design cost,INR,10,0%,-75%,Medium,62,,,,,,,,10,10,10,10,10,10,10,10,10,10,10,10
new website design cost,INR,10,0%,0%,High,79,,,,,,,,10,10,10,10,10,10,0,10,0,10,10,10
how much will it cost to make a website,INR,1600,23%,-33%,Medium,49,231.48,1051.74,,,,,,2400,1900,1600,1600,1300,1300,1300,1300,1000,1300,1000,1600
ecommerce web design cost,INR,70,0%,-82%,Low,13,843.74,3615.32,,,,,,140,90,50,10,20,170,90,10,90,20,20,20
how much does wix charge for domain,INR,50,0%,-29%,Low,33,457.98,3303.99,,,,,,70,50,50,50,70,70,70,40,30,50,40,50
how much does wix charge for ecommerce,INR,10,0%,0%,Medium,57,,,,,,,,10,10,10,10,10,10,10,10,10,10,10,10
how much does a wix site cost,INR,320,0%,-18%,Medium,36,191.39,791.34,,,,,,320,260,260,320,320,320,320,260,260,320,260,320
small business website price,INR,320,243%,-45%,Low,19,275.89,1183.88,,,,,,720,590,480,320,140,210,170,110,140,140,170,480
ecommerce maintenance,INR,10,0%,-67%,Low,0,,,,,,,,40,30,20,10,10,10,10,10,0,10,10,10
website design deliverables proposal,INR,10,-100%,-100%,Unknown,,,,,,,,,10,0,10,0,10,10,0,0,0,10,0,0
low cost web development,INR,50,0%,-89%,Low,0,,,,,,,,90,50,20,10,50,170,70,110,30,10,10,10
how much does a website cost on wordpress,INR,10,0%,0%,High,79,,,,,,,,10,10,10,10,10,10,10,0,10,10,10,10
how much does it cost for web design,INR,210,53%,-19%,Medium,36,262.29,1131.19,,,,,,320,210,210,210,170,140,140,140,170,170,140,260
cost for e commerce website,INR,390,179%,-56%,Low,10,261.75,1406.36,,,,,,880,590,390,210,260,880,590,110,320,140,140,390
cost to build a website from scratch,INR,10,0%,0%,High,67,,,,,,,,20,20,10,10,10,10,10,10,0,10,10,10
how much does it cost to build a company website,INR,10,0%,0%,High,73,393.08,2331.95,,,,,,10,10,10,10,10,10,10,10,10,10,10,10
how much does a website cost a month,INR,20,50%,0%,Medium,54,271.93,1097.75,,,,,,40,30,20,20,20,20,20,20,20,20,20,30
how much does an online shop cost,INR,10,-100%,-100%,Unknown,,,,,,,,,10,0,0,10,0,10,0,10,10,10,10,0
how much money does it cost to create a website,INR,10,0%,0%,Medium,42,153.30,537.49,,,,,,20,20,10,10,10,10,20,10,10,10,10,10
how much should i charge for a squarespace website,INR,10,-100%,-100%,Unknown,,,,,,,,,10,10,10,10,10,10,10,10,10,10,0,0
cost to build a shopify store,INR,10,0%,0%,High,81,441.17,1130.93,,,,,,10,10,10,10,10,10,10,10,10,10,10,10
average cost for website design and maintenance,INR,20,0%,0%,Medium,49,212.08,1811.93,,,,,,20,30,10,20,30,20,20,10,10,10,10,10
price to have a website built,INR,10,0%,0%,Medium,46,,,,,,,,10,10,10,10,10,10,10,10,10,10,0,10
how much should website design cost,INR,210,24%,-46%,Medium,45,261.44,1142.31,,,,,,390,260,210,210,210,170,170,140,140,170,170,210
how much does it cost for a custom website,INR,10,0%,0%,High,86,315.58,1591.17,,,,,,10,10,10,10,10,10,10,10,10,10,10,10
how much should website maintenance cost,INR,10,-100%,-100%,Unknown,,,,,,,,,20,20,0,10,10,50,10,0,10,10,10,0
how much do freelance web developers charge,INR,30,50%,-25%,Low,21,95.06,654.06,,,,,,40,40,40,50,30,30,30,20,20,20,20,30
web development quotation,INR,50,133%,-50%,Low,4,840.45,5390.43,,,,,,110,70,50,40,50,10,10,20,70,30,20,70
how much does is cost to make a website,INR,880,0%,-32%,Medium,46,219.78,954.61,,,,,,1300,1300,880,880,720,880,880,720,720,880,720,880
web design and hosting prices,INR,10,0%,-67%,Medium,43,835.43,1870.64,,,,,,40,30,20,10,10,10,10,10,10,10,10,10
average cost to get a website built,INR,10,0%,0%,Medium,52,195.17,1349.98,,,,,,10,10,10,10,10,10,10,10,10,10,10,10
how much do wix website designers charge,INR,10,0%,0%,Medium,46,,,,,,,,10,10,10,10,10,10,10,10,10,10,10,10
average cost to build ecommerce website,INR,20,0%,-50%,Medium,64,1065.80,1955.81,,,,,,50,40,30,20,30,20,10,10,10,10,10,10
how much does having a website increase business,INR,10,0%,-75%,Low,24,,,,,,,,50,40,30,10,10,10,0,10,10,10,10,10
how much does it cost to own your own website,INR,10,0%,-50%,High,71,237.95,522.18,,,,,,10,10,10,10,20,10,10,10,10,10,20,10
how much it cost to run a website,INR,320,22%,-19%,Medium,44,161.28,679.67,,,,,,480,480,320,320,260,320,320,320,320,320,320,390
business website packages,INR,40,0%,-91%,Low,7,,,,,,,,90,70,30,20,40,170,20,10,10,10,10,10
how much does it cost to have an online store,INR,10,0%,0%,Medium,61,166.38,1402.30,,,,,,10,10,10,10,10,10,10,10,10,10,10,10
how much does it cost to create a ecommerce website,INR,10,0%,0%,Medium,50,,,,,,,,10,10,10,10,10,10,10,10,10,10,0,10
average cost of website build,INR,10,0%,0%,Medium,52,,,,,,,,10,10,10,10,10,10,10,10,10,10,10,10
how much does a website cost to design,INR,20,200%,-25%,Medium,46,168.92,1217.90,,,,,,50,20,30,20,20,20,10,20,20,10,30,30
how much is a web page cost,INR,140,0%,-33%,Medium,44,243.17,966.82,,,,,,260,170,140,140,110,90,110,90,90,140,140,140
website developer charges,INR,10,0%,0%,High,71,,,,,,,,0,0,0,10,0,10,0,10,0,10,10,10
ecommerce website development packages,INR,30,-50%,-71%,Low,0,,,,,,,,90,70,30,10,20,10,30,10,10,40,20,20
cost to build a custom website,INR,10,0%,0%,Low,27,1441.35,2011.62,,,,,,10,10,10,10,10,10,10,10,10,10,20,10
how does a website cost,INR,10,0%,0%,Medium,46,,,,,,,,10,10,10,10,10,10,10,10,10,10,10,10
website development low cost,INR,50,0%,-89%,Low,0,,,,,,,,90,50,20,10,50,170,70,110,30,10,10,10
how much does it cost to make a blog website,INR,10,0%,0%,Medium,43,,,,,,,,10,0,10,10,10,10,10,0,0,10,0,10
typical website cost,INR,390,23%,-33%,Medium,35,178.73,1107.51,,,,,,880,590,390,390,320,320,390,320,260,390,390,480
how much does it cost for a wix website,INR,320,0%,-18%,Medium,36,191.39,791.34,,,,,,320,260,260,320,320,320,320,260,260,320,260,320
cost to build website on wix,INR,10,0%,0%,Medium,57,240.14,700.53,,,,,,10,10,10,10,10,10,10,10,10,10,10,10
how much do people charge for websites,INR,50,80%,80%,Medium,38,120.37,475.93,,,,,,70,40,50,50,30,40,30,50,40,50,70,90
how much it cost to create website,INR,10,0%,0%,High,79,,,,,,,,10,10,10,10,10,10,10,10,10,10,10,10
average cost for small business website,INR,70,120%,-48%,Low,27,214.59,1394.58,,,,,,170,110,70,90,70,40,50,30,50,50,50,110
website proposal templates,INR,260,24%,-64%,Low,21,405.83,1434.95,,,,,,480,320,210,210,210,720,320,260,170,170,140,210
how much to charge for ecommerce website,INR,10,∞,0%,Low,7,,,,,,,,10,10,10,10,10,10,0,10,0,0,10,10
website wordpress price,INR,10,0%,-100%,Unknown,,,,,,,,,0,10,0,10,0,0,0,10,0,0,10,0
how much does wix com cost,INR,30,50%,-40%,Low,29,228.20,1142.12,,,,,,30,30,30,30,20,40,30,20,20,20,10,30
average cost for a website build,INR,10,0%,0%,Low,23,,,,,,,,10,10,10,10,10,10,10,0,0,10,10,10
how much is website cost,INR,10,0%,0%,High,86,,,,,,,,10,10,10,10,10,10,0,10,10,10,10,10
how much to pay a web designer,INR,20,-50%,-67%,High,69,270.40,1280.05,,,,,,30,30,20,10,20,20,10,10,10,20,10,10
1 page website price,INR,10,0%,0%,Medium,60,491.81,1332.48,,,,,,10,10,10,10,10,10,10,10,20,10,10,10
website design and seo packages,INR,210,180%,-71%,Low,9,1093.21,3117.96,,,,,,720,590,320,210,210,170,40,30,20,50,50,140
how much a website design cost,INR,10,0%,0%,Medium,55,163.98,732.97,,,,,,10,10,10,10,10,10,10,10,10,10,10,10
wordpress website redesign cost,INR,10,0%,-75%,Low,24,,,,,,,,10,50,20,20,20,10,10,10,10,10,10,10
how much it cost to open a website,INR,10,0%,0%,High,79,,,,,,,,10,10,30,10,0,10,10,10,0,10,10,10
cost of website on godaddy,INR,10,0%,0%,High,71,128.11,275.83,,,,,,10,10,10,10,10,10,10,0,10,10,10,10
average price for ecommerce website,INR,20,0%,-91%,Low,27,110.50,1108.94,,,,,,70,30,20,20,10,10,10,10,10,10,10,10
average price for website development,INR,70,125%,-57%,Low,24,340.14,1885.29,,,,,,210,90,70,50,70,50,50,40,30,40,40,90
ecommerce development cost,INR,20,300%,100%,Low,1,,,,,,,,40,20,30,10,10,10,30,10,10,10,10,40
sample rfp for website design and development,INR,10,0%,-75%,Medium,43,,,,,,,,10,10,10,10,10,10,10,10,10,10,10,10
wix business website cost,INR,20,0%,-50%,Medium,59,194.56,1115.85,,,,,,50,40,30,20,20,20,10,10,10,10,10,10
how much does it cost to build a nice website,INR,10,0%,0%,Low,10,,,,,,,,10,10,10,10,10,10,10,10,10,10,10,10
how much does it cost to keep a website up,INR,40,0%,-25%,Medium,37,60.15,519.66,,,,,,50,40,20,40,50,30,40,30,50,30,30,30
simple website design price,INR,70,50%,-79%,High,68,391.69,2278.34,,,,,,140,110,110,90,70,90,40,40,30,20,30,30
wix personal website pricing,INR,10,0%,0%,Medium,52,,,,,,,,10,10,10,0,10,10,10,10,10,10,10,10
web design services packages,INR,10,-100%,-100%,Unknown,,,,,,,,,10,10,10,0,10,10,10,10,10,10,10,0
ecommerce website maintenance,INR,30,400%,-44%,Low,3,,,,,,,,90,50,30,10,20,10,20,30,10,10,10,50
how much does a org website cost,INR,10,0%,0%,High,86,151.33,930.03,,,,,,10,10,10,10,10,10,10,10,10,10,10,10
ecommerce platform pricing,INR,50,-18%,1300%,Low,9,548.95,1247.19,,,,,,10,30,10,10,10,10,10,10,10,170,210,140
how much does shopify charge to build a website,INR,10,0%,0%,High,75,361.82,1889.67,,,,,,10,10,10,10,10,10,10,10,10,10,10,10
average cost of professional website design,INR,10,0%,0%,Medium,43,,,,,,,,10,10,10,10,10,10,10,10,10,10,10,10
how much should i charge to build a wix website,INR,10,0%,-50%,Low,0,,,,,,,,10,10,10,10,20,10,10,10,10,10,10,10
website design cost per page,INR,10,0%,-75%,Low,25,,,,,,,,20,40,30,10,10,10,10,10,10,10,10,10
website development proposal example,INR,30,-67%,-67%,Low,3,,,,,,,,20,20,30,30,20,40,20,10,50,30,20,10
website services cost,INR,20,0%,-80%,Low,16,,,,,,,,30,50,20,20,30,20,10,10,10,10,20,10
how much does website redesign cost,INR,10,0%,0%,Medium,33,230.35,867.20,,,,,,20,10,10,10,10,10,10,10,10,10,10,10
custom website design pricing,INR,10,0%,-75%,Low,24,,,,,,,,20,10,10,10,10,10,10,10,10,10,10,10
how much do people charge for a website,INR,50,80%,80%,Medium,38,120.37,475.93,,,,,,70,40,50,50,30,40,30,50,40,50,70,90
one page website design price,INR,10,0%,-100%,Unknown,,,,,,,,,10,0,10,0,0,10,0,0,0,0,0,0
how much does a photography website cost,INR,10,0%,0%,High,69,166.29,1100.89,,,,,,10,10,10,10,10,10,10,10,10,10,10,10
how much does a website on wix cost,INR,10,0%,0%,Medium,50,274.00,938.22,,,,,,10,10,10,10,10,10,10,10,10,10,10,10
average cost for web development,INR,70,125%,-57%,Low,24,340.14,1885.29,,,,,,210,90,70,50,70,50,50,40,30,40,40,90
simple website price,INR,10,-100%,-100%,Unknown,,,,,,,,,10,10,0,10,10,10,10,10,10,10,10,0
how much does a website cost with wix,INR,10,0%,0%,Medium,43,,,,,,,,0,10,10,0,10,10,0,10,10,10,10,10
how much does it cost to run a wix website,INR,10,0%,0%,Medium,36,210.09,401.88,,,,,,10,10,10,10,10,10,10,10,10,10,10,10
wix pricing for ecommerce,INR,10,-100%,-100%,Unknown,,,,,,,,,10,10,10,10,10,10,10,10,10,10,10,0
affordable website packages,INR,50,-50%,-91%,Low,0,,,,,,,,90,50,20,10,20,320,10,10,10,20,10,10
godaddy ecommerce website cost,INR,10,∞,0%,Low,0,,,,,,,,10,10,10,10,10,10,10,0,0,0,10,10
web design marketing quotes,INR,0,0%,-100%,Unknown,,,,,,,,,0,0,0,0,0,0,0,0,0,0,0,0
how much for making a website,INR,10,-100%,-100%,Unknown,,,,,,,,,0,10,10,10,10,10,10,0,10,10,0,0
average wordpress website cost,INR,20,0%,-80%,Medium,45,305.56,794.73,,,,,,20,40,30,20,30,20,10,10,10,10,20,10
website builder wix pricing,INR,10,0%,0%,High,71,,,,,,,,10,10,10,10,10,10,10,10,10,10,10,10
how much to websites cost,INR,10,∞,0%,High,79,,,,,,,,10,10,10,10,10,10,10,10,10,0,0,10
how much should i pay for website design,INR,10,0%,0%,High,69,125.69,1224.51,,,,,,10,10,10,10,10,10,10,10,10,10,10,10
how much is it to get a website built,INR,10,0%,0%,High,86,,,,,,,,10,10,10,10,10,10,10,10,10,10,10,10
hourly website design rates,INR,170,0%,-35%,Low,15,172.91,1180.35,,,,,,260,260,170,170,170,170,170,140,140,170,110,170
how much cost build website,INR,10,0%,0%,High,86,,,,,,,,10,10,10,10,10,10,10,10,10,10,10,10
how much does it take to run a website,INR,10,0%,0%,Medium,41,169.94,645.32,,,,,,10,20,10,10,10,10,10,10,10,10,10,10
how much it cost to set up a website,INR,10,0%,0%,High,70,299.73,980.74,,,,,,10,10,10,10,10,10,10,10,10,10,10,10
cost to get a website,INR,10,0%,0%,High,86,,,,,,,,10,10,10,10,10,10,10,0,0,10,10,10
how much to charge for a shopify website,INR,30,0%,-91%,Low,11,,,,,,,,70,40,10,10,10,170,10,10,10,10,10,10
how much does it cost to market a website,INR,10,0%,0%,Medium,50,,,,,,,,10,10,10,10,10,10,10,10,10,10,10,10
average cost of running a website,INR,10,0%,-50%,Medium,34,108.02,741.70,,,,,,30,20,10,10,10,10,10,10,10,10,10,10
how much does a domain name cost on wordpress,INR,10,0%,-50%,Medium,48,300.50,1463.29,,,,,,10,10,10,10,10,20,10,10,10,10,10,10
average cost to redesign a website,INR,30,-50%,-71%,Low,20,203.92,1442.14,,,,,,70,40,30,20,10,90,20,20,20,40,30,20
cost for running a website,INR,90,0%,-50%,Medium,44,84.15,682.31,,,,,,140,90,90,70,70,70,50,70,70,70,90,70
cost of setting up an online store,INR,10,0%,-50%,Medium,64,,,,,,,,10,10,10,10,0,10,10,10,10,10,10,10
pricing page web design,INR,10,0%,0%,Low,0,,,,,,,,10,10,10,0,10,10,10,10,0,10,10,10
how much does a website developer charge,INR,10,0%,0%,High,76,105.78,633.04,,,,,,10,10,0,10,10,10,10,10,10,10,10,10
cost to set up online store,INR,10,0%,0%,Medium,64,,,,,,,,10,10,10,10,10,10,10,10,10,10,10,10
wix ecommerce website pricing,INR,10,0%,-50%,Low,10,,,,,,,,10,20,10,10,10,10,10,10,10,10,10,10
how much should i charge for a shopify website,INR,20,0%,-75%,Low,0,,,,,,,,40,10,10,10,10,140,10,0,10,10,10,10
average cost to build and maintain a website,INR,30,0%,-75%,Medium,34,300.75,724.52,,,,,,50,50,20,20,30,70,30,40,20,10,10,10
how much does it cost to build a site,INR,10,0%,0%,Low,0,,,,,,,,10,10,10,10,0,10,10,10,0,10,10,10
how much does it cost to build a wix website,INR,10,0%,0%,Low,29,,,,,,,,20,20,10,10,10,10,10,10,10,10,10,10
website redesign proposal sample,INR,90,29%,-57%,Low,20,225.82,925.29,,,,,,170,110,110,70,40,170,50,50,70,70,70,90
how much is cost to make a website,INR,10,∞,0%,Low,0,,,,,,,,10,10,0,10,0,10,10,0,10,0,10,10
how much does a retail website cost,INR,10,0%,0%,Medium,64,247.06,900.10,,,,,,10,10,10,10,10,10,0,10,10,10,10,10
how much do i charge to build a website,INR,10,0%,0%,High,74,217.54,556.16,,,,,,10,10,10,10,10,10,10,10,10,10,10,10
freelance website price,INR,10,0%,0%,Low,0,,,,,,,,10,10,10,10,10,10,10,10,10,10,10,10
cost of building a website from scratch,INR,10,0%,0%,Low,7,,,,,,,,10,10,10,10,10,10,10,10,10,10,10,10
how much money does a website cost,INR,10,0%,0%,Medium,43,251.62,1011.92,,,,,,20,20,10,10,10,10,10,10,10,10,10,10
how much does weebly cost per month,INR,10,0%,0%,Medium,64,253.29,482.51,,,,,,0,10,10,10,0,10,10,10,10,10,10,10
how much does it cost to create an online store,INR,10,∞,0%,Medium,63,249.19,566.48,,,,,,10,10,10,10,10,10,10,10,10,0,10,10
average cost to hire a website designer,INR,10,0%,0%,Medium,46,315.84,1481.01,,,,,,10,20,10,10,10,10,10,10,10,10,10,10
how much does wix premium cost,INR,40,0%,-20%,Low,6,,,,,,,,50,40,50,50,70,40,50,30,40,40,40,40
how much does a high end website cost,INR,10,0%,0%,Medium,36,,,,,,,,10,10,10,10,10,10,10,0,10,10,10,10
how much does it cost to build a blog website,INR,10,0%,0%,High,68,171.20,636.36,,,,,,10,10,10,10,10,10,10,0,0,10,0,10
wordpress website setup cost,INR,10,0%,0%,Medium,36,,,,,,,,10,10,10,10,10,10,10,10,10,10,0,10
how much does a static website cost,INR,10,0%,0%,Low,10,,,,,,,,10,10,10,10,10,10,10,10,10,10,10,10
e commerce website charges,INR,10,0%,-100%,Unknown,,,,,,,,,10,10,10,0,10,0,10,10,0,0,0,0
how much does it cost to start a wordpress blog,INR,10,0%,0%,Low,24,,,,,,,,10,10,10,0,10,10,10,10,10,10,0,10
small website cost,INR,10,0%,0%,High,86,,,,,,,,10,10,10,10,0,10,10,10,10,10,0,10
how much does wix seo cost,INR,10,0%,0%,Low,0,,,,,,,,10,10,10,10,10,10,10,10,10,10,10,10
how much cost for creating website,INR,10,0%,-100%,Unknown,,,,,,,,,10,10,10,10,10,0,10,10,0,0,0,0
how much does wix cost a month,INR,30,-25%,50%,Low,24,211.97,1351.60,,,,,,20,20,20,20,20,20,30,20,20,40,30,30
website proposal for client,INR,10,0%,-100%,Unknown,,,,,,,,,10,0,0,10,10,0,10,0,0,0,10,0
cost of buying a website,INR,10,0%,0%,High,71,182.26,784.46,,,,,,10,10,10,10,10,10,10,10,10,10,10,10
average cost of a web designer,INR,20,0%,-50%,High,67,254.41,1183.29,,,,,,40,20,20,20,20,20,10,20,10,20,20,20
custom web design cost,INR,10,0%,-50%,Low,0,,,,,,,,30,10,10,10,10,10,10,10,10,10,10,10
how much does a blog website cost,INR,10,0%,0%,High,79,,,,,,,,10,10,10,10,10,10,10,10,10,10,10,10
web design services pricing,INR,140,120%,-58%,Low,20,264.46,1197.11,,,,,,480,260,140,90,50,210,140,20,30,50,40,110
how much does godaddy charge to design a website,INR,10,0%,-50%,Medium,43,,,,,,,,10,10,10,10,10,10,10,10,10,10,10,10
how much it cost to maintain a website,INR,10,0%,-50%,Low,6,,,,,,,,20,10,10,10,10,10,10,10,10,10,10,10
how much is the average website cost,INR,10,0%,0%,Medium,49,298.85,967.21,,,,,,10,10,10,10,10,10,10,10,10,10,10,10
hire web development company,INR,30,300%,-43%,Low,10,,,,,,,,90,70,40,10,40,30,10,10,10,10,10,40
price of website making,INR,10,∞,0%,High,86,,,,,,,,0,0,0,0,10,0,10,10,10,0,0,10
ecommerce shopify developer,INR,20,-50%,-80%,Low,0,,,,,,,,40,30,10,10,10,90,10,10,10,20,10,10
how much does a domain on wix cost,INR,10,0%,0%,Medium,64,,,,,,,,10,10,10,10,10,10,10,10,10,10,10,10
quotation for ecommerce website,INR,10,0%,-50%,Low,0,,,,,,,,40,40,10,10,10,10,10,10,10,10,10,10
godaddy cost to build a website,INR,10,0%,0%,High,74,237.58,1417.26,,,,,,10,20,20,40,10,10,20,10,10,10,10,10
how much does it cost to make a landing page,INR,10,0%,0%,Medium,43,208.10,428.53,,,,,,10,10,10,10,10,10,10,10,10,10,10,10
making website price,INR,10,0%,0%,High,79,,,,,,,,10,10,10,0,10,10,10,0,0,10,10,10
how much should i charge for a simple website,INR,10,0%,0%,Low,26,96.70,772.41,,,,,,10,10,10,10,10,10,10,10,10,10,10,10
price of ecommerce website,INR,390,179%,-56%,Low,10,261.75,1406.36,,,,,,880,590,390,210,260,880,590,110,320,140,140,390
cost to have website,INR,10,0%,0%,High,81,253.11,1085.62,,,,,,10,10,10,10,10,10,10,10,10,10,10,10
cheap website design packages,INR,30,50%,-73%,Low,0,,,,,,,,90,40,20,10,30,140,10,10,10,20,10,30
monthly website package,INR,70,-20%,-20%,Low,2,,,,,,,,50,50,40,20,10,110,170,110,70,50,10,40
website development at low cost,INR,10,0%,-100%,Unknown,,,,,,,,,10,10,0,0,10,0,0,0,0,0,0,0
5 page website design cost,INR,10,0%,0%,Medium,34,,,,,,,,0,10,10,10,10,10,10,10,10,10,10,10
website proposal document,INR,10,-100%,-100%,Unknown,,,,,,,,,10,10,10,10,10,10,10,10,10,10,10,0
how much does it cost to rent a website,INR,10,0%,0%,Low,29,,,,,,,,10,10,10,10,10,10,10,10,10,10,10,10
web design monthly packages,INR,20,0%,-86%,Low,19,,,,,,,,50,30,30,10,10,10,10,10,10,10,10,10
cost of wix ecommerce site,INR,10,0%,∞,Medium,36,,,,,,,,10,10,0,0,0,10,0,10,10,10,10,10
how much does it cost to update website,INR,10,0%,0%,Medium,57,,,,,,,,10,10,10,10,10,10,10,0,10,10,10,10
how much does a web developer charge,INR,30,0%,-71%,Medium,66,201.49,939.32,,,,,,40,30,40,30,50,20,30,40,20,20,20,20
average cost for a business website,INR,30,0%,-60%,Medium,55,255.08,1043.56,,,,,,50,20,10,10,40,110,30,30,30,20,10,20
how much do web developers charge for a website,INR,20,0%,50%,Medium,61,162.69,1050.66,,,,,,30,20,20,10,20,10,30,20,30,30,30,30
web design charges per page,INR,10,0%,-75%,Low,25,,,,,,,,20,40,30,10,10,10,10,10,10,10,10,10
how much creating a website cost,INR,10,∞,0%,High,75,414.68,2740.63,,,,,,10,0,0,10,10,10,10,10,0,0,10,10
cost to make ecommerce website,INR,10,∞,0%,High,86,,,,,,,,10,10,10,0,10,0,10,10,10,0,10,10
basic ecommerce website cost,INR,10,∞,0%,Low,0,,,,,,,,10,10,0,10,10,0,10,0,10,0,10,10
how much does it cost to develop an ecommerce website,INR,10,0%,-50%,Low,24,,,,,,,,10,10,10,10,10,0,10,10,0,10,0,10
how much does it cost to develop website,INR,10,0%,0%,High,79,,,,,,,,10,10,10,10,0,10,10,10,10,10,0,10
how much should i charge for a wordpress website,INR,10,-100%,-100%,Unknown,,,,,,,,,10,10,10,10,10,10,10,10,10,10,0,0
how much does it cost to hire web designer,INR,10,0%,0%,Low,0,,,,,,,,10,10,10,10,10,10,10,0,0,10,0,10
how much does it cost to build an ecommerce site,INR,50,100%,-64%,Low,28,251.68,987.11,,,,,,140,90,90,50,70,70,40,30,30,20,20,40
how expensive is it to run a website,INR,10,0%,0%,High,81,377.31,931.27,,,,,,10,10,10,10,10,10,10,10,10,10,10,10
ecommerce hosting cost,INR,10,0%,0%,Medium,51,503.85,1515.68,,,,,,10,10,20,10,20,20,10,10,10,10,10,10
how much do developers charge to make a website,INR,10,0%,0%,Low,10,,,,,,,,10,10,10,10,10,10,10,10,10,10,10,10
ecommerce website development quotation,INR,10,0%,-100%,Unknown,,,,,,,,,10,10,10,10,10,0,10,0,0,0,0,0
how much does a portfolio website cost,INR,10,0%,0%,Medium,63,235.85,857.08,,,,,,10,10,10,10,10,10,10,10,10,10,10,10
how much does it cost to host an ecommerce website,INR,10,0%,0%,High,86,,,,,,,,10,10,10,20,10,10,10,10,10,10,10,10
how much should a good website cost,INR,50,-40%,-40%,Medium,50,214.14,1085.62,,,,,,90,70,50,50,40,40,50,40,40,50,50,30
how much should web design cost,INR,210,24%,-46%,Medium,45,261.44,1142.31,,,,,,390,260,210,210,210,170,170,140,140,170,170,210
website agency pricing,INR,20,0%,-75%,Low,17,,,,,,,,30,20,10,10,20,50,10,10,10,10,10,10
cost of having your own website,INR,10,0%,0%,Medium,64,,,,,,,,10,10,10,10,10,10,10,10,10,10,10,10
how much does a great website cost,INR,50,-40%,-40%,Medium,50,214.14,1085.62,,,,,,90,70,50,50,40,40,50,40,40,50,50,30
cost of web developer,INR,50,67%,-71%,Low,33,335.24,1388.41,,,,,,140,70,50,40,40,30,30,30,30,30,40,50
how much does it cost to purchase a website,INR,90,0%,0%,Medium,52,256.61,746.09,,,,,,170,140,90,90,70,70,110,90,90,110,70,110
how much should my website cost,INR,10,∞,0%,High,86,,,,,,,,10,0,10,10,10,10,0,10,0,0,10,10
cost effective web design,INR,10,0%,0%,Low,21,,,,,,,,10,10,0,10,10,10,0,0,20,10,0,10
how much does it cost to build restaurant website,INR,10,-100%,-100%,Unknown,,,,,,,,,20,10,10,0,10,0,0,10,0,10,10,0
wix website design pricing,INR,10,0%,-50%,Medium,54,,,,,,,,10,20,10,20,10,10,20,10,10,10,10,10
how much does it take to design a website,INR,10,0%,0%,High,86,,,,,,,,10,10,0,10,10,10,10,0,0,10,10,10
website services pricing,INR,20,0%,-80%,Low,16,,,,,,,,30,50,20,20,30,20,10,10,10,10,20,10
business proposal for website development,INR,140,40%,-82%,Low,15,317.47,1375.45,,,,,,390,170,50,30,70,590,30,40,40,50,30,70
how much do companies charge to build a website,INR,10,-50%,0%,Medium,53,226.52,959.48,,,,,,10,10,10,10,10,10,10,10,10,20,10,10
how much my website cost,INR,10,∞,0%,Medium,43,,,,,,,,0,10,0,0,10,0,10,0,0,0,0,10
web design project proposal,INR,10,0%,0%,Medium,34,46.30,589.41,,,,,,10,10,10,10,10,10,10,10,10,10,10,10
web design price per page,INR,10,0%,-75%,Low,25,,,,,,,,20,40,30,10,10,10,10,10,10,10,10,10
how much does a professional web designer cost,INR,10,0%,0%,High,86,,,,,,,,10,10,10,10,10,10,10,10,10,10,10,10
how much should website cost,INR,10,0%,0%,Medium,44,389.90,1101.75,,,,,,10,10,10,10,10,10,10,0,0,10,10,10
website development proposal sample,INR,30,-67%,-67%,Low,3,,,,,,,,20,20,30,30,20,40,20,10,50,30,20,10
web design sydney price,INR,10,0%,-100%,Unknown,,,,,,,,,10,0,0,0,0,0,0,0,0,0,0,0
simple web design proposal,INR,10,0%,0%,Low,0,,,,,,,,10,10,0,10,10,10,10,10,10,10,10,10
how much does it cost for wix website,INR,10,0%,0%,Low,22,,,,,,,,10,10,10,10,10,10,10,10,10,10,10,10
package website design,INR,320,50%,-79%,Low,16,487.99,1702.01,,,,,,720,390,260,320,210,880,390,210,110,140,110,210
freelance web developer cost,INR,50,120%,22%,Low,3,239.00,583.67,,,,,,50,50,70,50,20,50,20,30,70,50,40,110
cost for a wix website,INR,10,0%,0%,Medium,55,168.60,951.95,,,,,,10,10,10,10,10,10,10,10,10,10,10,10
how much to charge for squarespace website,INR,10,0%,0%,Low,22,,,,,,,,20,20,10,10,10,10,10,10,10,10,10,10
how much can you charge for a website,INR,10,0%,0%,Medium,37,97.78,713.87,,,,,,10,10,10,10,10,10,10,10,10,10,10,10
average price to have a website built,INR,70,-25%,-79%,Medium,61,404.81,1380.80,,,,,,110,70,40,40,70,170,90,110,70,40,30,30
wordpress site design cost,INR,110,0%,-85%,Low,9,718.11,1855.21,,,,,,210,260,110,110,140,260,90,20,30,40,20,40
how much making a website cost,INR,10,0%,0%,High,86,,,,,,,,10,10,10,10,10,10,10,10,10,10,10,10
e commerce site price,INR,10,0%,-75%,Low,17,,,,,,,,50,20,10,10,10,10,30,10,0,10,10,10
cost of a good website,INR,10,0%,0%,High,71,,,,,,,,10,10,10,0,10,10,10,10,10,10,10,10
sample website design proposal,INR,320,0%,-56%,Medium,36,373.52,1535.77,,,,,,590,390,320,320,260,720,210,170,110,260,260,260
how much should i charge for wordpress website,INR,10,-100%,-100%,Unknown,,,,,,,,,10,10,10,10,10,10,10,10,10,10,0,0
cost of a website development,INR,720,50%,-55%,Low,26,414.54,2106.58,,,,,,1300,880,720,590,480,1000,480,480,390,480,480,720
cost to launch a website,INR,10,0%,-50%,High,81,117.69,1111.13,,,,,,20,10,10,10,10,10,10,10,10,10,10,10
how much does it take to start a website,INR,10,∞,0%,Medium,57,589.13,1889.67,,,,,,10,10,10,10,10,10,10,10,10,0,0,10
how much does a magento site cost,INR,20,∞,67%,Low,0,,,,,,,,30,20,20,20,10,40,10,10,10,0,20,50
how much does it cost to upgrade a website,INR,10,0%,0%,Medium,52,,,,,,,,10,10,10,10,10,10,10,10,10,10,0,10
how much does a wix ecommerce site cost,INR,10,0%,0%,Medium,33,,,,,,,,10,10,10,10,10,10,10,0,10,10,0,10
how much to charge for website creation,INR,170,0%,-64%,Low,29,83.22,658.91,,,,,,320,210,210,210,140,170,170,140,140,140,110,140
how much does starting a website cost,INR,10,0%,0%,High,69,176.08,1059.28,,,,,,10,10,10,10,10,10,10,10,10,10,10,10
how much does a web designer cost per hour,INR,10,0%,0%,High,76,933.83,2400.20,,,,,,10,10,10,10,0,10,10,10,10,10,0,10
wix how much does a domain cost,INR,10,0%,0%,Low,26,,,,,,,,10,10,10,10,10,10,10,10,10,10,10,10
average cost to build a website from scratch,INR,10,-50%,0%,Medium,65,342.82,952.22,,,,,,10,10,10,10,10,10,10,10,10,20,10,10
how much does it cost to run website,INR,10,0%,0%,Medium,65,237.03,780.62,,,,,,10,10,10,10,10,10,10,10,10,10,10,10
how much does it cost to run an online store,INR,10,100%,100%,Low,12,54.66,1082.09,,,,,,10,20,10,10,10,30,20,10,10,10,10,20
how much does it cost to open website,INR,10,0%,0%,High,71,,,,,,,,10,10,10,10,10,0,10,10,10,10,10,10
how much should a web designer charge,INR,210,0%,0%,Medium,46,231.50,1050.66,,,,,,260,210,210,170,210,210,170,170,140,260,170,260
average cost of a new website,INR,10,0%,0%,Medium,49,232.67,1225.73,,,,,,10,10,10,10,10,10,10,10,10,10,10,10
web developer quotation,INR,20,200%,0%,Low,0,,,,,,,,20,10,10,20,30,10,10,10,30,10,10,30
how much should i charge for web hosting,INR,10,0%,0%,Low,0,,,,,,,,10,10,10,10,10,0,0,10,10,10,10,10
hire freelancers for website design,INR,10,-100%,-100%,Unknown,,,,,,,,,10,10,10,10,10,10,10,10,10,10,10,0
wix ecommerce site pricing,INR,10,-100%,-100%,Unknown,,,,,,,,,10,0,10,0,0,10,0,10,0,10,0,0
website price estimate,INR,10,0%,-50%,Low,0,,,,,,,,10,10,10,10,10,10,10,10,0,10,10,10
how much does it cost for a ecommerce website,INR,10,-100%,-100%,Unknown,,,,,,,,,0,10,10,10,10,10,10,10,10,10,10,0
wix com ecommerce pricing,INR,10,0%,0%,Low,0,,,,,,,,0,0,10,10,0,10,10,0,0,10,10,10
ecommerce web design pricing,INR,30,100%,-71%,Low,5,,,,,,,,110,90,10,10,10,50,50,10,10,10,10,20
web design company quotes,INR,0,0%,-100%,Unknown,,,,,,,,,0,0,0,0,0,0,0,0,0,0,0,0
how much would it cost to have a website built,INR,10,0%,∞,High,86,,,,,,,,0,10,10,10,0,10,10,10,0,10,0,10
price of making website,INR,10,0%,-100%,Unknown,,,,,,,,,0,0,10,0,0,10,0,0,0,0,0,0
how much should i charge for a landing page,INR,10,0%,0%,Low,3,,,,,,,,10,10,10,10,10,10,10,10,10,10,10,10
ecommerce website how much does it cost,INR,10,0%,-100%,Unknown,,,,,,,,,10,10,0,0,0,0,0,0,0,0,0,0
how much to charge for freelance web development,INR,10,0%,0%,Low,29,,,,,,,,10,10,10,10,10,10,10,10,10,10,10,10
wix ecommerce shipping options,INR,10,∞,0%,Low,7,,,,,,,,10,0,0,0,0,0,10,0,0,0,0,10
how much does a wix designer cost,INR,10,0%,0%,High,86,,,,,,,,10,10,10,10,10,10,10,10,10,10,10,10
wordpress website development proposal,INR,10,-100%,-100%,Unknown,,,,,,,,,10,0,0,0,0,0,10,0,10,10,0,0
hire wix designers,INR,20,0%,-80%,Low,27,1102.96,2204.48,,,,,,40,30,10,10,30,90,10,10,10,10,10,10
how much does it cost to build a wordpress site,INR,50,133%,-50%,Low,23,417.04,1861.37,,,,,,110,90,70,50,40,140,50,30,20,30,30,70
how much does someone charge to make a website,INR,10,100%,0%,Medium,48,173.79,615.19,,,,,,10,20,10,10,10,10,10,10,10,10,10,20
how much does a website cost to have built,INR,10,0%,0%,Low,0,,,,,,,,10,10,10,10,10,10,10,10,10,10,10,10
web design and maintenance cost,INR,30,-50%,-80%,Medium,53,375.68,1428.73,,,,,,70,70,50,30,70,10,20,10,10,20,10,10
ecommerce website with mobile app price,INR,10,0%,-100%,Unknown,,,,,,,,,10,10,0,0,10,0,0,0,0,0,0,0
cost of making ecommerce website,INR,10,0%,-100%,Unknown,,,,,,,,,0,10,0,0,0,0,0,10,10,0,0,0
how much does bandzoogle cost,INR,30,0%,-25%,Low,16,199.17,1063.03,,,,,,40,40,40,30,30,30,40,30,20,30,30,30
how much does it cost to sell on wix,INR,10,-50%,0%,Low,32,150.28,359.81,,,,,,10,10,10,10,20,10,10,10,20,20,10,10
fixed price websites,INR,10,-100%,-100%,Unknown,,,,,,,,,0,0,0,10,0,0,0,10,0,10,0,0
how much does it cost to keep a website,INR,10,0%,0%,Medium,44,128.45,1033.83,,,,,,10,10,10,10,10,10,20,10,10,10,10,10
price for making website,INR,10,0%,-100%,Unknown,,,,,,,,,0,0,0,10,0,0,0,0,0,0,0,0
website cost estimate,INR,30,100%,-71%,Low,5,,,,,,,,70,70,50,10,20,90,10,10,0,10,10,20
how it cost to make a website,INR,10,0%,0%,High,82,499.52,1295.32,,,,,,0,0,0,0,0,10,0,0,0,10,0,10
cost to build custom website,INR,10,0%,0%,Medium,43,,,,,,,,10,10,10,10,0,10,0,10,10,10,10,10
rfp for website design and development 2022,INR,0,0%,-100%,Unknown,,,,,,,,,0,0,0,0,0,0,0,0,0,0,0,0
how much does it cost for a good website,INR,50,-40%,-40%,Medium,50,214.14,1085.62,,,,,,90,70,50,50,40,40,50,40,40,50,50,30
how much does it cost to build a shopify site,INR,10,∞,0%,Medium,57,,,,,,,,10,0,10,0,10,10,10,0,10,0,10,10
web banner design price list,INR,10,0%,-100%,Unknown,,,,,,,,,10,10,10,0,0,0,0,0,0,0,0,0
web design business proposal,INR,140,0%,-65%,Low,23,352.98,1108.44,,,,,,210,170,110,110,90,320,210,170,110,90,70,90
website design cost estimate,INR,10,0%,-67%,Medium,43,,,,,,,,20,10,10,10,10,10,0,10,0,10,10,10
how much do you pay for wix website,INR,10,-100%,-100%,Unknown,,,,,,,,,10,10,10,10,10,10,10,10,10,10,10,0
website developer fees,INR,10,∞,0%,Low,7,,,,,,,,10,10,10,10,10,10,10,10,10,0,10,10
how much does a website cost to maintain,INR,10,0%,0%,Low,20,,,,,,,,10,10,10,10,10,10,10,10,20,10,10,10
freelancer proposal sample for web developer,INR,10,0%,-100%,Unknown,,,,,,,,,10,0,10,0,0,0,0,0,0,0,0,0
web design free quote,INR,10,-100%,-100%,Unknown,,,,,,,,,20,10,20,10,10,10,10,10,10,10,0,0
how much should i charge to build an ecommerce website,INR,10,-100%,-100%,Unknown,,,,,,,,,10,10,10,10,10,10,0,10,10,10,10,0
cost to build a wix website,INR,10,0%,0%,Medium,48,,,,,,,,10,10,10,10,10,10,10,10,10,10,10,10
how much does a website cost a year,INR,10,0%,-50%,Low,21,,,,,,,,10,10,10,10,10,10,10,10,10,10,10,10
ecommerce website development proposal,INR,110,-56%,-64%,Low,0,,,,,,,,170,70,20,10,20,320,260,140,140,90,10,40
how much do freelance web designers charge,INR,30,50%,-25%,Low,21,95.06,654.06,,,,,,40,40,40,50,30,30,30,20,20,20,20,30
wix ecommerce pricing plans,INR,10,0%,0%,Low,0,,,,,,,,10,40,50,30,10,10,10,10,10,10,10,10
corporate website cost,INR,20,0%,-80%,Low,29,,,,,,,,40,20,10,10,10,70,20,40,10,10,10,10
how much does wix charge,INR,20,0%,-33%,Low,19,239.89,902.60,,,,,,40,20,20,20,30,20,20,20,20,20,20,20
how much does a domain name cost on squarespace,INR,10,0%,0%,High,86,440.00,1382.30,,,,,,10,10,0,10,10,10,10,10,10,10,10,10
how much do i need to create a website,INR,10,∞,∞,High,76,336.93,1147.64,,,,,,10,10,10,10,10,0,0,10,10,0,10,10
per page website design cost,INR,0,0%,-100%,Unknown,,,,,,,,,0,0,0,0,0,0,0,0,0,0,0,0
how much does my website cost,INR,10,0%,0%,High,86,,,,,,,,30,10,0,10,10,10,10,10,10,10,10,10
how much does wix hosting cost,INR,10,0%,0%,Low,21,,,,,,,,10,10,10,10,10,10,10,10,10,10,10,10
how much does a website make,INR,70,0%,-64%,Low,6,,,,,,,,110,90,70,40,70,70,70,50,50,50,50,50
how much does it cost to secure a website,INR,10,0%,0%,Medium,50,,,,,,,,10,10,10,10,10,10,10,10,10,10,10,10
how much does an interactive website cost,INR,10,0%,0%,High,86,,,,,,,,10,10,10,10,10,10,10,10,10,10,10,10
web design and seo pricing,INR,10,∞,0%,High,86,,,,,,,,0,0,0,0,10,0,0,10,0,0,10,10
web designer freelance near me,INR,10,0%,-80%,Low,21,,,,,,,,40,20,10,10,10,10,0,0,10,10,10,10
how much does a new website design cost,INR,10,-100%,-100%,Unknown,,,,,,,,,0,10,10,10,10,10,10,10,0,10,0,0
wix web hosting price,INR,30,-50%,-33%,Medium,56,172.33,1364.86,,,,,,30,40,30,30,30,20,20,20,20,40,20,20
hire professional web developers,INR,10,0%,0%,Low,0,,,,,,,,10,10,10,10,10,20,10,0,0,10,10,10
how much cost website maintenance,INR,10,0%,0%,Low,11,,,,,,,,10,10,10,10,10,10,10,10,10,10,10,10
hire a shopify app developer,INR,10,100%,100%,Low,6,,,,,,,,10,30,10,10,20,10,0,10,10,10,20,20
1 website price,INR,10,0%,-100%,Unknown,,,,,,,,,10,0,10,10,0,0,10,0,10,0,10,0
10 examples of web design packages,INR,10,0%,-100%,Unknown,,,,,,,,,0,10,0,10,0,0,0,0,0,0,0,0
5 examples of web design packages,INR,10,0%,-100%,Unknown,,,,,,,,,10,0,0,0,10,0,0,0,0,0,0,0
affordable web design packages,INR,170,57%,-81%,Low,2,,,,,,,,480,260,210,90,140,260,90,20,70,70,70,110
affordable web design prices,INR,50,-33%,-82%,Low,23,1043.13,1889.67,,,,,,110,90,50,20,70,170,30,40,30,30,10,20
affordable web packages,INR,50,-50%,-91%,Low,0,,,,,,,,90,50,20,10,20,320,10,10,10,20,10,10
average cost for e commerce website,INR,10,-100%,-100%,Unknown,,,,,,,,,10,10,10,10,10,10,10,0,0,10,0,0
average cost for freelance web design,INR,10,0%,-100%,Unknown,,,,,,,,,10,10,10,0,0,0,0,0,0,0,0,0
average cost for website creation,INR,10,∞,0%,Low,29,,,,,,,,10,10,10,10,10,0,10,10,0,0,10,10
average cost freelance web developer,INR,10,-100%,-100%,Unknown,,,,,,,,,10,10,10,10,0,10,0,10,10,10,10,0
average cost of a professional website,INR,10,0%,0%,Medium,43,,,,,,,,10,10,10,10,10,10,10,10,10,10,10,10
average cost of a website developer,INR,10,0%,0%,Medium,62,,,,,,,,10,10,10,10,10,10,10,10,0,10,10,10
average cost of web design per hour,INR,10,0%,0%,Low,0,,,,,,,,10,10,0,10,10,10,10,10,10,10,0,10
average cost of web design services,INR,10,-100%,-100%,Unknown,,,,,,,,,10,10,10,0,0,10,0,10,0,10,0,0
average cost of website design and development,INR,10,0%,-100%,Unknown,,,,,,,,,10,10,10,10,0,10,0,0,0,0,10,0
average cost to have a website designed,INR,10,0%,-50%,Medium,54,166.29,645.99,,,,,,10,10,10,10,10,10,10,10,10,10,10,10
average price to build website,INR,10,0%,0%,High,86,,,,,,,,10,10,10,10,0,10,10,10,10,10,10,10
average website redesign cost,INR,390,22%,-46%,Medium,39,233.70,1446.59,,,,,,720,480,390,320,320,320,320,260,260,320,320,390
basic ecommerce website price,INR,10,0%,-100%,Unknown,,,,,,,,,0,10,0,0,10,10,0,0,0,0,0,0
basic website design price,INR,70,50%,-79%,High,68,391.69,2278.34,,,,,,140,110,110,90,70,90,40,40,30,20,30,30
basic website proposal,INR,10,0%,0%,Unknown,,,,,,,,,0,10,0,0,10,0,0,10,0,0,0,0
bespoke website design cost,INR,10,-100%,-100%,Unknown,,,,,,,,,0,10,0,0,0,0,10,0,0,10,0,0
best proposal for website design and development,INR,0,0%,-100%,Unknown,,,,,,,,,0,0,0,0,0,0,0,0,0,0,0,0
best quotes for web developers,INR,10,0%,-100%,Unknown,,,,,,,,,0,0,10,0,0,0,0,0,0,0,0,0
best quotes for website design,INR,10,0%,-100%,Unknown,,,,,,,,,10,0,0,0,0,0,0,0,10,0,10,0
best sites to hire shopify developers,INR,10,0%,-100%,Unknown,,,,,,,,,10,10,10,10,10,10,0,0,0,0,0,0
best web design package,INR,10,0%,-100%,Unknown,,,,,,,,,10,10,10,10,10,10,0,0,0,0,0,0
best web design quotes,INR,10,-100%,-100%,Unknown,,,,,,,,,10,10,10,0,10,10,0,10,10,10,10,0
best web development packages,INR,10,∞,0%,Low,0,,,,,,,,20,10,10,0,10,10,10,0,10,0,0,10
bid proposal for website development,INR,10,0%,-100%,Unknown,,,,,,,,,0,10,10,10,0,0,0,0,0,0,0,0
bigcommerce website builder pricing,INR,10,0%,0%,Low,29,,,,,,,,0,10,0,10,0,10,0,0,0,10,10,10
build shopify store price,INR,10,∞,0%,Medium,43,,,,,,,,0,10,10,0,0,0,0,0,0,0,0,10
business proposal sample for website development,INR,0,0%,-100%,Unknown,,,,,,,,,0,0,0,0,0,0,0,0,0,0,0,0
business website builder package,INR,0,0%,0%,Unknown,,,,,,,,,0,0,0,0,0,0,0,0,0,0,0,0
business website proposal,INR,10,0%,-50%,Low,33,1250.92,3588.99,,,,,,20,20,20,30,20,10,10,10,10,10,10,10
cakephp designers,INR,20,0%,-100%,Unknown,,,,,,,,,10,10,10,10,10,10,10,170,0,0,0,0
charges for ecommerce website,INR,10,0%,-100%,Unknown,,,,,,,,,10,10,0,0,0,0,0,0,0,0,0,0
charges of website designing,INR,10,0%,-100%,Unknown,,,,,,,,,0,10,0,0,0,0,0,0,0,0,0,0
cheap web design packages,INR,30,50%,-73%,Low,0,,,,,,,,90,40,20,10,30,140,10,10,10,20,10,30
cheap web design prices,INR,10,0%,-100%,Unknown,,,,,,,,,10,10,10,0,0,0,0,0,0,0,0,0
cheap website design prices,INR,50,-33%,-82%,Low,23,1043.13,1889.67,,,,,,110,90,50,20,70,170,30,40,30,30,10,20
cheapest website designing,INR,480,23%,-75%,Low,24,786.70,3087.01,,,,,,1000,590,390,480,390,1000,390,320,260,260,170,320
christy price web design,INR,10,0%,0%,Low,0,,,,,,,,10,10,10,10,20,10,10,10,20,10,10,10
close shopify store for maintenance,INR,10,∞,0%,Low,0,,,,,,,,10,10,10,10,10,10,10,10,10,0,10,10
cms website design cost,INR,10,-100%,-100%,Unknown,,,,,,,,,0,10,0,0,0,0,10,0,0,10,10,0
commercial website cost,INR,10,0%,-75%,High,71,,,,,,,,30,10,10,10,10,50,20,20,30,10,0,10
commercial website price,INR,10,0%,-100%,Unknown,,,,,,,,,0,0,10,10,10,0,0,10,10,0,10,0
corporate website development cost,INR,10,0%,0%,Low,0,,,,,,,,20,20,10,0,10,10,0,10,10,10,10,10
cost for an ecommerce website,INR,10,∞,0%,High,71,,,,,,,,10,10,10,0,10,10,10,0,10,0,0,10
cost of a web designer per hour,INR,10,0%,0%,Low,0,,,,,,,,20,10,10,10,10,10,10,0,10,10,10,10
cost of building a website with wordpress,INR,10,0%,0%,Medium,36,,,,,,,,10,20,10,10,10,10,10,0,10,10,10,10
cost of building wordpress website,INR,10,∞,0%,High,86,,,,,,,,10,20,10,10,10,0,0,10,0,0,10,10
cost of creating e commerce website,INR,10,0%,0%,Unknown,,,,,,,,,10,10,10,10,10,10,0,0,0,0,0,0
cost of developing e commerce website,INR,140,-35%,-72%,Low,5,330.48,3227.03,,,,,,390,210,170,70,90,390,50,30,140,170,30,110
cost of developing ecommerce website,INR,10,0%,-50%,Low,0,,,,,,,,20,10,10,10,10,10,0,10,0,10,0,10
cost of ecommerce hosting,INR,10,0%,-100%,Unknown,,,,,,,,,10,10,0,10,0,0,0,0,0,0,0,0
cost of having a website made,INR,10,0%,0%,High,68,546.82,1132.86,,,,,,10,10,10,10,10,10,10,10,0,10,10,10
cost of having website,INR,10,0%,0%,High,86,,,,,,,,0,10,10,10,10,10,10,10,0,10,0,10
cost of one website,INR,10,0%,-100%,Unknown,,,,,,,,,0,0,0,0,0,10,0,0,0,0,10,0
cost of running ecommerce website,INR,10,0%,-100%,Unknown,,,,,,,,,0,0,10,0,0,0,0,0,0,0,0,0
cost of starting e commerce website,INR,10,0%,-50%,Low,0,,,,,,,,10,10,10,10,0,10,0,10,10,10,0,10
cost of website on wix,INR,10,0%,0%,Medium,57,,,,,,,,10,10,10,10,10,10,10,10,10,10,10,10
cost of your own website,INR,10,-100%,-100%,Unknown,,,,,,,,,10,10,10,10,10,10,0,10,10,10,10,0
cost per page website development,INR,0,0%,-100%,Unknown,,,,,,,,,0,0,0,0,0,0,0,0,0,0,0,0
cost to build a website for a business,INR,10,0%,-100%,Unknown,,,,,,,,,10,0,10,10,10,0,0,0,0,0,0,0
cost to cost website,INR,10,-100%,-100%,Unknown,,,,,,,,,10,0,0,0,0,0,0,0,10,10,0,0
cost to create your own website,INR,10,∞,0%,High,86,,,,,,,,10,10,10,10,10,10,10,10,10,0,10,10
cost to develop wordpress website,INR,10,0%,∞,Low,0,,,,,,,,0,10,0,0,0,0,0,0,10,10,0,10
cost to hire shopify expert,INR,10,0%,0%,Low,0,,,,,,,,10,10,10,10,10,0,10,0,10,10,0,10
cost to hire web developer,INR,20,300%,-20%,Low,0,,,,,,,,50,50,20,10,10,10,20,10,10,10,10,40
cost to make a ecommerce website,INR,10,0%,-100%,Unknown,,,,,,,,,10,10,0,0,10,10,0,10,0,0,0,0
cost to run a website per month,INR,10,-50%,0%,Medium,51,165.35,566.97,,,,,,10,10,10,10,10,10,10,10,10,20,10,10
cost to start online store,INR,10,0%,-86%,Medium,52,139.69,1162.15,,,,,,30,10,10,10,10,10,10,10,10,10,10,10
cost website maintenance,INR,590,181%,-55%,Low,13,315.18,1218.54,,,,,,1300,880,480,390,480,1900,390,260,210,210,260,590
creative web design quotes,INR,10,-100%,-100%,Unknown,,,,,,,,,0,0,10,10,0,10,0,10,0,10,10,0
custom ecommerce website development cost,INR,10,0%,0%,Low,0,,,,,,,,10,20,10,10,10,10,10,10,0,10,0,10
custom web design packages,INR,10,0%,-50%,Low,0,,,,,,,,30,20,10,10,10,0,0,10,10,10,0,10
custom web design quote,INR,10,0%,-100%,Unknown,,,,,,,,,0,0,0,0,0,0,0,10,0,0,0,0
custom web development cost,INR,10,0%,-67%,Low,13,,,,,,,,30,10,20,10,10,10,10,10,10,10,10,10
dedicated ecommerce developers,INR,30,200%,-57%,Low,0,,,,,,,,50,30,20,10,20,110,10,0,20,10,10,30
dedicated shopify developer,INR,30,300%,-43%,Low,0,,,,,,,,70,50,20,10,20,90,10,10,10,10,10,40
dedicated web design,INR,10,0%,0%,Low,0,,,,,,,,10,10,10,10,10,10,10,10,10,10,10,10
draft website design proposal,INR,0,0%,-100%,Unknown,,,,,,,,,0,0,0,0,0,0,0,0,0,0,0,0
dynamic website design cost,INR,0,0%,-100%,Unknown,,,,,,,,,0,0,0,0,0,0,0,0,0,0,0,0
dynamic website development proposal,INR,0,0%,0%,Unknown,,,,,,,,,0,0,0,0,0,0,0,0,0,0,0,0
dynamic website packages,INR,10,0%,-100%,Unknown,,,,,,,,,0,10,0,10,0,0,0,10,0,0,0,0
e commerce website making charges,INR,10,0%,-100%,Unknown,,,,,,,,,0,0,0,10,0,0,0,0,0,0,0,0
e commerce website making cost,INR,10,0%,-100%,Unknown,,,,,,,,,10,10,10,0,0,0,0,0,0,0,0,0
e commerce website proposal word,INR,10,0%,0%,Unknown,,,,,,,,,0,10,0,0,0,0,0,0,0,0,0,0
ecommerce development packages,INR,10,0%,-50%,Low,0,,,,,,,,20,20,20,10,10,50,0,0,10,10,10,10
ecommerce development price,INR,10,0%,0%,Low,0,,,,,,,,50,10,10,10,10,10,30,10,10,10,10,10
ecommerce low cost,INR,40,50%,-57%,Low,32,260.96,1360.85,,,,,,70,50,30,40,30,40,30,20,50,20,20,30
ecommerce maintenance package,INR,10,0%,-67%,Low,6,,,,,,,,30,20,20,10,30,10,0,10,10,10,10,10
ecommerce platform cost,INR,10,∞,0%,High,86,,,,,,,,10,10,10,10,10,0,10,10,10,0,10,10
ecommerce site design cost,INR,10,∞,0%,Low,0,,,,,,,,10,10,10,0,0,0,0,0,0,0,0,10
ecommerce site development cost,INR,140,-35%,-72%,Low,5,330.48,3227.03,,,,,,390,210,170,70,90,390,50,30,140,170,30,110
ecommerce store cost,INR,10,0%,-100%,Unknown,,,,,,,,,10,10,10,10,10,0,10,0,10,0,0,0
ecommerce store maintenance,INR,10,0%,-100%,Unknown,,,,,,,,,10,0,10,0,0,0,0,0,0,0,0,0
ecommerce web design proposal,INR,110,-56%,-64%,Low,0,,,,,,,,170,70,20,10,20,320,260,140,140,90,10,40
ecommerce web packages,INR,50,0%,-22%,Low,5,283.45,1146.60,,,,,,70,90,70,30,40,20,10,10,10,70,110,70
ecommerce website budget,INR,10,-100%,-100%,Unknown,,,,,,,,,20,10,10,10,10,10,20,10,10,10,10,0
ecommerce website cost estimate,INR,10,0%,0%,Low,0,,,,,,,,10,10,10,0,10,0,0,0,0,10,0,10
ecommerce website design proposal,INR,110,-56%,-64%,Low,0,,,,,,,,170,70,20,10,20,320,260,140,140,90,10,40
ecommerce website development cost breakdown,INR,10,0%,-100%,Unknown,,,,,,,,,20,20,10,10,10,10,0,0,0,0,10,0
ecommerce website maintenance proposal,INR,10,0%,-100%,Unknown,,,,,,,,,10,0,0,0,0,0,0,0,10,0,0,0
ecommerce website maintenance services,INR,50,467%,143%,Low,1,,,,,,,,90,90,90,10,30,30,20,20,10,30,110,170
ecommerce website proposal sample,INR,10,0%,-100%,Unknown,,,,,,,,,0,0,10,0,0,0,0,10,0,0,0,0
ecommerce website proposal word,INR,0,0%,-100%,Unknown,,,,,,,,,0,0,0,0,0,0,0,0,0,0,0,0
example of website project proposal,INR,10,0%,0%,Low,0,,,,,,,,10,10,10,10,10,10,10,10,10,10,10,10
examples of web design packages software,INR,10,∞,0%,Low,14,,,,,,,,0,10,0,0,0,0,0,10,0,0,0,10
famous web design quotes,INR,10,0%,0%,Low,0,,,,,,,,10,10,10,0,10,10,0,0,10,10,10,10
fees of web designing,INR,0,0%,0%,Unknown,,,,,,,,,0,0,0,0,0,0,0,0,0,0,0,0
find ecommerce developers,INR,10,∞,-50%,Low,0,,,,,,,,20,20,10,10,10,10,10,10,10,0,0,10
find local web developers,INR,10,∞,0%,Low,0,,,,,,,,10,10,10,0,0,10,0,10,0,0,10,10
find web development companies,INR,10,0%,-75%,Low,0,,,,,,,,50,40,30,10,20,10,0,10,0,10,10,10
fixed price web design,INR,10,-100%,-100%,Unknown,,,,,,,,,10,10,10,10,10,10,10,0,0,10,0,0
freelance dedicated web developers,INR,10,0%,-100%,Unknown,,,,,,,,,10,10,10,0,10,10,0,0,10,0,0,0
freelance ecommerce developers,INR,20,0%,-80%,Low,0,,,,,,,,50,40,30,10,10,10,10,10,10,10,10,10
freelance ecommerce web developer,INR,10,0%,0%,Low,0,,,,,,,,10,20,10,10,10,0,10,10,0,10,10,10
freelance front end web developers,INR,10,0%,-50%,Low,21,,,,,,,,10,10,20,10,10,10,10,10,10,10,10,10
freelance mobile website designers,INR,10,0%,0%,Low,0,,,,,,,,0,10,10,0,0,10,0,10,0,10,10,10
freelance offshore web design developers,INR,10,∞,0%,Low,0,,,,,,,,10,10,10,0,0,10,0,10,0,0,10,10
freelance shopify theme developers,INR,10,-100%,-100%,Unknown,,,,,,,,,10,10,10,10,10,10,10,0,10,10,0,0
freelance shopify web designers,INR,20,0%,-50%,High,83,857.91,5653.13,,,,,,20,20,30,10,10,30,10,20,20,10,10,10
freelance squarespace developers,INR,10,100%,100%,Low,0,,,,,,,,20,20,20,10,10,10,10,0,10,10,10,20
freelance squarespace web developer,INR,10,∞,0%,Low,0,,,,,,,,10,10,10,10,10,0,0,0,10,0,0,10
freelance web design and development,INR,10,200%,200%,Low,0,,,,,,,,10,10,10,0,10,10,10,10,10,10,10,30
freelance web design cost,INR,50,100%,-64%,Low,20,236.42,956.19,,,,,,90,70,90,50,50,70,30,20,30,20,30,40
freelance web design pricing,INR,50,100%,-64%,Low,20,236.42,956.19,,,,,,90,70,90,50,50,70,30,20,30,20,30,40
freelance web design proposal,INR,10,-100%,-100%,Unknown,,,,,,,,,0,0,0,0,0,0,0,0,10,10,10,0
freelance web designer developer,INR,30,1000%,175%,Low,5,558.91,1931.11,,,,,,40,50,50,70,30,20,20,10,10,10,10,110
freelance web development pricing,INR,10,∞,0%,Low,0,,,,,,,,10,10,10,0,10,10,10,10,10,0,10,10
freelance website design cost,INR,50,100%,-64%,Low,20,236.42,956.19,,,,,,90,70,90,50,50,70,30,20,30,20,30,40
freelance website design rates,INR,50,100%,-64%,Low,20,236.42,956.19,,,,,,90,70,90,50,50,70,30,20,30,20,30,40
freelance website developer cost,INR,10,0%,0%,Low,0,,,,,,,,10,0,10,10,10,10,0,0,10,10,10,10
freelance website proposal sample,INR,10,-100%,-100%,Unknown,,,,,,,,,10,0,0,0,0,0,0,0,0,10,10,0
get a web design quote,INR,10,-100%,-100%,Unknown,,,,,,,,,0,0,0,0,0,0,0,0,0,10,0,0
godaddy cost of website,INR,10,0%,0%,Medium,64,235.77,772.95,,,,,,10,10,10,10,10,10,10,10,10,10,10,10
godaddy ecommerce cost,INR,10,0%,0%,Medium,57,,,,,,,,10,10,10,10,10,10,10,0,10,10,10,10
google web designer price,INR,10,0%,0%,Low,0,,,,,,,,10,10,10,10,10,10,10,10,10,10,10,10
hire a web development company,INR,30,300%,-43%,Low,10,,,,,,,,90,70,40,10,40,30,10,10,10,10,10,40
hire accessible web designers,INR,10,100%,0%,Low,0,,,,,,,,20,20,20,10,10,10,10,10,10,10,10,20
hire app ui ux designers,INR,10,∞,200%,Low,0,,,,,,,,10,10,10,10,10,10,0,10,0,0,0,30
hire best shopify developers,INR,10,0%,0%,Low,0,,,,,,,,10,10,10,10,10,10,10,10,10,10,10,10
hire bigcommerce web developers,INR,20,400%,25%,Low,0,,,,,,,,40,40,30,10,20,30,10,10,10,10,10,50
hire bootstrap designers,INR,0,0%,0%,Unknown,,,,,,,,,0,0,0,0,0,0,0,0,0,0,0,0
hire certified shopify developer,INR,30,400%,-29%,Low,1,,,,,,,,70,50,20,70,10,140,10,10,10,10,10,50
hire corporate web designers,INR,10,∞,-50%,Low,0,,,,,,,,20,10,10,10,0,10,10,0,0,0,10,10
hire dedicated designer,INR,10,∞,0%,Low,0,,,,,,,,10,10,10,0,10,0,0,0,0,0,10,10
hire dedicated shopify developer,INR,320,129%,-18%,Low,3,588.63,3333.47,,,,,,260,1300,880,90,70,390,50,140,110,140,90,320
hire dedicated shopify experts,INR,10,∞,0%,Low,0,,,,,,,,10,20,40,90,10,0,10,10,10,0,10,10
hire dedicated ui designer,INR,0,0%,0%,Unknown,,,,,,,,,0,0,0,0,0,0,0,0,0,0,0,0
hire dedicated web designer,INR,90,67%,-71%,Low,0,,,,,,,,210,110,70,10,40,320,10,30,0,30,110,50
hire dental website design experts,INR,10,0%,0%,Low,0,,,,,,,,40,10,10,10,10,0,0,10,0,10,10,10
hire e commerce website designers,INR,40,200%,-73%,Low,0,,,,,,,,140,70,30,10,10,170,20,10,10,10,10,30
hire ecommerce web developers,INR,40,267%,120%,Low,2,,,,,,,,40,40,20,10,10,110,20,0,40,30,10,110
hire ecommerce web development company,INR,20,400%,0%,Low,0,,,,,,,,50,20,10,10,10,30,10,10,10,10,10,50
hire ecommerce web development services,INR,10,∞,0%,Low,0,,,,,,,,10,10,10,10,10,10,0,0,10,0,10,10
hire expert shopify developer,INR,90,0%,-22%,Low,8,485.22,1723.67,,,,,,110,90,50,10,50,390,20,50,70,70,50,70
hire expert wordpress developers,INR,30,100%,-82%,Low,0,,,,,,,,110,70,20,10,30,90,30,10,10,10,10,20
hire healthcare app and web designers,INR,10,∞,0%,Low,0,,,,,,,,10,10,10,0,0,10,0,0,0,0,10,10
hire hotel web designers,INR,10,0%,0%,Low,0,,,,,,,,10,10,10,0,0,10,10,10,0,10,10,10
hire it web developers,INR,10,∞,0%,Low,0,,,,,,,,10,10,10,10,0,10,10,0,0,0,0,10
hire local web designer,INR,10,0%,-50%,Low,14,,,,,,,,10,20,10,10,10,10,10,0,10,10,10,10
hire magento ecommerce developer,INR,90,400%,-29%,Low,1,,,,,,,,90,480,210,10,50,10,10,10,20,10,20,50
hire medical website design experts,INR,10,0%,-50%,Low,0,,,,,,,,10,10,20,0,10,10,10,10,0,10,10,10
hire offshore web design developers,INR,10,0%,-100%,Unknown,,,,,,,,,10,10,10,10,10,10,10,0,10,0,10,0
hire real estate ui designers,INR,10,100%,-33%,Low,0,,,,,,,,20,20,10,10,10,10,10,10,10,10,10,20
hire real estate web designers,INR,0,0%,-100%,Unknown,,,,,,,,,0,0,0,0,0,0,0,0,0,0,0,0
hire responsive web designers,INR,20,200%,-57%,Low,0,,,,,,,,70,50,30,10,30,10,10,10,10,10,10,30
hire responsive web developer,INR,10,∞,-50%,Low,0,,,,,,,,20,30,10,10,10,10,10,0,0,0,10,10
hire responsive web developers,INR,10,400%,150%,Low,0,,,,,,,,20,20,10,10,10,10,10,0,10,10,10,50
hire restaurant website design experts,INR,10,∞,0%,Low,0,,,,,,,,20,10,10,10,10,10,0,10,10,0,10,10
hire shopify api developers,INR,10,100%,0%,Low,0,,,,,,,,10,20,10,10,10,10,0,10,10,10,10,20
hire shopify development,INR,10,0%,-100%,Unknown,,,,,,,,,10,10,10,10,10,0,10,0,0,0,10,0
hire shopify development services,INR,10,0%,-50%,Low,0,,,,,,,,10,20,10,10,10,10,10,10,10,10,0,10
hire shopify ecommerce developers,INR,40,0%,-71%,Low,0,,,,,,,,50,70,40,10,20,210,10,0,10,20,10,20
hire shopify freelancer,INR,10,∞,0%,High,86,,,,,,,,10,10,10,10,10,10,10,10,0,0,10,10
hire shopify plus designer,INR,10,0%,-100%,Unknown,,,,,,,,,20,10,20,10,20,10,0,0,10,0,0,0
hire shopify plus developers,INR,40,450%,120%,Low,1,,,,,,,,50,70,40,30,40,50,10,10,40,20,30,110
hire shopify professional developers,INR,40,-50%,-89%,Low,0,,,,,,,,90,50,20,10,10,210,20,10,10,20,10,10
hire shopify web designers,INR,40,100%,-82%,Low,12,1200.71,2820.74,,,,,,110,70,30,20,50,90,10,10,10,10,10,20
hire small business web designers,INR,10,0%,-75%,Low,0,,,,,,,,30,20,10,0,10,0,10,0,10,10,10,10
hire ui freelancers,INR,0,0%,-100%,Unknown,,,,,,,,,0,0,0,0,0,0,0,0,0,0,0,0
hire vue js designers,INR,10,∞,0%,Low,0,,,,,,,,10,10,10,0,10,10,0,0,0,0,0,10
hire web application designers,INR,10,0%,-50%,Low,0,,,,,,,,20,10,20,10,10,10,0,10,0,10,10,10
hire web design agency,INR,10,∞,-50%,Medium,63,1987.94,8786.04,,,,,,30,20,20,10,10,10,0,10,10,0,10,10
hire web ui designers,INR,10,100%,0%,Low,0,,,,,,,,20,10,10,10,10,20,0,10,10,10,10,20
hire web ui ux designers,INR,10,∞,0%,Low,2,,,,,,,,10,10,10,0,0,10,0,10,0,0,0,10
hiring a web design agency,INR,10,∞,0%,Low,0,,,,,,,,10,10,10,10,0,0,0,0,0,0,0,10
hiring a web design company,INR,10,∞,-67%,Low,0,,,,,,,,110,10,10,0,10,10,0,0,10,0,10,10
hiring a website design company,INR,10,∞,-67%,Low,0,,,,,,,,110,10,10,0,10,10,0,0,10,0,10,10
hosting cost for ecommerce website,INR,10,-100%,0%,Unknown,,,,,,,,,0,10,0,0,0,10,10,10,0,10,0,0
hotel website design packages,INR,0,0%,0%,Unknown,,,,,,,,,0,0,0,0,0,0,0,0,0,0,0,0
how much an ecommerce website cost,INR,10,-100%,0%,Unknown,,,,,,,,,10,10,10,10,0,10,0,10,10,10,0,0
how much cost a ecommerce website,INR,10,0%,0%,Unknown,,,,,,,,,0,0,0,0,0,0,0,0,10,0,0,0
how much cost for creating a website,INR,10,0%,0%,High,86,,,,,,,,10,10,10,10,10,10,10,10,10,10,10,10
how much cost for making a website,INR,10,0%,-100%,Unknown,,,,,,,,,10,0,10,0,0,0,10,0,10,0,10,0
how much cost for website creation,INR,10,0%,0%,Medium,61,219.56,746.10,,,,,,0,0,0,0,0,10,0,10,0,10,10,10
how much cost for website development,INR,10,0%,-100%,Unknown,,,,,,,,,10,10,10,10,0,10,10,10,0,0,0,0
how much cost to do a website,INR,10,∞,0%,High,86,,,,,,,,10,10,0,10,10,10,10,10,10,0,0,10
how much do custom websites cost,INR,110,-18%,-36%,Medium,42,241.88,1070.50,,,,,,140,90,70,70,70,140,70,90,260,110,90,90
how much do i charge for a website,INR,10,0%,0%,Medium,54,96.11,267.68,,,,,,10,10,10,10,10,10,10,10,10,10,10,10
how much do i charge for website design,INR,10,∞,0%,Low,29,,,,,,,,10,10,0,10,0,10,0,0,0,0,0,10
how much do i charge to make a website,INR,10,0%,0%,Low,0,,,,,,,,10,0,10,10,10,10,10,0,10,10,10,10
how much do people charge for website design,INR,10,0%,0%,Medium,45,152.73,944.84,,,,,,20,20,10,10,10,20,20,10,20,10,20,10
how much do web developers charge per hour,INR,10,0%,-50%,Medium,57,,,,,,,,20,10,20,10,10,10,20,10,10,10,10,10
how much do web developers make per website,INR,10,0%,0%,Low,6,,,,,,,,10,10,10,10,10,10,10,10,10,10,10,10
how much do webmasters charge to maintain a website,INR,0,0%,-100%,Unknown,,,,,,,,,0,0,0,0,0,0,0,0,0,0,0,0
how much do wix experts charge,INR,10,0%,0%,Low,0,,,,,,,,0,0,0,0,0,0,0,0,0,10,0,10
how much do wix partners cost,INR,10,-100%,0%,Unknown,,,,,,,,,10,0,0,0,0,0,0,0,0,10,0,0
how much do you charge for making a website,INR,10,0%,0%,Low,7,,,,,,,,10,10,10,10,10,10,0,10,0,10,0,10
how much do you charge for website maintenance,INR,10,∞,0%,Low,14,,,,,,,,10,10,10,10,10,0,10,10,10,0,10,10
how much do you charge to make a website,INR,10,0%,0%,Low,25,,,,,,,,10,10,10,10,10,10,10,10,10,10,10,10
how much do you have to pay for wix,INR,10,0%,0%,Low,0,,,,,,,,10,0,10,10,10,10,10,10,10,10,10,10
how much does 99designs pay designers,INR,10,0%,-100%,Unknown,,,,,,,,,10,10,10,10,10,10,0,0,10,0,0,0
how much does a com website cost,INR,20,0%,-50%,Medium,34,349.05,1002.35,,,,,,20,30,20,20,20,20,20,10,10,10,20,10
how much does a complex website cost,INR,10,∞,0%,High,71,,,,,,,,10,10,10,0,10,10,10,0,0,0,10,10
how much does a corporate website cost,INR,10,0%,0%,Low,0,,,,,,,,10,10,10,10,10,10,0,10,0,10,10,10
how much does a custom website design cost,INR,10,400%,400%,Low,0,,,,,,,,10,10,10,10,10,10,10,10,10,10,20,50
how much does a custom wordpress website cost,INR,10,0%,-50%,Low,21,,,,,,,,10,10,10,10,10,10,10,10,10,10,10,10
how much does a domain cost wix,INR,10,0%,0%,Low,11,,,,,,,,10,10,10,10,10,10,10,10,10,10,0,10
how much does a dynamic website cost,INR,10,0%,0%,Low,0,,,,,,,,10,10,10,10,10,10,0,10,10,10,10,10
how much does a magento 2 website cost,INR,10,∞,0%,Low,0,,,,,,,,10,10,10,0,10,40,10,10,0,0,10,10
how much does a membership website cost,INR,10,-100%,-100%,Unknown,,,,,,,,,0,10,0,0,0,0,0,0,10,10,0,0
how much does a microsite cost,INR,10,0%,0%,Low,29,,,,,,,,10,10,10,10,10,10,10,0,0,10,10,10
how much does a nice website cost,INR,10,0%,0%,Low,0,,,,,,,,10,10,10,10,10,10,10,10,10,10,10,10
how much does a professional website design cost,INR,30,133%,133%,Low,23,277.22,1477.73,,,,,,20,20,20,10,10,10,20,10,40,30,70,70
how much does a professionally designed website cost,INR,30,133%,133%,Low,23,277.22,1477.73,,,,,,20,20,20,10,10,10,20,10,40,30,70,70
how much does a single page website cost,INR,10,∞,-67%,Medium,48,362.82,617.38,,,,,,10,10,10,10,0,10,10,10,10,0,10,10
how much does a site cost,INR,2400,0%,-17%,Medium,47,226.92,1091.29,,,,,,2900,2400,1900,1900,1900,1900,2400,1900,1900,2400,1900,2400
how much does a squarespace ecommerce site cost,INR,10,∞,∞,Medium,43,,,,,,,,10,0,10,0,10,0,10,0,0,0,0,10
how much does a standard website cost,INR,10,0%,0%,Medium,48,,,,,,,,10,10,10,10,10,10,10,10,10,10,10,10
how much does a typical website cost,INR,10,0%,0%,Medium,43,142.19,939.17,,,,,,10,10,10,10,10,10,10,10,10,10,10,10
how much does a web developer cost per hour,INR,10,0%,-50%,Low,9,,,,,,,,10,10,10,10,10,10,10,10,10,10,10,10
how much does a webmaster cost,INR,10,0%,0%,High,71,,,,,,,,10,10,10,10,10,10,10,10,10,10,10,10
how much does a webshop cost,INR,10,0%,0%,Unknown,,,,,,,,,0,0,0,0,0,10,0,0,0,0,0,0
how much does a website cost in 2022,INR,0,0%,0%,Unknown,,,,,,,,,0,0,0,0,0,0,0,0,0,0,0,0
how much does a website cost on wix,INR,10,0%,0%,Medium,51,283.59,1086.87,,,,,,20,20,20,10,10,10,10,10,20,10,10,10
how much does a website cost reddit,INR,10,-100%,-100%,Unknown,,,,,,,,,10,10,10,10,10,10,10,10,10,10,10,0
how much does a website development cost,INR,10,0%,0%,Medium,54,,,,,,,,10,10,10,10,10,10,10,10,10,10,10,10
how much does a website on godaddy cost,INR,10,0%,0%,High,74,186.45,481.84,,,,,,10,10,10,10,10,10,10,10,10,10,10,10
how much does a weebly domain cost,INR,10,0%,0%,Medium,64,,,,,,,,10,10,10,10,10,0,10,10,10,10,0,10
how much does a wix blog cost,INR,10,0%,0%,Unknown,,,,,,,,,0,10,10,10,10,0,0,0,10,0,10,0
how much does a wix domain name cost,INR,10,0%,0%,Low,21,,,,,,,,10,10,10,10,10,10,10,0,10,10,0,10
how much does a wix logo cost,INR,10,0%,-100%,Unknown,,,,,,,,,0,10,0,10,10,0,10,0,0,0,0,0
how much does a wix premium account cost,INR,10,-100%,-100%,Unknown,,,,,,,,,10,10,10,10,10,10,10,10,10,10,0,0
how much does a wix store cost,INR,10,0%,-50%,Medium,61,127.30,517.36,,,,,,10,10,10,20,10,10,10,10,10,10,10,10
how much does a wix website cost per month,INR,10,-50%,0%,Low,24,149.24,858.67,,,,,,10,10,10,10,10,10,20,10,10,20,20,10
how much does a wix website cost per year,INR,10,100%,0%,Low,17,94.09,451.45,,,,,,20,10,10,10,10,20,20,10,10,10,20,20
how much does an agency charge for a website,INR,10,∞,0%,Low,14,,,,,,,,10,10,0,10,10,10,10,0,0,0,10,10
how much does an ecommerce site cost,INR,110,0%,-59%,Low,33,260.66,1477.65,,,,,,260,140,70,110,110,210,170,40,50,70,40,70
how much does developing a website cost,INR,10,0%,-100%,Unknown,,,,,,,,,10,10,10,10,10,0,0,0,10,0,10,0
how much does domain cost on wix,INR,10,0%,0%,Low,12,,,,,,,,20,10,10,10,10,10,20,10,10,10,10,10
how much does ecommerce cost,INR,10,0%,0%,Medium,43,,,,,,,,10,10,10,10,10,10,10,0,10,10,10,10
how much does godaddy charge for website,INR,10,0%,0%,Low,29,,,,,,,,10,10,10,10,10,10,10,10,10,10,10,10
how much does it cost for a com website,INR,10,0%,0%,High,71,,,,,,,,0,10,10,0,0,10,10,10,10,10,10,10
how much does it cost for creating a website,INR,10,0%,0%,Low,0,,,,,,,,10,0,0,10,10,10,10,10,10,10,0,10
how much does it cost for making a website,INR,10,-100%,-100%,Unknown,,,,,,,,,10,10,10,10,10,10,0,0,0,10,10,0
how much does it cost for website development,INR,50,67%,-64%,Low,29,167.84,1053.97,,,,,,170,70,30,40,30,30,30,40,50,30,40,50
how much does it cost for wix,INR,10,0%,0%,Low,5,,,,,,,,10,10,10,10,10,10,0,10,10,10,10,10
how much does it cost to build a online store,INR,10,-100%,-100%,Unknown,,,,,,,,,10,10,10,10,0,0,10,0,10,10,10,0
how much does it cost to build a personal website,INR,10,0%,0%,High,79,,,,,,,,10,10,10,10,10,0,10,10,10,10,10,10
how much does it cost to build a static website,INR,10,∞,0%,High,86,,,,,,,,10,10,0,10,10,10,0,10,0,0,0,10
how much does it cost to build a web platform,INR,10,0%,-100%,Unknown,,,,,,,,,0,10,0,0,0,0,0,0,0,0,0,0
how much does it cost to build website on wix,INR,10,0%,0%,High,79,,,,,,,,10,0,10,10,0,10,10,10,0,10,10,10
how much does it cost to create a blog website,INR,10,0%,0%,Low,29,,,,,,,,10,10,10,10,10,10,0,10,10,10,10,10
how much does it cost to create a database website,INR,10,0%,0%,Unknown,,,,,,,,,10,10,10,0,0,0,0,0,0,0,10,0
how much does it cost to create a wix website,INR,10,0%,0%,Medium,50,280.62,1031.11,,,,,,10,10,10,10,10,10,10,10,10,10,10,10
how much does it cost to design a landing page,INR,10,-100%,-100%,Unknown,,,,,,,,,10,10,0,10,10,10,10,10,10,10,10,0
how much does it cost to design a professional website,INR,10,-100%,-100%,Unknown,,,,,,,,,0,10,10,10,10,10,0,10,0,10,10,0
how much does it cost to design an ecommerce website,INR,10,0%,-100%,Unknown,,,,,,,,,0,0,0,0,10,10,10,10,0,0,0,0
how much does it cost to have an ecommerce website,INR,10,0%,0%,High,86,,,,,,,,10,10,0,10,10,10,10,10,10,10,10,10
how much does it cost to maintain a wix website,INR,10,0%,0%,Low,3,,,,,,,,10,10,10,10,10,10,10,10,10,10,0,10
how much does it cost to maintain an ecommerce website,INR,10,∞,-50%,Medium,33,,,,,,,,40,10,10,10,10,0,10,0,0,0,10,10
how much does it cost to post a website,INR,10,0%,0%,Low,29,,,,,,,,10,10,10,10,10,10,10,10,10,10,10,10
how much does it cost to publish a wix website,INR,10,0%,-50%,Low,18,,,,,,,,30,10,10,20,10,10,10,10,10,10,10,10
how much does it cost to run a business website,INR,10,0%,-67%,Medium,43,,,,,,,,40,30,20,20,10,10,10,10,10,10,10,10
how much does it cost to sell on flippa,INR,10,∞,∞,Low,5,,,,,,,,10,10,0,0,10,10,0,0,0,0,10,10
how much does it cost to setup a shopify website,INR,10,0%,∞,Medium,43,,,,,,,,10,0,0,0,0,0,10,10,0,10,10,10
how much does it cost to transfer domain to wix,INR,10,0%,0%,Low,0,,,,,,,,10,10,10,10,10,10,10,10,10,10,10,10
how much does it cost to upkeep a website,INR,10,0%,-50%,Medium,46,168.53,1600.58,,,,,,10,10,10,10,10,10,10,10,10,10,10,10
how much does it costs to create a website,INR,10,0%,0%,Low,0,,,,,,,,0,10,0,10,0,10,10,10,10,10,10,10
how much does maintaining a website cost,INR,260,24%,-46%,Low,28,132.19,722.42,,,,,,390,320,210,210,170,260,260,210,170,170,170,210
how much does one website cost,INR,10,∞,0%,Low,0,,,,,,,,10,10,0,0,0,0,0,10,10,0,0,10
how much does professional web design cost,INR,30,133%,133%,Low,23,277.22,1477.73,,,,,,20,20,20,10,10,10,20,10,40,30,70,70
how much does simplesite cost,INR,10,0%,0%,Unknown,,,,,,,,,0,10,0,0,0,0,0,0,0,0,0,0
how much does site development cost,INR,10,0%,0%,Low,29,,,,,,,,10,10,0,10,10,0,10,10,10,10,10,10
how much does the average website cost to build,INR,10,0%,0%,Medium,57,154.95,489.44,,,,,,10,10,10,10,10,10,10,10,10,10,10,10
how much does this website cost,INR,2400,0%,-17%,Medium,47,226.92,1091.29,,,,,,2900,2400,1900,1900,1900,1900,2400,1900,1900,2400,1900,2400
how much does web maintenance cost,INR,50,133%,-50%,Low,13,424.99,1381.35,,,,,,140,90,70,50,50,70,50,50,30,30,30,70
how much does weebly cost per year,INR,10,0%,0%,Low,25,,,,,,,,10,10,10,10,10,10,10,0,10,10,10,10
how much does wix,INR,10,0%,0%,Low,24,,,,,,,,10,10,10,10,10,10,10,10,10,10,10,10
how much does wix ascend cost,INR,10,0%,0%,Unknown,,,,,,,,,10,0,0,10,0,0,0,10,10,0,0,0
how much does wix bookings cost,INR,10,0%,0%,Low,10,,,,,,,,10,10,10,10,10,10,10,10,10,10,10,10
how much does wix charge for a domain,INR,50,0%,-29%,Low,33,457.98,3303.99,,,,,,70,50,50,50,70,70,70,40,30,50,40,50
how much does wix charge for a domain name,INR,10,0%,-50%,Medium,44,350.13,2896.75,,,,,,10,10,10,10,10,10,10,10,10,10,10,10
how much does wix charge for email,INR,10,0%,0%,Low,14,,,,,,,,10,10,10,10,10,10,10,10,10,10,10,10
how much does wix charge for hosting,INR,10,0%,0%,Low,18,,,,,,,,10,10,10,10,10,10,10,10,10,10,10,10
how much does wix charge for online store,INR,10,0%,∞,High,86,,,,,,,,10,10,0,0,0,0,0,0,0,10,0,10
how much does wix charge for payments,INR,10,0%,0%,Low,10,,,,,,,,10,10,0,10,10,10,10,10,10,10,0,10
how much does wix charge for website,INR,10,0%,0%,Low,21,,,,,,,,10,10,10,10,10,10,10,10,10,10,10,10
how much does wix charge per month,INR,10,0%,0%,Medium,52,,,,,,,,10,10,10,10,10,10,10,10,10,10,10,10
how much does wix charge per sale,INR,10,0%,0%,Low,0,,,,,,,,10,10,10,10,10,10,10,10,10,10,10,10
how much does wix charge to accept payments,INR,10,0%,0%,Medium,39,243.17,1706.22,,,,,,10,20,20,10,10,10,10,10,0,10,10,10
how much does wix charge to create a website,INR,10,0%,0%,Medium,36,,,,,,,,10,10,10,10,10,10,10,10,10,10,0,10
how much does wix cost a year,INR,20,0%,-67%,Low,29,451.33,1081.34,,,,,,40,30,40,10,20,10,10,10,10,10,10,10
how much does wix cost for a website,INR,20,0%,50%,Low,29,266.05,1063.68,,,,,,20,10,30,40,40,10,20,10,20,30,30,30
how much does wix cost monthly,INR,10,0%,0%,Low,29,,,,,,,,10,10,20,30,10,10,10,10,10,10,10,10
how much does wix cost per transaction,INR,10,0%,0%,Low,0,,,,,,,,10,10,10,0,10,0,0,0,0,10,0,10
how much does wix cost to host a website,INR,20,100%,100%,Medium,40,276.83,1531.52,,,,,,10,10,30,20,40,20,10,20,10,10,20,20
how much does wix cost to use,INR,10,0%,0%,High,76,116.22,826.84,,,,,,10,10,10,10,10,10,10,0,10,10,10,10
how much does wix logo maker cost,INR,10,-100%,-100%,Unknown,,,,,,,,,10,10,10,10,10,10,10,10,0,10,10,0
how much does wix online store cost,INR,10,-100%,-100%,Unknown,,,,,,,,,10,0,0,0,10,10,0,0,0,10,0,0
how much does wix payments charge,INR,10,0%,-50%,Low,22,,,,,,,,10,20,20,20,10,10,10,10,10,10,10,10
how much does wix site cost,INR,10,0%,0%,High,79,,,,,,,,10,10,10,10,10,10,10,10,0,10,10,10
how much does wix store cost,INR,10,0%,-50%,Medium,61,127.30,517.36,,,,,,10,10,10,20,10,10,10,10,10,10,10,10
how much does wix take per sale,INR,50,-40%,-40%,Low,5,,,,,,,,50,50,70,50,50,40,50,40,40,50,40,30
how much does wix website builder cost,INR,10,0%,0%,Medium,36,117.16,388.75,,,,,,10,10,10,10,10,10,10,10,10,10,10,10
how much does wordpress website design cost,INR,10,0%,-100%,Unknown,,,,,,,,,10,0,10,0,10,0,0,0,10,0,0,0
how much is site cost,INR,10,0%,-100%,Unknown,,,,,,,,,10,0,0,0,0,0,0,0,0,0,10,0
how much it takes to build a website,INR,10,∞,∞,High,86,,,,,,,,0,0,10,10,0,10,10,0,10,0,0,10
how much money does it cost to build a website,INR,10,0%,0%,Medium,43,,,,,,,,10,20,10,10,10,10,10,10,10,10,10,10
how much money does it cost to run a website,INR,10,0%,0%,Low,33,90.47,576.35,,,,,,10,20,10,10,10,10,10,10,10,10,10,10
how much money does it take to build a website,INR,10,0%,0%,Low,11,,,,,,,,10,10,10,10,10,10,10,10,10,10,10,10
how much money does it take to start a website,INR,10,0%,0%,Medium,64,,,,,,,,10,10,0,10,10,10,10,10,10,10,10,10
how much should a beginner web designer charge,INR,10,0%,0%,Medium,43,,,,,,,,10,10,10,10,10,10,10,10,10,10,10,10
how much should a custom website cost,INR,110,-18%,-36%,Medium,42,241.88,1070.50,,,,,,140,90,70,70,70,140,70,90,260,110,90,90
how much should a freelance web designer charge,INR,30,50%,-25%,Low,21,95.06,654.06,,,,,,40,40,40,50,30,30,30,20,20,20,20,30
how much should a landing page cost,INR,10,0%,0%,Low,29,,,,,,,,10,10,10,10,10,10,10,10,10,10,0,10
how much should a professional website cost,INR,90,89%,0%,Medium,45,287.74,1231.33,,,,,,140,110,90,90,70,90,90,90,70,90,90,170
how much should a simple website cost,INR,10,0%,0%,High,81,227.50,1504.69,,,,,,10,10,10,10,10,10,10,10,10,10,10,10
how much should a web developer charge,INR,10,0%,-100%,Unknown,,,,,,,,,10,10,0,10,10,10,10,0,10,0,10,0
how much should a website cost to build,INR,10,0%,0%,High,67,225.59,1842.81,,,,,,10,10,10,10,10,10,10,10,10,20,10,20
how much should a website redesign cost,INR,110,143%,0%,Low,25,276.68,1417.26,,,,,,210,110,140,90,70,70,90,50,90,70,90,170
how much should a wordpress site cost,INR,20,-100%,-100%,Unknown,,,,,,,,,30,20,10,10,10,140,10,0,10,10,0,0
how much should i charge for a one page website,INR,10,0%,0%,Medium,66,223.09,821.06,,,,,,10,10,10,10,10,10,10,10,10,10,10,10
how much should i charge for a website redesign,INR,10,0%,0%,Low,14,,,,,,,,10,10,10,10,10,10,10,0,0,10,10,10
how much should i charge for a wix website,INR,10,0%,0%,Low,0,,,,,,,,10,10,10,10,10,10,10,10,10,10,0,10
how much should i charge for monthly website maintenance,INR,10,0%,0%,Low,14,,,,,,,,10,10,10,10,10,10,10,10,10,10,10,10
how much should i charge for web development,INR,10,∞,0%,Medium,57,,,,,,,,10,10,0,10,0,0,10,0,0,0,10,10
how much should i charge for website development,INR,10,0%,0%,Medium,53,104.86,375.21,,,,,,10,10,10,10,10,10,10,10,10,10,10,10
how much should i charge to build website,INR,10,0%,0%,Medium,33,,,,,,,,10,10,10,0,10,10,10,0,10,10,10,10
how much should i charge to create a wix website,INR,10,0%,0%,Low,14,,,,,,,,10,10,10,0,0,10,10,10,0,10,10,10
how much should i charge to redesign a website,INR,10,0%,0%,Medium,41,80.59,218.99,,,,,,10,10,10,10,10,10,10,10,10,10,10,10
how much should i charge to set up a website,INR,10,0%,0%,High,67,,,,,,,,10,10,0,0,0,10,10,0,10,10,10,10
how much should you charge for website design,INR,10,0%,0%,Low,29,,,,,,,,10,10,10,10,10,10,10,10,10,10,10,10
how much to charge for a ecommerce website,INR,10,0%,0%,Unknown,,,,,,,,,10,10,10,10,0,0,10,0,0,0,10,0
how much to charge for website design and development,INR,10,0%,0%,High,86,,,,,,,,10,10,10,10,10,10,0,10,0,10,0,10
how much web development cost,INR,10,0%,-50%,Medium,46,285.85,1426.53,,,,,,40,20,10,10,20,20,10,10,10,10,10,10
how much will a website cost me,INR,10,0%,0%,High,79,,,,,,,,10,10,10,10,10,10,0,10,0,10,10,10
how much would it cost to start a website,INR,880,0%,-32%,Medium,46,219.78,954.61,,,,,,1300,1300,880,880,720,880,880,720,720,880,720,880
how to estimate cost of website development,INR,0,0%,-100%,Unknown,,,,,,,,,0,0,0,0,0,0,0,0,0,0,0,0
low cost ecommerce website design,INR,20,100%,-60%,Low,5,,,,,,,,50,30,20,10,10,20,10,10,40,10,10,20
low cost web design agency,INR,0,0%,0%,Unknown,,,,,,,,,0,0,0,0,0,0,0,0,0,0,0,0
low cost web design company,INR,70,-25%,-73%,Low,0,,,,,,,,110,70,30,10,70,210,70,90,30,40,10,30
magento 2 website cost,INR,10,0%,0%,Unknown,,,,,,,,,0,0,0,0,0,0,10,0,0,0,0,0
magento ecommerce site cost,INR,10,0%,0%,Low,0,,,,,,,,10,10,10,10,0,10,10,0,0,10,10,10
magento ecommerce website price,INR,10,0%,0%,Low,0,,,,,,,,10,10,10,10,0,10,10,0,0,10,10,10
magento site development cost,INR,20,100%,-50%,Low,0,,,,,,,,40,50,40,10,10,10,10,10,10,10,10,20
magento website design cost,INR,10,0%,-100%,Unknown,,,,,,,,,0,10,10,10,0,0,0,0,0,0,0,0
magento website development cost,INR,20,100%,-50%,Low,0,,,,,,,,40,50,40,10,10,10,10,10,10,10,10,20
magento website maintenance cost,INR,10,∞,0%,Low,0,,,,,,,,10,10,10,0,10,0,10,0,0,0,0,10
magento website price,INR,40,400%,-44%,Low,0,,,,,,,,90,70,30,20,10,170,10,30,10,10,10,50
maintenance cost of e commerce website,INR,10,0%,-75%,Low,0,,,,,,,,30,20,10,0,20,50,0,10,0,10,10,10
minimum website cost,INR,10,∞,0%,High,86,,,,,,,,10,10,0,10,10,0,10,0,0,0,10,10
multivendor ecommerce website price,INR,10,0%,-100%,Unknown,,,,,,,,,10,10,0,0,0,0,0,0,0,0,0,0
new website proposal,INR,10,∞,0%,Medium,57,,,,,,,,10,0,10,0,0,10,10,10,10,0,0,10
normal website cost,INR,10,-100%,-100%,Unknown,,,,,,,,,10,10,0,0,0,0,0,0,0,10,0,0
one website cost,INR,10,0%,-100%,Unknown,,,,,,,,,0,0,10,0,0,10,0,0,0,0,0,0
online designers for hire,INR,10,0%,∞,Low,17,,,,,,,,10,0,0,0,10,10,10,10,0,10,10,10
online shopping website price,INR,0,0%,-100%,Unknown,,,,,,,,,0,0,0,0,0,0,0,0,0,0,0,0
online store development cost,INR,10,∞,-50%,Low,0,,,,,,,,20,10,20,10,10,10,10,10,0,0,10,10
packages web design,INR,320,50%,-79%,Low,16,487.99,1702.01,,,,,,720,390,260,320,210,880,390,210,110,140,110,210
pay monthly websites packages,INR,10,0%,-80%,Low,0,,,,,,,,40,30,10,10,10,10,10,10,10,10,10,10
price of an ecommerce website,INR,10,0%,-100%,Unknown,,,,,,,,,0,0,0,0,10,0,0,10,0,0,0,0
price of digital marketing services,INR,10,∞,0%,Low,0,,,,,,,,10,20,10,10,10,10,0,0,0,0,0,10
price quotation for website development,INR,10,∞,∞,Medium,57,,,,,,,,0,0,0,0,0,0,0,0,0,0,0,10
price to set up a website,INR,110,0%,-47%,Medium,53,221.74,1526.36,,,,,,170,140,110,110,90,140,90,70,70,90,90,90
pricing ui,INR,50,0%,-20%,Low,9,145.60,1450.27,,,,,,50,50,50,40,50,40,50,40,50,40,70,40
pricing webdesign,INR,0,0%,0%,Unknown,,,,,,,,,0,0,0,0,0,0,0,0,0,0,0,0
professional ecommerce website cost,INR,10,0%,-100%,Unknown,,,,,,,,,10,10,10,10,10,0,0,0,0,0,0,0
project proposal for website development,INR,140,40%,-82%,Low,15,317.47,1375.45,,,,,,390,170,50,30,70,590,30,40,40,50,30,70
quote for web development,INR,50,133%,-50%,Low,4,840.45,5390.43,,,,,,110,70,50,40,50,10,10,20,70,30,20,70
real estate website development proposal,INR,0,0%,-100%,Unknown,,,,,,,,,0,0,0,0,0,0,0,0,0,0,0,0
reasonable website design prices,INR,10,0%,-100%,Unknown,,,,,,,,,10,10,10,0,10,0,0,0,0,0,0,0
responsive web design packages,INR,10,∞,0%,Low,0,,,,,,,,0,10,10,0,0,0,0,10,0,0,10,10
responsive web design quotes,INR,10,∞,0%,Low,0,,,,,,,,10,10,10,10,10,0,0,10,0,0,0,10
responsive website quotes,INR,10,∞,0%,Low,0,,,,,,,,10,10,10,10,10,0,0,10,0,0,0,10
restaurant website proposal,INR,10,0%,0%,Unknown,,,,,,,,,10,0,10,0,0,0,0,0,10,0,0,0
rfp examples for website design,INR,10,-50%,-75%,Low,0,,,,,,,,10,10,10,20,10,40,10,10,0,20,20,10
rfp for web design services,INR,10,∞,-50%,Low,0,,,,,,,,10,0,10,10,0,0,0,0,10,0,0,10
rfp sample for website development,INR,10,0%,-100%,Unknown,,,,,,,,,0,10,0,0,0,0,0,0,0,0,0,0
sample project proposal for website development,INR,30,-67%,-67%,Low,3,,,,,,,,20,20,30,30,20,40,20,10,50,30,20,10
sample proposal for website design and development,INR,10,0%,0%,Low,0,,,,,,,,10,10,10,10,10,0,10,10,0,10,10,10
sample rfp for website design,INR,10,0%,-89%,Low,0,,,,,,,,10,10,10,10,10,10,10,10,10,10,10,10
sample rfp for website development,INR,20,-50%,-89%,Low,20,489.32,908.86,,,,,,30,40,30,30,20,30,20,10,10,20,30,10
sample rfp for website redesign,INR,10,0%,-89%,Low,0,,,,,,,,10,10,10,10,10,10,10,10,10,10,10,10
sample website rfp,INR,30,-75%,-86%,Low,13,,,,,,,,40,30,30,40,30,50,20,10,10,40,50,10
seo web design packages,INR,210,180%,-71%,Low,9,1093.21,3117.96,,,,,,720,590,320,210,210,170,40,30,20,50,50,140
shopify freelance web designer,INR,20,∞,-80%,Low,0,,,,,,,,50,30,10,10,10,110,0,10,0,0,0,10
shopify store maintenance,INR,30,-50%,-80%,Low,13,,,,,,,,110,30,10,10,10,90,10,10,10,20,10,10
shopify web design packages,INR,30,100%,-33%,Medium,34,,,,,,,,90,50,40,10,10,20,40,10,10,10,10,20
shopify website development package,INR,10,0%,0%,Unknown,,,,,,,,,0,10,10,0,0,0,0,0,10,0,0,0
simple website design proposal,INR,10,0%,0%,Low,0,,,,,,,,10,10,0,10,10,10,10,10,10,10,10,10
small business ecommerce website cost,INR,10,∞,0%,Low,0,,,,,,,,10,10,10,0,0,0,10,10,0,0,10,10
small business web design prices,INR,40,∞,-82%,Low,0,,,,,,,,110,50,10,10,10,170,30,0,0,0,10,20
small business website design pricing,INR,10,400%,400%,Low,0,,,,,,,,10,10,10,10,10,0,10,0,0,10,10,50
small business website design quote,INR,10,0%,0%,Low,0,,,,,,,,10,10,10,10,10,10,0,0,0,10,0,10
squarespace web designer cost,INR,10,0%,0%,Medium,57,,,,,,,,10,10,10,10,0,10,10,10,0,10,10,10
startup website cost,INR,30,400%,25%,Low,11,162.01,2961.01,,,,,,50,30,20,10,10,20,10,10,70,10,20,50
static website proposal,INR,10,0%,0%,Unknown,,,,,,,,,0,10,10,0,0,0,0,0,0,0,0,0
static website quotation,INR,10,0%,0%,Unknown,,,,,,,,,0,0,0,10,0,0,0,0,0,0,0,0
technical proposal for website development,INR,10,0%,-100%,Unknown,,,,,,,,,0,0,0,0,0,10,10,0,0,0,0,0
typical website development costs,INR,70,125%,-57%,Low,24,340.14,1885.29,,,,,,210,90,70,50,70,50,50,40,30,40,40,90
ui design proposal,INR,10,0%,-80%,Low,0,,,,,,,,40,10,10,10,10,70,10,10,10,10,10,10
web agency proposal,INR,10,0%,0%,Low,0,,,,,,,,10,10,10,10,10,30,10,10,10,10,10,10
web banner design price,INR,10,∞,0%,High,86,,,,,,,,10,10,0,10,0,0,10,10,0,0,10,10
web design and development cost,INR,40,350%,0%,Low,5,338.32,1609.76,,,,,,90,50,50,40,30,20,20,90,20,20,30,90
web design and development packages,INR,10,0%,-75%,Low,5,,,,,,,,50,20,20,10,20,10,10,10,10,10,10,10
web design and development proposal,INR,10,0%,-80%,Low,29,,,,,,,,20,20,10,10,10,10,0,10,10,10,10,10
web design and development quotes,INR,10,∞,0%,Low,0,,,,,,,,10,10,10,10,0,10,10,10,0,0,10,10
web design and seo packages,INR,210,180%,-71%,Low,9,1093.21,3117.96,,,,,,720,590,320,210,210,170,40,30,20,50,50,140
web design captions,INR,10,-100%,-100%,Unknown,,,,,,,,,10,10,10,10,0,10,0,0,0,10,0,0
web design development packages,INR,10,0%,-75%,Low,5,,,,,,,,50,20,20,10,20,10,10,10,10,10,10,10
web design fees per hour,INR,10,-100%,-100%,Unknown,,,,,,,,,0,10,0,10,0,10,0,10,0,10,0,0
web design hosting packages,INR,10,100%,-33%,Low,0,,,,,,,,20,20,10,10,10,10,10,10,10,10,10,20
web design package examples,INR,10,-100%,-100%,Unknown,,,,,,,,,0,10,10,10,10,0,10,10,0,10,0,0
web design package ss2,INR,10,0%,0%,Unknown,,,,,,,,,0,0,0,0,10,0,0,0,0,0,0,0
web design project brief,INR,10,-100%,-100%,Unknown,,,,,,,,,10,10,10,10,10,10,10,10,0,10,10,0
web design proposal for schools,INR,10,0%,-100%,Unknown,,,,,,,,,0,10,0,0,10,0,0,10,0,0,0,0
web design proposal word document,INR,10,0%,0%,Unknown,,,,,,,,,0,10,0,0,0,0,0,0,0,0,0,0
web design quotes inspirational,INR,10,0%,0%,Low,7,,,,,,,,10,10,10,10,10,10,10,0,10,10,10,10
web design rates per hour,INR,170,0%,-35%,Low,15,172.91,1180.35,,,,,,260,260,170,170,170,170,170,140,140,170,110,170
web design website proposal sample,INR,10,0%,-100%,Unknown,,,,,,,,,0,10,10,10,0,0,0,0,0,0,0,0
web designer price per hour,INR,10,0%,-67%,High,67,359.81,1006.94,,,,,,20,20,10,10,10,10,10,10,10,10,10,10
web developer charges,INR,50,67%,-71%,Low,33,335.24,1388.41,,,,,,140,70,50,40,40,30,30,30,30,30,40,50
web developer proposal,INR,10,∞,0%,Medium,43,,,,,,,,10,0,10,0,0,0,0,0,0,0,10,10
web development business proposal,INR,140,40%,-82%,Low,15,317.47,1375.45,,,,,,390,170,50,30,70,590,30,40,40,50,30,70
web development company packages,INR,10,0%,-100%,Unknown,,,,,,,,,10,10,10,0,0,0,0,0,0,0,0,0
web development company quotes,INR,10,0%,-100%,Unknown,,,,,,,,,10,10,10,0,0,0,0,0,0,0,0,0
web development proposal templates,INR,110,0%,-67%,Low,10,578.27,2378.16,,,,,,170,110,90,90,70,320,70,50,50,70,50,70
web development services prices,INR,10,0%,0%,Medium,57,,,,,,,,10,10,10,10,10,0,0,0,10,10,0,10
web hosting rfp,INR,10,0%,-86%,Medium,36,,,,,,,,10,30,10,10,10,10,10,10,0,10,10,10
web page designers prices,INR,10,0%,-100%,Unknown,,,,,,,,,10,10,0,0,10,0,10,0,0,0,0,0
web redesign rfp,INR,260,23%,-33%,Low,8,722.05,2551.06,,,,,,390,390,260,210,320,390,390,260,170,260,140,320
website agency cost,INR,10,0%,0%,Medium,43,237.84,1245.78,,,,,,10,10,10,10,10,10,10,10,10,10,10,10
website banner design cost,INR,20,0%,-80%,Low,0,,,,,,,,40,30,10,10,10,90,10,10,10,10,10,10
website banner design price,INR,10,∞,0%,High,86,,,,,,,,10,10,0,10,0,0,10,10,0,0,10,10
website building price list,INR,10,0%,0%,Low,0,,,,,,,,10,10,10,0,10,0,10,0,10,10,10,10
website building proposal sample,INR,0,0%,-100%,Unknown,,,,,,,,,0,0,0,0,0,0,0,0,0,0,0,0
website cost online,INR,10,0%,0%,Medium,57,299.40,875.63,,,,,,20,10,10,10,10,10,10,10,10,10,10,10
website cost per page,INR,10,0%,0%,Medium,38,81.81,832.77,,,,,,10,10,10,10,10,10,10,10,10,10,0,10
website costing proposal,INR,10,∞,0%,Medium,43,,,,,,,,0,10,0,10,0,0,0,0,0,0,0,10
website creation quotation,INR,10,0%,-86%,Low,29,,,,,,,,30,10,0,10,0,70,10,10,10,10,0,10
website design and development rfp,INR,30,300%,-56%,Low,10,464.72,1495.87,,,,,,50,50,70,20,90,20,20,10,10,10,30,40
website design and hosting cost,INR,10,0%,-67%,Medium,43,835.43,1870.64,,,,,,40,30,20,10,10,10,10,10,10,10,10,10
website design bid proposal,INR,10,0%,-100%,Unknown,,,,,,,,,0,10,0,0,0,0,0,0,0,0,0,0
website design business proposal,INR,140,0%,-65%,Low,23,352.98,1108.44,,,,,,210,170,110,110,90,320,210,170,110,90,70,90
website design company prices,INR,260,189%,-70%,Low,13,297.62,1507.54,,,,,,880,390,260,260,210,480,170,70,90,90,110,260
website design cost near me,INR,10,0%,0%,High,100,,,,,,,,10,10,10,0,10,10,10,20,10,10,0,10
website design development proposal,INR,10,0%,-100%,Unknown,,,,,,,,,0,0,0,10,0,0,0,0,0,0,0,0
website design firm pricing,INR,10,0%,0%,Low,0,,,,,,,,70,40,10,0,0,0,20,10,0,10,10,10
website design free quote,INR,10,-100%,-100%,Unknown,,,,,,,,,20,10,20,10,10,10,10,10,10,10,0,0
website design project proposal,INR,10,0%,0%,Medium,34,46.30,589.41,,,,,,10,10,10,10,10,10,10,10,10,10,10,10
website design project proposal sample,INR,10,0%,-100%,Unknown,,,,,,,,,10,10,0,10,10,0,10,10,0,0,10,0
website design proposal for hotel,INR,0,0%,0%,Unknown,,,,,,,,,0,0,0,0,0,0,0,0,0,0,0,0
website design rfp 2022,INR,10,0%,-100%,Unknown,,,,,,,,,10,0,10,0,10,10,0,10,0,0,0,0
website design rfp example,INR,10,0%,-89%,Low,0,,,,,,,,10,10,10,10,10,10,10,10,10,10,10,10
website design services list,INR,10,0%,0%,Medium,43,,,,,,,,10,10,10,10,10,10,10,10,10,10,10,10
website development budget,INR,10,0%,-67%,Medium,46,,,,,,,,10,10,10,10,10,10,10,10,10,10,10,10
website development captions,INR,10,-100%,0%,Unknown,,,,,,,,,10,10,0,10,0,10,0,0,0,10,10,0
website development cost estimate,INR,10,∞,-50%,Low,0,,,,,,,,30,10,10,10,10,10,10,10,10,0,0,10
website development price list,INR,10,0%,-100%,Unknown,,,,,,,,,0,10,0,0,10,10,10,0,0,0,0,0
website development project plan sample,INR,70,-50%,-95%,Low,17,,,,,,,,260,70,10,10,10,390,40,10,0,20,10,10
website development proposal document,INR,10,0%,-100%,Unknown,,,,,,,,,40,10,10,0,0,0,0,10,0,0,0,0
website development proposal for freelancer,INR,10,0%,-100%,Unknown,,,,,,,,,0,10,0,0,0,0,0,0,0,0,0,0
website development rfp example,INR,10,0%,-100%,Unknown,,,,,,,,,0,10,0,0,0,0,10,0,0,0,0,0
website hosting proposal,INR,10,0%,0%,Low,0,,,,,,,,10,10,10,10,10,0,10,10,10,10,10,10
website hosting rfp,INR,10,0%,-86%,Medium,36,,,,,,,,10,30,10,10,10,10,10,10,0,10,10,10
website maintenance and support services price,INR,10,-100%,-100%,Unknown,,,,,,,,,10,10,10,10,10,10,0,0,0,10,0,0
website make price,INR,20,0%,-60%,Medium,59,324.75,1025.15,,,,,,30,20,30,30,20,10,20,20,10,20,10,20
website making proposal,INR,140,0%,-65%,Low,23,352.98,1108.44,,,,,,210,170,110,110,90,320,210,170,110,90,70,90
website making quotation,INR,10,0%,-100%,Unknown,,,,,,,,,0,0,0,10,10,0,0,0,0,0,0,0
website management services prices,INR,10,∞,0%,Low,0,,,,,,,,10,10,10,10,10,10,0,10,0,0,10,10
website packages & pricing,INR,10,0%,-100%,Unknown,,,,,,,,,0,0,10,0,0,0,0,10,0,0,0,0
website price per page,INR,10,0%,0%,Medium,38,81.81,832.77,,,,,,10,10,10,10,10,10,10,10,10,10,0,10
website project cost,INR,10,∞,0%,Low,0,,,,,,,,0,10,10,10,0,10,0,0,0,0,0,10
website project plan sample,INR,50,-75%,-93%,Low,10,,,,,,,,110,50,20,20,10,210,40,10,10,40,30,10
website project proposal sample,INR,10,0%,0%,Low,0,,,,,,,,10,10,10,10,10,10,10,10,10,10,10,10
website ranking companies,INR,20,0%,-67%,Medium,43,,,,,,,,20,20,10,170,10,10,10,10,10,10,10,10
website redesign budget,INR,10,0%,-67%,Low,0,,,,,,,,20,10,10,10,10,10,10,10,10,10,10,10
website redesign rfp example,INR,10,∞,-75%,Medium,40,,,,,,,,10,10,10,10,10,10,10,0,10,0,10,10
website revamping proposal,INR,10,0%,-50%,High,86,,,,,,,,10,20,10,10,10,10,10,10,0,10,0,10
website support services cost,INR,10,∞,0%,Low,0,,,,,,,,10,10,10,10,10,10,0,10,10,0,0,10
website ui design price,INR,10,-100%,-100%,Unknown,,,,,,,,,0,0,0,0,0,0,0,0,0,10,0,0
website update proposal,INR,10,∞,0%,Medium,57,,,,,,,,0,10,0,10,10,0,0,10,10,0,0,10
website with shopping cart cost,INR,10,0%,-100%,Unknown,,,,,,,,,10,10,0,0,10,0,0,0,10,0,0,0
wix ecommerce charges,INR,10,0%,-100%,Unknown,,,,,,,,,0,0,10,0,10,0,0,0,0,0,0,0
wix ecommerce fee,INR,20,-33%,-50%,Low,19,245.66,1137.58,,,,,,30,20,20,20,30,20,20,20,30,30,10,20
wix ecommerce store pricing,INR,10,∞,0%,Medium,36,,,,,,,,10,10,10,10,10,0,10,10,0,0,0,10
wix ecommerce website cost,INR,10,0%,0%,Low,0,,,,,,,,0,10,10,10,10,10,10,0,10,10,10,10
wix payment gateway charges,INR,10,∞,0%,Low,0,,,,,,,,10,10,10,10,10,0,10,0,10,0,0,10
wix shopping cart pricing,INR,10,0%,0%,Low,21,,,,,,,,0,0,10,0,0,0,10,0,0,10,0,10
wix website cost per year,INR,20,0%,100%,Low,31,178.02,1004.39,,,,,,20,20,20,10,20,20,30,30,20,40,30,40
woocommerce service fee,INR,10,-100%,-100%,Unknown,,,,,,,,,10,0,10,10,10,0,0,0,10,10,0,0
woocommerce website development package,INR,0,0%,-100%,Unknown,,,,,,,,,0,0,0,0,0,0,0,0,0,0,0,0
wordpress e commerce website price,INR,10,0%,-100%,Unknown,,,,,,,,,0,20,10,10,10,0,0,0,0,0,0,0
wordpress ecommerce site price,INR,10,∞,0%,Low,0,,,,,,,,10,10,10,10,10,0,0,10,10,0,10,10
wordpress ecommerce website proposal,INR,10,-100%,-100%,Unknown,,,,,,,,,0,0,0,0,0,0,0,0,0,10,0,0
wordpress ecommerce website quotation,INR,0,0%,-100%,Unknown,,,,,,,,,0,0,0,0,0,0,0,0,0,0,0,0
wordpress web design cost,INR,140,3500%,324%,Low,0,472.42,2194.97,,,,,,170,170,50,70,110,260,70,70,20,20,10,720
wordpress web design proposal,INR,10,0%,-100%,Unknown,,,,,,,,,10,10,10,0,10,10,0,0,0,0,10,0
wordpress web designer for hire,INR,10,∞,-50%,Medium,52,,,,,,,,20,20,20,0,10,10,10,0,10,0,10,10
wordpress website design proposal,INR,20,∞,-86%,Low,0,,,,,,,,30,10,0,10,0,110,10,10,0,0,10,10
wordpress website development quotation,INR,10,-100%,-100%,Unknown,,,,,,,,,10,10,10,10,10,0,0,0,0,10,0,0
writing a website proposal,INR,10,-100%,-100%,Unknown,,,,,,,,,10,10,10,10,10,0,10,10,0,10,10,0
website design cost small business,INR,10,0%,-100%,Unknown,,,,,,,,,0,10,0,10,0,0,0,10,0,0,0,0
web agency rates,INR,,--,--,Unknown,,,,,,,,,,,,,,,,,,,,