Keyword Stats 2026-05-09 at 17_07_40,,,,,,,,,,,,,,,,,,,,,,,,,
1 April 2025 - 31 March 2026,,,,,,,,,,,,,,,,,,,,,,,,,
Keyword,Currency,Avg. monthly searches,Three month change,YoY change,Competition,Competition (indexed value),Top of page bid (low range),Top of page bid (high range),Ad impression share,Organic impression share,Organic average position,In account?,In plan?,Searches: Apr 2025,Searches: May 2025,Searches: Jun 2025,Searches: Jul 2025,Searches: Aug 2025,Searches: Sep 2025,Searches: Oct 2025,Searches: Nov 2025,Searches: Dec 2025,Searches: Jan 2026,Searches: Feb 2026,Searches: Mar 2026
shopify development,INR,1900,-84%,-16%,Low,15,531.00,2607.75,,,,,,1900,1600,1000,1300,1000,1900,880,720,880,9900,1000,1600
ecommerce website development,INR,1600,222%,-57%,Low,3,1163.61,3627.97,,,,Y,,3600,2400,1000,880,880,3600,2400,1000,720,590,480,1900
custom ecommerce website,INR,140,240%,-35%,Low,2,2162.95,3826.19,,,,,,260,170,110,40,30,480,90,40,50,50,90,170
web development company,INR,6600,83%,-64%,Low,12,786.91,3250.24,,,,,,9900,12100,8100,4400,5400,14800,6600,5400,3600,2400,2400,4400
website redesign,INR,3600,-57%,-71%,Low,26,563.99,3117.96,,,,Y,,5400,3600,2400,2900,3600,5400,3600,2900,2400,4400,1900,1900
small business web design,INR,2900,0%,-56%,Low,11,750.57,3117.96,,,,,,4400,3600,2900,2900,2900,5400,2900,1600,880,2900,1000,2900
professional web design,INR,1300,30%,-46%,Low,13,772.53,3585.66,,,,,,2400,1600,880,880,880,2400,1600,1000,1000,1000,1000,1300
next js developer,INR,140,56%,-18%,Low,11,1239.33,11194.90,,,,Y,,210,170,110,110,140,210,210,140,90,90,50,140
website designer near me,INR,27100,-18%,-70%,Low,22,929.38,3265.03,,,,Y,,49500,33100,27100,27100,27100,40500,27100,14800,14800,27100,27100,22200
website developer,INR,3600,0%,-64%,Medium,40,991.96,3846.39,,,,Y,,5400,4400,2900,3600,2900,5400,3600,2400,1900,2400,2400,2400
shopify experts,INR,2900,60%,-45%,Low,21,833.22,3976.81,,,,,,4400,14800,1900,1300,1600,2900,1600,1000,1300,1000,1300,1600
website developers near me,INR,5400,22%,-56%,Medium,43,947.39,3942.16,,,,,,9900,6600,5400,5400,5400,6600,5400,4400,2900,3600,3600,4400
website development company,INR,6600,83%,-64%,Low,12,786.91,3250.24,,,,Y,,9900,12100,8100,4400,5400,14800,6600,5400,3600,2400,2400,4400
website developers,INR,14800,0%,-45%,Low,24,540.41,2827.75,,,,Y,,22200,22200,12100,12100,14800,18100,14800,12100,27100,12100,9900,12100
website builders for small business,INR,6600,49%,49%,Low,23,866.27,3768.73,,,,,,6600,5400,6600,6600,5400,6600,6600,5400,5400,8100,9900,12100
professional website designer,INR,1000,50%,-70%,Low,23,1052.55,3892.67,,,,,,1900,1600,1000,720,720,2400,720,590,390,480,390,720
shopify web designer,INR,720,50%,-45%,Low,31,768.25,3117.96,,,,,,1600,1300,880,720,720,1600,480,320,320,480,390,720
website builders near me,INR,5400,22%,-56%,Medium,43,947.39,3942.16,,,,,,9900,6600,5400,5400,5400,6600,5400,4400,2900,3600,3600,4400
website designers for small business,INR,1300,39%,-66%,Low,20,1052.43,4193.95,,,,,,2900,1900,1300,880,1000,1900,1000,720,720,720,590,1000
web developers near me,INR,27100,-18%,-70%,Low,22,929.38,3265.03,,,,,,49500,33100,27100,27100,27100,40500,27100,14800,14800,27100,27100,22200
hire a website designer,INR,1300,116%,-21%,Low,23,1260.81,4328.31,,,,,,2400,1900,1300,1000,1000,1600,720,590,590,880,880,1900
shopify web developer,INR,590,177%,-45%,Low,13,871.14,4117.28,,,,,,1000,880,590,480,390,1600,590,320,170,260,320,720
web application development,INR,3600,81%,-64%,Low,8,665.56,3442.24,,,,,,6600,4400,3600,2400,2400,8100,5400,3600,1600,1600,1000,2900
web development services,INR,6600,184%,-18%,Low,8,682.17,3048.61,,,,,,9900,12100,8100,5400,6600,14800,6600,6600,3600,1900,1900,5400
website design for small business,INR,2900,0%,-56%,Low,11,750.57,3117.96,,,,Y,,4400,3600,2900,2900,2900,5400,2900,1600,880,2900,1000,2900
shopify website developer,INR,590,177%,-45%,Low,13,871.14,4117.28,,,,Y,,1000,880,590,480,390,1600,590,320,170,260,320,720
wordpress website developer,INR,590,50%,-55%,Low,11,1263.18,5416.65,,,,,,1300,880,480,390,390,1000,390,480,390,480,210,720
build ecommerce website,INR,2900,125%,-45%,Low,16,565.77,2499.81,,,,,,5400,3600,3600,3600,2900,2400,2400,1900,1900,1600,1300,3600
hire a web designer,INR,1300,116%,-21%,Low,23,1260.81,4328.31,,,,,,2400,1900,1300,1000,1000,1600,720,590,590,880,880,1900
shopify app development,INR,720,49%,-12%,Low,17,372.15,1889.64,,,,,,1000,880,590,590,480,1000,590,390,480,590,590,880
web development agency,INR,3600,22%,22%,Low,10,751.64,2335.64,,,,Y,,3600,4400,1900,2400,3600,8100,8100,2900,1900,3600,1600,4400
average cost of website design for small business,INR,390,321%,-33%,Medium,38,267.39,1177.18,,,,,,880,880,590,480,390,390,260,110,90,140,260,590
cheap websites for small business,INR,390,86%,-76%,Medium,39,789.74,3161.17,,,,,,1000,480,480,390,390,720,320,210,210,210,260,390
web design companies near me,INR,8100,22%,-70%,Low,5,745.66,2817.84,,,,,,14800,6600,6600,8100,5400,14800,9900,2400,4400,5400,8100,6600
web app developer,INR,480,247%,-55%,Low,9,1312.38,5662.19,,,,,,1000,880,480,480,590,1000,320,210,260,170,260,590
best website developers,INR,320,53%,-70%,Low,25,1155.93,5066.24,,,,,,1000,590,480,320,390,390,110,90,170,170,170,260
website developers for small business,INR,2900,0%,-56%,Low,11,750.57,3117.96,,,,,,4400,3600,2900,2900,2900,5400,2900,1600,880,2900,1000,2900
website designing company,INR,210,24%,-64%,Low,12,569.74,2866.09,,,,Y,,390,480,320,140,170,210,140,50,70,170,210,210
website design company near me,INR,8100,22%,-70%,Low,5,745.66,2817.84,,,,,,14800,6600,6600,8100,5400,14800,9900,2400,4400,5400,8100,6600
website design and development services,INR,1600,120%,-32%,Low,3,568.28,2769.38,,,,,,2400,1900,1600,1600,1900,3600,1900,1900,880,590,390,1300
freelance shopify developer,INR,260,24%,-46%,Low,29,650.63,2994.42,,,,,,480,390,210,140,170,590,210,210,70,170,140,210
affordable websites for small business,INR,390,86%,-76%,Medium,39,789.74,3161.17,,,,,,1000,480,480,390,390,720,320,210,210,210,260,390
build shopify website,INR,8100,-19%,-19%,Medium,42,481.22,1889.67,,,,,,6600,8100,8100,8100,6600,8100,9900,6600,6600,8100,6600,6600
shopify expert services,INR,20,-40%,0%,Low,16,671.52,3285.70,,,,,,20,20,30,10,20,20,20,10,40,50,10,30
shopify website development,INR,1000,126%,-54%,Low,8,538.56,2607.86,,,,Y,,2400,1600,1000,720,590,2400,590,480,480,390,320,880
web development companies near me,INR,8100,22%,-70%,Low,5,745.66,2817.84,,,,Y,,14800,6600,6600,8100,5400,14800,9900,2400,4400,5400,8100,6600
shopify expert marketplace,INR,480,50%,23%,Low,28,901.18,4197.55,,,,,,480,480,390,590,720,720,590,480,590,320,390,480
building website for business,INR,3600,21%,-64%,Medium,57,1097.10,4081.05,,,,,,6600,5400,3600,4400,3600,4400,4400,3600,1900,2400,1900,2900
shopify development agency,INR,480,177%,-18%,Low,4,566.90,3136.86,,,,Y,,720,590,260,320,320,1000,480,390,210,260,170,720
web app developers,INR,170,467%,-47%,Low,4,987.36,5027.48,,,,,,320,210,140,210,170,480,90,30,30,30,30,170
website developer for hire,INR,170,189%,-19%,Low,33,1345.03,6217.69,,,,,,260,320,170,170,110,140,90,90,110,90,90,260
top website builders for small business,INR,5400,0%,-33%,High,67,750.80,3803.38,,,,,,6600,5400,5400,4400,4400,5400,5400,4400,4400,5400,4400,5400
website development service,INR,6600,184%,-18%,Low,8,682.17,3048.61,,,,,,9900,12100,8100,5400,6600,14800,6600,6600,3600,1900,1900,5400
best website design companies,INR,1000,85%,-45%,Low,10,843.74,3117.96,,,,,,1600,1900,1600,720,1000,2400,880,720,480,390,260,720
shopify expert near me,INR,210,52%,52%,Low,15,733.02,3053.21,,,,Y,,260,210,210,140,210,320,170,70,110,210,260,320
ecommerce developer,INR,590,321%,-63%,Low,4,1081.84,4383.87,,,,Y,,1300,1000,480,320,210,1300,480,210,170,140,110,590
cheap website design for small business,INR,70,100%,-82%,Low,27,1442.76,4773.56,,,,,,210,140,70,40,20,140,20,10,40,10,10,20
ecommerce web developer,INR,260,256%,-46%,Low,3,1740.18,6328.46,,,,,,590,480,390,140,170,320,110,70,170,90,110,320
shopify freelancer,INR,260,24%,-46%,Low,29,650.63,2994.42,,,,,,480,390,210,140,170,590,210,210,70,170,140,210
small business website design services,INR,4400,233%,-46%,Low,8,536.04,2703.93,,,,,,2900,2400,1600,40500,1900,3600,1600,880,480,390,480,1300
shopify website design company,INR,1300,48%,-32%,Low,24,418.29,2043.47,,,,,,1900,1600,1300,1300,880,2400,1300,880,720,880,590,1300
professional website builders,INR,1000,233%,85%,Low,13,1098.52,4078.86,,,,,,1000,1300,1300,1000,880,590,880,1900,390,720,590,2400
shopify dev,INR,1900,-84%,-16%,Low,15,531.00,2607.75,,,,,,1900,1600,1000,1300,1000,1900,880,720,880,9900,1000,1600
best easy website builders,INR,260,24%,-33%,Medium,61,560.14,4792.59,,,,,,390,320,260,260,210,260,210,170,170,210,170,260
website designers for small business near me,INR,140,-29%,-92%,Medium,50,883.64,3117.96,,,,,,480,260,210,170,140,140,70,70,50,70,50,50
website building agency,INR,390,-87%,24%,Low,15,875.06,3787.34,,,,Y,,140,110,70,50,70,260,50,40,30,1600,1600,210
php web development,INR,320,129%,-56%,Low,7,472.42,2704.64,,,,,,720,480,390,320,480,320,170,110,260,170,320,390
shopify development store,INR,390,84%,-41%,Low,8,469.58,1249.08,,,,Y,,720,480,390,390,320,390,390,260,320,320,390,590
best website designer for small business,INR,70,0%,-18%,High,67,1138.61,3541.10,,,,,,90,70,70,50,70,140,70,30,20,90,90,90
website development company near me,INR,590,88%,-91%,Low,10,854.65,3117.96,,,,Y,,880,720,590,320,720,1600,590,210,260,170,260,320
best web design companies,INR,480,129%,-46%,Low,13,728.04,2556.59,,,,,,1000,880,720,390,390,1300,320,210,260,170,140,390
website services near me,INR,320,23%,-33%,Low,32,843.70,3117.96,,,,,,390,720,320,260,320,260,140,170,170,260,320,320
wordpress website developer near me,INR,50,50%,-94%,Low,19,2383.38,5749.78,,,,,,140,90,40,30,30,140,40,10,10,20,20,30
top 10 website design companies,INR,90,75%,-59%,Low,17,833.78,4029.92,,,,,,170,140,140,110,90,170,70,30,30,40,10,70
wordpress website designer near me,INR,390,129%,-70%,Low,10,959.25,3261.62,,,,,,720,590,260,260,210,590,320,480,260,210,210,480
outsource web development,INR,320,52%,-64%,Low,6,2066.90,6371.48,,,,,,720,480,260,170,140,720,390,260,140,210,70,320
looking for website designer,INR,110,56%,-33%,Low,24,1270.90,4082.22,,,,,,210,210,110,90,110,70,70,50,90,90,70,140
local website designers near me,INR,590,50%,-87%,Low,23,1173.38,4070.52,,,,,,1300,1300,880,480,720,1000,210,260,140,260,390,390
best website designer near me,INR,260,-56%,-46%,Low,10,1113.96,3117.96,,,,,,320,320,170,140,110,390,140,140,90,480,590,210
affordable web design for small business,INR,590,85%,-70%,Low,13,1266.53,3540.46,,,,,,1300,880,480,210,320,1600,320,110,260,260,260,480
real estate website developer,INR,20,0%,-86%,Low,20,,,,,,Y,,40,30,30,20,30,40,20,20,10,10,10,10
web dev agency,INR,3600,22%,22%,Low,10,751.64,2335.64,,,,,,3600,4400,1900,2400,3600,8100,8100,2900,1900,3600,1600,4400
shopify store developer,INR,90,100%,-92%,Low,22,619.12,2574.02,,,,,,390,170,40,30,20,210,10,30,20,20,20,40
inexpensive website design for small business,INR,590,85%,-70%,Low,13,1266.53,3540.46,,,,,,1300,880,480,210,320,1600,320,110,260,260,260,480
website designing services,INR,170,-22%,-50%,Low,15,771.75,3117.96,,,,Y,,170,170,90,170,720,110,260,140,90,90,30,70
professional website creator,INR,1000,233%,85%,Low,13,1098.52,4078.86,,,,,,1000,1300,1300,1000,880,590,880,1900,390,720,590,2400
laravel development company,INR,390,860%,-45%,Low,8,1020.01,17180.11,,,,,,880,1000,720,320,260,720,90,50,50,50,50,480
website builders for hire,INR,260,24%,-19%,High,68,1303.25,4069.55,,,,,,320,260,210,210,210,320,210,210,170,210,210,260
web development agency near me,INR,480,0%,-83%,Low,18,519.66,1873.48,,,,,,1600,480,390,260,170,880,590,170,140,320,260,320
website design companies for small business,INR,590,324%,-45%,Low,3,1035.54,3416.44,,,,,,1300,1000,590,260,480,1300,480,110,170,170,140,720
professional website developer,INR,1300,30%,-46%,Low,13,772.53,3585.66,,,,,,2400,1600,880,880,880,2400,1600,1000,1000,1000,1000,1300
cpa website design,INR,170,-22%,-82%,Low,20,428.15,11517.99,,,,,,390,210,110,90,140,720,110,40,50,90,40,70
best website design companies for small business,INR,210,133%,-46%,Low,6,962.53,4057.13,,,,,,390,390,210,110,210,390,90,50,70,90,70,210
business website cost,INR,90,0%,-71%,Medium,64,414.62,1548.14,,,,,,170,140,50,50,70,170,110,50,50,50,50,50
shopify theme development,INR,590,51%,-55%,Low,5,261.72,1378.09,,,,,,1300,720,480,390,480,1900,390,210,260,390,320,590
website relaunch,INR,70,50%,-86%,Low,9,,,,,,,,170,140,110,50,40,210,30,30,20,20,20,30
ecommerce development company,INR,1300,108%,-38%,Low,8,1260.70,3306.93,,,,Y,,1300,1900,1600,720,720,4400,880,720,720,480,210,1000
website cost for small business,INR,320,243%,-45%,Low,19,275.89,1183.88,,,,,,720,590,480,320,140,210,170,110,140,140,170,480
cheap website developers,INR,90,240%,-19%,Low,10,942.70,4603.79,,,,,,210,140,110,70,70,70,50,110,70,50,70,170
web app development companies,INR,1600,400%,-45%,Low,3,1360.57,7086.28,,,,,,4400,3600,1900,880,1000,4400,1600,720,720,320,480,1600
wordpress agency,INR,2400,125%,50%,Low,12,1417.26,8460.05,,,,,,480,390,480,1300,320,1300,720,480,22200,320,210,720
web and app development company,INR,880,414%,-45%,Low,1,1215.30,7918.78,,,,,,1600,1900,1000,390,390,2400,590,260,210,140,140,720
upwork shopify developer,INR,50,-20%,-20%,Low,24,480.92,1890.49,,,,,,70,50,90,90,70,50,70,50,50,50,30,40
wix website designers,INR,720,14%,14%,Low,16,533.20,2580.80,,,,,,720,720,880,720,720,1000,880,720,880,880,590,1000
freelance web developer near me,INR,50,150%,-29%,Low,29,528.27,2020.01,,,,,,70,90,50,70,50,30,40,70,20,20,40,50
web developer companies near me,INR,70,33%,-71%,Medium,39,770.78,3056.09,,,,,,110,90,40,50,50,170,70,10,10,30,40,40
custom shopify website design,INR,40,300%,-76%,Low,14,657.69,2547.98,,,,,,140,90,50,20,40,20,30,10,10,10,10,40
top web development companies,INR,1300,22%,-54%,Low,8,753.04,3488.34,,,,,,2400,1900,1600,720,1000,2900,1000,880,880,720,390,880
website development agencies,INR,3600,22%,22%,Low,10,751.64,2335.64,,,,,,3600,4400,1900,2400,3600,8100,8100,2900,1900,3600,1600,4400
web and mobile app development companies,INR,50,75%,-50%,Low,2,,,,,,,,110,110,90,10,40,140,10,30,30,40,20,70
shopify development company,INR,880,49%,-32%,Low,2,450.35,2351.75,,,,Y,,1000,880,590,390,480,2400,880,880,720,590,320,880
laravel agency,INR,90,25%,-29%,Low,1,,,,,,,,50,70,70,70,40,210,210,140,90,40,20,50
shopify web development,INR,1000,126%,-54%,Low,8,538.56,2607.86,,,,,,2400,1600,1000,720,590,2400,590,480,480,390,320,880
wordpress website agency,INR,110,367%,0%,Low,4,1984.16,4724.19,,,,,,140,170,90,110,110,320,50,40,10,30,30,140
looking for website developer,INR,70,120%,0%,Low,33,844.50,4668.44,,,,,,90,110,70,70,40,50,50,50,110,50,70,110
wordpress development companies,INR,590,319%,22%,Low,11,1133.80,3585.66,,,,,,720,720,720,390,320,1300,720,590,320,210,320,880
simple website for small business,INR,50,100%,-64%,Low,31,803.52,3930.53,,,,,,90,90,70,90,50,20,30,50,20,20,30,40
wordpress design agency,INR,320,136%,-19%,Low,7,746.42,2735.34,,,,,,320,260,210,170,210,880,720,390,110,110,20,260
hire designers online,INR,10,0%,-67%,High,67,574.34,3361.25,,,,,,10,10,10,30,20,20,10,10,10,10,10,10
best website developers for small business,INR,170,89%,-47%,Low,28,584.85,3179.17,,,,,,320,260,140,110,140,210,140,70,70,90,110,170
web app development agency,INR,1600,400%,-45%,Low,3,1360.57,7086.28,,,,,,4400,3600,1900,880,1000,4400,1600,720,720,320,480,1600
best web development companies,INR,210,143%,-56%,Low,10,1480.74,7324.38,,,,,,390,390,260,210,210,390,50,50,90,70,50,170
best shopify developers,INR,40,400%,-44%,Low,2,,,,,,,,90,90,50,30,30,20,20,10,10,10,30,50
app developer website,INR,40,25%,-29%,Medium,52,970.35,3915.70,,,,,,50,70,70,30,20,70,20,20,20,40,20,50
shopify website experts,INR,50,0%,-79%,Low,27,1500.04,4645.47,,,,,,140,90,50,20,20,260,10,20,10,30,10,30
web development outsourcing companies,INR,320,357%,-46%,Low,2,2089.04,5669.02,,,,,,590,880,590,140,170,880,90,20,50,70,50,320
top web design companies,INR,1600,171%,-45%,Low,8,642.71,2677.47,,,,,,3600,3600,2400,1000,1600,2900,1300,720,720,590,880,1600
webdesign company,INR,260,91%,-64%,Low,8,612.41,4535.22,,,,,,480,480,320,110,110,590,210,140,170,110,90,210
wix website designer near me,INR,70,0%,-36%,Medium,59,788.96,2573.57,,,,,,140,110,70,70,70,50,70,70,50,70,50,70
e commerce development,INR,1000,175%,-45%,Low,3,797.44,2834.51,,,,,,1000,1900,1900,590,390,2900,1600,720,260,320,260,880
ecommerce website designer near me,INR,170,143%,-81%,Medium,43,1053.28,3117.96,,,,,,390,480,170,50,90,320,50,70,20,70,90,170
shopify expert cost,INR,40,200%,-73%,Low,2,,,,,,,,90,70,20,10,20,140,10,10,10,10,10,30
offshore web development,INR,170,27%,-33%,Low,3,7910.48,71588.24,,,,,,170,170,110,50,70,390,480,320,170,110,20,140
outsource website development,INR,320,52%,-64%,Low,6,2066.90,6371.48,,,,,,720,480,260,170,140,720,390,260,140,210,70,320
shopify plus developers,INR,210,420%,-56%,Low,4,597.93,7196.84,,,,,,590,390,170,110,110,720,170,30,90,50,90,260
affordable shopify developers,INR,10,0%,-75%,Low,9,,,,,,,,20,10,20,10,10,10,10,10,0,10,10,10
shopify expert agency,INR,210,57%,-81%,Low,7,482.22,2834.51,,,,,,590,390,260,210,70,390,90,50,50,70,70,110
top website developers,INR,210,56%,-46%,Low,9,1018.63,5111.01,,,,,,480,590,390,140,170,90,70,90,140,90,50,140
website redesign services,INR,9900,50%,-45%,Low,7,656.50,2241.64,,,,Y,,9900,12100,14800,9900,9900,18100,12100,9900,6600,4400,2900,6600
shopify website design agency,INR,390,179%,-46%,Low,3,450.69,1878.34,,,,,,590,390,320,140,260,880,390,390,140,140,170,390
find a website developer,INR,10,0%,-50%,High,77,2199.98,6270.29,,,,,,20,10,10,10,10,10,10,10,10,10,10,10
website creation for small business,INR,6600,49%,49%,Low,23,866.27,3768.73,,,,,,6600,5400,6600,6600,5400,6600,6600,5400,5400,8100,9900,12100
website and app developers,INR,110,175%,-48%,Low,21,2257.76,9872.57,,,,,,260,170,170,90,90,90,70,40,30,40,50,110
shopify development services,INR,1000,49%,-45%,Low,9,425.18,1691.19,,,,,,1600,1000,720,720,590,2900,1300,1000,590,590,590,880
freelance website designer near me,INR,260,86%,-46%,Low,22,694.70,3038.34,,,,,,720,480,260,260,260,170,140,90,110,140,140,260
i need a website developer,INR,10,0%,-50%,High,71,,,,,,,,10,10,10,10,10,10,10,10,10,10,10,10
creating an ecommerce website,INR,2900,125%,-45%,Low,16,565.77,2499.81,,,,,,5400,3600,3600,3600,2900,2400,2400,1900,1900,1600,1300,3600
magento ecommerce website,INR,50,350%,-18%,Low,4,1110.11,12208.76,,,,,,110,110,90,40,30,50,50,10,40,20,20,90
web designing company,INR,18100,235%,-18%,Low,6,750.94,3117.96,,,,,,33100,27100,14800,14800,14800,40500,18100,14800,9900,8100,9900,27100
ecommerce website development cost,INR,140,-35%,-72%,Low,5,330.48,3227.03,,,,,,390,210,170,70,90,390,50,30,140,170,30,110
web design and development agency,INR,2900,122%,-56%,Low,5,819.17,2834.51,,,,,,4400,4400,5400,2400,3600,5400,3600,1900,1000,720,480,1600
hubspot website development,INR,50,33%,-56%,Low,21,1445.47,4433.48,,,,,,90,70,50,30,90,140,50,10,10,30,10,40
wix website developer,INR,110,27%,-18%,Low,27,943.82,3883.87,,,,,,140,140,110,110,110,110,90,90,90,110,140,140
best website development software,INR,140,56%,-64%,Low,18,143.14,928.65,,,,,,320,210,170,140,90,70,90,70,110,90,90,140
top 10 website builders for small business,INR,10,0%,-67%,High,86,1531.76,4771.20,,,,,,30,20,10,10,10,20,10,10,10,10,20,10
find a shopify developer,INR,10,0%,-80%,Low,30,2574.81,14274.29,,,,,,30,10,20,10,10,10,10,10,20,10,10,10
e commerce web developer,INR,260,256%,-46%,Low,3,1740.18,6328.46,,,,,,590,480,390,140,170,320,110,70,170,90,110,320
shopify plugin development,INR,90,40%,-67%,Low,13,210.07,1977.91,,,,,,170,140,110,70,70,110,70,40,50,50,50,70
magento web developers,INR,70,267%,-35%,Low,1,,,,,,,,210,110,50,20,40,260,30,10,40,30,10,110
affordable website designers,INR,480,127%,-63%,Low,15,1102.37,3886.95,,,,,,1000,590,390,260,390,720,320,590,170,260,170,590
website developer agency,INR,90,0%,-82%,Low,3,,,,,,,,260,210,70,70,140,90,50,90,20,30,10,30
ecommerce development agency,INR,390,129%,-34%,Low,4,1429.81,2770.26,,,,Y,,880,880,720,260,320,880,110,70,90,170,110,390
professional website designer near me,INR,170,57%,-85%,Low,31,1383.22,4842.01,,,,,,480,210,260,140,210,260,170,140,70,70,50,110
website and app development company,INR,880,414%,-45%,Low,1,1215.30,7918.78,,,,,,1600,1900,1000,390,390,2400,590,260,210,140,140,720
shopify developer upwork,INR,50,-20%,-20%,Low,24,480.92,1890.49,,,,,,70,50,90,90,70,50,70,50,50,50,30,40
best website creators for small business,INR,140,21%,-19%,Medium,64,906.26,4272.04,,,,,,170,210,140,170,140,110,90,110,90,140,140,170
treehouse web development,INR,40,0%,-89%,Low,10,,,,,,,,90,40,10,30,10,260,10,10,30,10,10,10
web page designers for small business,INR,1300,39%,-66%,Low,20,1052.43,4193.95,,,,,,2900,1900,1300,880,1000,1900,1000,720,720,720,590,1000
drupal development company,INR,210,767%,-33%,Low,9,1300.78,4994.66,,,,,,390,390,320,260,210,480,90,170,20,30,40,260
shopify web designer near me,INR,90,-29%,-71%,Medium,34,712.41,2834.65,,,,,,170,170,110,70,50,140,50,70,40,70,30,50
freelance web app developer,INR,30,0%,-82%,Low,28,690.43,2135.83,,,,,,50,70,70,10,20,110,10,20,10,20,10,20
ecommerce website design companies,INR,1000,488%,-58%,Low,1,859.63,3306.93,,,,,,2900,2400,1300,880,880,1300,480,210,140,170,210,1000
website design for small business near me,INR,90,80%,-47%,Low,11,348.36,2434.57,,,,,,260,110,90,170,40,140,110,20,10,50,50,90
website designer near me cheap,INR,40,0%,-71%,Medium,34,445.21,2413.67,,,,,,90,70,70,30,30,30,20,10,10,20,20,20
php development company,INR,390,256%,-68%,Low,4,613.94,17287.62,,,,,,1000,880,480,320,320,720,90,110,90,90,110,320
web design services for small business,INR,4400,233%,-46%,Low,8,536.04,2703.93,,,,,,2900,2400,1600,40500,1900,3600,1600,880,480,390,480,1300
low cost websites for small business,INR,20,0%,-33%,High,86,864.82,2671.96,,,,,,30,30,30,30,30,30,20,20,20,20,20,20
squarespace website developer,INR,30,50%,-57%,Medium,38,1133.80,4521.80,,,,,,70,50,40,40,30,20,30,30,20,20,30,30
web designer cost,INR,210,0%,-56%,Medium,43,394.00,1683.14,,,,,,390,320,210,170,210,320,170,170,210,210,170,210
web app developers near me,INR,20,150%,0%,Low,13,2532.79,20639.03,,,,,,50,50,40,10,10,10,20,10,10,20,10,50
we build websites,INR,40,33%,0%,Medium,56,702.44,2018.04,,,,,,50,40,50,30,40,30,20,30,50,30,30,40
medical website designer,INR,110,33%,-88%,Low,17,971.29,8893.77,,,,,,320,210,140,50,90,390,50,50,30,30,10,40
web developer for small business,INR,170,27%,-64%,Low,22,869.89,4361.33,,,,,,320,260,110,70,90,480,140,50,50,110,70,140
laravel development,INR,170,100%,-64%,Low,8,332.33,830.43,,,,,,320,260,260,110,170,390,70,50,40,70,30,140
web and app developer,INR,110,175%,-48%,Low,21,2257.76,9872.57,,,,,,260,170,170,90,90,90,70,40,30,40,50,110
get a professional website built,INR,10,∞,-67%,High,86,,,,,,,,10,10,10,10,10,10,10,10,10,0,0,10
laravel development agency,INR,40,400%,-44%,Low,3,,,,,,,,70,90,70,70,20,70,30,10,10,10,10,50
website design & development,INR,480,24%,-84%,Low,10,595.59,1747.95,,,,,,1300,880,390,260,390,1000,320,260,170,170,140,210
web development firm,INR,260,600%,-64%,Low,3,613.78,2362.09,,,,Y,,590,880,590,140,210,390,30,20,50,30,90,210
shopify front end developer,INR,40,350%,0%,Low,1,,,,,,,,90,90,50,40,20,20,20,10,10,20,10,90
web agency near me,INR,880,39%,-38%,Low,9,544.39,1889.67,,,,,,1900,1000,720,480,720,1900,590,140,390,720,1300,1000
careerfoundry web development,INR,10,-100%,-100%,Unknown,,,,,,,,,10,10,10,10,10,10,10,10,10,10,10,0
inexpensive websites for small businesses,INR,390,86%,-76%,Medium,39,789.74,3161.17,,,,,,1000,480,480,390,390,720,320,210,210,210,260,390
website making companies,INR,170,0%,-47%,Medium,35,1028.36,3473.55,,,,Y,,320,320,320,110,170,260,50,70,50,90,50,90
ecommerce website design agency,INR,480,556%,-41%,Low,2,494.24,1889.67,,,,,,1000,1300,880,590,480,720,210,70,90,90,90,590
best website design for small business,INR,170,89%,-47%,Low,28,584.85,3179.17,,,,,,320,260,140,110,140,210,140,70,70,90,110,170
shopify freelance developer,INR,20,0%,-60%,Medium,42,864.50,2876.11,,,,,,40,20,20,10,10,110,10,30,10,20,10,20
ecommerce web developers,INR,390,433%,-52%,Low,2,1344.70,8427.50,,,,,,880,880,480,260,260,880,210,50,110,90,70,480
website and app developer near me,INR,10,0%,-75%,Medium,50,1668.01,4195.26,,,,,,20,20,20,10,10,10,10,10,10,10,10,10
custom websites for small businesses,INR,70,67%,-76%,Medium,42,518.41,2403.74,,,,,,210,90,40,20,40,170,30,20,20,30,20,50
ecommerce website developer near me,INR,20,100%,-88%,Low,14,1012.09,4323.03,,,,,,50,50,40,10,10,10,10,10,10,10,10,20
real estate website development services,INR,30,33%,-43%,Low,1,,,,,,,,50,70,40,10,50,50,10,20,30,30,10,40
drupal development agency,INR,110,950%,-34%,Low,6,1586.42,6205.83,,,,,,210,210,170,110,140,170,30,50,40,20,20,210
shopify custom website design,INR,20,200%,-57%,Low,16,770.61,2834.51,,,,,,50,40,20,10,20,10,20,10,10,10,10,30
web app development services,INR,2400,387%,-47%,Low,3,805.00,3105.68,,,,,,3600,5400,2900,1900,1900,5400,1000,880,880,390,480,1900
shopify api developer,INR,2400,26%,-33%,Low,7,458.02,1447.28,,,,,,3600,2900,2400,2900,2400,2400,2400,2400,1900,1900,1900,2400
shopify website redesign,INR,20,100%,-60%,Medium,43,623.59,4028.54,,,,,,40,30,20,30,20,30,20,10,10,10,30,20
best web development software,INR,140,56%,-64%,Low,18,143.14,928.65,,,,,,320,210,170,140,90,70,90,70,110,90,90,140
offshore php developers,INR,90,800%,-72%,Low,1,,,,,,,,320,170,210,20,50,260,10,10,30,10,10,90
redesign my website,INR,40,50%,0%,Low,32,1388.06,4535.22,,,,,,140,90,20,30,30,20,30,20,20,20,20,30
ecommerce development services,INR,1000,238%,-45%,Low,5,1598.67,3306.93,,,,Y,,1600,2400,1900,720,480,2900,880,590,480,260,170,880
best website development company,INR,1300,22%,-54%,Low,8,753.04,3488.34,,,,Y,,2400,1900,1600,720,1000,2900,1000,880,880,720,390,880
shopify developer agency,INR,20,0%,-71%,Low,31,472.42,3026.37,,,,,,50,40,20,10,30,10,10,10,20,20,20,20
web developer for shopify,INR,10,∞,-75%,High,86,,,,,,,,30,10,10,10,10,10,10,10,10,0,10,10
php development services,INR,320,86%,-56%,Low,3,1795.19,17269.93,,,,,,880,720,390,170,170,880,110,50,70,210,70,390
affordable website developer,INR,90,240%,-19%,Low,10,942.70,4603.79,,,,,,210,140,110,70,70,70,50,110,70,50,70,170
web dev company,INR,6600,83%,-64%,Low,12,786.91,3250.24,,,,,,9900,12100,8100,4400,5400,14800,6600,5400,3600,2400,2400,4400
wordpress website redesign,INR,110,200%,0%,Low,1,1606.22,4203.92,,,,,,170,140,70,70,70,210,110,140,30,70,40,210
certified shopify expert,INR,30,150%,-29%,Low,5,260.90,1508.01,,,,,,70,50,50,30,30,10,10,10,20,20,10,50
hire a professional website designer,INR,90,100%,-81%,Low,17,1699.86,6585.55,,,,,,320,170,140,30,50,260,20,40,10,20,20,40
wordpress development service,INR,1000,69%,0%,Low,5,828.62,3684.87,,,,,,1300,1300,880,480,880,2900,1900,1300,720,590,590,1000
web application development companies,INR,880,414%,-45%,Low,1,1215.30,7918.78,,,,,,1600,1900,1000,390,390,2400,590,260,210,140,140,720
build me an ecommerce website,INR,10,0%,0%,High,81,2373.41,4423.73,,,,,,10,10,10,10,10,10,10,10,10,10,10,10
wix web designers,INR,720,14%,14%,Low,16,533.20,2580.80,,,,,,720,720,880,720,720,1000,880,720,880,880,590,1000
web3 development company,INR,260,200%,-56%,Low,4,535.72,5044.34,,,,,,590,590,390,170,170,590,90,40,70,70,70,210
local website developers,INR,260,52%,-18%,Low,24,902.81,4279.78,,,,,,320,320,390,480,320,260,210,110,90,210,260,320
companies that build ecommerce websites,INR,40,200%,-40%,Low,13,2278.73,7618.35,,,,,,70,50,30,10,10,140,40,10,10,10,10,30
wordpress developer agency,INR,30,50%,-25%,Low,17,1700.71,4362.41,,,,,,20,70,40,10,20,30,10,20,90,20,30,30
best custom website design company,INR,20,100%,-71%,Low,1,,,,,,,,70,40,20,10,10,10,10,10,20,10,30,20
shopify custom theme development,INR,590,85%,-28%,Medium,36,207.59,764.37,,,,,,880,720,480,480,480,1300,390,390,390,390,390,720
website redesign cost,INR,260,129%,-19%,Low,15,517.59,2058.33,,,,,,480,320,260,170,210,390,210,260,170,170,170,390
web redesign,INR,170,143%,-65%,Low,8,1037.32,4535.22,,,,,,480,210,210,170,90,140,90,40,50,70,90,170
shopify web development agency,INR,210,89%,-56%,Low,3,291.73,1311.23,,,,,,390,260,90,110,90,720,110,40,70,90,40,170
web app agency,INR,260,420%,-56%,Low,3,661.39,2815.44,,,,,,720,590,320,170,140,880,140,40,50,50,50,260
ecommerce website development agency,INR,320,357%,-46%,Low,1,2104.01,4133.66,,,,,,720,720,320,140,320,1300,110,70,70,70,30,320
drupal agencies,INR,110,450%,-48%,Low,15,1636.22,6198.59,,,,,,170,140,90,70,70,170,210,170,70,20,30,110
website design and development company,INR,2900,122%,-56%,Low,5,819.17,2834.51,,,,Y,,4400,4400,5400,2400,3600,5400,3600,1900,1000,720,480,1600
web development studio,INR,170,27%,-46%,Low,13,340.78,2005.89,,,,,,260,170,110,90,140,590,110,70,90,110,90,140
build my ecommerce website,INR,10,∞,0%,Low,31,,,,,,,,10,30,20,10,20,10,10,10,0,0,10,10
freelance wix website designer,INR,10,0%,-67%,Medium,52,325.71,2418.95,,,,,,30,20,20,10,10,10,10,10,10,10,10,10
shopify developer near me,INR,140,91%,24%,Low,10,877.70,3470.00,,,,,,260,90,170,110,70,170,70,50,50,110,260,210
best cheap website for small business,INR,10,0%,0%,High,86,835.61,2963.02,,,,,,10,10,20,10,10,20,10,10,10,10,10,10
cheap website designers near me,INR,40,33%,-71%,Medium,38,1012.90,4078.86,,,,,,110,70,50,30,40,30,30,20,20,30,10,40
custom website developer,INR,880,171%,-19%,Low,7,562.93,2905.38,,,,,,880,590,390,480,480,2900,1000,590,390,480,390,1300
professional website development,INR,90,80%,-72%,Low,10,755.87,3837.92,,,,,,210,140,90,90,90,140,50,110,20,50,20,90
best ecommerce websites for small business,INR,90,80%,-47%,Low,20,422.21,2303.51,,,,,,170,140,90,90,70,70,70,70,110,50,40,90
shopify programmer,INR,30,0%,-78%,Low,33,729.38,5844.67,,,,,,70,30,50,20,20,20,20,30,10,20,20,20
low cost website design company,INR,70,-25%,-73%,Low,0,,,,,,,,110,70,30,10,70,210,70,90,30,40,10,30
best web designers for small business,INR,70,0%,-18%,High,67,1138.61,3541.10,,,,,,90,70,70,50,70,140,70,30,20,90,90,90
best website development,INR,70,-20%,-71%,Medium,37,543.28,3306.93,,,,,,210,210,140,50,50,50,30,20,30,50,50,40
shopify coders,INR,30,0%,-78%,Low,33,729.38,5844.67,,,,,,70,30,50,20,20,20,20,30,10,20,20,20
cheap website developer near me,INR,10,0%,0%,Low,0,,,,,,,,10,10,10,10,0,10,10,0,10,10,0,10
hire professional website developer,INR,90,100%,-81%,Low,17,1699.86,6585.55,,,,,,320,170,140,30,50,260,20,40,10,20,20,40
best web development agencies,INR,1300,22%,-54%,Low,8,753.04,3488.34,,,,,,2400,1900,1600,720,1000,2900,1000,880,880,720,390,880
cost of setting up a website,INR,110,0%,-47%,Medium,53,221.74,1526.36,,,,,,170,140,110,110,90,140,90,70,70,90,90,90
professional website creation services,INR,10,∞,-67%,Low,24,,,,,,,,0,10,10,10,10,10,10,10,10,0,10,10
web development for small businesses,INR,390,-19%,-76%,Low,7,708.63,3067.40,,,,,,880,480,480,260,260,1300,260,70,110,260,90,210
magento development services,INR,1000,-75%,-52%,Low,7,998.35,3785.96,,,,,,1000,1900,1000,390,480,1900,880,880,720,1900,110,480
outsource web design,INR,210,88%,-64%,Low,3,713.21,3444.66,,,,,,590,320,210,210,140,390,70,30,70,170,50,320
small business website design near me,INR,90,200%,-85%,Low,8,514.21,4724.19,,,,,,260,90,50,10,50,50,70,110,260,30,50,90
shopify web agency,INR,210,200%,-71%,Low,4,1372.15,5972.99,,,,,,720,480,260,170,70,590,110,50,50,70,30,210
find shopify experts,INR,20,0%,-71%,Low,27,885.21,5669.02,,,,,,50,40,20,10,30,10,10,10,40,20,10,20
website design for photographers,INR,110,57%,-48%,Medium,37,362.56,1889.67,,,,,,170,170,170,90,140,90,70,210,70,70,50,110
web design and development companies,INR,2900,122%,-56%,Low,5,819.17,2834.51,,,,,,4400,4400,5400,2400,3600,5400,3600,1900,1000,720,480,1600
custom web design services,INR,880,175%,-32%,Low,4,473.02,1789.32,,,,,,1300,1300,720,590,1000,1900,590,480,320,320,210,880
web design & development,INR,480,24%,-84%,Low,10,595.59,1747.95,,,,Y,,1300,880,390,260,390,1000,320,260,170,170,140,210
best website building apps,INR,110,56%,0%,Medium,51,479.98,2171.16,,,,,,140,170,110,110,90,170,110,90,70,90,90,140
custom shopify theme development,INR,70,350%,-57%,Low,2,220.53,562.32,,,,,,170,90,50,10,20,390,20,30,20,20,30,90
angular development company,INR,390,243%,-19%,Low,2,2834.51,42968.43,,,,,,590,480,720,320,320,880,140,90,110,140,50,480
bigcommerce web developer,INR,90,450%,-35%,Low,10,2363.04,12350.41,,,,,,210,210,110,50,70,110,40,10,20,20,10,110
cheap web developer,INR,90,240%,-19%,Low,10,942.70,4603.79,,,,,,210,140,110,70,70,70,50,110,70,50,70,170
website redesign agency,INR,880,0%,-18%,Low,8,858.48,3929.21,,,,,,1000,1000,1000,880,1000,1600,880,480,480,720,480,720
wordpress redesign,INR,30,300%,-56%,Low,5,,,,,,,,50,50,20,20,20,170,10,10,10,10,10,40
good website developers,INR,320,53%,-70%,Low,25,1155.93,5066.24,,,,,,1000,590,480,320,390,390,110,90,170,170,170,260
wordpress website development company,INR,480,457%,-79%,Low,3,1133.80,2084.73,,,,Y,,1000,1300,590,320,590,1000,210,260,210,70,110,390
business website designer,INR,110,180%,-46%,Low,16,853.19,3173.73,,,,,,260,140,110,50,90,170,140,50,40,50,40,140
creating e commerce website,INR,20,100%,-71%,Low,11,940.96,2112.98,,,,,,50,40,20,20,20,20,10,10,10,10,10,20
magento website development,INR,260,320%,-64%,Low,2,2834.51,12829.35,,,,,,480,880,590,90,110,590,90,40,40,50,30,210
ecommerce website development services,INR,390,255%,-56%,Low,3,1393.34,3658.81,,,,,,720,590,480,480,260,1000,170,90,70,110,50,390
web design and marketing agency,INR,110,120%,-58%,Low,29,656.63,1766.72,,,,,,210,170,70,50,50,320,40,50,50,50,90,110
travel website design company,INR,20,0%,-50%,Low,15,,,,,,,,20,10,10,10,10,40,20,50,10,10,10,10
white label web design agency,INR,70,0%,29%,Low,10,489.22,5378.84,,,,,,90,70,50,30,50,140,70,10,20,90,70,90
toptal front end developer,INR,20,100%,-95%,Low,0,,,,,,,,50,10,10,10,10,10,10,10,70,20,10,40
best ecommerce website development company,INR,70,100%,-81%,Low,0,,,,,,,,210,140,70,40,50,210,50,10,10,20,10,40
brainstation web development,INR,10,-100%,-100%,Unknown,,,,,,,,,10,0,10,10,10,10,10,0,10,10,0,0
online website developer,INR,20,200%,-57%,Medium,39,827.56,2940.82,,,,,,50,30,20,10,20,30,10,10,10,10,20,30
hire next js developer,INR,320,555%,50%,Low,15,1308.10,4721.35,,,,,,590,390,210,140,170,1000,110,50,70,110,170,720
laravel company,INR,40,67%,150%,Low,12,1889.67,17283.82,,,,,,40,40,50,10,50,90,10,20,30,30,10,50
shopify app development agency,INR,140,0%,-36%,Low,1,,,,,,,,140,90,90,70,70,320,320,260,70,90,20,90
website build company,INR,1900,0%,-45%,Medium,50,1183.12,4867.98,,,,,,1300,880,4400,4400,1900,1300,3600,3600,480,880,720,880
website and app development near me,INR,10,∞,0%,Medium,33,,,,,,,,10,10,10,0,10,10,0,10,0,0,10,10
freelance website developer near me,INR,10,200%,200%,Low,22,1382.30,5313.37,,,,,,20,10,10,10,10,10,10,10,10,10,10,30
best freelance websites for software developers,INR,40,0%,-82%,Medium,42,272.73,2239.39,,,,,,90,70,50,50,40,40,20,30,40,20,30,20
shopify custom website,INR,210,0%,-71%,Medium,42,411.92,1293.16,,,,,,480,320,210,140,110,480,140,110,110,140,140,140
custom shopify app development,INR,50,133%,-36%,Low,4,452.08,1602.13,,,,,,110,90,50,20,40,170,10,20,30,30,20,70
cheap website design company,INR,170,143%,-35%,Low,6,1221.87,2731.66,,,,,,390,320,210,90,260,210,110,70,50,70,50,170
top 10 web development companies in world,INR,30,0%,-50%,Low,7,,,,,,,,50,140,70,40,40,10,10,0,10,10,10,10
your own online store,INR,10,0%,-67%,Medium,65,328.80,1615.01,,,,,,30,20,10,20,20,10,10,10,10,10,10,10
best web design for small business,INR,170,89%,-47%,Low,28,584.85,3179.17,,,,,,320,260,140,110,140,210,140,70,70,90,110,170
custom php development,INR,170,1300%,-56%,Low,2,,,,,,,,320,260,110,110,140,590,110,20,20,10,40,140
wordpress web design company,INR,1900,85%,-45%,Low,2,1085.62,3802.97,,,,,,3600,2400,1600,1600,1600,4400,3600,1900,720,1300,480,2400
digital marketing and website development,INR,50,250%,-67%,Low,7,429.15,1472.39,,,,,,210,140,90,30,20,30,20,10,20,20,20,70
local web developers near me,INR,20,200%,-25%,Low,18,2315.73,4076.98,,,,,,50,20,40,20,20,20,20,20,10,10,20,30
wordpress website design company,INR,1900,85%,-45%,Low,2,1085.62,3802.97,,,,,,3600,2400,1600,1600,1600,4400,3600,1900,720,1300,480,2400
progressive web app developers,INR,70,400%,-71%,Low,3,,,,,,,,170,90,40,30,30,390,40,10,10,10,10,50
ecommerce website development company,INR,590,321%,-41%,Low,2,1360.57,3306.93,,,,Y,,880,1000,880,390,390,1600,320,110,110,140,110,590
best shopify website developers,INR,10,0%,-80%,Low,14,,,,,,,,40,20,30,10,20,10,10,10,10,10,10,10
shopify approved developers,INR,10,0%,0%,Low,0,,,,,,,,10,10,10,10,10,10,10,10,0,10,10,10
web agencies near me,INR,30,0%,-40%,Medium,40,472.42,2306.94,,,,,,50,50,20,20,70,10,50,10,10,30,30,30
best website designers near me,INR,210,240%,-71%,Low,10,668.73,3168.60,,,,,,390,140,140,390,140,140,260,50,480,50,170,170
dci web development,INR,10,0%,0%,Unknown,,,,,,,,,0,10,0,10,0,10,0,0,0,0,0,0
wordpress website design agency,INR,1900,85%,-45%,Low,2,1085.62,3802.97,,,,,,3600,2400,1600,1600,1600,4400,3600,1900,720,1300,480,2400
business website developer,INR,10,0%,-50%,Medium,66,1804.13,4147.56,,,,,,10,10,10,10,10,10,10,10,10,10,10,10
professional web development services,INR,390,967%,-56%,Low,1,547.17,1107.35,,,,,,720,1000,590,170,260,720,210,170,110,30,30,320
ecommerce app development company,INR,720,85%,-45%,Low,4,741.73,3306.93,,,,,,880,1000,480,390,590,1600,880,720,260,390,590,720
website development firm,INR,1600,310%,-45%,Low,9,897.51,3306.93,,,,,,2900,4400,2400,1300,1000,1900,880,720,590,390,720,1600
professional website cost,INR,40,-40%,-67%,Medium,50,305.32,1142.04,,,,,,70,50,40,40,20,50,50,40,30,50,40,30
hire wix designer,INR,20,0%,-80%,Low,27,1102.96,2204.48,,,,,,40,30,10,10,30,90,10,10,10,10,10,10
wordpress development agency,INR,590,84%,0%,Low,6,762.76,3395.48,,,,,,320,590,480,480,480,1600,880,590,260,320,260,590
magento web design,INR,110,1600%,-56%,Low,0,,,,,,,,320,320,170,70,110,260,20,10,10,10,10,170
web designer company near me,INR,90,-43%,-92%,Low,26,1521.78,2976.13,,,,,,390,70,30,40,210,110,40,10,10,70,10,40
small business web design near me,INR,70,22%,-93%,Low,3,,,,,,,,210,70,30,20,30,40,20,50,70,90,90,110
cost of website design for small business,INR,110,89%,-19%,Low,32,369.15,1462.47,,,,,,210,110,110,90,70,70,110,70,70,90,90,170
web design and digital marketing agency,INR,110,0%,-73%,Low,3,,,,,,,,210,140,140,110,30,260,70,50,30,70,40,70
web site company,INR,1600,0%,-76%,Medium,38,980.13,4043.00,,,,Y,,2900,2400,1600,1300,1900,1900,1900,1300,880,880,590,880
shopify site developer,INR,110,200%,-19%,Low,6,1505.71,5534.85,,,,,,210,170,70,50,50,320,50,30,110,70,70,210
custom web development services,INR,1000,387%,19%,Low,6,708.63,2836.40,,,,,,1900,1900,880,720,720,2400,590,480,390,390,590,1900
affordable web design company,INR,170,467%,-47%,Low,1,,,,,,,,260,320,210,140,110,590,90,30,20,30,50,170
medical website designers,INR,50,50%,-79%,Low,4,,,,,,,,170,90,40,20,50,170,10,10,10,20,10,30
e commerce website building,INR,390,191%,-64%,Low,10,606.60,3538.76,,,,,,720,720,720,480,390,480,390,140,260,110,170,320
webflow website developer,INR,10,-50%,0%,Low,23,,,,,,,,10,10,10,10,10,10,10,10,10,20,10,10
offshore website development,INR,170,27%,-33%,Low,3,7910.48,71588.24,,,,,,170,170,110,50,70,390,480,320,170,110,20,140
website development business,INR,70,-50%,-82%,Low,27,843.74,2253.19,,,,Y,,110,110,50,90,70,210,50,70,50,40,40,20
website services for small businesses,INR,210,89%,-47%,Low,6,800.28,3583.78,,,,,,720,390,170,110,170,320,260,140,70,90,90,170
wordpress website development services,INR,880,84%,-55%,Low,3,856.97,3117.96,,,,Y,,1000,1300,1000,880,1300,1600,720,590,480,320,390,590
ecommerce website design services,INR,720,181%,-63%,Low,1,475.25,3306.93,,,,,,1900,1600,1300,720,480,720,590,480,210,210,140,590
build ecommerce website with shopify,INR,10,0%,-50%,Low,10,,,,,,,,20,20,20,10,10,10,10,10,10,10,0,10
website design and seo company,INR,1900,156%,-77%,Low,2,726.27,3305.04,,,,,,5400,6600,2900,1600,1600,1900,1300,880,320,390,880,1000
magento 2 web developer,INR,10,0%,0%,Unknown,,,,,,,,,10,10,10,0,0,10,0,10,0,0,0,0
b2b web agency,INR,140,240%,-35%,Low,4,1558.98,5244.42,,,,,,210,210,140,50,140,390,140,140,70,50,30,170
shopify custom development,INR,210,425%,-71%,Low,2,693.45,2076.57,,,,,,720,390,140,90,90,720,90,40,30,40,70,210
ecommerce web development services,INR,880,181%,-55%,Low,3,787.24,3306.93,,,,,,1300,1900,1600,720,590,1900,320,260,320,210,140,590
creating an e commerce website,INR,20,0%,-67%,Medium,37,599.34,3117.96,,,,,,70,70,10,10,20,20,10,10,10,10,10,10
web application agency,INR,40,0%,-80%,Low,0,,,,,,,,140,70,20,10,40,90,20,10,10,10,10,10
website designing company near me,INR,20,0%,-75%,Low,18,,,,,,,,90,20,20,10,10,40,10,10,10,10,10,10
wix web designer cost,INR,20,100%,-71%,Medium,45,335.10,1576.21,,,,,,40,30,30,20,20,20,20,20,20,10,10,20
best website developer near me,INR,10,0%,-67%,Low,27,2849.39,5360.15,,,,,,20,20,10,10,10,10,10,10,10,10,10,10
web application development services,INR,2400,387%,-47%,Low,3,805.00,3105.68,,,,,,3600,5400,2900,1900,1900,5400,1000,880,880,390,480,1900
web developer for ecommerce,INR,390,433%,-52%,Low,2,1344.70,8427.50,,,,,,880,880,480,260,260,880,210,50,110,90,70,480
shopify website development cost,INR,50,100%,-71%,Low,9,318.10,797.23,,,,,,140,70,30,20,20,140,50,10,40,20,10,40
designing shopify website,INR,50,600%,-50%,Low,24,455.00,1664.05,,,,,,110,90,50,40,20,110,10,20,10,10,30,70
custom built shopify store,INR,10,∞,-50%,Medium,57,179.52,1122.98,,,,,,10,10,10,10,10,10,10,0,10,0,10,10
web development company website,INR,50,200%,-82%,Low,10,385.85,741.70,,,,,,140,70,40,40,50,140,30,10,20,10,10,30
hire a web designer cost,INR,20,100%,-33%,Low,13,272.16,829.22,,,,,,30,20,20,20,20,10,10,10,20,10,10,20
website design for physicians,INR,210,56%,-64%,Low,8,1318.54,4587.06,,,,,,390,320,210,480,140,480,70,30,30,90,40,140
wordpress web design agency,INR,1900,85%,-45%,Low,2,1085.62,3802.97,,,,,,3600,2400,1600,1600,1600,4400,3600,1900,720,1300,480,2400
website developer services,INR,90,600%,-67%,Low,17,927.58,3912.55,,,,,,210,170,70,30,70,170,30,70,20,10,170,70
shopify app development services,INR,320,0%,-33%,Low,4,613.40,1991.14,,,,,,390,390,320,320,390,720,480,390,140,260,140,260
web design and seo company,INR,1900,156%,-77%,Low,2,726.27,3305.04,,,,,,5400,6600,2900,1600,1600,1900,1300,880,320,390,880,1000
retail website developers,INR,10,0%,-100%,Unknown,,,,,,,,,10,10,10,10,10,10,0,0,0,0,10,0
web3 development companies,INR,260,200%,-56%,Low,4,535.72,5044.34,,,,,,590,590,390,170,170,590,90,40,70,70,70,210
shopify developer partner,INR,18100,22%,0%,Low,12,538.56,2355.30,,,,,,18100,18100,18100,18100,18100,18100,18100,14800,14800,14800,14800,18100
custom web development,INR,880,310%,-16%,Low,5,630.26,2661.17,,,,,,880,720,480,720,880,1900,590,880,590,390,480,1600
enterprise web development,INR,260,21%,-56%,Low,2,514.97,1439.08,,,,,,480,260,170,110,90,880,260,170,110,140,70,170
ecommerce web agency,INR,110,50%,-82%,Low,8,503.83,2518.90,,,,,,170,140,170,140,110,170,210,70,40,20,10,30
build a shopify app,INR,210,21%,-47%,Low,22,392.29,2023.48,,,,,,260,260,210,170,140,320,260,140,110,140,110,170
best web agency,INR,170,80%,-77%,Low,20,349.79,1904.54,,,,,,320,260,140,70,140,720,110,20,40,50,50,90
web development firms near me,INR,20,200%,-40%,Low,13,1344.70,5280.58,,,,,,20,30,40,10,20,10,10,30,40,10,10,30
web designer services,INR,210,29%,-72%,Low,14,630.21,2377.44,,,,Y,,390,260,140,210,140,390,480,110,70,70,50,90
magento website developer,INR,170,250%,-85%,Low,3,,,,,,,,480,260,110,50,50,590,110,50,50,20,90,70
web design cost for small business,INR,110,89%,-19%,Low,32,369.15,1462.47,,,,,,210,110,110,90,70,70,110,70,70,90,90,170
top website development companies,INR,1300,22%,-54%,Low,8,753.04,3488.34,,,,,,2400,1900,1600,720,1000,2900,1000,880,880,720,390,880
e commerce web development,INR,90,80%,-72%,Low,5,2156.12,12273.31,,,,,,260,140,110,50,90,140,70,10,70,50,30,90
cost of building a website for a small business,INR,30,-33%,-50%,Medium,36,183.88,870.77,,,,,,70,30,20,30,20,20,20,10,10,30,20,20
small ecommerce website,INR,30,150%,0%,Low,11,325.32,1794.25,,,,,,70,40,30,30,10,20,10,10,10,20,20,50
pwa developers,INR,30,50%,-67%,Low,9,,,,,,,,70,70,50,20,20,10,20,10,20,20,10,30
white label shopify development,INR,20,-25%,-40%,Low,8,524.38,2134.62,,,,,,30,40,20,30,20,20,10,10,10,40,10,30
web design and branding agency,INR,90,40%,-50%,Low,18,328.80,1325.50,,,,,,210,390,90,30,110,50,20,40,30,50,50,70
web development agency website,INR,20,0%,-80%,Medium,49,420.07,1128.14,,,,,,40,50,50,10,20,30,10,10,10,10,10,10
shopify dev store,INR,390,84%,-41%,Low,8,469.58,1249.08,,,,,,720,480,390,390,320,390,390,260,320,320,390,590
website developer software,INR,50,0%,-78%,Medium,48,282.62,1129.74,,,,,,110,70,50,50,70,170,30,40,30,20,30,20
bigcommerce website developer,INR,10,0%,-50%,Low,3,,,,,,,,20,30,30,10,30,10,10,10,10,10,10,10
custom ecommerce development,INR,390,929%,-28%,Low,1,1352.06,3306.93,,,,,,880,720,390,260,210,1000,70,20,30,70,110,720
website design and development agency,INR,2900,122%,-56%,Low,5,819.17,2834.51,,,,,,4400,4400,5400,2400,3600,5400,3600,1900,1000,720,480,1600
wordpress web agency,INR,110,367%,0%,Low,4,1984.16,4724.19,,,,,,140,170,90,110,110,320,50,40,10,30,30,140
ecommerce web development agency,INR,320,357%,-46%,Low,1,2104.01,4133.66,,,,,,720,720,320,140,320,1300,110,70,70,70,30,320
web application development agency,INR,1600,400%,-45%,Low,3,1360.57,7086.28,,,,,,4400,3600,1900,880,1000,4400,1600,720,720,320,480,1600
app and web development company,INR,30,0%,-71%,Low,5,,,,,,,,70,30,20,10,10,110,10,20,10,20,10,20
website development and digital marketing company,INR,50,600%,-36%,Low,0,,,,,,,,140,140,70,10,40,70,20,20,10,10,10,70
shopify expert developer,INR,2900,60%,-45%,Low,21,833.22,3976.81,,,,,,4400,14800,1900,1300,1600,2900,1600,1000,1300,1000,1300,1600
custom web design and development services,INR,40,400%,-29%,Low,0,,,,,,,,70,90,50,50,50,50,20,20,10,10,10,50
php outsourcing company,INR,30,-50%,-80%,Low,1,,,,,,,,70,50,30,10,10,110,10,20,10,20,10,10
outsource web developer,INR,30,33%,100%,Low,2,,,,,,,,30,30,10,10,20,210,10,10,10,30,10,40
white label web development agency,INR,50,133%,-22%,Low,16,733.19,2274.22,,,,,,70,50,30,10,40,140,90,40,20,30,40,70
drupal development firm,INR,20,250%,40%,Low,0,,,,,,,,40,30,30,10,40,30,10,10,10,20,10,70
shopify ecommerce experts,INR,20,100%,100%,Low,5,,,,,,,,10,20,30,10,20,10,20,20,20,20,20,40
shopify store development cost,INR,30,0%,-89%,Low,13,,,,,,,,110,50,20,10,10,110,30,10,10,10,10,10
top website design companies,INR,1600,171%,-45%,Low,8,642.71,2677.47,,,,,,3600,3600,2400,1000,1600,2900,1300,720,720,590,880,1600
website design to sell products,INR,10,-50%,-67%,Medium,46,325.52,2152.73,,,,,,10,10,10,10,10,10,10,10,10,20,10,10
front end development services,INR,1000,126%,-45%,Low,1,651.31,2548.99,,,,,,1900,1900,1900,720,880,3600,880,320,390,390,320,880
best web agency in the world,INR,10,∞,0%,High,74,346.76,1039.58,,,,,,10,10,10,10,10,10,10,10,10,0,10,10
outsource web development services,INR,140,767%,0%,Low,1,,,,,,,,260,260,210,70,90,320,40,20,40,30,50,260
wix website redesign,INR,1600,81%,81%,Low,10,330.69,1464.50,,,,,,880,1300,2400,2400,1300,5400,720,880,880,720,720,1300
web design services for small business near me,INR,70,200%,-67%,Low,5,,,,,,,,480,90,50,10,10,70,30,10,10,10,10,30
small business web design packages,INR,260,550%,-46%,Low,2,420.18,1989.03,,,,,,590,480,320,140,140,720,90,30,40,40,50,260
website design for cpa firms,INR,10,0%,0%,Low,0,,,,,,,,10,10,10,10,10,10,0,10,10,10,10,10
website development services near me,INR,480,129%,-70%,Low,5,863.58,2410.54,,,,,,1300,720,480,590,260,720,210,110,90,170,320,390
web development businesses,INR,70,-50%,-82%,Low,27,843.74,2253.19,,,,,,110,110,50,90,70,210,50,70,50,40,40,20
cheap website design near me,INR,10,0%,-50%,Low,0,,,,,,,,10,10,10,10,20,10,10,10,10,10,10,10
shopify custom app development,INR,70,29%,-36%,Low,5,1028.09,5765.82,,,,,,140,90,70,70,50,140,30,30,20,70,30,90
build my own online store,INR,50,0%,0%,Medium,62,1053.30,3172.94,,,,,,90,70,50,50,50,40,40,40,40,70,50,70
website design costs for small business,INR,110,89%,-19%,Low,32,369.15,1462.47,,,,,,210,110,110,90,70,70,110,70,70,90,90,170
cheapest web design company,INR,170,143%,-35%,Low,6,1221.87,2731.66,,,,,,390,320,210,90,260,210,110,70,50,70,50,170
ai ecommerce website,INR,40,250%,0%,Low,7,394.43,2136.12,,,,,,70,40,10,10,20,110,30,70,10,20,10,70
ai website redesign,INR,1900,23%,-33%,Medium,59,435.35,2052.13,,,,,,2400,1900,1900,1600,1600,1900,5400,1600,1300,1300,1300,1600
top shopify developers,INR,140,120%,-66%,Low,1,,,,,,,,320,210,70,70,50,210,110,210,140,50,20,110
php website developer,INR,110,450%,-72%,Low,7,1507.96,5468.68,,,,,,320,210,90,70,70,140,50,40,50,20,70,110
ecommerce website developers near me,INR,10,300%,33%,Low,0,,,,,,,,10,10,20,10,10,10,10,0,10,10,10,40
best website builders for designers,INR,50,40%,-22%,Medium,35,421.00,2632.67,,,,,,70,50,90,90,30,50,110,20,50,50,50,70
top web development agencies,INR,1300,22%,-54%,Low,8,753.04,3488.34,,,,,,2400,1900,1600,720,1000,2900,1000,880,880,720,390,880
web design marketing agency,INR,110,80%,-72%,Low,25,411.00,1490.01,,,,,,260,210,110,70,110,260,70,30,40,50,70,90
best web app developers,INR,10,0%,-67%,Low,6,,,,,,,,30,30,20,10,10,10,10,10,20,10,10,10
professional ecommerce website,INR,10,0%,-67%,High,86,1180.53,2340.36,,,,,,20,20,30,10,10,10,10,10,10,10,10,10
web designer cheap,INR,480,127%,-63%,Low,15,1102.37,3886.95,,,,,,1000,590,390,260,390,720,320,590,170,260,170,590
hubspot web development,INR,50,33%,-56%,Low,21,1445.47,4433.48,,,,,,90,70,50,30,90,140,50,10,10,30,10,40
custom e commerce website,INR,30,0%,-80%,Low,26,,,,,,,,50,30,20,10,30,210,40,10,10,10,0,10
affordable website design near me,INR,90,100%,-93%,Low,8,518.85,2890.43,,,,,,70,140,210,260,170,90,30,70,20,20,40,40
hire web designer freelance,INR,170,50%,243%,Low,2,1680.25,4478.65,,,,,,170,170,110,90,40,70,30,20,30,320,480,480
find website designer near me,INR,10,∞,0%,Medium,57,1454.29,4192.55,,,,,,0,0,10,10,10,10,10,0,10,0,10,10
e commerce website design and development,INR,260,200%,-71%,Low,0,,,,,,,,880,720,320,140,170,590,110,50,40,70,50,210
affordable web designers,INR,480,127%,-63%,Low,15,1102.37,3886.95,,,,,,1000,590,390,260,390,720,320,590,170,260,170,590
shopify development partners,INR,18100,22%,0%,Low,12,538.56,2355.30,,,,,,18100,18100,18100,18100,18100,18100,18100,14800,14800,14800,14800,18100
website design for accountants,INR,70,0%,0%,Low,5,1274.59,19657.23,,,,,,110,110,110,50,70,50,20,40,20,70,30,70
building shopify stores for clients,INR,10,0%,0%,Medium,64,234.87,1265.43,,,,,,10,10,10,10,10,10,10,10,10,10,10,10
best web development services,INR,90,133%,-59%,Low,10,822.01,14613.59,,,,,,170,170,90,110,140,210,50,10,40,30,20,70
shopify web design services,INR,590,-33%,-46%,Low,12,880.22,3104.65,,,,,,720,590,720,480,480,1300,720,390,320,480,390,320
best web design companies for small business,INR,70,600%,0%,Low,3,1110.18,3117.96,,,,,,140,90,50,10,20,90,40,20,90,20,20,140
best website design for photographers,INR,10,0%,-75%,High,79,,,,,,,,30,20,20,10,30,10,10,10,10,10,10,10
shopify ecommerce developer,INR,50,75%,0%,Low,1,,,,,,,,40,20,40,70,30,140,70,20,20,40,70,70
real estate developer website,INR,50,133%,0%,Medium,34,456.04,1764.35,,,,Y,,70,70,50,40,50,70,40,20,30,30,30,70
web and app development services,INR,170,320%,-46%,Low,4,1339.78,9707.20,,,,,,390,210,140,50,70,720,90,30,20,50,10,210
web design specialist,INR,110,180%,-33%,Low,10,429.07,2928.59,,,,,,320,260,110,70,90,140,70,20,30,50,30,140
design your shopify store,INR,10,0%,0%,Medium,43,,,,,,,,10,10,10,10,10,10,10,10,10,10,10,10
best web developers in the world,INR,10,-100%,-100%,Unknown,,,,,,,,,10,10,10,10,10,10,10,10,10,10,10,0
fiverr shopify developer,INR,10,0%,-50%,High,74,383.99,2728.20,,,,,,10,10,20,10,10,20,10,10,10,10,10,10
thinkful web development,INR,10,0%,-100%,Unknown,,,,,,,,,20,10,20,10,10,10,10,10,10,0,10,0
professional website development cost,INR,10,0%,0%,High,76,314.98,570.45,,,,,,10,10,10,10,10,10,10,10,10,10,10,10
customizable ecommerce platform,INR,140,325%,-47%,Low,3,1019.87,3306.93,,,,,,320,260,210,50,70,480,50,10,30,40,30,170
shopify tapcart,INR,10,0%,-50%,Low,31,,,,,,,,20,10,20,10,10,10,10,10,10,10,10,10
ecommerce web development,INR,1600,222%,-57%,Low,3,1163.61,3627.97,,,,,,3600,2400,1000,880,880,3600,2400,1000,720,590,480,1900
shopify app development cost,INR,40,133%,-36%,Low,2,,,,,,,,50,50,70,50,40,90,30,10,10,30,10,70
creating your own online store,INR,320,86%,-46%,Low,26,584.64,2335.23,,,,,,590,480,390,390,260,480,260,170,170,210,170,390
shopify design and development,INR,20,200%,-40%,Low,6,,,,,,,,70,50,20,10,40,20,20,10,10,10,10,30
ecommerce web design services,INR,720,243%,-63%,Low,2,367.40,2952.62,,,,,,1600,1300,2400,480,590,1000,480,320,110,140,110,480
web design for therapists,INR,720,51%,-18%,Low,19,654.99,3173.74,,,,,,880,880,880,720,590,1600,720,590,480,390,320,590
custom web development company,INR,590,243%,-55%,Low,5,699.87,2125.88,,,,,,1600,1300,720,390,590,1000,320,260,110,210,170,720
custom ecommerce website cost,INR,20,0%,-75%,Low,13,,,,,,,,90,50,40,40,10,10,10,10,10,10,10,10
professional website design cost,INR,50,33%,-71%,Medium,37,549.67,2782.40,,,,,,110,90,40,40,70,70,50,40,50,30,20,40
freelance shopify expert,INR,20,-50%,-75%,Low,19,,,,,,,,40,30,20,10,10,90,10,10,10,20,10,10
wix to shopify,INR,260,86%,-34%,Low,10,308.38,2041.59,,,,,,480,390,320,260,260,320,210,210,170,210,170,390
magento web development,INR,210,767%,-46%,Low,1,,,,,,,,480,880,480,70,110,390,70,20,20,30,20,260
wordpress website development agency,INR,260,133%,-76%,Low,6,1889.67,3924.85,,,,,,590,320,210,260,390,720,110,90,110,90,90,210
local web design companies,INR,260,21%,-76%,Low,9,579.07,2389.45,,,,,,590,480,260,140,210,880,260,210,140,140,90,170
ecommerce site development,INR,1600,222%,-57%,Low,3,1163.61,3627.97,,,,,,3600,2400,1000,880,880,3600,2400,1000,720,590,480,1900
website design for fitness professionals,INR,10,0%,-50%,Low,20,,,,,,,,10,20,10,10,10,10,10,0,10,10,0,10
full stack shopify developer,INR,10,0%,-75%,High,86,,,,,,,,20,10,10,10,10,10,10,10,10,10,10,10
custom web application development company,INR,720,247%,-55%,Low,2,944.84,3296.95,,,,,,1300,1600,880,590,590,1900,590,390,260,170,140,590
web development services company,INR,880,321%,-55%,Low,2,638.90,1889.67,,,,,,1300,2400,1900,390,390,1900,390,110,140,140,110,590
software and web development,INR,70,-20%,-20%,Low,18,520.58,2032.14,,,,,,40,30,50,30,50,210,140,90,70,50,20,40
wordpress web development services,INR,880,84%,-55%,Low,3,856.97,3117.96,,,,,,1000,1300,1000,880,1300,1600,720,590,480,320,390,590
drupal web agency,INR,70,600%,-36%,Low,2,,,,,,,,140,140,140,70,70,50,10,30,10,10,10,70
top wordpress developers,INR,320,357%,-18%,Low,4,1188.87,5252.75,,,,,,320,880,590,210,260,390,140,140,110,70,170,320
us web development company,INR,1300,22%,-55%,Low,8,641.54,1683.98,,,,,,1600,2900,1900,590,1000,2400,1900,1300,880,590,320,720
website developer website,INR,110,22%,-58%,Medium,37,472.54,1860.39,,,,,,170,140,110,110,170,170,110,90,90,90,90,110
seo web design companies,INR,1900,156%,-77%,Low,2,726.27,3305.04,,,,,,5400,6600,2900,1600,1600,1900,1300,880,320,390,880,1000
website redesign price,INR,260,189%,-70%,Low,13,297.62,1507.54,,,,,,880,390,260,260,210,480,170,70,90,90,110,260
professionally built website,INR,10,0%,0%,High,76,1554.79,4720.73,,,,,,10,10,10,10,10,10,10,10,10,10,0,10
affordable website design company,INR,170,143%,-35%,Low,6,1221.87,2731.66,,,,,,390,320,210,90,260,210,110,70,50,70,50,170
front end shopify developer,INR,10,∞,-80%,Low,0,,,,,,,,20,10,10,10,10,10,10,10,0,0,10,10
drupal website developer,INR,40,400%,-64%,Low,12,3779.35,16452.55,,,,,,110,90,50,40,40,40,10,20,30,10,10,50
hire professional shopify developers,INR,170,57%,-58%,Low,0,,,,,,,,210,720,390,20,20,390,30,30,70,70,30,110
professional website makers,INR,1000,233%,85%,Low,13,1098.52,4078.86,,,,,,1000,1300,1300,1000,880,590,880,1900,390,720,590,2400
ecommerce web development company,INR,480,336%,-52%,Low,1,1322.77,3653.69,,,,,,1000,1000,720,320,320,1300,140,140,70,110,110,480
shopify store costs,INR,260,-19%,-34%,Medium,51,190.90,672.72,,,,,,260,260,260,210,260,320,210,210,210,260,210,210
professional web design cost,INR,50,33%,-71%,Medium,37,549.67,2782.40,,,,,,110,90,40,40,70,70,50,40,50,30,20,40
custom web app,INR,50,800%,-36%,Low,10,784.09,3135.68,,,,,,110,110,40,30,50,170,20,10,30,10,20,90
site developers near me,INR,1600,0%,-72%,Low,30,1149.08,4260.96,,,,,,2900,1300,1300,1600,1000,3600,1300,590,590,1000,1300,1000
ecommerce developers near me,INR,40,-25%,50%,Low,4,,,,,,,,40,30,90,30,20,40,30,10,70,40,70,30
ecommerce store development,INR,110,125%,-65%,Low,3,619.54,1889.67,,,,,,260,260,90,40,40,320,50,30,30,40,40,90
offshore web development company,INR,50,250%,-59%,Low,1,,,,,,,,170,170,110,30,20,40,10,10,10,20,10,70
accounting firm website design,INR,110,0%,-18%,Low,4,806.00,7086.28,,,,,,110,140,90,70,90,260,70,170,70,90,40,90
wordpress web development company,INR,480,457%,-79%,Low,3,1133.80,2084.73,,,,,,1000,1300,590,320,590,1000,210,260,210,70,110,390
business website development services,INR,40,100%,-78%,Low,18,784.39,2689.83,,,,,,70,50,30,90,90,40,10,10,10,10,10,20
professional website design company,INR,720,129%,-84%,Low,4,871.12,3585.66,,,,Y,,2400,1000,480,390,480,2400,590,480,320,170,170,390
magento ecommerce development company,INR,390,320%,-56%,Low,1,,,,,,,,480,1600,880,110,210,720,110,40,110,50,40,210
small business website agency,INR,50,100%,-60%,Low,17,718.92,2801.98,,,,,,40,30,30,10,50,210,40,70,30,10,10,20
best websites for web development,INR,10,-100%,-100%,Unknown,,,,,,,,,10,10,10,10,10,10,10,10,10,10,10,0
front end development companies,INR,170,320%,-64%,Low,1,798.32,1236.09,,,,,,480,320,170,70,70,720,50,20,40,50,40,210
wordpress web development agency,INR,260,133%,-76%,Low,6,1889.67,3924.85,,,,,,590,320,210,260,390,720,110,90,110,90,90,210
restaurant website developer,INR,10,0%,-50%,Medium,49,2203.06,4471.42,,,,,,20,20,20,10,20,20,10,10,10,10,10,10
companies looking for website development,INR,10,0%,-50%,Low,29,,,,,,,,10,10,10,10,10,30,10,10,10,10,10,10
shopify website development services,INR,590,50%,-52%,Low,2,443.13,2809.95,,,,,,1000,720,480,480,480,1900,260,260,320,320,140,480
online store development,INR,110,450%,-48%,Low,2,896.65,4041.78,,,,Y,,170,140,170,140,30,390,30,30,20,20,20,110
professional ecommerce website design,INR,50,0%,-71%,Low,0,,,,,,,,140,90,30,20,40,140,50,10,10,20,10,20
web agency services,INR,70,67%,-55%,Low,7,517.49,1417.26,,,,Y,,210,90,70,40,110,50,70,10,30,30,40,50
outsource web app development,INR,70,600%,56%,Low,0,,,,,,,,110,110,40,10,30,320,10,10,30,20,20,140
best cpa website design,INR,10,0%,-50%,Low,19,,,,,,,,20,20,10,10,10,10,10,10,10,10,10,10
shopify plus development agency,INR,170,136%,-19%,Low,5,485.65,1889.67,,,,Y,,320,260,170,170,170,480,110,30,90,110,110,260
best website design companies for small business near me,INR,10,∞,0%,Low,0,,,,,,,,10,20,10,20,10,30,10,0,0,0,10,10
website development services company,INR,880,321%,-55%,Low,2,638.90,1889.67,,,,,,1300,2400,1900,390,390,1900,390,110,140,140,110,590
best ux ecommerce websites,INR,20,300%,-43%,Low,3,,,,,,,,40,30,30,10,20,70,10,10,10,10,10,40
best web development,INR,30,100%,-60%,Low,0,,,,,,Y,,40,20,20,10,20,20,30,20,110,10,10,20
offshore web application development,INR,30,0%,-86%,Low,1,,,,,,,,70,140,110,10,10,20,0,10,10,10,10,10
wordpress ecommerce developer,INR,70,100%,-90%,Low,0,,,,,,,,170,170,70,20,40,320,40,10,20,10,10,20
dot net development services,INR,880,376%,-47%,Low,4,1512.30,35715.75,,,,,,1900,1300,590,390,480,4400,480,170,140,210,140,1000
custom web design company,INR,880,418%,-54%,Low,2,701.41,2712.57,,,,,,1600,1000,590,1900,720,1900,590,320,110,170,170,880
shopify subscriptions api,INR,70,175%,-21%,Low,3,401.56,1565.18,,,,,,110,110,70,70,70,50,50,30,50,40,30,110
custom app development shopify,INR,20,300%,-20%,Low,24,589.42,4659.04,,,,,,50,30,30,10,10,10,10,10,0,10,10,40
shopify developer needed,INR,10,0%,0%,Low,14,,,,,,,,10,10,10,10,10,10,0,10,0,10,10,10
small business website design packages,INR,260,550%,-46%,Low,2,420.18,1989.03,,,,,,590,480,320,140,140,720,90,30,40,40,50,260
ecommerce software development company,INR,480,129%,-64%,Low,1,1174.76,2427.71,,,,,,1000,1000,390,90,170,2400,170,30,30,140,40,320
unlimited web development,INR,10,0%,-75%,Low,24,,,,,,,,20,10,20,10,10,10,10,10,10,10,10,10
website development shopify,INR,20,0%,-86%,High,79,,,,,,Y,,50,20,10,10,10,70,20,10,10,10,10,10
shopify plus development,INR,70,175%,-21%,Low,5,556.00,3841.71,,,,Y,,140,110,90,40,50,170,70,10,50,40,30,110
shopify frontend developer,INR,10,0%,0%,High,86,,,,,,,,10,10,20,10,10,10,10,10,10,10,10,10
ecommerce site developers,INR,390,433%,-52%,Low,2,1344.70,8427.50,,,,,,880,880,480,260,260,880,210,50,110,90,70,480
best ecommerce website developers,INR,30,0%,-80%,Low,21,1956.17,9653.68,,,,,,70,50,40,20,20,30,10,30,10,10,10,10
shopify app development company,INR,260,-18%,-56%,Low,1,,,,,,,,320,260,210,170,90,720,390,320,70,170,70,140
shopify liquid developer,INR,10,0%,-50%,Medium,54,770.33,4067.39,,,,,,10,20,10,10,10,10,10,10,10,10,10,10
low cost business website,INR,20,0%,-86%,Medium,49,784.96,2421.46,,,,,,70,40,10,10,10,90,20,10,10,10,10,10
shopify backend developer,INR,10,0%,0%,Medium,57,,,,,,,,10,10,10,10,10,10,0,10,10,10,10,10
designing shopify store,INR,390,-34%,-56%,Medium,52,431.79,1881.83,,,,,,390,480,320,320,320,720,320,320,480,320,260,210
drupal web development company,INR,170,240%,-56%,Low,1,,,,,,,,260,260,210,110,210,480,170,140,90,50,10,170
php web development services,INR,320,189%,-70%,Low,2,896.65,2834.51,,,,,,720,590,390,320,170,880,260,170,50,90,50,260
drupal companies,INR,50,600%,-22%,Low,8,535.27,5450.77,,,,,,90,70,40,30,170,50,30,10,20,10,10,70
hire nextjs developers,INR,320,555%,50%,Low,15,1308.10,4721.35,,,,,,590,390,210,140,170,1000,110,50,70,110,170,720
top 10 ecommerce development companies,INR,10,-100%,-100%,Unknown,,,,,,,,,20,10,20,10,10,10,0,0,10,10,0,0
custom website shopify,INR,10,0%,0%,Medium,36,,,,,,,,10,0,10,10,0,10,10,0,10,10,10,10
best website design and seo company,INR,30,0%,-86%,Low,6,,,,,,,,110,90,40,20,20,10,10,10,0,10,10,10
biggest web development companies,INR,1300,22%,-54%,Low,8,753.04,3488.34,,,,,,2400,1900,1600,720,1000,2900,1000,880,880,720,390,880
redesign shopify store,INR,10,0%,0%,Low,29,1050.38,4580.57,,,,,,10,10,10,10,10,10,10,10,10,10,10,10
pluralsight web development,INR,30,-100%,-100%,Unknown,,,,,,,,,70,20,0,10,10,210,10,0,10,10,10,0
best website making company,INR,10,0%,0%,Low,14,,,,,,,,10,10,10,10,10,10,0,10,10,10,10,10
shopify store redesign,INR,20,200%,-25%,Low,12,1486.86,4535.22,,,,,,20,20,10,10,10,30,10,10,10,10,10,30
local web design companies near me,INR,110,33%,-95%,Medium,42,1478.88,4480.61,,,,,,480,110,50,20,70,260,50,30,30,30,70,40
website designer wix,INR,720,14%,14%,Low,16,533.20,2580.80,,,,,,720,720,880,720,720,1000,880,720,880,880,590,1000
shopify app store developer,INR,10,100%,-60%,Low,12,199.42,1552.21,,,,,,20,20,30,10,10,10,10,10,10,10,10,20
web app company,INR,260,420%,-56%,Low,3,661.39,2815.44,,,,,,720,590,320,170,140,880,140,40,50,50,50,260
custom built ecommerce websites,INR,10,∞,∞,Low,0,,,,,,,,10,10,0,0,10,0,0,10,10,0,10,10
near me website developer,INR,1600,0%,-72%,Low,30,1149.08,4260.96,,,,Y,,2900,1300,1300,1600,1000,3600,1300,590,590,1000,1300,1000
web and app development agency,INR,30,0%,-67%,Low,29,,,,,,,,140,40,20,10,10,20,20,10,40,10,10,10
website overhaul,INR,30,133%,0%,Low,27,1124.45,4535.22,,,,,,70,50,30,30,30,30,30,30,10,30,20,70
shopify application development,INR,720,49%,-12%,Low,17,372.15,1889.64,,,,,,1000,880,590,590,480,1000,590,390,480,590,590,880
web design and development services,INR,1600,120%,-32%,Low,3,568.28,2769.38,,,,,,2400,1900,1600,1600,1900,3600,1900,1900,880,590,390,1300
magento ecommerce developers,INR,260,320%,-56%,Low,1,,,,,,,,390,1000,880,90,90,320,40,20,50,50,20,210
b2b ecommerce website development,INR,170,80%,-77%,Low,9,839.96,4361.37,,,,,,320,320,140,170,170,590,170,50,50,50,40,90
website designer for photographers,INR,50,200%,29%,Low,20,551.24,2834.51,,,,,,70,70,50,40,70,70,40,30,30,30,30,90
squarespace websites for photographers,INR,720,-41%,0%,Low,5,164.92,1324.68,,,,,,590,590,590,590,590,1000,720,720,880,1000,720,590
cost to build ecommerce website,INR,30,0%,-78%,Low,31,390.00,1248.41,,,,,,90,70,50,50,30,30,10,10,20,20,10,20
landing page for web design company,INR,10,∞,0%,High,86,,,,,,,,10,10,10,10,10,10,10,0,10,0,10,10
custom website development services,INR,1000,387%,19%,Low,6,708.63,2836.40,,,,,,1900,1900,880,720,720,2400,590,480,390,390,590,1900
ecommerce web design agency,INR,480,556%,-41%,Low,2,494.24,1889.67,,,,,,1000,1300,880,590,480,720,210,70,90,90,90,590
white label web agency,INR,30,-33%,-71%,Low,29,2038.65,4145.36,,,,,,110,70,30,20,20,50,10,10,10,30,10,20
bespoke website development,INR,110,120%,-48%,Low,2,,,,,,Y,,110,90,70,40,70,210,210,210,90,50,10,110
design and development agency,INR,50,300%,-71%,Low,4,,,,,,Y,,140,90,50,10,50,140,10,20,10,10,10,40
top shopify development companies,INR,70,450%,-35%,Low,3,797.44,4246.52,,,,,,260,110,70,30,40,260,10,10,10,20,20,110
website design development company,INR,2900,122%,-56%,Low,5,819.17,2834.51,,,,,,4400,4400,5400,2400,3600,5400,3600,1900,1000,720,480,1600
the website design company,INR,30,-67%,-86%,Low,0,,,,,,,,70,50,20,20,20,50,10,10,30,30,30,10
shopify frontend,INR,20,0%,-50%,Low,10,,,,,,,,30,20,50,20,20,10,10,10,10,10,10,10
build shopify theme,INR,590,51%,-55%,Low,5,261.72,1378.09,,,,,,1300,720,480,390,480,1900,390,210,260,390,320,590
hire a wix designer,INR,20,0%,-80%,Medium,66,705.50,4134.79,,,,,,50,20,20,10,20,70,10,20,10,10,10,10
acc web development,INR,10,0%,0%,Low,0,,,,,,,,10,20,10,10,10,10,10,10,10,10,10,10
e commerce website designers near me,INR,170,143%,-81%,Medium,43,1053.28,3117.96,,,,,,390,480,170,50,90,320,50,70,20,70,90,170
develop shopify website,INR,10,0%,0%,High,79,,,,,,,,10,10,10,10,10,10,10,0,0,10,10,10
top web agencies,INR,30,0%,-89%,Medium,48,221.09,1616.12,,,,,,70,70,20,10,50,70,10,10,10,10,10,10
australian web design company,INR,70,40%,40%,Low,3,130.21,652.15,,,,,,50,50,30,20,20,110,260,110,70,50,10,70
kustomer shopify,INR,10,0%,0%,Low,30,,,,,,,,20,20,10,10,10,10,10,10,10,10,10,10
shopify web development services,INR,590,50%,-52%,Low,2,443.13,2809.95,,,,,,1000,720,480,480,480,1900,260,260,320,320,140,480
laravel website development services,INR,170,75%,-82%,Low,2,,,,,,,,480,390,260,170,90,390,50,50,10,40,30,70
offshore wordpress development,INR,10,0%,-50%,Low,9,,,,,,,,30,20,10,10,10,70,10,10,10,10,10,10
google website development,INR,70,0%,0%,Low,3,,,,,,,,70,70,90,70,40,40,40,50,70,70,50,70
best shopify experts,INR,10,0%,-50%,Low,14,,,,,,,,10,30,10,10,20,10,10,10,10,10,10,10
php software development company,INR,90,350%,-47%,Low,1,,,,,,,,210,210,140,30,30,320,50,10,10,20,10,90
best software development websites,INR,10,0%,-50%,Medium,43,,,,,,,,10,20,10,10,10,10,0,10,10,10,10,10
e commerce platform development,INR,170,367%,-56%,Low,1,,,,,,,,320,320,260,90,210,320,140,50,30,30,30,140
local web development companies,INR,10,-100%,-100%,Unknown,,,,,,,,,10,20,30,20,10,20,10,10,10,10,10,0
web software development company,INR,50,350%,29%,Low,0,,,,,,,,90,110,70,40,90,110,40,10,10,20,20,90
shopify ecommerce website development,INR,720,125%,0%,Low,1,,,,,,,,880,1600,1300,880,720,1300,480,320,210,320,390,720
small web development companies,INR,10,0%,-50%,High,71,678.67,2626.92,,,,,,20,10,20,10,30,10,20,10,10,10,10,10
react web development company,INR,110,125%,-57%,Low,1,,,,,,,,170,110,390,110,170,260,40,10,40,40,10,90
shopify local development,INR,40,75%,-36%,Low,2,,,,,,,,70,70,40,30,30,30,20,20,20,40,40,70
cost of creating a website for a small business,INR,70,-20%,-81%,Medium,42,275.94,1249.18,,,,,,170,90,50,30,30,140,50,90,70,50,30,40
professional wix website designer,INR,10,0%,-67%,Medium,46,616.72,3577.44,,,,,,30,20,10,10,10,10,10,10,10,10,10,10
the best web design companies,INR,10,0%,-67%,Low,31,,,,,,,,20,20,20,10,20,30,10,10,10,10,10,10
website development studio,INR,170,27%,-46%,Low,13,340.78,2005.89,,,,,,260,170,110,90,140,590,110,70,90,110,90,140
redesign your website,INR,20,0%,-80%,Low,7,,,,,,,,70,40,20,10,10,70,20,10,10,10,10,10
software development company websites,INR,210,255%,22%,Low,3,1239.79,7498.45,,,,,,320,260,170,70,110,590,110,50,50,110,70,390
php developer services,INR,10,0%,0%,Low,0,,,,,,,,10,10,10,10,10,50,10,10,10,10,10,10
digital marketing and web development company,INR,40,100%,-71%,Low,4,,,,,,,,70,70,50,20,20,10,10,110,90,10,10,20
ecommerce app developers,INR,110,367%,-64%,Low,4,,,,,,,,210,260,110,70,50,390,20,20,20,30,70,140
best shopify designers,INR,40,200%,-57%,Low,19,380.36,1733.06,,,,,,50,50,20,10,20,210,10,10,10,10,10,30
laravel web development company,INR,140,80%,-77%,Low,3,,,,,,,,390,320,170,70,170,260,50,20,20,50,10,90
php ecommerce website,INR,10,0%,0%,Low,0,,,,,,,,20,20,10,10,10,10,10,10,0,10,10,10
web and mobile development company,INR,70,800%,-36%,Low,2,,,,,,,,170,140,50,20,90,110,20,20,10,10,10,90
headless shopify development,INR,40,0%,-78%,Low,9,,,,,,,,70,50,20,20,20,210,10,10,10,20,10,20
shopify build app,INR,70,80%,-36%,Low,21,412.43,1304.88,,,,,,110,110,90,50,70,50,70,50,70,50,40,90
wix web developers,INR,110,27%,-18%,Low,27,943.82,3883.87,,,,,,140,140,110,110,110,110,90,90,90,110,140,140
best platform for ecommerce website development,INR,10,∞,-67%,Low,0,,,,,,,,30,20,30,10,10,10,10,10,0,0,0,10
shopify personal website,INR,10,-50%,0%,Medium,48,,,,,,,,10,10,10,10,10,10,10,10,10,20,10,10
shopify developer cost,INR,20,100%,-50%,Low,5,,,,,,,,30,30,10,10,10,10,10,50,20,10,10,20
custom shopify website cost,INR,10,-100%,-100%,Unknown,,,,,,,,,10,10,10,10,10,10,10,0,10,10,10,0
startup web app development company,INR,50,600%,-22%,Low,3,,,,,,,,170,90,10,10,10,140,20,10,30,10,20,70
integration with shopify,INR,880,83%,-32%,Low,18,323.67,1972.82,,,,,,1300,1000,880,720,590,1300,880,480,480,480,390,880
company website design cost,INR,10,0%,0%,High,86,,,,,,,,10,10,10,0,10,10,10,0,0,10,0,10
ecommerce platform development,INR,170,367%,-56%,Low,1,,,,,,Y,,320,320,260,90,210,320,140,50,30,30,30,140
professional web design company,INR,720,129%,-84%,Low,4,871.12,3585.66,,,,,,2400,1000,480,390,480,2400,590,480,320,170,170,390
hire web designer online,INR,20,0%,-80%,Low,26,1936.08,3140.09,,,,,,30,30,40,10,20,20,10,10,10,10,10,10
bespoke web development,INR,110,120%,-48%,Low,2,,,,,,,,110,90,70,40,70,210,210,210,90,50,10,110
shopify full stack developer,INR,10,0%,-80%,High,68,,,,,,,,30,10,20,10,10,10,10,10,10,10,0,10
top 10 web design companies,INR,90,133%,0%,Low,1,,,,,,,,110,260,260,90,170,20,10,10,20,30,20,70
wix website specialist,INR,10,0%,0%,Medium,52,1674.89,6170.28,,,,,,10,0,10,10,10,10,10,10,10,10,10,10
web design & development services,INR,1600,120%,-32%,Low,3,568.28,2769.38,,,,,,2400,1900,1600,1600,1900,3600,1900,1900,880,590,390,1300
cheap website development company,INR,50,350%,0%,Low,0,,,,,,,,90,90,50,30,170,90,10,20,10,20,20,90
professional website design services,INR,720,177%,-45%,Low,5,781.85,3293.47,,,,,,1300,1000,720,390,480,1900,480,590,390,260,170,720
top ecommerce development agencies,INR,40,250%,600%,Low,2,,,,,,,,10,30,110,140,30,10,10,10,20,20,20,70
professional website designer cost,INR,10,-100%,-100%,Unknown,,,,,,,,,30,10,10,10,10,10,10,10,10,10,0,0
online shop web design,INR,90,133%,-59%,Low,15,693.28,1889.67,,,,,,210,210,90,90,140,140,40,40,50,30,50,70
website development for startups,INR,110,320%,-46%,Low,1,326.39,2558.64,,,,,,260,260,170,70,70,170,40,110,90,50,10,210
custom web development agency,INR,170,1850%,22%,Low,2,676.44,1361.66,,,,,,320,260,110,70,210,320,110,20,10,20,260,390
average website cost for small business,INR,70,120%,-48%,Low,27,214.59,1394.58,,,,,,170,110,70,90,70,40,50,30,50,50,50,110
small website design,INR,20,0%,-75%,Low,7,,,,,,,,40,30,20,20,20,10,10,10,10,10,10,10
ruby on rails web development,INR,260,200%,-19%,Low,1,,,,,,,,320,320,320,390,260,480,590,90,90,70,90,210
shopify laravel,INR,30,0%,-50%,Low,1,,,,,,,,50,50,40,30,30,20,40,20,20,20,10,20
shopify for web developers,INR,590,177%,-45%,Low,13,871.14,4117.28,,,,,,1000,880,590,480,390,1600,590,320,170,260,320,720
real estate web design company,INR,140,420%,-19%,Low,1,,,,,,,,320,320,170,70,170,260,50,40,20,50,70,260
best web app development company,INR,90,0%,-71%,Low,9,,,,,,,,210,170,140,140,40,110,30,10,30,20,20,20
build app for shopify store,INR,10,-100%,-100%,Unknown,,,,,,,,,10,10,10,10,10,10,10,10,0,10,10,0
ecommerce development solutions,INR,390,255%,-61%,Low,0,,,,,,,,880,480,210,110,90,1900,170,50,20,110,40,390
cost for website redesign,INR,70,50%,-86%,Medium,44,351.29,1437.87,,,,,,210,70,70,30,30,260,50,40,20,20,30,30
offshore web development services,INR,90,-44%,-44%,Low,1,,,,,,,,110,140,70,10,30,110,170,110,70,90,20,50
develop a shopify app,INR,10,0%,0%,Low,29,,,,,,,,10,10,10,10,10,10,10,10,10,10,10,10
cheap website design services,INR,30,100%,-78%,Low,5,,,,,,,,70,40,20,10,30,90,20,20,30,10,10,20
wordpress ecommerce development,INR,70,200%,-36%,Low,0,,,,,,,,140,140,110,30,110,110,20,40,40,30,50,90
seo for web developers,INR,170,-67%,-94%,Low,5,,,,,,,,480,480,210,210,140,170,170,110,70,90,50,30
custom web app development services,INR,1000,488%,-38%,Low,2,850.35,3306.93,,,,,,1300,1900,1600,590,880,2900,880,480,320,170,140,1000
small business web design agency,INR,110,267%,-48%,Low,5,326.15,1125.30,,,,,,320,210,140,70,90,210,90,30,10,30,30,110
shopify ecommerce development,INR,720,50%,-56%,Low,0,,,,,,,,720,720,1300,590,720,1600,590,390,480,260,260,390
website builders for designers,INR,20,100%,0%,Low,32,476.35,1781.17,,,,,,20,20,50,20,20,30,30,10,10,20,20,40
upwork web development,INR,90,67%,-29%,Low,11,132.67,2393.01,,,,,,90,260,90,110,110,140,90,70,50,30,50,50
custom web site,INR,1600,0%,-64%,Medium,36,578.56,2244.18,,,,,,2400,1900,1300,1300,1300,2900,2400,1600,1300,1300,1000,1300
best websites for software developers,INR,10,0%,-50%,Low,25,,,,,,,,10,20,10,10,10,10,10,10,10,10,10,10
web designing companies near me,INR,10,0%,-86%,Medium,36,539.76,7994.48,,,,,,50,20,10,10,10,10,10,10,10,10,10,10
web design for small businesses and individuals,INR,10,0%,-75%,Medium,43,,,,,,,,30,20,10,10,20,10,20,10,10,10,10,10
web development for startups,INR,110,320%,-46%,Low,1,326.39,2558.64,,,,,,260,260,170,70,70,170,40,110,90,50,10,210
web development service providers,INR,170,143%,-65%,Low,0,,,,,,,,590,390,210,140,110,260,70,40,70,70,90,170
enterprise website development,INR,260,21%,-56%,Low,2,514.97,1439.08,,,,,,480,260,170,110,90,880,260,170,110,140,70,170
best web design companies in the world,INR,110,0%,-64%,Low,11,311.12,1231.12,,,,,,170,320,320,70,70,110,40,20,50,40,30,40
web and mobile app development services,INR,70,800%,-18%,Low,1,,,,,,,,90,90,70,70,40,70,90,50,30,10,10,90
web application company,INR,260,420%,-56%,Low,3,661.39,2815.44,,,,,,720,590,320,170,140,880,140,40,50,50,50,260
magento web development company,INR,260,950%,-56%,Low,1,,,,,,,,480,880,590,90,110,480,110,50,40,20,30,210
build ecommerce website with react,INR,10,∞,0%,Low,0,,,,,,,,20,10,10,10,10,10,10,10,0,0,10,10
website packages for small business,INR,260,143%,-71%,Low,12,485.65,1921.69,,,,,,590,390,320,210,140,1000,110,20,50,70,30,170
best web developers near me,INR,20,0%,-80%,Low,14,,,,,,,,20,40,90,50,20,10,10,10,10,10,10,10
shopify website developer cost,INR,10,-100%,-100%,Unknown,,,,,,,,,20,20,10,10,10,10,10,10,10,10,10,0
bigcommerce web development,INR,210,420%,-56%,Low,1,,,,,,,,590,480,210,90,260,590,90,40,70,50,40,260
magento ecommerce development services,INR,260,143%,-65%,Low,1,,,,,,,,390,880,720,170,170,590,110,50,90,70,40,170
magento ecommerce development,INR,320,420%,-64%,Low,1,2160.88,7369.73,,,,,,590,590,390,170,210,880,170,50,50,50,70,260
professional website redesign,INR,40,100%,-81%,Low,2,,,,,,,,140,30,40,90,40,10,10,10,20,20,20,40
web design company website,INR,18100,235%,-18%,Low,6,750.94,3117.96,,,,,,33100,27100,14800,14800,14800,40500,18100,14800,9900,8100,9900,27100
local business website design,INR,390,86%,-74%,Low,8,414.63,1445.02,,,,,,880,720,480,320,390,880,260,210,170,140,260,260
website design experts,INR,70,75%,-67%,Low,13,1417.26,3573.72,,,,,,170,140,90,50,90,70,50,70,40,40,40,70
b2b ecommerce development,INR,110,250%,-59%,Low,2,,,,,,Y,,210,170,170,110,90,260,90,50,20,20,10,70
best shopify development company,INR,50,600%,-50%,Low,3,,,,,,,,140,70,30,20,40,170,50,10,10,10,10,70
shopify web development company,INR,1000,126%,-54%,Low,8,538.56,2607.86,,,,,,2400,1600,1000,720,590,2400,590,480,480,390,320,880
shopify developer platform,INR,20,-50%,-50%,Low,23,421.59,2078.64,,,,,,10,30,50,10,10,20,20,10,10,20,20,10
shopify partner development store,INR,20,100%,300%,Low,7,,,,,,,,10,10,20,10,10,20,10,10,10,20,20,40
custom ecommerce website development,INR,390,88%,-68%,Low,2,1889.67,3306.93,,,,,,880,590,260,170,110,1300,170,70,110,170,90,320
ecommerce website redesign,INR,170,250%,-76%,Low,5,510.54,1889.67,,,,,,480,260,170,140,110,320,90,70,70,40,70,140
web design & development agency,INR,90,267%,-48%,Low,4,722.89,3012.74,,,,,,320,140,140,20,30,90,40,10,10,30,30,110
mobile app development company website,INR,320,240%,-56%,Low,2,918.48,3192.63,,,,,,390,880,720,260,260,590,110,70,70,50,40,170
world best website design company,INR,110,0%,-64%,Low,11,311.12,1231.12,,,,,,170,320,320,70,70,110,40,20,50,40,30,40
best customizable ecommerce platform,INR,10,0%,0%,Low,14,,,,,,,,10,10,10,10,10,10,10,0,10,10,0,10
web and software development company,INR,210,255%,22%,Low,3,1239.79,7498.45,,,,,,320,260,170,70,110,590,110,50,50,110,70,390
custom made websites,INR,30,50%,-25%,Medium,57,655.11,2194.82,,,,,,50,50,30,40,20,30,30,40,30,20,30,30
near by website developer,INR,10,∞,0%,Low,19,,,,,,,,0,0,0,0,10,0,0,0,0,0,0,10
website developer upwork,INR,260,189%,53%,Low,13,207.03,1248.85,,,,,,170,260,390,480,170,590,170,110,110,90,110,260
best ecommerce web developers,INR,30,0%,-80%,Low,21,1956.17,9653.68,,,,,,70,50,40,20,20,30,10,30,10,10,10,10
ecommerce web design company,INR,1000,488%,-58%,Low,1,859.63,3306.93,,,,,,2900,2400,1300,880,880,1300,480,210,140,170,210,1000
shopify partner developer,INR,10,0%,0%,High,67,772.12,3596.98,,,,,,10,10,20,10,10,10,10,10,10,10,10,10
biggest web design companies,INR,1600,171%,-45%,Low,8,642.71,2677.47,,,,,,3600,3600,2400,1000,1600,2900,1300,720,720,590,880,1600
shopify store setup experts,INR,40,150%,67%,Low,3,,,,,,,,50,90,90,20,40,50,10,10,10,20,10,50
custom web design agency,INR,1000,519%,-19%,Low,3,670.35,3175.60,,,,,,1900,1300,880,480,880,2400,1000,590,480,210,320,1300
woo commerce web developer,INR,110,367%,-56%,Low,5,2834.51,6432.66,,,,,,390,320,170,90,90,70,50,20,20,30,30,140
online store developer,INR,20,0%,-75%,Low,0,,,,,,Y,,50,40,30,10,40,10,10,10,10,10,10,10
web development consultancy,INR,720,182%,-70%,Low,5,572.18,2540.35,,,,,,1600,2900,1600,320,390,1300,260,140,110,170,140,480
shopify certified developer,INR,50,150%,-64%,Low,8,715.18,6108.37,,,,,,90,90,70,20,40,140,40,10,10,20,20,50
professional services website design,INR,720,177%,-45%,Low,5,781.85,3293.47,,,,,,1300,1000,720,390,480,1900,480,590,390,260,170,720
web development services website,INR,10,0%,-80%,Low,0,,,,,,Y,,30,30,20,10,0,10,10,10,10,10,0,10
best web application development software,INR,10,0%,-67%,Low,0,,,,,,,,40,50,30,10,20,10,10,0,10,10,10,10
website startup costs,INR,30,400%,25%,Low,11,162.01,2961.01,,,,,,50,30,20,10,10,20,10,10,70,10,20,50
custom web app developers,INR,20,∞,40%,Low,0,,,,,,,,40,40,20,10,10,70,10,10,10,0,10,70
online website development company,INR,10,0%,-67%,Low,0,,,,,,,,30,30,10,10,20,10,10,10,10,10,10,10
small business website redesign,INR,2900,0%,-56%,Low,11,750.57,3117.96,,,,,,4400,3600,2900,2900,2900,5400,2900,1600,880,2900,1000,2900
shopify mobile app development,INR,20,0%,-71%,Low,0,,,,,,,,70,50,50,20,20,20,10,10,10,20,10,20
custom web design and development,INR,140,600%,-64%,Low,1,,,,,,,,390,260,170,170,110,260,170,70,20,20,20,140
magento ecommerce web development,INR,210,200%,-56%,Low,0,,,,,,,,480,320,170,70,110,390,90,170,210,70,50,210
drupal web design agency,INR,30,300%,-43%,Low,0,,,,,,,,90,70,70,40,50,20,10,10,10,10,10,40
small web design companies,INR,110,425%,-34%,Low,1,1107.35,3041.23,,,,,,320,260,140,40,50,110,10,140,10,40,20,210
outsource laravel development,INR,30,600%,0%,Low,5,2044.33,5359.12,,,,,,70,70,40,20,30,50,10,10,10,10,10,70
custom web design near me,INR,170,129%,-76%,Low,2,571.74,1417.26,,,,,,260,90,480,170,40,50,170,30,50,170,390,390
shopify developer company,INR,10,100%,100%,Low,0,,,,,,,,10,20,10,0,10,10,0,10,10,10,10,20
best real estate developer websites,INR,20,200%,-25%,Low,24,382.66,1606.83,,,,,,30,30,30,10,20,30,20,10,10,10,10,30
web designer for photographers,INR,50,200%,29%,Low,20,551.24,2834.51,,,,,,70,70,50,40,70,70,40,30,30,30,30,90
multi vendor ecommerce website development,INR,30,-50%,-89%,Low,0,,,,,,,,90,40,10,10,10,170,10,10,10,20,10,10
web design companies for small businesses,INR,590,324%,-45%,Low,3,1035.54,3416.44,,,,,,1300,1000,590,260,480,1300,480,110,170,170,140,720
ecommerce store developer,INR,20,0%,-50%,Low,3,,,,,,Y,,30,30,20,10,10,90,10,0,10,10,10,10
indian web design company,INR,590,23%,-41%,Low,3,467.69,2283.53,,,,,,1000,720,390,320,720,1300,210,260,320,480,320,590
best professional website design,INR,10,0%,0%,Medium,51,279.56,2478.09,,,,,,20,10,10,10,10,10,10,10,10,10,10,10
shopify website development company,INR,1000,126%,-54%,Low,8,538.56,2607.86,,,,,,2400,1600,1000,720,590,2400,590,480,480,390,320,880
web development services for small business,INR,170,29%,-72%,Low,0,,,,,,,,480,260,170,50,90,590,320,40,50,70,30,90
best small business web design companies,INR,210,133%,-46%,Low,6,962.53,4057.13,,,,,,390,390,210,110,210,390,90,50,70,90,70,210
interactive website development,INR,40,100%,-78%,Low,16,232.97,3392.04,,,,,,70,70,140,30,50,10,20,10,20,10,10,20
top web app development companies,INR,50,50%,-73%,Low,0,,,,,,,,90,50,50,30,30,170,40,20,30,20,30,30
wordpress ecommerce agency,INR,50,-80%,-50%,Low,8,,,,,,,,20,50,20,20,40,170,170,110,30,50,0,10
best web development websites,INR,70,-20%,-71%,Medium,37,543.28,3306.93,,,,,,210,210,140,50,50,50,30,20,30,50,50,40
enterprise web app development,INR,210,357%,-18%,Low,0,,,,,,,,390,320,210,110,140,590,90,20,40,70,50,320
shopify platform developer,INR,10,0%,0%,Low,0,,,,,,,,10,10,10,10,10,0,10,0,10,10,10,10
web design company services,INR,390,86%,-64%,Low,5,825.79,2001.51,,,,,,1000,720,480,320,480,590,260,90,70,140,140,260
ecommerce website development company near me,INR,10,∞,0%,Low,0,,,,,,,,10,10,10,10,10,10,10,0,10,0,10,10
london web development agency,INR,90,-80%,-50%,Low,5,,,,,,,,20,20,20,20,10,210,390,170,90,50,10,10
wix professional website designer,INR,10,0%,0%,High,79,830.13,3899.03,,,,,,10,20,20,10,10,10,10,10,10,10,10,10
company for web developer,INR,10,0%,0%,Low,18,,,,,,,,10,10,10,10,10,10,10,10,0,10,10,10
front end developer fiverr,INR,10,∞,0%,Medium,50,,,,,,,,10,10,10,10,10,10,10,10,10,0,0,10
set up your own ecommerce website,INR,10,0%,-100%,Unknown,,,,,,,,,0,10,0,0,0,0,0,0,0,0,0,0
redo website,INR,30,0%,-25%,Medium,47,658.97,1610.31,,,,,,30,20,40,20,30,20,20,30,20,30,30,30
best website development agency,INR,210,143%,-56%,Low,10,1480.74,7324.38,,,,,,390,390,260,210,210,390,50,50,90,70,50,170
full stack shopify,INR,10,0%,0%,Medium,64,,,,,,,,10,10,10,10,10,10,0,0,10,10,0,10
custom ecommerce web design,INR,210,767%,-46%,Low,0,,,,,,,,590,390,210,90,170,590,70,30,70,30,50,260
web design agency for small business,INR,70,40%,-22%,Low,17,435.03,2072.94,,,,,,90,90,110,30,40,70,110,40,40,50,10,70
shopify theme expert,INR,20,200%,-25%,Low,3,,,,,,,,20,10,20,10,10,140,10,10,10,10,10,30
cost to hire a website designer,INR,10,0%,-50%,Medium,43,409.16,1343.52,,,,,,20,30,20,20,20,10,10,10,10,10,10,10
web development companies in the world,INR,10,0%,0%,Low,0,,,,,,,,10,10,10,0,0,0,0,0,10,10,0,10
laravel shopify app development,INR,10,0%,0%,Low,0,,,,,,,,0,10,0,10,0,0,0,0,10,10,10,10
professional website design near me,INR,50,0%,-91%,Low,13,,,,,,,,110,10,10,10,10,10,10,10,10,10,480,10
enterprise web application,INR,50,350%,-47%,Low,5,496.98,2189.05,,,,,,140,110,70,30,20,40,10,10,10,20,20,90
creative web development,INR,30,0%,-71%,Low,11,302.35,685.95,,,,,,70,50,40,30,40,30,10,20,10,20,10,20
top rated web design companies,INR,480,129%,-46%,Low,13,728.04,2556.59,,,,,,1000,880,720,390,390,1300,320,210,260,170,140,390
expert shopify developers,INR,2900,60%,-45%,Low,21,833.22,3976.81,,,,,,4400,14800,1900,1300,1600,2900,1600,1000,1300,1000,1300,1600
shopify developer fiverr,INR,10,0%,0%,Medium,51,329.01,2424.81,,,,,,10,10,10,10,10,10,10,10,10,10,0,10
build custom shopify theme,INR,10,0%,0%,Low,0,,,,,,,,10,10,10,10,20,10,10,10,10,10,10,10
creative website development company,INR,20,0%,-80%,Low,0,,,,,,,,70,50,30,10,50,10,0,10,10,10,10,10
creating shopify apps,INR,210,21%,-47%,Low,22,392.29,2023.48,,,,,,260,260,210,170,140,320,260,140,110,140,110,170
shopify themekit,INR,90,120%,-35%,Low,8,,,,,,,,170,170,140,110,70,50,90,70,70,50,70,110
backend development company,INR,170,22%,-72%,Low,2,,,,,,,,390,590,210,50,70,590,90,10,20,90,20,110
ecommerce website development price,INR,140,-35%,-72%,Low,5,330.48,3227.03,,,,,,390,210,170,70,90,390,50,30,140,170,30,110
upwork shopify expert,INR,10,0%,0%,Medium,55,447.63,1927.49,,,,,,10,10,10,10,10,10,10,10,10,10,10,10
freelance ecommerce website developer,INR,10,0%,-100%,Unknown,,,,,,,,,10,10,10,10,10,10,10,10,0,0,10,0
shopify hydrogen developer,INR,20,0%,-75%,Low,0,,,,,,,,50,30,10,10,10,70,10,10,10,10,10,10
shopify developer price,INR,10,0%,0%,Low,29,,,,,,,,10,10,10,10,10,10,10,10,10,10,10,10
design and development company,INR,40,200%,-73%,Low,4,,,,,,,,90,50,30,70,10,90,10,10,10,10,10,30
cost to build a professional website,INR,40,100%,-78%,Low,22,431.70,2014.15,,,,,,70,30,10,10,20,170,50,70,50,10,10,20
duda website designer,INR,50,33%,-64%,Low,15,418.36,1537.62,,,,,,90,50,40,30,20,260,70,10,10,30,10,40
shopify expert upwork,INR,10,-100%,-100%,Unknown,,,,,,,,,10,20,10,10,10,10,0,10,10,10,0,0
creating your own ecommerce website,INR,30,100%,-71%,Low,21,269.87,2578.40,,,,,,90,70,50,30,30,10,10,10,10,10,10,20
b2b website design company,INR,140,325%,-35%,Low,3,2211.15,8350.47,,,,,,320,210,110,90,110,390,50,20,20,40,50,170
custom ecommerce web development,INR,390,88%,-68%,Low,2,1889.67,3306.93,,,,,,880,590,260,170,110,1300,170,70,110,170,90,320
startup web design agency,INR,90,1000%,-21%,Low,0,,,,,,,,210,140,70,20,50,320,90,10,20,10,70,110
shopify dev site,INR,30,50%,-25%,Low,11,538.56,2648.12,,,,,,40,50,50,40,30,30,30,30,20,20,20,30
best web development companies in the world,INR,70,0%,0%,Low,2,,,,,,,,70,320,170,110,110,20,10,10,10,20,10,20
web design and marketing company,INR,210,271%,-46%,Low,13,1096.64,2849.03,,,,,,480,480,320,140,260,170,70,70,50,70,110,260
back end development services,INR,210,467%,-65%,Low,1,,,,,,,,390,260,110,30,40,1000,90,40,30,30,10,170
seo web agency,INR,260,320%,-71%,Low,1,1249.08,3690.59,,,,,,720,720,390,210,170,90,70,10,10,50,390,210
web design for accountants,INR,70,0%,0%,Low,5,1274.59,19657.23,,,,,,110,110,110,50,70,50,20,40,20,70,30,70
kount shopify,INR,10,0%,0%,Low,31,,,,,,,,10,10,10,10,20,10,10,10,10,10,10,10
hubspot website redesign,INR,10,200%,0%,Low,10,,,,,,,,30,30,10,10,10,10,10,10,10,10,10,30
shopify expert web designer,INR,20,0%,-80%,Low,0,,,,,,,,50,30,10,10,10,140,10,0,10,10,10,10
progressive web app development company,INR,480,88%,-68%,Low,0,,,,,,,,880,590,210,90,140,1900,480,260,210,170,110,320
website redesign near me,INR,14800,0%,-70%,Low,10,528.69,2325.56,,,,,,27100,12100,18100,18100,14800,22200,14800,4400,9900,14800,18100,14800
best software development company websites,INR,70,400%,-29%,Low,2,,,,,,,,210,170,140,90,40,10,10,10,10,10,10,50
website developers and designers,INR,70,250%,-50%,Low,17,1258.52,4147.59,,,,,,110,110,70,50,90,50,90,40,70,20,70,70
drupal web development agency,INR,30,200%,-40%,Low,7,3779.35,6828.34,,,,,,30,20,50,20,50,40,20,30,10,10,20,30
website app development company,INR,1600,400%,-45%,Low,3,1360.57,7086.28,,,,,,4400,3600,1900,880,1000,4400,1600,720,720,320,480,1600
hire a wix website designer,INR,20,100%,-60%,Low,33,876.13,3581.40,,,,,,40,20,10,10,30,90,10,10,10,10,10,20
shopify custom developer,INR,10,0%,0%,Medium,36,,,,,,,,10,10,10,10,20,10,10,10,10,10,10,10
professional web services,INR,110,0%,-84%,Low,22,625.34,1889.67,,,,,,170,70,90,70,90,320,210,170,90,50,30,50
website redesign quote,INR,260,0%,-71%,Low,10,964.90,3831.59,,,,,,590,320,210,170,210,590,260,90,140,170,140,170
magento web agency,INR,70,300%,-76%,Low,2,,,,,,,,170,110,70,20,90,210,40,70,50,10,40,40
top ecommerce website developers,INR,20,0%,0%,Low,0,,,,,,,,20,50,40,50,20,20,0,10,10,10,10,10
business website price,INR,20,200%,-57%,Low,23,331.69,1168.76,,,,,,50,30,10,10,10,70,30,30,20,10,10,30
cms development services,INR,170,89%,-47%,Low,2,720.31,3225.42,,,,,,480,320,210,90,90,390,70,20,50,90,70,170
website design company website,INR,18100,235%,-18%,Low,6,750.94,3117.96,,,,Y,,33100,27100,14800,14800,14800,40500,18100,14800,9900,8100,9900,27100
website design & development services,INR,1600,120%,-32%,Low,3,568.28,2769.38,,,,,,2400,1900,1600,1600,1900,3600,1900,1900,880,590,390,1300
pagefly development,INR,10,0%,-100%,Unknown,,,,,,,,,10,10,10,10,10,10,10,0,0,0,0,0
best app for web development,INR,20,0%,-80%,Medium,39,284.59,944.87,,,,,,40,30,30,20,10,20,10,10,10,10,10,10
wix professional website cost,INR,10,0%,0%,High,71,393.04,1233.96,,,,,,10,10,10,10,10,10,10,10,10,10,10,10
redesign squarespace website,INR,10,-50%,0%,Medium,55,740.01,1764.56,,,,,,10,10,10,10,10,10,10,10,10,20,10,10
asp net web development company,INR,70,600%,-78%,Low,3,,,,,,,,260,90,30,20,50,320,40,10,10,10,10,70
web developers agency,INR,90,0%,-82%,Low,3,,,,,,,,260,210,70,70,140,90,50,90,20,30,10,30
liquid developer shopify,INR,10,-100%,-100%,Unknown,,,,,,,,,10,10,20,10,10,10,10,10,10,10,10,0
shopify payment app development,INR,10,100%,100%,Low,0,,,,,,,,10,10,10,10,10,10,10,10,0,10,0,20
custom website development company,INR,590,243%,-55%,Low,5,699.87,2125.88,,,,Y,,1600,1300,720,390,590,1000,320,260,110,210,170,720
best website design and development company,INR,70,0%,-73%,Low,4,,,,,,,,110,140,210,140,70,20,10,10,20,30,20,30
mobile website developers,INR,50,0%,-64%,Low,11,377.88,1308.21,,,,,,50,70,90,30,70,30,10,20,70,50,30,50
website designer professional,INR,1000,50%,-70%,Low,23,1052.55,3892.67,,,,,,1900,1600,1000,720,720,2400,720,590,390,480,390,720
interactive web development,INR,40,100%,-78%,Low,16,232.97,3392.04,,,,,,70,70,140,30,50,10,20,10,20,10,10,20
php website development company,INR,390,53%,-70%,Low,1,,,,,,,,720,590,390,140,260,720,590,320,170,170,70,260
shopify developer marketplace,INR,10,0%,0%,Medium,57,727.18,4465.04,,,,,,10,10,10,10,10,10,10,10,10,10,10,10
web application development solutions,INR,210,180%,-46%,Low,0,,,,,,,,210,1300,590,40,40,210,30,30,20,50,10,140
web 3.0 development services,INR,50,300%,-43%,Low,0,,,,,,,,70,170,40,30,30,90,90,70,40,10,10,40
it web development company,INR,20,0%,-86%,Low,0,,,,,,,,50,20,10,0,10,90,10,10,0,10,10,10
revamping website,INR,260,53%,-56%,Low,23,1207.47,4535.22,,,,,,480,390,260,170,170,390,140,170,110,170,140,260
ecommerce web design packages,INR,50,33%,-76%,Low,4,,,,,,,,170,110,70,20,50,10,50,10,10,30,10,40
web development marketing,INR,170,57%,-66%,Low,12,755.87,2362.09,,,,,,320,320,210,90,110,480,90,70,50,70,90,110
web site design agency,INR,12100,-45%,-33%,Low,10,568.26,1832.04,,,,,,14800,14800,9900,8100,8100,22200,14800,8100,5400,22200,8100,12100
reactjs web development company,INR,70,800%,-72%,Low,0,,,,,,,,170,140,50,40,20,210,10,10,10,10,10,90
top web design companies near me,INR,50,300%,-92%,Low,5,,,,,,,,210,140,40,10,50,20,20,20,10,10,30,40
web and graphic design company,INR,30,300%,-20%,Low,3,,,,,,,,50,70,50,20,20,20,10,10,20,10,10,40
best ecommerce platform for developers,INR,10,0%,-50%,Low,0,,,,,,,,30,30,20,10,20,10,10,10,10,10,10,10
web agency magento,INR,70,300%,-76%,Low,2,,,,,,,,170,110,70,20,90,210,40,70,50,10,40,40
joomla website developer,INR,10,100%,-50%,Low,6,,,,,,,,30,20,20,10,10,10,0,10,10,10,10,20
travel website development company,INR,20,300%,-43%,Low,5,,,,,,,,40,40,30,10,10,30,10,10,10,10,20,40
web design & development company,INR,2900,122%,-56%,Low,5,819.17,2834.51,,,,Y,,4400,4400,5400,2400,3600,5400,3600,1900,1000,720,480,1600
front end developer company,INR,30,600%,0%,Low,4,,,,,,,,40,50,50,10,20,10,10,50,10,10,10,70
best website development sites,INR,20,0%,-75%,Low,0,,,,,,,,50,40,30,10,30,10,20,10,10,10,10,10
php web development company,INR,390,53%,-70%,Low,1,,,,,,,,720,590,390,140,260,720,590,320,170,170,70,260
professional website price,INR,10,0%,0%,High,86,481.29,1254.87,,,,,,10,10,10,0,10,10,10,10,10,10,10,10
ecommerce developer company,INR,10,0%,-50%,Low,0,,,,,,Y,,20,20,20,10,20,70,10,0,10,10,10,10
improve ecommerce website,INR,10,0%,-100%,Unknown,,,,,,,,,10,10,10,10,10,10,0,0,0,0,0,0
pwa development company,INR,260,52%,23%,Low,1,,,,,,,,210,140,90,390,170,480,480,260,170,210,140,320
website design specialists,INR,110,180%,-33%,Low,10,429.07,2928.59,,,,,,320,260,110,70,90,140,70,20,30,50,30,140
australian web development companies,INR,110,0%,29%,Low,3,694.90,1777.05,,,,,,70,70,70,30,50,210,390,260,140,90,10,90
web and mobile application development company,INR,110,750%,-35%,Low,0,,,,,,,,260,260,140,40,140,140,10,20,50,20,40,170
creating shopify themes,INR,10,0%,-50%,Low,13,,,,,,,,10,10,20,10,10,10,10,10,10,10,10,10
laravel web application development services,INR,90,-20%,-56%,Low,0,,,,,,,,110,140,70,40,40,260,210,140,50,50,10,40
ecommerce website building cost,INR,10,0%,0%,Low,0,,,,,,,,10,10,10,10,10,10,0,10,0,10,10,10
juno web development,INR,10,0%,-100%,Unknown,,,,,,,,,0,0,0,10,0,0,0,0,0,0,0,0
shopify developer site,INR,30,50%,-25%,Low,11,538.56,2648.12,,,,,,40,50,50,40,30,30,30,30,20,20,20,30
best php development company,INR,20,200%,-57%,Low,0,,,,,,,,70,70,40,10,20,10,10,0,10,10,10,30
professional web design agency,INR,110,-50%,-59%,Low,6,670.99,2833.57,,,,,,210,140,70,20,110,320,110,110,70,140,70,70
professional web page design,INR,1300,30%,-46%,Low,13,772.53,3585.66,,,,,,2400,1600,880,880,880,2400,1600,1000,1000,1000,1000,1300
ecommerce design and development,INR,30,0%,-89%,Low,0,,,,,,,,90,70,50,20,30,40,10,10,10,10,10,10
website design and management services,INR,70,0%,-92%,Low,25,806.75,4671.48,,,,,,170,90,40,140,90,210,50,10,20,20,20,20
cost for ecommerce website development,INR,140,-35%,-72%,Low,5,330.48,3227.03,,,,,,390,210,170,70,90,390,50,30,140,170,30,110
front end developer services,INR,20,200%,-40%,Low,0,,,,,,,,40,40,20,10,10,70,0,10,10,10,10,30
best software for web design and development,INR,10,0%,-100%,Unknown,,,,,,,,,10,10,10,10,10,10,10,10,10,0,10,0
digital agency web development,INR,40,600%,-50%,Low,1,,,,,,,,110,70,70,30,50,70,10,10,10,10,10,70
we provide web development services,INR,10,0%,-100%,Unknown,,,,,,,,,10,10,0,0,10,0,10,0,0,0,10,0
bespoke ecommerce platform,INR,10,0%,0%,Low,12,,,,,,,,10,10,10,10,10,50,10,10,10,10,10,10
themekit shopify,INR,90,120%,-35%,Low,8,,,,,,,,170,170,140,110,70,50,90,70,70,50,70,110
best web development website design,INR,10,0%,-100%,Unknown,,,,,,,,,10,10,10,0,0,0,10,0,0,0,0,0
business website development company,INR,10,∞,-75%,Low,8,,,,,,,,20,10,20,10,40,20,0,10,10,0,10,10
shopify development experts,INR,20,200%,-40%,Low,14,464.86,871.14,,,,,,50,40,30,10,30,10,10,10,10,10,20,30
shopify custom frontend,INR,10,0%,0%,Low,0,,,,,,,,10,10,10,10,10,10,10,0,10,10,10,10
web design and mobile app development company,INR,10,300%,100%,Low,0,,,,,,,,40,20,20,10,10,10,10,10,10,10,10,40
angular companies,INR,40,250%,180%,Low,3,3425.98,5196.61,,,,,,50,50,30,30,40,40,20,10,20,40,40,140
shopify theme development from scratch,INR,30,-50%,-89%,Low,0,,,,,,,,90,50,10,10,20,140,20,30,10,20,20,10
average cost of website redesign,INR,30,-50%,-71%,Low,20,203.92,1442.14,,,,,,70,40,30,20,10,90,20,20,20,40,30,20
outsource web design company,INR,40,200%,-73%,Low,13,,,,,,,,140,110,90,10,40,70,10,10,10,10,10,30
redesign wix website,INR,10,0%,0%,Medium,43,,,,,,,,10,10,10,10,10,10,10,10,10,10,10,10
magento website design services,INR,110,200%,-18%,Low,1,,,,,,,,140,170,210,170,210,110,50,40,70,30,20,90
shopify module development,INR,10,∞,0%,Low,0,,,,,,,,10,20,10,10,10,70,10,10,0,0,10,10
cost of a website redesign,INR,70,50%,-86%,Medium,44,351.29,1437.87,,,,,,210,70,70,30,30,260,50,40,20,20,30,30
small business website company,INR,20,100%,-50%,Low,8,,,,,,,,50,30,10,20,50,10,10,10,10,10,10,20
progressive web app development cost,INR,20,0%,-67%,Low,0,,,,,,,,30,30,20,10,30,20,10,10,20,10,10,10
shopify dev shop,INR,390,84%,-41%,Low,8,469.58,1249.08,,,,,,720,480,390,390,320,390,390,260,320,320,390,590
website creation small business,INR,170,136%,-56%,Low,24,1032.52,3731.51,,,,,,480,320,210,170,140,140,110,70,90,110,90,260
laravel app developers,INR,10,∞,100%,Low,0,,,,,,,,30,10,20,10,10,10,0,0,10,0,10,20
drupal web development services,INR,260,240%,-47%,Low,4,2410.28,5058.83,,,,,,320,320,390,210,260,480,260,260,90,50,40,170
website development digital marketing,INR,20,0%,-91%,Low,16,,,,,,,,90,50,40,10,10,0,10,10,10,10,10,10
bespoke ecommerce website,INR,20,0%,-50%,Low,0,,,,,,,,20,20,10,10,10,140,10,0,10,10,0,10
shopify mobile app developer,INR,10,100%,100%,Low,0,,,,,,,,10,10,20,10,10,0,0,10,10,10,10,20
wix website expert,INR,10,0%,0%,Medium,46,929.27,2812.45,,,,,,10,10,10,10,10,10,10,10,10,10,10,10
top web development companies in world,INR,20,100%,-60%,Low,4,,,,,,,,50,50,40,10,30,10,10,10,40,10,10,20
website for small business cost,INR,10,0%,0%,High,86,,,,,,,,10,10,10,10,10,10,10,10,10,10,10,10
affordable website redesign,INR,480,129%,-70%,Low,6,668.77,3456.13,,,,,,590,320,720,390,390,880,390,590,110,210,140,480
full stack theme shopify,INR,10,0%,0%,Low,29,,,,,,,,10,10,10,10,10,10,10,10,0,10,10,10
wix website development cost,INR,10,0%,0%,Low,0,,,,,,,,10,10,10,10,10,10,10,10,10,10,10,10
logo and web design for small business,INR,10,0%,-75%,Low,0,,,,,,,,40,30,20,10,30,10,0,0,10,10,10,10
small company website design,INR,2900,0%,-56%,Low,11,750.57,3117.96,,,,,,4400,3600,2900,2900,2900,5400,2900,1600,880,2900,1000,2900
webdesigning company,INR,10,-100%,-100%,Unknown,,,,,,,,,10,0,10,10,10,0,0,0,0,10,0,0
build shopify theme from scratch,INR,10,0%,-50%,Medium,57,,,,,,,,20,30,20,10,10,10,10,10,10,10,0,10
retail website development,INR,20,0%,-67%,Low,20,,,,,,,,50,40,20,10,20,10,20,10,10,10,10,10
best front end developers,INR,10,0%,-67%,Low,4,,,,,,,,20,30,10,10,10,10,10,10,10,10,10,10
shopify development cost,INR,30,300%,-56%,Low,2,,,,,,,,70,50,10,10,20,90,10,10,10,10,10,40
shopify template development,INR,590,51%,-55%,Low,5,261.72,1378.09,,,,,,1300,720,480,390,480,1900,390,210,260,390,320,590
web development and design agency,INR,50,0%,-93%,Low,4,,,,,,,,210,90,50,40,70,70,70,10,10,10,10,10
top 10 web development companies,INR,70,150%,0%,Low,11,380.77,4662.20,,,,,,140,210,140,70,50,40,20,20,50,20,10,50
ecommerce development firm,INR,40,100%,-71%,Low,0,,,,,,,,90,70,40,10,10,210,10,10,10,10,10,20
hire wix website builders,INR,10,0%,-75%,Low,0,,,,,,,,30,20,10,10,10,70,0,10,10,10,10,10
bigcommerce website development,INR,210,420%,-56%,Low,1,,,,,,,,590,480,210,90,260,590,90,40,70,50,40,260
web programming company,INR,6600,83%,-64%,Low,12,786.91,3250.24,,,,,,9900,12100,8100,4400,5400,14800,6600,5400,3600,2400,2400,4400
shopify payment page,INR,10,0%,-50%,Low,3,,,,,,,,10,10,10,10,10,10,20,10,20,10,10,10
shopify app agency,INR,20,0%,-75%,Low,0,,,,,,,,40,20,10,10,10,70,10,10,10,10,10,10
best sites for freelance web developers,INR,10,0%,0%,Low,25,,,,,,,,10,10,10,10,10,10,10,0,10,10,10,10
joomla development services,INR,50,250%,-36%,Low,0,,,,,,,,110,90,50,20,10,260,20,10,10,20,10,70
creative web development agency,INR,10,0%,-80%,Low,10,,,,,,,,30,20,20,10,20,20,10,10,10,10,10,10
redesign existing website,INR,10,0%,-50%,Low,11,,,,,,,,10,10,10,0,10,10,10,10,10,10,10,10
professional graphic designer website,INR,10,-100%,-100%,Unknown,,,,,,,,,10,10,10,10,10,10,10,10,10,10,10,0
shopify plus development store,INR,20,150%,67%,Low,1,,,,,,,,50,50,20,10,20,10,20,10,10,20,10,50
web coders agency,INR,10,0%,-100%,Unknown,,,,,,,,,10,10,10,0,10,0,10,0,0,0,0,0
magento website development company,INR,210,450%,-58%,Low,0,,,,,,,,260,720,480,50,110,390,70,50,50,20,10,110
professional web design services,INR,720,177%,-45%,Low,5,781.85,3293.47,,,,,,1300,1000,720,390,480,1900,480,590,390,260,170,720
best web and app development companies,INR,10,0%,-50%,Low,0,,,,,,,,30,30,20,10,10,10,10,0,0,10,10,10
prismic next js,INR,20,-50%,-50%,Low,9,,,,,,,,10,30,10,30,10,20,20,10,10,20,10,10
build magento website,INR,90,40%,-67%,Low,32,684.32,4447.35,,,,,,170,170,110,50,70,70,50,40,50,50,20,70
website design and marketing services,INR,110,40%,-67%,Low,9,2278.66,3271.85,,,,,,320,260,210,70,110,90,110,10,40,50,30,70
software company website content,INR,10,0%,0%,Low,0,,,,,,,,10,10,10,10,10,10,10,0,0,10,0,10
ux website redesign,INR,260,24%,-33%,Low,9,162.24,1576.68,,,,,,390,260,210,720,260,170,210,260,210,210,90,260
web & mobile app development company,INR,50,75%,-50%,Low,2,,,,,,,,110,110,90,10,40,140,10,30,30,40,20,70
affordable website designer near me,INR,40,50%,-91%,Low,17,1308.56,3880.04,,,,,,70,90,50,40,70,110,20,0,20,20,10,30
professional web development company,INR,140,800%,-36%,Low,1,,,,,,,,140,720,390,20,50,30,50,20,10,10,20,90
enterprise web application development company,INR,70,0%,-55%,Low,3,,,,,,,,110,90,40,30,70,260,40,70,30,50,20,50
magento ecommerce website development,INR,210,200%,-56%,Low,0,,,,,,,,480,320,170,70,110,390,90,170,210,70,50,210
custom ecommerce developer,INR,20,100%,100%,Low,1,,,,,,,,50,20,10,10,10,110,10,0,10,10,0,20
develop shopify plugin,INR,90,40%,-67%,Low,13,210.07,1977.91,,,,,,170,140,110,70,70,110,70,40,50,50,50,70
drupal web design company,INR,50,250%,-36%,Low,4,3957.67,11172.70,,,,,,140,110,90,70,90,50,20,10,10,20,10,70
wordpress ecommerce website development cost,INR,10,0%,-100%,Unknown,,,,,,,,,10,20,10,10,10,10,10,0,0,0,0,0
cheap professional web design,INR,70,33%,-76%,Low,4,,,,,,,,140,110,20,40,90,170,50,40,30,30,10,40
american web design company,INR,880,22%,-32%,Low,5,404.24,1604.72,,,,,,1600,1000,720,480,720,1900,390,260,720,720,590,880
enterprise web development services,INR,40,100%,-56%,Low,0,,,,,,,,90,70,20,30,70,170,10,10,10,20,10,40
average cost for website redesign,INR,390,22%,-46%,Medium,39,233.70,1446.59,,,,,,720,480,390,320,320,320,320,260,260,320,320,390
nodejs web development company,INR,50,50%,-79%,Low,0,,,,,,,,140,110,50,30,20,140,30,10,10,20,10,30
ecommerce for developers,INR,20,0%,-50%,Low,12,,,,,,,,30,40,30,10,10,70,10,10,10,10,10,10
drupal website development company,INR,170,240%,-56%,Low,1,,,,,,,,260,260,210,110,210,480,170,140,90,50,10,170
progressive web app companies,INR,30,-50%,-80%,Low,7,,,,,,,,70,40,20,10,30,170,20,10,20,20,10,10
landing page redesign,INR,10,100%,100%,Low,19,459.15,1721.24,,,,,,10,10,10,10,10,10,10,10,10,10,10,20
shopify store development services,INR,260,200%,-71%,Low,3,455.35,2466.65,,,,,,590,390,170,140,110,880,260,70,70,70,50,210
shopify develop apps,INR,30,0%,-43%,Low,17,345.96,2569.60,,,,,,40,40,40,30,20,30,30,10,20,40,50,40
next js company,INR,20,100%,-50%,Low,2,,,,,,,,30,40,30,20,30,10,10,10,10,10,20,20
homepage redesign,INR,30,200%,0%,Low,13,959.93,2635.19,,,,,,20,30,30,10,30,20,10,140,10,10,20,30
shopify partner apps,INR,50,0%,0%,Low,16,348.65,891.04,,,,,,40,40,70,40,50,50,40,40,40,50,50,50
python web development company,INR,140,89%,-35%,Low,2,1368.16,5669.02,,,,,,260,260,210,90,140,260,50,20,30,90,40,170
affordable business website design,INR,90,300%,-81%,Low,5,,,,,,,,260,140,30,30,30,320,50,10,10,10,20,40
best ecommerce development platform,INR,10,∞,-50%,Low,0,,,,,,,,20,20,10,10,20,10,0,10,0,0,0,10
professional website building company,INR,10,0%,-100%,Unknown,,,,,,,,,10,10,10,10,10,10,10,10,0,0,10,0
top ecommerce development companies,INR,140,27%,0%,Low,7,969.40,2877.24,,,,,,260,170,90,140,70,480,70,140,110,110,40,140
magento website development services,INR,260,100%,-64%,Low,1,,,,,,,,390,880,590,90,90,480,90,90,50,70,20,140
front end web development company,INR,170,320%,-64%,Low,1,798.32,1236.09,,,,,,480,320,170,70,70,720,50,20,40,50,40,210
site redesign,INR,260,191%,-46%,Low,14,569.67,3117.96,,,,,,590,390,390,210,320,480,210,90,110,110,140,320
treehouse web design,INR,30,-50%,-89%,Low,26,766.98,1132.86,,,,,,90,20,10,10,10,140,10,10,30,20,10,10
bespoke web application,INR,10,100%,-60%,Low,17,398.66,1586.95,,,,,,30,20,10,10,10,30,10,10,10,10,10,20
clutch web development,INR,10,0%,0%,Low,29,,,,,,,,10,10,10,10,10,10,10,10,0,10,10,10
web development e commerce,INR,1600,222%,-57%,Low,3,1163.61,3627.97,,,,,,3600,2400,1000,880,880,3600,2400,1000,720,590,480,1900
certified shopify developer,INR,10,0%,0%,Low,29,,,,,,,,10,10,10,10,10,10,10,10,10,10,10,10
best ecommerce development companies,INR,90,133%,-59%,Low,1,,,,,,,,210,170,210,140,50,110,10,10,30,30,30,70
shopify com developer,INR,10,0%,0%,Medium,52,,,,,,,,20,20,20,10,10,10,10,10,10,10,10,10
top web development firms,INR,1300,22%,-54%,Low,8,753.04,3488.34,,,,,,2400,1900,1600,720,1000,2900,1000,880,880,720,390,880
website development outsourcing company,INR,320,357%,-46%,Low,2,2089.04,5669.02,,,,,,590,880,590,140,170,880,90,20,50,70,50,320
web design for local businesses,INR,390,86%,-74%,Low,8,414.63,1445.02,,,,,,880,720,480,320,390,880,260,210,170,140,260,260
shopify expert application,INR,10,∞,0%,High,86,,,,,,,,10,10,10,10,10,10,10,10,0,0,0,10
shopify extension development,INR,90,40%,-67%,Low,13,210.07,1977.91,,,,,,170,140,110,70,70,110,70,40,50,50,50,70
website design for local business,INR,390,86%,-74%,Low,8,414.63,1445.02,,,,,,880,720,480,320,390,880,260,210,170,140,260,260
small web design agency,INR,30,-33%,-60%,Low,32,458.43,4816.04,,,,,,90,50,30,10,30,90,30,10,10,30,20,20
cost of redesigning a website,INR,70,50%,-86%,Medium,44,351.29,1437.87,,,,,,210,70,70,30,30,260,50,40,20,20,30,30
internet website developers,INR,10,-100%,-100%,Unknown,,,,,,,,,10,10,10,10,10,0,10,10,10,10,10,0
top ecommerce web design companies,INR,90,50%,-82%,Low,14,7040.93,19928.06,,,,,,320,320,140,50,70,50,20,10,10,20,10,30
front end developer shopify,INR,40,350%,0%,Low,1,,,,,,,,90,90,50,40,20,20,20,10,10,20,10,90
web design seo agency,INR,90,400%,-81%,Low,0,,,,,,,,260,260,110,110,50,140,70,10,10,10,70,50
corporate website design agency,INR,70,350%,-36%,Low,0,,,,,,,,260,140,70,30,40,90,70,10,10,20,20,90
shopify private app development,INR,10,∞,100%,Low,8,,,,,,,,20,20,10,10,10,10,10,10,10,0,10,20
website designers company,INR,390,-33%,-56%,Low,14,755.87,2687.39,,,,,,720,590,320,170,210,1000,480,210,210,390,140,260
build an ecommerce website with react,INR,10,100%,100%,Low,0,,,,,,,,10,10,10,10,10,10,10,10,10,10,0,20
web creative agency,INR,10,0%,0%,Low,11,,,,,,,,10,20,10,10,10,10,10,10,0,10,10,10
web professional design,INR,1300,30%,-46%,Low,13,772.53,3585.66,,,,,,2400,1600,880,880,880,2400,1600,1000,1000,1000,1000,1300
the best web developer in the world,INR,10,0%,-80%,Medium,54,714.47,1417.26,,,,,,40,40,30,10,30,10,10,0,10,10,10,10
b2b ecommerce development agency,INR,90,267%,0%,Low,2,,,,,,,,140,90,70,20,30,390,30,10,10,30,90,110
website reconstruction,INR,10,0%,0%,Low,29,,,,,,,,10,10,10,10,10,10,10,0,10,10,10,10
web3 development firm,INR,110,300%,-88%,Low,0,,,,,,,,260,140,70,40,30,590,30,20,30,10,10,40
website design at low cost,INR,210,55%,-71%,Low,7,1159.99,5410.51,,,,,,480,210,140,110,170,480,210,210,170,110,90,170
web 3.0 development company,INR,70,0%,-91%,Low,0,,,,,,,,110,110,70,210,40,140,10,20,30,10,10,10
shopify public app development,INR,20,0%,-80%,Low,0,,,,,,,,40,30,10,10,10,110,10,0,10,10,10,10
affordable website development services,INR,140,325%,-47%,Low,1,,,,,,,,260,260,170,90,110,210,30,40,50,40,40,170
web redesign service,INR,140,600%,24%,Low,1,,,,,,,,260,210,170,70,90,260,70,50,30,30,50,210
real estate website development company,INR,50,33%,-20%,Low,4,,,,,,,,50,40,50,40,90,90,50,50,30,30,40,40
web design development agency,INR,90,267%,-48%,Low,4,722.89,3012.74,,,,,,320,140,140,20,30,90,40,10,10,30,30,110
umbraco web agency,INR,30,200%,-57%,Low,0,,,,,,,,90,90,70,20,30,10,10,10,0,10,10,30
shopify ecommerce store development,INR,40,100%,-78%,Low,0,,,,,,,,70,90,50,20,10,110,10,10,10,10,10,20
freelance shopify designers,INR,40,0%,-80%,Low,16,,,,,,,,50,20,40,210,40,140,10,10,10,10,10,10
top web design companies in the world,INR,110,0%,-64%,Low,11,311.12,1231.12,,,,,,170,320,320,70,70,110,40,20,50,40,30,40
custom ecommerce website price,INR,10,0%,0%,Low,0,,,,,,,,20,20,10,10,10,10,20,10,0,10,10,10
website developers company,INR,260,-19%,-56%,Low,21,906.84,3485.02,,,,,,480,390,170,90,210,590,210,260,210,260,140,210
custom ecommerce website design,INR,210,767%,-46%,Low,0,,,,,,,,590,390,210,90,170,590,70,30,70,30,50,260
ecommerce application development,INR,210,175%,-81%,Low,3,787.05,4548.45,,,,,,590,390,140,140,90,480,320,90,70,40,50,110
small business website development cost,INR,10,0%,-75%,Low,0,,,,,,,,20,20,20,10,10,10,10,10,10,10,10,10
business website redesign,INR,10,0%,-67%,Low,19,1897.36,4535.22,,,,,,30,30,10,10,10,10,10,10,10,10,10,10
building a progressive web app,INR,170,191%,-18%,Low,8,316.25,1254.23,,,,,,320,210,110,70,110,480,170,50,50,110,140,320
professional website development services,INR,40,400%,-55%,Low,7,929.72,4218.55,,,,,,110,90,50,30,70,30,30,10,10,10,10,50
phoenix web design company,INR,320,550%,-70%,Low,8,649.69,2200.07,,,,,,880,590,590,90,140,1000,170,20,110,40,50,260
shopify certified expert,INR,10,0%,0%,High,86,,,,,,,,10,20,20,10,10,10,10,0,10,10,10,10
magento web development agency,INR,140,67%,-64%,Low,2,,,,,,,,140,590,390,30,40,210,40,10,30,30,30,50
ruby on rails web development company,INR,110,400%,-76%,Low,0,,,,,,,,260,260,140,50,90,480,20,10,10,10,10,50
best shopify web developers,INR,10,0%,0%,Medium,43,,,,,,,,20,30,20,10,10,10,10,10,10,10,10,10
google web designer cost,INR,10,0%,0%,Low,5,,,,,,,,10,10,10,10,20,10,10,10,10,10,10,10
website design and development company near me,INR,10,0%,-50%,Low,0,,,,,,,,20,30,10,10,10,10,10,30,10,10,10,10
web solutions companies,INR,170,-58%,-66%,Low,13,431.89,1342.88,,,,,,260,170,70,50,50,480,50,110,140,260,140,110
focus shopify theme,INR,10,0%,0%,Low,0,,,,,,,,10,20,10,10,10,10,10,10,10,10,0,10
web development google,INR,30,0%,-33%,Low,14,381.65,820.02,,,,,,40,40,50,30,20,30,20,20,50,20,20,20
whatsapp integrated ecommerce store,INR,10,0%,-100%,Unknown,,,,,,,,,0,0,10,0,0,0,10,0,0,0,0,0
best shopify theme developers,INR,10,0%,0%,Low,7,,,,,,,,20,20,10,10,30,10,10,10,10,10,10,10
drupal web design services,INR,10,300%,100%,Low,0,,,,,,,,20,30,10,30,10,10,10,10,10,10,10,40
front end developer technologies,INR,390,-46%,-56%,Low,3,248.49,1559.05,,,,,,590,480,480,320,320,320,260,480,390,480,320,260
angular development agency,INR,70,175%,-35%,Low,7,5116.06,27471.36,,,,,,170,170,50,20,20,260,30,10,10,40,70,110
wordpress and shopify developer,INR,10,0%,-100%,Unknown,,,,,,,,,10,10,10,10,10,10,10,10,0,0,10,0
professional webpage design,INR,1300,30%,-46%,Low,13,772.53,3585.66,,,,,,2400,1600,880,880,880,2400,1600,1000,1000,1000,1000,1300
web3 0 development company,INR,10,-100%,-100%,Unknown,,,,,,,,,10,10,10,10,0,10,0,0,0,20,0,0
develop app for shopify,INR,720,49%,-12%,Low,17,372.15,1889.64,,,,,,1000,880,590,590,480,1000,590,390,480,590,590,880
online shopping web design,INR,20,0%,-75%,Medium,43,,,,,,,,40,30,40,40,20,10,20,10,10,10,10,10
online shopping website development cost,INR,10,-100%,-100%,Unknown,,,,,,,,,10,20,10,10,10,10,10,10,10,10,10,0
custom ecommerce store,INR,10,0%,-50%,Medium,36,,,,,,,,20,20,10,10,10,70,10,10,10,10,0,10
top python development companies,INR,40,100%,-56%,Low,4,,,,,,,,110,50,20,10,50,90,20,20,40,20,10,40
best web development company websites,INR,10,0%,-75%,Low,0,,,,,,,,40,30,30,10,20,10,10,10,10,10,10,10
award winning web design company,INR,20,0%,-75%,Low,12,,,,,,,,40,40,30,20,30,10,10,10,10,10,10,10
web design and seo agency,INR,110,600%,-73%,Low,3,,,,,,,,260,260,110,140,50,260,50,20,10,10,70,70
shopify vuejs,INR,10,0%,0%,Low,0,,,,,,,,10,10,10,10,10,10,10,10,0,10,10,10
shopify expert price,INR,10,-100%,-100%,Unknown,,,,,,,,,10,10,10,10,10,10,10,10,10,10,10,0
nonprofit website redesign,INR,210,86%,-56%,Low,15,824.84,1901.71,,,,,,480,210,210,170,140,590,90,90,90,140,90,260
custom ecommerce development company,INR,210,200%,-56%,Low,1,,,,,,,,480,390,210,110,210,590,50,30,90,70,40,210
shopify 2.0 theme development,INR,10,0%,0%,Low,29,,,,,,,,10,10,10,10,0,10,10,10,10,10,10,10
ecommerce web design cost,INR,70,0%,-82%,Low,13,843.74,3615.32,,,,,,140,90,50,10,20,170,90,10,90,20,20,20
best ecommerce developers,INR,70,300%,-56%,Low,0,,,,,,,,110,110,140,90,70,110,20,30,20,10,10,40
small business website price,INR,320,243%,-45%,Low,19,275.89,1183.88,,,,,,720,590,480,320,140,210,170,110,140,140,170,480
front end ecommerce website,INR,10,200%,200%,Low,0,,,,,,,,10,10,10,10,10,10,10,10,0,10,10,30
drupal website redesign,INR,90,57%,-35%,Low,12,603.50,3372.52,,,,,,140,170,90,50,110,40,110,140,110,70,20,110
digital nomad web developer,INR,10,-100%,-100%,Unknown,,,,,,,,,10,10,10,10,10,10,0,0,10,10,10,0
affordable website design services,INR,260,24%,-70%,Low,2,850.35,2239.84,,,,,,720,390,170,70,170,1000,70,10,110,210,170,260
business web design company,INR,40,200%,-67%,Low,4,,,,,,,,90,70,50,10,70,110,10,10,20,10,10,30
small business website layout,INR,10,0%,0%,Low,0,,,,,,,,10,10,10,10,10,10,10,10,0,10,10,10
shopify develop app,INR,30,0%,-43%,Low,17,345.96,2569.60,,,,,,40,40,40,30,20,30,30,10,20,40,50,40
development shopify store,INR,390,84%,-41%,Low,8,469.58,1249.08,,,,Y,,720,480,390,390,320,390,390,260,320,320,390,590
build shopify plugin,INR,90,40%,-67%,Low,13,210.07,1977.91,,,,,,170,140,110,70,70,110,70,40,50,50,50,70
the web agency,INR,40,-75%,-50%,Medium,43,,,,,,,,10,10,10,10,10,20,90,170,70,40,10,10
outsource web application development,INR,70,600%,56%,Low,0,,,,,,,,110,110,40,10,30,320,10,10,30,20,20,140
redesign homepage,INR,30,200%,0%,Low,13,959.93,2635.19,,,,,,20,30,30,10,30,20,10,140,10,10,20,30
best web design company websites,INR,1000,85%,-45%,Low,10,843.74,3117.96,,,,,,1600,1900,1600,720,1000,2400,880,720,480,390,260,720
shopify developer newcastle,INR,10,0%,0%,Unknown,,,,,,,,,10,10,10,10,10,0,10,0,0,0,0,0
cms website development services,INR,110,56%,-56%,Low,0,,,,,,,,390,210,90,90,70,260,70,20,20,90,30,140
ecommerce website development packages,INR,30,-50%,-71%,Low,0,,,,,,,,90,70,30,10,20,10,30,10,10,40,20,20
drupal ecommerce website,INR,10,∞,0%,Low,0,,,,,,,,10,20,10,10,10,10,10,10,10,0,10,10
numinix web development ltd,INR,10,-100%,-100%,Unknown,,,,,,,,,0,10,10,10,0,10,0,0,0,10,10,0
cpa web design,INR,170,-22%,-82%,Low,20,428.15,11517.99,,,,,,390,210,110,90,140,720,110,40,50,90,40,70
senior shopify developer,INR,10,0%,0%,Low,20,,,,,,,,10,10,10,10,10,10,10,10,10,10,10,10
magento ecommerce store development,INR,20,0%,-89%,Low,0,,,,,,,,90,50,20,10,10,70,10,10,30,10,0,10
professional website development company,INR,720,129%,-84%,Low,4,871.12,3585.66,,,,,,2400,1000,480,390,480,2400,590,480,320,170,170,390
sme website design,INR,10,∞,0%,Low,31,,,,,,,,20,10,10,10,10,10,0,10,10,0,0,10
average cost for small business website,INR,70,120%,-48%,Low,27,214.59,1394.58,,,,,,170,110,70,90,70,40,50,30,50,50,50,110
php e commerce website,INR,10,0%,-67%,Low,14,,,,,,,,30,30,30,10,10,10,10,10,10,10,10,10
magento 2 ecommerce websites,INR,10,0%,-100%,Unknown,,,,,,,,,10,20,10,10,10,10,10,0,0,0,0,0
web design & digital marketing agency,INR,30,300%,-43%,Low,30,,,,,,,,90,90,40,10,50,10,0,10,10,10,10,40
web redesign agency,INR,40,400%,-44%,Low,2,,,,,,,,90,90,50,10,40,90,20,20,10,10,20,50
your own ecommerce website,INR,10,0%,0%,Medium,36,,,,,,,,10,10,0,0,10,0,0,0,0,10,10,10
theme development shopify,INR,590,51%,-55%,Low,5,261.72,1378.09,,,,,,1300,720,480,390,480,1900,390,210,260,390,320,590
wordpress website redesign cost,INR,10,0%,-75%,Low,24,,,,,,,,10,50,20,20,20,10,10,10,10,10,10,10
web outsourcing,INR,210,55%,-56%,Low,26,510.58,2682.60,,,,,,390,260,210,140,110,720,140,110,140,110,90,170
dynamic website design company,INR,10,0%,-50%,Low,21,,,,,,,,10,20,10,10,10,10,10,10,10,10,10,10
seo and web design company,INR,1900,156%,-77%,Low,2,726.27,3305.04,,,,,,5400,6600,2900,1600,1600,1900,1300,880,320,390,880,1000
affordable web development services,INR,140,325%,-47%,Low,1,,,,,,,,260,260,170,90,110,210,30,40,50,40,40,170
small business web page design,INR,2900,0%,-56%,Low,11,750.57,3117.96,,,,,,4400,3600,2900,2900,2900,5400,2900,1600,880,2900,1000,2900
shopify backend development,INR,10,0%,-50%,Medium,36,,,,,,,,20,10,10,10,10,20,10,10,10,10,10,10
healthcare website redesign,INR,320,50%,-64%,Low,9,1153.96,3779.35,,,,,,590,480,320,210,210,1300,320,50,90,140,110,210
shopping website development,INR,10,∞,-50%,High,86,,,,,,,,10,10,10,10,10,10,10,0,10,0,0,10
content for web development company,INR,10,∞,0%,Low,0,,,,,,,,10,10,10,0,10,0,0,0,0,0,10,10
ecommerce development cost,INR,20,300%,100%,Low,1,,,,,,,,40,20,30,10,10,10,30,10,10,10,10,40
shopify app development php,INR,20,100%,0%,Low,0,,,,,,,,30,50,30,10,20,10,10,10,10,10,10,20
b2b ecommerce developer,INR,30,100%,-33%,Low,4,,,,,,,,40,40,20,10,40,110,10,0,20,10,10,20
design your own online store,INR,320,86%,-46%,Low,26,584.64,2335.23,,,,,,590,480,390,390,260,480,260,170,170,210,170,390
web development services agency,INR,10,∞,-67%,Low,0,,,,,,,,20,10,10,10,10,10,10,10,10,0,10,10
bigcommerce custom website,INR,10,0%,0%,Low,29,,,,,,,,10,10,10,0,10,10,0,0,10,10,10,10
magento ecommerce website development company,INR,40,0%,-86%,Low,7,,,,,,,,90,70,30,30,40,140,20,10,20,10,0,10
squarespace small business websites,INR,10,∞,0%,Low,0,,,,,,,,10,10,10,10,10,0,10,0,0,0,0,10
custom php development services,INR,110,267%,-58%,Low,8,1869.71,12164.17,,,,,,260,210,140,40,50,390,20,20,10,30,20,110
reactjs web development,INR,20,300%,-20%,Low,0,,,,,,,,40,40,20,10,40,20,10,10,10,10,20,40
best application for web development,INR,20,0%,-80%,Medium,39,284.59,944.87,,,,,,40,30,30,20,10,20,10,10,10,10,10,10
i am looking for a website designer,INR,10,∞,0%,Low,0,,,,,,,,10,10,10,0,0,10,0,0,0,0,10,10
best indian web development companies,INR,110,-29%,-55%,Low,4,4184.80,6002.80,,,,,,140,390,390,20,50,320,10,10,10,70,10,50
custom web site design,INR,1000,171%,-33%,Low,9,560.29,2528.75,,,,,,1600,1300,880,880,1000,2400,1600,1000,590,590,480,1600
website design development agency,INR,90,267%,-48%,Low,4,722.89,3012.74,,,,,,320,140,140,20,30,90,40,10,10,30,30,110
best websites for developers,INR,30,50%,-40%,Low,23,159.00,1403.48,,,,,,50,30,70,30,40,20,20,20,20,20,50,30
making shopify apps,INR,10,0%,-50%,Low,4,,,,,,,,20,40,20,10,10,10,10,10,10,10,10,10
website remake,INR,10,0%,0%,Low,4,,,,,,,,10,10,10,10,10,10,10,10,10,10,10,10
shopify offline development,INR,10,0%,∞,Low,0,,,,,,,,10,10,10,10,10,10,0,10,0,10,0,10
b2b ecommerce portals,INR,110,320%,24%,Low,3,1019.48,3265.01,,,,,,210,170,90,40,50,320,40,20,70,50,30,210
odoo ecommerce development,INR,20,100%,0%,Low,9,699.66,1438.20,,,,,,10,40,20,40,50,10,10,10,10,10,10,20
web designer affordable,INR,480,127%,-63%,Low,15,1102.37,3886.95,,,,,,1000,590,390,260,390,720,320,590,170,260,170,590
web page design company,INR,18100,235%,-18%,Low,6,750.94,3117.96,,,,Y,,33100,27100,14800,14800,14800,40500,18100,14800,9900,8100,9900,27100
ui development company,INR,110,800%,-57%,Low,1,,,,,,,,210,140,40,10,10,720,20,10,10,10,10,90
website redesign business,INR,10,0%,-75%,Medium,60,,,,,,,,30,30,10,10,10,10,10,10,10,10,10,10
small business website designer near me,INR,20,200%,-67%,Low,19,1099.86,8237.74,,,,,,50,40,20,10,10,10,20,10,10,10,30,30
laravel web application development company,INR,70,100%,-86%,Low,5,,,,,,,,170,140,90,40,50,210,30,10,10,10,10,20
redesign company website,INR,210,540%,-18%,Low,6,1491.60,8486.31,,,,,,480,320,260,170,320,390,140,90,40,50,70,320
bigcommerce web design company,INR,210,256%,-46%,Low,2,1701.95,4251.77,,,,,,590,480,260,140,210,320,170,70,90,90,50,320
custom web designs,INR,1000,171%,-33%,Low,9,560.29,2528.75,,,,,,1600,1300,880,880,1000,2400,1600,1000,590,590,480,1600
professional business website design,INR,20,0%,-80%,Low,0,,,,,,,,70,20,20,30,10,90,10,10,10,10,10,10
affordable professional web design,INR,70,33%,-76%,Low,4,,,,,,,,140,110,20,40,90,170,50,40,30,30,10,40
ecommerce website with laravel,INR,10,0%,0%,Low,0,,,,,,,,10,10,30,10,10,10,0,10,10,10,0,10
ecommerce website development company services,INR,10,200%,50%,Low,0,,,,,,,,20,20,20,10,10,10,0,10,10,10,0,30
average cost to redesign a website,INR,30,-50%,-71%,Low,20,203.92,1442.14,,,,,,70,40,30,20,10,90,20,20,20,40,30,20
shopify vue theme,INR,10,0%,0%,Unknown,,,,,,,,,10,10,10,10,10,10,10,0,10,0,0,0
affordable ecommerce website development,INR,10,∞,-67%,Low,0,,,,,,,,20,20,10,10,10,10,0,10,10,0,10,10
top shopify app developers,INR,10,0%,0%,Low,0,,,,,,,,20,20,10,10,10,10,10,0,10,10,10,10
b2b ecommerce web design,INR,110,600%,-67%,Low,1,,,,,,,,210,170,140,70,110,260,90,70,20,10,20,70
designer wix,INR,110,56%,-18%,Medium,47,483.91,2420.67,,,,,,140,140,110,140,90,90,90,110,70,90,70,140
re design website,INR,10,-100%,-100%,Unknown,,,,,,,,,10,10,10,10,10,10,0,10,10,10,0,0
offshore web design company,INR,70,-60%,-71%,Low,1,,,,,,,,70,30,10,10,20,210,170,140,70,50,0,20
shopify store feedback,INR,10,0%,-100%,Unknown,,,,,,,,,10,10,10,0,0,0,10,10,10,0,10,0
london web agencies,INR,10,-100%,-100%,Unknown,,,,,,,,,10,10,10,10,10,10,0,0,0,10,0,0
website development company website,INR,720,0%,-41%,Low,25,472.42,3529.38,,,,,,1000,1600,1300,720,880,880,480,390,390,590,480,590
seo in website development,INR,880,86%,-87%,Low,9,848.65,3239.26,,,,,,2900,2900,1300,1000,720,590,590,110,170,210,140,390
web design and digital marketing company,INR,140,-35%,-66%,Low,2,,,,,,,,320,260,170,40,50,170,50,30,70,170,50,110
best web design and development,INR,20,0%,-80%,Low,13,,,,,,,,70,40,40,10,30,10,10,0,10,10,10,10
affordable website design for small business,INR,590,85%,-70%,Low,13,1266.53,3540.46,,,,,,1300,880,480,210,320,1600,320,110,260,260,260,480
magento 2 website development,INR,50,100%,-86%,Low,0,,,,,,,,140,90,50,10,40,170,20,10,10,10,10,20
custom php web development services,INR,70,800%,29%,Low,0,,,,,,,,110,140,70,30,40,260,10,10,10,10,10,90
best shopify development agency,INR,30,100%,-60%,Low,4,,,,,,,,70,70,30,20,30,70,10,20,10,10,10,20
shopify 2.0 development,INR,10,0%,∞,Low,0,,,,,,,,10,10,10,10,10,10,10,0,10,10,0,10
next js for react developers,INR,10,0%,0%,Low,0,,,,,,,,10,10,10,10,10,10,10,10,10,10,10,10
wix redesign,INR,10,-100%,-100%,Unknown,,,,,,,,,10,10,10,10,10,10,0,10,10,10,10,0
web development and seo services,INR,260,143%,-76%,Low,1,,,,,,,,880,720,320,170,170,590,320,40,10,70,170,170
near web development company,INR,10,0%,0%,Unknown,,,,,,,Y,,10,0,0,0,0,10,0,10,0,0,10,0
dental web design companies,INR,480,182%,-45%,Low,8,3306.93,7086.28,,,,,,880,590,390,320,320,1000,480,260,260,170,110,480
web design on wordpress,INR,2900,21%,-34%,Low,9,636.81,2683.81,,,,,,2900,2900,2400,1900,2400,4400,2900,2900,2900,2400,2900,2900
ecommerce platform developer,INR,20,∞,-50%,Low,0,,,,,,,,10,10,10,10,10,140,0,10,10,0,10,10
shopify theme development agency,INR,40,800%,29%,Low,0,,,,,,,,90,70,50,10,10,90,10,10,10,10,10,90
ecommerce shopify developer,INR,20,-50%,-80%,Low,0,,,,,,,,40,30,10,10,10,90,10,10,10,20,10,10
healthcare web design company,INR,90,450%,-35%,Low,2,,,,,,,,170,110,90,50,40,210,70,90,20,20,20,110
custom e commerce solution,INR,260,55%,-71%,Low,0,,,,,,,,480,390,210,70,170,1000,320,140,70,110,20,170
best website redesign company,INR,10,0%,-100%,Unknown,,,,,,,,,10,10,10,10,10,0,0,0,10,0,0,0
corporate web development,INR,140,425%,-34%,Low,6,1092.32,4145.28,,,,,,320,260,170,110,90,210,90,40,50,40,210,210
website development expert,INR,70,250%,-59%,Low,10,735.66,1333.39,,,,,,140,140,70,10,70,260,70,20,20,20,10,70
shopify plus development services,INR,110,143%,0%,Low,2,396.96,2344.09,,,,,,140,110,90,90,90,390,50,40,70,70,30,170
web developer graphic designer,INR,10,0%,-50%,Medium,51,671.13,2293.52,,,,,,10,10,10,10,10,10,10,10,10,10,10,10
sap web development,INR,10,0%,0%,Low,0,,,,,,,,0,10,10,0,0,10,0,10,10,10,0,10
b2b web design company,INR,140,325%,-35%,Low,3,2211.15,8350.47,,,,,,320,210,110,90,110,390,50,20,20,40,50,170
developing for shopify,INR,1900,-84%,-16%,Low,15,531.00,2607.75,,,,,,1900,1600,1000,1300,1000,1900,880,720,880,9900,1000,1600
top ecommerce developers,INR,50,75%,0%,Low,0,,,,,,,,90,70,50,90,30,50,50,50,70,40,10,70
professional medical website design,INR,20,0%,-50%,Low,0,,,,,,,,20,20,20,0,40,90,20,0,10,10,10,10
shopify build an app,INR,10,0%,0%,Low,29,,,,,,,,10,20,10,10,10,10,10,10,10,10,10,10
2137 web design and development professionals,INR,10,-100%,-100%,Unknown,,,,,,,,,10,10,0,10,0,10,0,0,0,10,0,0
udemy shopify app development,INR,10,0%,0%,Low,3,,,,,,,,10,10,10,10,10,10,0,10,0,10,10,10
deloitte web developer,INR,10,0%,0%,Low,14,,,,,,,,10,10,10,10,10,10,0,0,0,10,0,10
angular e commerce website,INR,10,0%,-100%,Unknown,,,,,,,,,10,10,10,0,10,10,0,0,0,0,0,0
professional website design agency,INR,110,-50%,-59%,Low,6,670.99,2833.57,,,,,,210,140,70,20,110,320,110,110,70,140,70,70
shopify product development,INR,10,0%,0%,Low,4,,,,,,,,10,10,10,10,10,10,40,0,0,10,10,10
corporate web design company,INR,90,1300%,-33%,Low,1,,,,,,,,260,170,90,30,70,110,40,20,10,10,10,140
website design for chartered accountants,INR,10,0%,-67%,Medium,33,,,,,,,,20,20,10,10,10,10,10,10,10,10,10,10
shopify expert on upwork,INR,10,0%,-100%,Unknown,,,,,,,,,10,10,10,10,10,10,0,10,0,0,0,0
ecommerce website specialists,INR,10,0%,0%,Low,0,,,,,,,,10,10,10,0,0,20,10,10,0,10,10,10
shopify ecommerce development services,INR,260,91%,-46%,Low,1,,,,,,,,390,210,260,320,210,880,70,70,70,110,50,210
best site for web development,INR,10,-100%,-100%,Unknown,,,,,,,,,10,10,0,0,10,10,0,10,10,10,0,0
affordable website design agency,INR,50,2500%,189%,Low,1,,,,,,,,70,70,70,20,40,20,30,10,20,10,50,260
best app for web development for android,INR,10,0%,-100%,Unknown,,,,,,,,,10,0,0,0,0,10,0,0,0,0,0,0
designing a website for small business,INR,2900,0%,-56%,Low,11,750.57,3117.96,,,,,,4400,3600,2900,2900,2900,5400,2900,1600,880,2900,1000,2900
shopify development price,INR,10,0%,-100%,Unknown,,,,,,,,,10,10,10,10,10,10,0,0,0,0,0,0
top web application development companies,INR,70,100%,-78%,Low,0,,,,,,,,210,210,110,70,70,90,20,10,20,10,10,20
shopify php app development,INR,10,0%,0%,Unknown,,,,,,,,,10,10,10,10,10,10,0,0,0,0,0,0
top web companies,INR,10,0%,-67%,Medium,43,,,,,,,,20,10,10,10,10,10,10,10,0,10,10,10
web application development firm,INR,1600,400%,-45%,Low,3,1360.57,7086.28,,,,,,4400,3600,1900,880,1000,4400,1600,720,720,320,480,1600
mobile web application development companies,INR,20,∞,-86%,Low,0,,,,,,,,70,40,20,10,10,90,20,10,10,0,10,10
django shopify,INR,10,∞,0%,Low,0,,,,,,,,10,20,10,10,10,10,10,10,10,0,10,10
fullstack company,INR,110,129%,191%,Low,30,138.89,843.02,,,,,,110,90,70,90,90,90,110,90,110,140,140,320
custom ecommerce development services,INR,260,89%,-56%,Low,3,1795.19,3306.93,,,,,,480,720,480,70,110,720,50,20,70,90,40,170
shopify theme dev store,INR,10,0%,0%,Low,0,,,,,,,,10,20,20,10,10,10,10,10,10,10,10,10
best web development app for android,INR,10,0%,-100%,Unknown,,,,,,,,,0,0,0,0,10,10,10,0,10,0,0,0
best website redesigns,INR,10,0%,0%,Low,29,,,,,,,,10,10,10,10,10,10,10,10,0,10,10,10
best laravel ecommerce,INR,10,∞,0%,Low,0,,,,,,,,0,10,10,10,10,0,10,0,0,0,10,10
shopify liquid development,INR,10,0%,0%,Low,18,,,,,,,,10,10,10,10,10,10,10,10,10,10,10,10
fullstack development company,INR,10,100%,-33%,Low,5,,,,,,,,20,20,10,10,10,20,10,10,10,10,10,20
responsive web design company,INR,880,285%,-47%,Low,0,,,,,,,,1600,1600,1000,590,720,1300,720,390,210,260,320,1000
world best web designer,INR,70,150%,-29%,Low,23,301.49,1146.53,,,,,,210,170,70,50,70,110,30,10,10,20,40,50
best sites for web development,INR,10,-100%,-100%,Unknown,,,,,,,,,10,10,0,0,10,10,0,10,10,10,0,0
website relaunch seo,INR,40,0%,-89%,Low,0,,,,,,,,70,50,70,10,30,20,70,20,10,10,40,10
creative web site,INR,720,22%,22%,Low,27,145.12,765.11,,,,,,880,720,590,590,590,880,720,720,720,720,720,880
flutter ecommerce website,INR,10,∞,0%,Low,0,,,,,,,,10,10,10,0,10,0,0,10,10,0,0,10
websites that need redesign,INR,30,-25%,-57%,Low,15,353.96,1069.07,,,,,,70,40,10,20,20,20,40,30,10,40,40,30
shopify plugin api,INR,10,0%,-100%,Unknown,,,,,,,,,10,10,10,10,10,10,0,10,10,0,10,0
mobile app and web development company,INR,20,100%,-78%,Low,0,,,,,,,,70,40,20,10,10,10,10,30,20,10,10,20
professional website banner design,INR,20,400%,400%,Low,5,,,,,,,,20,30,20,20,20,10,10,10,10,10,10,50
developing on shopify,INR,10,0%,0%,Low,8,,,,,,,,10,10,10,10,10,10,10,10,10,10,10,10
ecommerce development company services,INR,20,0%,-50%,Low,0,,,,,,,,30,30,20,10,20,70,10,10,10,10,10,10
hire wix designers,INR,20,0%,-80%,Low,27,1102.96,2204.48,,,,,,40,30,10,10,30,90,10,10,10,10,10,10
eldo web design ltd,INR,10,0%,0%,Low,0,,,,,,,,10,0,0,0,0,10,0,10,10,10,0,10
best laravel development company,INR,50,400%,-55%,Low,10,,,,,,,,140,110,90,30,50,140,10,10,10,10,20,50
modern professional website design,INR,10,100%,100%,Medium,35,225.27,729.00,,,,,,10,10,10,10,10,10,10,10,10,10,10,20
web development on android,INR,20,300%,-20%,Low,2,,,,,,,,30,20,20,10,20,10,10,10,70,10,10,40
ecommerce application development company,INR,140,367%,-56%,Low,2,,,,,,,,320,260,260,140,90,480,40,10,20,30,20,140
web design marketing company,INR,210,271%,-46%,Low,13,1096.64,2849.03,,,,,,480,480,320,140,260,170,70,70,50,70,110,260
web professionals,INR,320,-19%,-19%,Low,13,401.65,1615.61,,,,,,390,390,260,320,390,320,320,320,320,320,260,260
online web agency,INR,20,200%,-57%,Low,1,,,,,,,,50,50,30,10,30,10,10,10,10,10,10,30
best software for front end development,INR,10,-100%,-100%,Unknown,,,,,,,,,10,10,10,10,10,0,10,10,10,10,0,0
shopify dev theme,INR,590,51%,-55%,Low,5,261.72,1378.09,,,,,,1300,720,480,390,480,1900,390,210,260,390,320,590
ecommerce website design and development company,INR,590,321%,-41%,Low,2,1360.57,3306.93,,,,,,880,1000,880,390,390,1600,320,110,110,140,110,590
best magento ecommerce websites,INR,10,0%,0%,High,86,,,,,,,,10,10,10,10,10,10,0,0,0,10,0,10
website ecommerce development,INR,1600,222%,-57%,Low,3,1163.61,3627.97,,,,Y,,3600,2400,1000,880,880,3600,2400,1000,720,590,480,1900
top laravel development companies,INR,70,150%,-29%,Low,11,5291.09,17314.23,,,,,,140,140,110,50,70,170,10,10,20,20,70,50
online store website development,INR,20,100%,-60%,Low,5,,,,,,,,70,70,30,10,20,30,10,10,10,10,10,20
angular ecommerce site,INR,10,0%,-100%,Unknown,,,,,,,,,10,10,10,10,10,10,10,0,0,0,0,0
corporate website redesign,INR,10,0%,-86%,Low,21,,,,,,,,50,30,20,10,10,20,10,10,10,10,10,10
custom ecommerce application development,INR,20,400%,0%,Low,0,,,,,,,,70,40,20,10,20,50,10,10,10,10,10,50
develop shopify theme locally,INR,20,200%,0%,Low,1,,,,,,,,20,40,20,30,30,10,10,10,10,10,20,30
web design house,INR,20,-50%,-67%,Low,18,,,,,,,,40,20,10,10,20,70,10,10,20,20,10,10
shopify plus web development company,INR,50,40%,-36%,Low,0,,,,,,,,110,70,20,10,40,260,20,10,10,50,20,70
best ecommerce web design companies,INR,90,50%,-82%,Low,14,7040.93,19928.06,,,,,,320,320,140,50,70,50,20,10,10,20,10,30
business website layout,INR,20,0%,-50%,Medium,57,173.16,953.30,,,,,,20,20,20,10,10,30,10,10,20,10,10,10
corporate website development services,INR,880,321%,-55%,Low,2,638.90,1889.67,,,,,,1300,2400,1900,390,390,1900,390,110,140,140,110,590
magento website agency,INR,70,300%,-76%,Low,2,,,,,,,,170,110,70,20,90,210,40,70,50,10,40,40
best ecommerce website development,INR,30,0%,-67%,Low,0,,,,,,,,40,40,40,10,20,140,50,10,10,10,10,10
leading web design agency,INR,140,0%,-22%,Low,2,,,,,,,,260,390,390,170,210,50,40,10,70,70,50,70
online shopping website development,INR,20,100%,-60%,Low,5,,,,,,Y,,70,70,30,10,20,30,10,10,10,10,10,20
web development on ipad,INR,40,0%,-67%,Low,1,,,,,,,,70,50,70,40,40,40,30,30,70,30,40,30
creative web design company,INR,140,133%,-73%,Low,4,,,,,,,,260,210,110,50,140,320,210,110,70,30,40,70
multi vendor ecommerce website laravel,INR,10,0%,0%,Unknown,,,,,,,,,0,0,0,10,0,0,0,0,0,0,0,0
magento web development services,INR,320,180%,-64%,Low,1,,,,,,,,480,880,720,140,210,720,140,90,70,50,20,140
shopify developer udemy,INR,10,∞,∞,Low,0,,,,,,,,10,10,10,10,10,10,10,0,0,0,0,10
government website redesign,INR,10,0%,0%,Low,7,,,,,,,,10,10,10,10,10,10,10,10,10,10,10,10
website designers for accountants,INR,10,∞,-50%,Low,15,,,,,,,,20,20,10,10,20,10,10,10,10,0,10,10
saas website redesign,INR,20,0%,0%,Low,0,,,,,,,,20,30,30,10,10,10,10,10,10,30,10,30
shopify theme development services,INR,110,29%,-57%,Low,2,,,,,,,,210,110,110,30,70,390,90,20,30,70,50,90
ecommerce web application development,INR,40,400%,-44%,Low,2,,,,,,,,90,70,50,40,20,20,30,20,10,10,10,50
laravel website development company,INR,140,80%,-77%,Low,3,,,,,,,,390,320,170,70,170,260,50,20,20,50,10,90
webpage redesign,INR,10,0%,0%,Low,8,,,,,,,,20,10,10,10,10,10,0,10,10,10,10,10
top shopify experts,INR,30,200%,-79%,Low,5,,,,,,,,140,70,10,20,30,20,30,20,20,10,20,30
magento web design agency,INR,50,600%,-36%,Low,0,,,,,,,,110,90,70,20,50,140,40,40,50,10,10,70
affordable professional website design,INR,70,33%,-76%,Low,4,,,,,,,,140,110,20,40,90,170,50,40,30,30,10,40
web development ecommerce website,INR,10,-100%,-100%,Unknown,,,,,,,,,10,10,10,10,10,10,10,0,0,10,0,0
biggest web development company in the world,INR,10,0%,-100%,Unknown,,,,,,,,,10,10,0,0,10,10,10,0,0,0,0,0
professional web agency,INR,10,100%,0%,Low,0,,,,,,,,10,20,10,10,20,30,10,10,10,10,10,20
professional graphic design services,INR,90,350%,-57%,Low,3,757.39,2075.38,,,,,,210,110,50,20,40,260,70,20,30,20,30,90
ecommerce website and app development,INR,10,∞,-80%,Low,0,,,,,,,,50,40,20,10,10,10,10,0,0,0,10,10
small business web solutions,INR,40,400%,-64%,Low,2,,,,,,,,140,50,30,10,30,110,10,10,10,10,10,50
offshore web design,INR,50,-75%,-89%,Low,33,4365.15,8519.67,,,,,,40,30,20,10,10,90,170,110,50,40,10,10
hire professional web developers,INR,10,0%,0%,Low,0,,,,,,,,10,10,10,10,10,20,10,0,0,10,10,10
b2b ecommerce portal development,INR,10,∞,0%,Low,2,,,,,,,,20,20,10,10,20,70,10,0,10,0,10,20
accounting firm website design company,INR,0,0%,0%,Unknown,,,,,,,,,0,0,0,0,0,0,0,0,0,0,0,0
accounting firm website design firm,INR,0,0%,0%,Unknown,,,,,,,,,0,0,0,0,0,0,0,0,0,0,0,0
advanced shopify theme development,INR,30,∞,-60%,Low,3,,,,,,,,50,30,10,10,20,90,10,70,20,0,10,20
advanced shopify theme development liquid vue js v3 0,INR,10,0%,0%,Unknown,,,,,,,,,10,10,10,10,10,10,10,0,10,0,0,0
advanced web development company,INR,10,0%,-50%,Low,24,,,,,,,,10,20,10,0,10,10,0,0,0,10,10,10
affordable custom web site,INR,70,150%,-55%,Low,3,,,,,,,,140,110,40,20,40,110,110,10,20,20,50,50
affordable ecommerce development,INR,10,0%,-50%,Low,21,,,,,,,,30,20,10,10,20,10,10,0,10,10,10,10
affordable ecommerce development services,INR,10,0%,0%,Low,0,,,,,,,,30,10,10,10,10,90,0,10,10,10,10,10
affordable ecommerce web design,INR,40,300%,-64%,Low,0,,,,,,,,140,110,50,30,40,20,20,10,10,10,10,40
affordable mobile website redesign,INR,10,0%,-100%,Unknown,,,,,,,,,10,0,0,0,10,0,0,0,0,0,0,0
affordable professional website development,INR,10,∞,0%,Low,0,,,,,,,,10,0,0,0,10,0,0,0,0,0,10,10
affordable small business website design services,INR,10,100%,-50%,Low,0,,,,,,,,40,30,20,10,30,10,10,10,10,10,10,20
affordable web design and development services,INR,10,100%,100%,Low,0,,,,,,,,10,40,30,10,20,20,10,10,10,10,10,20
affordable web design and seo for small business,INR,30,-50%,-86%,Low,0,,,,,,,,50,30,20,10,20,90,40,20,30,20,10,10
affordable web development company,INR,50,350%,0%,Low,0,,,,,,,,90,90,50,30,170,90,10,20,10,20,20,90
affordable website development company,INR,50,350%,0%,Low,0,,,,,,,,90,90,50,30,170,90,10,20,10,20,20,90
amp web development,INR,20,0%,-50%,Low,0,,,,,,,,10,10,40,110,10,10,10,10,10,10,10,10
angular app development company,INR,110,143%,-19%,Low,4,2834.51,5432.82,,,,,,260,140,70,40,40,480,50,10,10,70,70,170
angular ecommerce website,INR,10,∞,0%,Low,0,,,,,,,,10,10,10,10,10,10,0,0,0,0,0,10
angular web development company,INR,210,425%,-64%,Low,2,,,,,,,,590,390,140,110,210,880,50,10,30,40,10,210
angular web development services,INR,90,350%,-36%,Low,0,,,,,,,,140,140,70,140,140,210,20,10,10,20,10,90
angularjs development,INR,90,250%,-73%,Low,0,,,,,,,,210,110,50,30,70,390,40,10,10,20,10,70
angularjs web application development,INR,110,350%,-57%,Low,0,,,,,,,,170,210,390,170,210,30,30,10,20,20,10,90
angularjs web development services,INR,90,150%,-81%,Low,3,,,,,,,,260,170,70,30,40,390,10,10,20,20,10,50
asp net app development,INR,70,300%,-85%,Low,0,,,,,,,,210,170,90,10,110,140,10,10,10,10,10,40
asp net mvc development company,INR,50,200%,-79%,Low,0,,,,,,,,140,90,30,10,50,260,10,10,20,10,10,30
asp net web development services,INR,70,1000%,-48%,Low,0,,,,,,,,210,110,70,30,40,210,10,10,40,10,20,110
average website redesign cost,INR,390,22%,-46%,Medium,39,233.70,1446.59,,,,,,720,480,390,320,320,320,320,260,260,320,320,390
award winning web development company,INR,10,0%,-67%,Low,0,,,,,,,,30,10,10,10,20,10,10,10,10,10,10,10
awwwards redesign,INR,10,∞,∞,Low,0,,,,,,,,0,0,10,0,0,0,0,0,0,0,0,10
b2b ecommerce development services,INR,90,1300%,-18%,Low,1,,,,,,,,210,110,50,30,30,480,40,20,20,10,20,140
b2b ecommerce platform development,INR,10,∞,0%,Low,29,,,,,,,,30,20,10,0,10,70,10,0,10,0,0,10
b2b redesign website,INR,10,∞,0%,Low,0,,,,,,,,10,10,10,10,10,10,10,0,10,0,10,10
b2b web redesign,INR,10,∞,0%,Low,2,,,,,,,,20,10,10,10,20,10,10,10,10,0,0,10
b2b website redesign,INR,320,129%,-19%,Low,5,1346.60,5555.78,,,,,,480,320,260,210,170,880,590,320,320,170,70,390
b2c ecommerce development,INR,70,100%,-88%,Low,5,,,,,,,,110,140,70,20,110,210,30,20,20,10,10,20
back end tech,INR,50,0%,-36%,Low,1,,,,,,,,70,50,50,70,40,50,30,70,50,70,70,70
bespoke ecommerce,INR,20,200%,50%,Low,0,,,,,,,,10,10,10,10,10,110,10,10,20,10,10,30
bespoke web application development,INR,20,0%,-50%,Low,0,,,,,,,,20,30,10,10,10,140,20,10,10,20,10,20
bespoke web application development company,INR,20,400%,25%,Low,0,,,,,,,,50,30,20,10,10,70,20,10,10,10,10,50
bespoke website redesign,INR,10,∞,0%,Low,0,,,,,,,,10,10,10,0,10,10,0,0,10,0,10,10
best angularjs development company,INR,10,0%,-75%,Low,0,,,,,,,,20,20,10,10,10,10,10,0,0,10,10,10
best backend technologies,INR,10,0%,-100%,Unknown,,,,,,,,,10,10,10,10,10,10,10,10,10,0,10,0
best development software web,INR,0,0%,0%,Unknown,,,,,,,,,0,0,0,0,0,0,0,0,0,0,0,0
best ecommerce app developers,INR,20,100%,-33%,Low,0,,,,,,,,30,70,30,10,20,30,10,10,10,10,10,20
best ecommerce development,INR,10,0%,0%,Low,11,,,,,,,,20,20,10,0,10,10,0,10,10,10,0,10
best ecommerce development agencies,INR,10,0%,-75%,Low,0,,,,,,,,30,20,20,10,10,10,10,10,10,10,10,10
best ecommerce development services,INR,20,100%,-33%,Low,0,,,,,,,,40,50,10,10,10,90,10,0,10,10,10,20
best ecommerce for developers,INR,10,0%,0%,Low,0,,,,,,,,20,10,20,10,10,10,0,0,10,10,0,10
best ecommerce store development company,INR,10,∞,0%,Low,3,,,,,,,,20,10,10,10,10,10,0,10,0,0,0,10
best ecommerce web agencies,INR,10,∞,0%,Low,0,,,,,,,,20,10,10,10,10,0,10,0,0,0,0,10
best ecommerce web development company,INR,40,50%,-25%,Low,0,,,,,,,,50,50,40,10,20,140,30,10,10,20,10,30
best ecommerce web development services,INR,30,0%,-75%,Low,0,,,,,,,,50,50,40,20,20,110,30,0,10,10,0,10
best ecommerce website design companies,INR,90,50%,-82%,Low,14,7040.93,19928.06,,,,,,320,320,140,50,70,50,20,10,10,20,10,30
best for web development,INR,10,0%,0%,Low,14,,,,,,,,10,10,10,10,10,10,10,10,10,10,0,10
best front end developer in the world,INR,10,0%,-100%,Unknown,,,,,,,,,0,10,10,10,0,0,0,0,0,0,10,0
best front end technologies,INR,10,0%,0%,Low,0,,,,,,,,10,20,10,10,10,10,10,10,10,10,10,10
best magento ecommerce development company,INR,10,100%,-33%,Low,0,,,,,,,,40,30,40,10,20,10,10,10,0,10,0,20
best magento web developers,INR,10,∞,0%,Low,0,,,,,,,,10,20,30,10,10,10,10,10,0,0,0,10
best magento website,INR,10,0%,-67%,Medium,52,,,,,,,,50,20,20,10,20,10,10,10,10,10,10,10
best shopify development services,INR,10,0%,-50%,Low,0,,,,,,,,10,20,20,10,10,10,0,10,0,10,10,10
best small business website developers,INR,10,-100%,-100%,Unknown,,,,,,,,,10,10,10,10,10,10,10,10,10,10,10,0
best technologies for web development,INR,10,0%,-67%,High,86,,,,,,,,20,20,10,10,10,10,10,10,10,10,10,10
best web application development,INR,10,0%,-67%,Low,29,,,,,,,,30,30,10,10,20,20,10,0,10,10,10,10
best web application development company,INR,50,0%,-80%,Low,0,,,,,,,,70,70,140,50,70,110,40,30,30,10,10,10
best web design and development company,INR,70,0%,-73%,Low,4,,,,,,,,110,140,210,140,70,20,10,10,20,30,20,30
best web design for photographers,INR,10,0%,-75%,High,79,,,,,,,,30,20,20,10,30,10,10,10,10,10,10,10
best web designing,INR,6600,23%,-55%,Medium,36,171.81,797.83,,,,,,12100,6600,5400,5400,5400,12100,9900,6600,3600,4400,4400,5400
best web dev websites,INR,10,-100%,-100%,Unknown,,,,,,,,,10,10,0,10,10,10,10,0,10,10,0,0
best web development agencies in the world,INR,10,0%,100%,Low,2,,,,,,,,10,10,10,10,10,10,40,10,10,20,10,20
best web development agency websites,INR,10,0%,-67%,High,86,,,,,,,,20,20,10,10,10,10,10,10,0,10,0,10
best web development firms,INR,210,143%,-56%,Low,10,1480.74,7324.38,,,,,,390,390,260,210,210,390,50,50,90,70,50,170
best web development services company,INR,10,0%,-50%,Low,0,,,,,,,,10,10,10,0,10,10,0,0,10,10,0,10
best web development technologies 2022,INR,0,0%,0%,Unknown,,,,,,,,,0,0,0,0,0,0,0,0,0,0,0,0
best web page development software,INR,140,56%,-64%,Low,18,143.14,928.65,,,,,,320,210,170,140,90,70,90,70,110,90,90,140
best web programming software,INR,140,56%,-64%,Low,18,143.14,928.65,,,,,,320,210,170,140,90,70,90,70,110,90,90,140
best web technologies,INR,390,23%,0%,Low,7,120.26,472.42,,,,,,590,480,390,390,390,390,390,320,320,390,320,480
best web technologies 2022,INR,10,0%,-100%,Unknown,,,,,,,,,0,10,0,0,10,0,0,0,0,0,0,0
best website development agency near me,INR,10,∞,0%,Low,0,,,,,,,,10,10,10,10,10,20,0,0,0,0,10,10
best website development company near me,INR,10,∞,0%,Low,13,,,,,,,,10,10,10,10,10,10,0,0,0,0,10,10
best website development services,INR,90,133%,-59%,Low,10,822.01,14613.59,,,,,,170,170,90,110,140,210,50,10,40,30,20,70
best website redesign services,INR,480,256%,-56%,Low,7,599.42,2991.96,,,,,,1300,720,480,210,390,1000,170,320,260,90,110,320
big cartel custom themes,INR,10,0%,0%,Medium,34,93.55,852.85,,,,,,10,10,10,10,10,10,10,10,10,10,10,10
bigcommerce ecommerce development,INR,20,∞,-40%,Low,0,,,,,,,,90,50,30,10,20,20,10,10,10,0,10,30
bigcommerce redesign,INR,10,∞,0%,Low,10,,,,,,,,0,10,10,0,10,0,20,10,0,0,0,10
bigcommerce web design services,INR,30,300%,-56%,Low,0,,,,,,,,90,50,40,10,50,10,20,0,10,10,10,40
bigcommerce web development company,INR,210,420%,-56%,Low,1,,,,,,,,590,480,210,90,260,590,90,40,70,50,40,260
bigcommerce website developers,INR,90,450%,-35%,Low,10,2363.04,12350.41,,,,,,210,210,110,50,70,110,40,10,20,20,10,110
bigcommerce website development services,INR,20,50%,-67%,Low,2,,,,,,,,90,30,20,10,20,10,30,10,10,20,10,30
build a shopify app with node and express,INR,10,∞,∞,Low,0,,,,,,,,0,0,0,0,0,0,0,0,10,0,0,10
build custom ecommerce site,INR,10,-100%,0%,Unknown,,,,,,,,,10,10,10,10,10,10,0,10,0,10,10,0
build e commerce website in laravel,INR,0,0%,0%,Unknown,,,,,,,,,0,0,0,0,0,0,0,0,0,0,0,0
build ecommerce website react,INR,10,0%,-100%,Unknown,,,,,,,,,10,10,10,10,10,10,10,0,0,0,0,0
build ecommerce website with angular,INR,10,0%,-100%,Unknown,,,,,,,,,10,10,10,10,10,10,0,10,10,0,0,0
build ecommerce website with laravel,INR,10,0%,-100%,Unknown,,,,,,,,,10,10,0,0,0,10,0,10,0,0,10,0
build shopify app with laravel,INR,10,∞,0%,Low,0,,,,,,,,0,0,0,0,0,0,0,0,0,0,0,10
build shopify app with php,INR,10,0%,-100%,Unknown,,,,,,,,,10,10,10,0,10,10,0,0,0,0,0,0
building a successful ecommerce website,INR,10,0%,0%,Low,0,,,,,,,,10,10,10,0,10,10,0,0,0,10,0,10
building ecommerce website with php and mysql,INR,10,0%,-100%,Unknown,,,,,,,,,10,10,10,0,0,0,0,0,0,0,0,0
burlington small business website design services,INR,10,0%,0%,Low,0,,,,,,,,10,10,10,10,10,10,10,0,10,10,10,10
business startup website package,INR,10,0%,-100%,Unknown,,,,,,,,,0,10,0,0,0,0,0,0,0,0,0,0
cakephp development company,INR,30,300%,-43%,Low,2,,,,,,,,70,50,30,10,70,70,10,10,10,10,10,40
cakephp development services,INR,30,100%,-60%,Low,0,,,,,,,,70,40,30,10,20,90,10,10,10,10,20,20
cakephp web development company,INR,10,∞,0%,Low,0,,,,,,,,10,10,10,0,0,10,0,0,10,0,0,10
cakephp website development,INR,10,∞,-67%,Low,0,,,,,,,,20,20,20,10,10,10,10,70,10,0,10,10
charlotte web design company,INR,590,182%,-19%,Low,1,343.92,1511.74,,,,,,880,1300,880,590,590,880,480,260,170,170,320,480
cheap ecommerce web design,INR,20,100%,-60%,Low,5,,,,,,,,50,30,20,10,10,20,10,10,40,10,10,20
cheap professional website,INR,20,0%,-75%,Medium,59,1110.96,4451.69,,,,,,20,30,20,20,30,20,10,10,10,10,10,10
cheap professional website design,INR,70,33%,-76%,Low,4,,,,,,,,140,110,20,40,90,170,50,40,30,30,10,40
cheap small business website design,INR,590,85%,-70%,Low,13,1266.53,3540.46,,,,,,1300,880,480,210,320,1600,320,110,260,260,260,480
cheap web development company,INR,50,350%,0%,Low,0,,,,,,,,90,90,50,30,170,90,10,20,10,20,20,90
cms web design company,INR,30,100%,-82%,Low,0,,,,,,,,90,70,70,20,20,10,10,10,10,10,10,20
cms web design services,INR,10,0%,-50%,Low,0,,,,,,,,20,10,10,10,10,10,0,10,10,10,0,10
cms web development company,INR,110,29%,-65%,Low,1,,,,,,,,260,210,170,70,70,260,30,40,30,70,20,90
cms website design company,INR,30,100%,-82%,Low,0,,,,,,,,90,70,70,20,20,10,10,10,10,10,10,20
cms website development company,INR,110,29%,-65%,Low,1,,,,,,,,260,210,170,70,70,260,30,40,30,70,20,90
coda web development,INR,10,0%,0%,Low,11,,,,,,,,10,10,10,10,10,10,10,10,10,10,10,10
codeigniter development,INR,30,200%,-67%,Low,0,,,,,,,,70,50,40,10,20,140,20,10,20,10,10,30
codeigniter development company,INR,110,75%,-78%,Low,1,,,,,,,,260,170,110,20,70,210,210,170,50,40,20,70
codeigniter web development company,INR,40,100%,-90%,Low,0,,,,,,,,170,170,70,30,20,10,0,10,10,10,10,20
codeigniter web development services,INR,40,0%,-94%,Low,0,,,,,,,,170,140,70,20,40,10,10,0,10,10,10,10
columbus shopify developers,INR,10,0%,0%,Low,29,,,,,,,,10,10,10,10,10,10,0,10,10,10,0,10
complete ecommerce website in php & mysql,INR,10,0%,-100%,Unknown,,,,,,,,,10,10,10,10,10,10,10,0,0,0,0,0
complete web design,INR,10,0%,-67%,Low,5,,,,,,,,20,10,10,10,10,10,10,10,10,10,10,10
complex e commerce development company,INR,10,∞,-67%,Low,0,,,,,,,,50,30,30,10,20,30,0,0,10,0,10,10
corporate website development company,INR,20,0%,-80%,Low,0,,,,,,,,70,40,20,40,30,20,10,10,10,10,10,10
cost of creating e commerce website,INR,10,0%,0%,Unknown,,,,,,,,,10,10,10,10,10,10,0,0,0,0,0,0
cost of developing e commerce website,INR,140,-35%,-72%,Low,5,330.48,3227.03,,,,,,390,210,170,70,90,390,50,30,140,170,30,110
cost of developing ecommerce website,INR,10,0%,-50%,Low,0,,,,,,,,20,10,10,10,10,10,0,10,0,10,0,10
cost to build a shopify app,INR,10,-50%,∞,Low,0,,,,,,,,10,0,0,0,10,90,0,0,0,20,10,10
counsellor website design,INR,20,100%,-60%,Low,7,,,,,,,,50,50,20,10,20,90,10,0,10,10,10,20
cpa website design firm,INR,10,∞,∞,Low,0,,,,,,,,0,0,0,0,0,0,0,0,0,0,10,10
creative web development company,INR,20,0%,-80%,Low,0,,,,,,,,70,50,30,10,50,10,0,10,10,10,10,10
creative website development,INR,30,0%,-71%,Low,11,302.35,685.95,,,,,,70,50,40,30,40,30,10,20,10,20,10,20
custom angularjs development company,INR,30,300%,-43%,Low,1,,,,,,,,50,50,20,20,10,170,10,0,10,10,10,40
custom build ecommerce,INR,10,0%,-100%,Unknown,,,,,,,,,10,10,0,10,0,70,10,0,0,0,0,0
custom built ecommerce,INR,10,0%,-100%,Unknown,,,,,,,,,10,10,0,0,0,70,0,10,0,0,0,0
custom designed small business websites,INR,10,0%,0%,Low,0,,,,,,,,10,0,0,0,0,0,0,0,10,10,10,10
custom development shopify,INR,10,∞,∞,Low,0,,,,,,,,10,10,10,10,10,10,0,20,10,0,10,10
custom e commerce web designing,INR,210,767%,-46%,Low,0,,,,,,,,590,390,210,90,170,590,70,30,70,30,50,260
custom e commerce website development company,INR,390,88%,-68%,Low,2,1889.67,3306.93,,,,,,880,590,260,170,110,1300,170,70,110,170,90,320
custom e commerce website development services,INR,50,0%,-71%,Low,0,,,,,,,,70,50,40,10,20,390,10,0,10,20,10,20
custom ecommerce design,INR,50,300%,-56%,Low,0,,,,,,,,110,70,30,10,20,260,20,10,10,10,40,40
custom ecommerce site,INR,10,100%,100%,Low,12,,,,,,,,40,10,10,10,10,50,10,0,10,10,10,20
custom ecommerce store development services,INR,20,∞,-86%,Low,0,,,,,,,,70,30,10,10,10,140,20,10,0,0,10,10
custom ecommerce web design service,INR,20,200%,-40%,Low,0,,,,,,,,70,40,10,20,10,70,10,0,0,10,10,30
custom ecommerce web design services,INR,90,80%,-65%,Low,0,,,,,,,,260,140,70,90,30,170,20,10,10,50,40,90
custom ecommerce website development company,INR,50,600%,0%,Low,0,,,,,,,,110,50,40,20,30,210,10,10,10,10,10,70
custom ecommerce website development cost,INR,10,0%,0%,Low,0,,,,,,,,10,20,10,10,10,10,10,10,0,10,0,10
custom ecommerce website development services,INR,170,250%,-73%,Low,1,,,,,,,,210,590,480,140,20,390,20,10,10,20,10,70
custom laravel development,INR,50,200%,-79%,Low,9,,,,,,,,170,170,50,20,30,50,10,10,10,10,0,30
custom laravel web development,INR,30,200%,-67%,Low,4,,,,,,,,50,50,50,20,10,110,10,0,10,10,10,30
custom magento ecommerce development,INR,40,200%,-67%,Low,1,,,,,,,,90,70,40,20,50,110,20,10,10,10,10,30
custom magento web development,INR,70,∞,-59%,Low,1,,,,,,,,140,110,50,20,50,210,30,0,20,0,10,70
custom magento website development,INR,30,0%,-86%,Low,0,,,,,,,,90,70,30,20,40,110,10,10,10,10,10,10
custom php development company,INR,110,400%,-81%,Low,2,,,,,,,,260,210,90,20,50,480,20,10,10,10,10,50
custom php web development,INR,70,-33%,-92%,Low,0,,,,,,,,210,140,70,20,40,260,10,10,10,30,10,20
custom php web development company,INR,50,200%,-79%,Low,0,,,,,,,,140,110,70,20,20,170,10,10,10,10,10,30
custom professional web design,INR,50,150%,-29%,Low,0,,,,,,,,110,90,50,70,70,50,30,50,10,20,50,50
custom retail website,INR,10,0%,-100%,Unknown,,,,,,,,,10,10,10,10,10,70,0,10,10,0,0,0
custom shopify app developer,INR,20,0%,-75%,Medium,43,,,,,,,,40,20,10,10,20,170,10,10,10,10,10,10
custom shopify development services,INR,110,-22%,-73%,Low,2,,,,,,,,260,170,50,10,30,590,40,10,30,90,20,70
custom shopify website development services,INR,30,200%,-40%,Low,4,,,,,,,,70,50,20,10,20,90,10,10,10,10,10,30
custom small business website,INR,70,67%,-76%,Medium,42,518.41,2403.74,,,,,,210,90,40,20,40,170,30,20,20,30,20,50
custom web design firm,INR,1000,519%,-19%,Low,3,670.35,3175.60,,,,,,1900,1300,880,480,880,2400,1000,590,480,210,320,1300
custom web development solutions,INR,70,150%,-71%,Low,0,,,,,,,,170,110,40,70,30,320,20,50,20,20,10,50
custom websites for therapists,INR,10,100%,100%,Low,0,,,,,,,,20,50,30,10,10,10,10,10,10,10,10,20
custom wordpress web design company,INR,30,100%,-50%,Low,0,,,,,,,,50,50,20,30,40,90,10,10,10,10,10,20
custom wordpress web development services,INR,50,200%,-36%,Low,3,1889.67,3779.35,,,,,,110,90,40,30,40,170,40,10,10,30,10,90
customized b2b ecommerce development services,INR,50,400%,-55%,Low,0,,,,,,,,90,90,40,10,20,210,20,10,10,10,10,50
dedicated ecommerce developers,INR,30,200%,-57%,Low,0,,,,,,,,50,30,20,10,20,110,10,0,20,10,10,30
dedicated shopify developer,INR,30,300%,-43%,Low,0,,,,,,,,70,50,20,10,20,90,10,10,10,10,10,40
delba vercel,INR,10,∞,0%,Low,0,,,,,,,,10,10,10,10,10,10,10,10,10,0,10,10
design ecommerce system,INR,10,∞,0%,Low,14,,,,,,,,10,10,0,10,10,10,10,0,0,0,0,10
design small business,INR,90,0%,-76%,Low,26,246.21,741.82,,,,,,210,110,70,50,90,320,50,50,50,50,50,50
dev shopify api,INR,10,0%,0%,Low,0,,,,,,,,10,10,10,10,10,10,10,0,10,10,0,10
develop shopify locally,INR,10,-100%,-100%,Unknown,,,,,,,,,10,10,10,10,10,10,0,0,10,10,0,0
developer shopify app,INR,10,∞,-67%,Low,0,,,,,,,,30,20,10,10,10,110,10,10,0,0,0,10
developer shopify com,INR,10,0%,0%,Medium,52,,,,,,,,20,20,20,10,10,10,10,10,10,10,10,10
developer shopify partner,INR,10,0%,-100%,Unknown,,,,,,,,,10,10,10,10,10,10,10,0,10,0,10,0
developer store shopify,INR,10,0%,0%,Low,21,,,,,,,,10,10,10,10,10,10,10,0,0,10,0,10
developing an e commerce website,INR,1600,222%,-57%,Low,3,1163.61,3627.97,,,,,,3600,2400,1000,880,880,3600,2400,1000,720,590,480,1900
developing an ecommerce site,INR,10,0%,-50%,Low,17,,,,,,,,20,20,10,10,10,0,0,0,10,10,10,10
developing e commerce website,INR,1600,222%,-57%,Low,3,1163.61,3627.97,,,,,,3600,2400,1000,880,880,3600,2400,1000,720,590,480,1900
development of ecommerce store,INR,10,∞,0%,Low,0,,,,,,,,10,10,10,10,10,10,0,10,10,0,0,10
digital kangaroos web development & marketing agency,INR,10,0%,0%,Unknown,,,,,,,,,0,0,0,10,0,10,0,10,0,0,0,0
digital marketing and web design company,INR,140,-35%,-66%,Low,2,,,,,,,,320,260,170,40,50,170,50,30,70,170,50,110
digital marketing and web development services,INR,10,100%,-33%,Low,0,,,,,,,,40,40,20,10,20,10,10,10,10,10,10,20
digital web development,INR,40,-40%,-40%,Low,3,,,,,,,,50,40,20,10,20,10,90,140,70,50,10,30
discord for web developers,INR,10,0%,0%,Low,0,,,,,,,,0,10,10,10,0,10,0,10,10,10,20,10
dot net web development company,INR,20,300%,-43%,Low,0,,,,,,,,70,70,30,10,30,30,10,10,10,10,10,40
drupal cms development company,INR,50,33%,-64%,Low,12,,,,,,,,70,70,50,30,110,90,10,10,10,30,20,40
drupal ecommerce agency,INR,10,0%,-75%,Low,0,,,,,,,,20,40,20,10,20,10,10,0,10,10,10,10
drupal ecommerce development,INR,30,300%,-56%,Low,0,,,,,,,,70,90,50,30,30,20,10,10,10,10,10,40
drupal ecommerce development services,INR,10,∞,0%,Low,0,,,,,,,,20,10,10,10,10,10,0,10,10,0,10,10
drupal seo agency,INR,70,50%,-86%,Low,1,,,,,,,,260,210,90,90,50,70,10,10,10,20,40,30
drupal website development services,INR,260,240%,-47%,Low,4,2410.28,5058.83,,,,,,320,320,390,210,260,480,260,260,90,50,40,170
dynamic website development services,INR,10,∞,0%,Low,0,,,,,,,,0,10,10,10,10,10,0,0,0,0,10,10
e commerce business developer,INR,10,0%,0%,Medium,62,,,,,,,,10,10,10,10,10,10,10,10,10,10,10,10
e commerce portal developer,INR,10,0%,-100%,Unknown,,,,,,,,,20,10,10,10,10,0,0,0,10,0,0,0
e commerce portal development,INR,110,40%,-22%,Low,2,,,,,,,,140,480,320,140,140,40,10,20,50,50,10,70
e commerce portal development services,INR,40,200%,-67%,Low,0,,,,,,,,90,70,30,10,10,170,10,10,20,10,10,30
e commerce system developer,INR,10,0%,0%,Unknown,,,,,,,,,10,10,10,10,10,10,10,0,0,0,0,0
e commerce system development,INR,10,0%,0%,Low,0,,,,,,,,10,30,10,10,10,90,10,10,0,10,0,10
e commerce web application development,INR,40,400%,-44%,Low,2,,,,,,,,90,70,50,40,20,20,30,20,10,10,10,50
e commerce website and android app,INR,10,0%,-100%,Unknown,,,,,,,,,10,10,10,10,10,10,10,0,0,0,0,0
e commerce website angular,INR,10,0%,0%,Unknown,,,,,,,,,10,10,10,10,10,0,0,0,0,0,0,0
e commerce website design & development,INR,260,200%,-71%,Low,0,,,,,,,,880,720,320,140,170,590,110,50,40,70,50,210
e commerce website development in php with pdo,INR,10,0%,-100%,Unknown,,,,,,,,,10,10,10,0,10,10,0,0,0,0,0,0
e commerce website in angular,INR,10,0%,-100%,Unknown,,,,,,,,,10,10,10,10,10,0,0,0,0,0,0,0
e commerce website in laravel,INR,10,0%,-100%,Unknown,,,,,,,,,10,10,0,0,0,0,0,0,0,0,0,0
e commerce website in reactjs,INR,10,0%,0%,Unknown,,,,,,,,,10,10,10,10,10,10,10,0,0,0,0,0
e commerce website laravel,INR,10,0%,0%,Unknown,,,,,,,,,10,0,0,0,0,0,0,0,0,0,10,0
e commerce website php mysql,INR,10,0%,-100%,Unknown,,,,,,,,,10,10,30,10,10,10,10,10,10,0,0,0
e commerce website technologies,INR,10,0%,-50%,Low,0,,,,,,,,30,30,10,10,20,10,0,0,0,10,0,10
e commerce website with php and mysql,INR,10,0%,-100%,Unknown,,,,,,,,,10,10,10,10,10,10,0,0,0,0,0,0
ecom website development,INR,1600,222%,-57%,Low,3,1163.61,3627.97,,,,,,3600,2400,1000,880,880,3600,2400,1000,720,590,480,1900
ecommerce android app development,INR,10,100%,-60%,Low,0,,,,,,,,50,40,10,10,20,10,0,10,10,10,10,20
ecommerce custom design,INR,50,300%,-56%,Low,0,,,,,,,,110,70,30,10,20,260,20,10,10,10,40,40
ecommerce custom development,INR,390,929%,-28%,Low,1,1352.06,3306.93,,,,,,880,720,390,260,210,1000,70,20,30,70,110,720
ecommerce design & development,INR,30,0%,-89%,Low,0,,,,,,,,90,70,50,20,30,40,10,10,10,10,10,10
ecommerce development agency near me,INR,10,0%,-100%,Unknown,,,,,,,,,30,50,30,10,10,10,0,0,0,0,0,0
ecommerce development near me,INR,50,100%,-71%,Low,1,,,,,,,,170,20,140,50,50,40,40,10,70,20,20,40
ecommerce development packages,INR,10,0%,-50%,Low,0,,,,,,,,20,20,20,10,10,50,0,0,10,10,10,10
ecommerce development price,INR,10,0%,0%,Low,0,,,,,,,,50,10,10,10,10,10,30,10,10,10,10,10
ecommerce development technologies,INR,10,0%,-100%,Unknown,,,,,,,,,20,10,10,10,10,50,10,0,10,0,0,0
ecommerce development website,INR,1600,222%,-57%,Low,3,1163.61,3627.97,,,,Y,,3600,2400,1000,880,880,3600,2400,1000,720,590,480,1900
ecommerce integration development,INR,10,0%,-100%,Unknown,,,,,,,,,30,10,10,10,10,70,10,0,0,0,0,0
ecommerce magento developers,INR,260,320%,-56%,Low,1,,,,,,,,390,1000,880,90,90,320,40,20,50,50,20,210
ecommerce magento development,INR,320,420%,-64%,Low,1,2160.88,7369.73,,,,,,590,590,390,170,210,880,170,50,50,50,70,260
ecommerce marketing and development services,INR,10,0%,0%,Low,0,,,,,,,,20,50,20,10,20,40,0,0,0,10,10,10
ecommerce portal development company,INR,50,75%,-50%,Low,0,,,,,,,,90,90,30,20,20,170,10,10,10,40,10,70
ecommerce redesign,INR,10,200%,50%,Low,0,,,,,,,,20,20,10,10,10,10,10,10,10,10,10,30
ecommerce services development,INR,10,0%,-50%,Low,0,,,,,,Y,,20,10,10,10,10,70,0,10,10,10,0,10
ecommerce shopify expert,INR,10,0%,0%,Low,0,,,,,,,,10,10,10,10,10,0,0,10,10,10,10,10
ecommerce shopping cart development,INR,10,0%,-100%,Unknown,,,,,,,,,10,10,10,10,10,10,10,10,10,0,10,0
ecommerce shopping website development,INR,10,0%,0%,Low,0,,,,,,,,10,10,10,10,10,0,0,10,0,10,0,10
ecommerce site development cost,INR,140,-35%,-72%,Low,5,330.48,3227.03,,,,,,390,210,170,70,90,390,50,30,140,170,30,110
ecommerce site in laravel,INR,10,0%,-100%,Unknown,,,,,,,,,10,0,0,0,0,0,0,0,0,0,0,0
ecommerce store cost,INR,10,0%,-100%,Unknown,,,,,,,,,10,10,10,10,10,0,10,0,10,0,0,0
ecommerce store development company,INR,90,800%,-47%,Low,3,,,,,,,,170,140,50,40,20,390,70,10,10,10,10,90
ecommerce store development services,INR,110,600%,-36%,Low,1,,,,,,,,110,590,210,20,30,320,30,10,10,10,10,70
ecommerce web app development services,INR,20,0%,-67%,Low,8,,,,,,,,50,40,30,10,10,50,0,0,10,10,0,10
ecommerce web design & development,INR,260,200%,-71%,Low,0,,,,,,,,880,720,320,140,170,590,110,50,40,70,50,210
ecommerce web design & development agency,INR,10,0%,-75%,Low,0,,,,,,,,40,30,10,10,20,90,10,0,0,10,0,10
ecommerce web design & development services,INR,30,-33%,-78%,Low,0,,,,,,,,110,70,50,20,20,40,10,10,10,30,10,20
ecommerce web design and development,INR,260,200%,-71%,Low,0,,,,,,,,880,720,320,140,170,590,110,50,40,70,50,210
ecommerce web design and development firm,INR,10,0%,0%,Low,0,,,,,,,,20,20,10,10,10,10,10,0,0,10,10,10
ecommerce web design development,INR,260,200%,-71%,Low,0,,,,,,,,880,720,320,140,170,590,110,50,40,70,50,210
ecommerce web design development company,INR,590,321%,-41%,Low,2,1360.57,3306.93,,,,,,880,1000,880,390,390,1600,320,110,110,140,110,590
ecommerce web design experts,INR,10,∞,-50%,Low,0,,,,,,,,30,10,10,0,10,10,10,0,10,0,10,10
ecommerce web development firm,INR,590,321%,-41%,Low,2,1360.57,3306.93,,,,,,880,1000,880,390,390,1600,320,110,110,140,110,590
ecommerce web development solutions,INR,70,50%,-82%,Low,1,,,,,,,,210,140,70,10,70,320,30,10,30,20,20,30
ecommerce website angular,INR,10,0%,-100%,Unknown,,,,,,,,,10,10,10,10,10,10,10,0,0,0,0,0
ecommerce website design & development company,INR,20,100%,-71%,Low,0,,,,,,,,50,50,30,10,20,10,20,10,10,10,10,20
ecommerce website design and development services,INR,70,100%,-56%,Low,1,,,,,,,,110,50,170,50,50,90,50,30,40,20,10,40
ecommerce website design company near me,INR,20,∞,0%,Low,0,,,,,,,,30,20,30,0,30,30,10,20,10,0,10,20
ecommerce website design for small business,INR,10,100%,-33%,Low,0,,,,,,,,30,40,20,10,10,0,10,10,10,10,10,20
ecommerce website development agency near me,INR,10,∞,100%,Low,0,,,,,,,,10,20,20,10,10,10,0,10,10,0,10,20
ecommerce website development company in,INR,10,0%,0%,Unknown,,,,,,,,,10,10,10,0,10,10,0,0,0,0,0,0
ecommerce website development experts,INR,20,0%,-50%,Low,6,,,,,,,,20,30,20,10,10,90,0,10,10,10,10,10
ecommerce website development in laravel,INR,10,∞,0%,Low,0,,,,,,,,10,0,10,0,0,0,0,0,0,0,0,10
ecommerce website development in php,INR,10,0%,-100%,Unknown,,,,,,,,,10,10,10,10,10,0,0,0,10,0,0,0
ecommerce website development near me,INR,30,400%,-92%,Low,4,,,,,,,,70,30,40,20,90,10,20,20,10,10,10,50
ecommerce website development online,INR,10,0%,-100%,Unknown,,,,,,,,,10,10,20,10,10,10,10,10,0,0,0,0
ecommerce website development technologies,INR,10,0%,-100%,Unknown,,,,,,,,,10,30,10,10,10,10,0,0,0,0,0,0
ecommerce website flutter,INR,10,0%,0%,Unknown,,,,,,,,,10,0,10,0,0,0,0,0,0,0,10,0
ecommerce website front end,INR,10,∞,0%,Low,29,,,,,,,,10,10,10,10,10,0,0,0,0,0,10,10
ecommerce website in angular,INR,10,0%,-100%,Unknown,,,,,,,,,10,20,10,10,10,0,0,0,0,0,0,0
ecommerce website in laravel,INR,10,0%,0%,Low,0,,,,,,,,10,10,30,10,10,10,0,10,10,10,0,10
ecommerce website in reactjs,INR,20,∞,-20%,Low,0,,,,,,,,70,70,40,20,10,10,10,10,0,0,10,40
ecommerce website laravel,INR,10,-100%,-100%,Unknown,,,,,,,,,10,0,0,10,0,10,0,0,0,10,0,0
ecommerce website nodejs,INR,10,0%,-100%,Unknown,,,,,,,,,10,10,10,0,10,10,10,0,0,0,0,0
ecommerce website php mysql,INR,10,-100%,-100%,Unknown,,,,,,,,,10,10,10,10,10,10,10,0,0,10,0,0
ecommerce website reactjs,INR,10,0%,0%,Low,0,,,,,,,,10,10,10,10,10,10,10,10,10,10,10,10
ecommerce website with android app,INR,10,0%,-100%,Unknown,,,,,,,,,10,10,10,10,10,0,0,10,0,0,0,0
ecommerce website with angular,INR,10,0%,-100%,Unknown,,,,,,,,,10,10,10,10,0,0,0,0,0,0,0,0
ecommerce website with php,INR,10,0%,-67%,Low,14,,,,,,,,30,30,30,10,10,10,10,10,10,10,10,10
ecommerce website with php and mysql,INR,10,0%,-100%,Unknown,,,,,,,,,10,10,30,10,10,10,10,10,10,0,0,0
ecommerce wordpress development,INR,70,200%,-36%,Low,0,,,,,,,,140,140,110,30,110,110,20,40,40,30,50,90
enterprise ecommerce developers,INR,10,0%,-100%,Unknown,,,,,,,,,10,10,10,10,10,50,10,0,0,0,0,0
enterprise ecommerce development,INR,20,300%,33%,Low,0,,,,,,,,40,40,30,10,10,50,20,10,10,10,10,40
enterprise web application development,INR,210,357%,-18%,Low,0,,,,,,,,390,320,210,110,140,590,90,20,40,70,50,320
enterprise web development company,INR,90,75%,-50%,Low,0,,,,,,,,110,110,40,40,50,390,20,30,20,40,50,70
enterprise web software development,INR,210,357%,-18%,Low,0,,,,,,,,390,320,210,110,140,590,90,20,40,70,50,320
enterprise web solutions,INR,90,133%,-67%,Low,6,283.05,2910.60,,,,,,210,140,50,20,30,390,30,40,10,30,20,70
eshikhon web development,INR,0,0%,0%,Unknown,,,,,,,,,0,0,0,0,0,0,0,0,0,0,0,0
evolutionary site redesign,INR,10,-100%,0%,Unknown,,,,,,,,,0,0,0,0,0,0,0,0,10,10,0,0
expert web technologies,INR,10,0%,-100%,Unknown,,,,,,,,,0,0,0,10,0,0,0,0,0,0,0,0
fast website design for small business,INR,10,∞,0%,Low,0,,,,,,,,10,10,10,0,0,10,0,0,10,0,0,10
financial services web designers,INR,10,0%,0%,Low,14,,,,,,,,10,10,10,10,10,10,0,0,0,10,10,10
financial services website designer,INR,10,0%,0%,Low,14,,,,,,,,10,10,10,10,10,10,0,0,0,10,10,10
find ecommerce developers,INR,10,∞,-50%,Low,0,,,,,,,,20,20,10,10,10,10,10,10,10,0,0,10
find web development companies,INR,10,0%,-75%,Low,0,,,,,,,,50,40,30,10,20,10,0,10,0,10,10,10
firebase e commerce website,INR,10,0%,0%,Unknown,,,,,,,,,0,0,10,0,0,0,0,0,0,0,0,0
fiverr redesign,INR,10,0%,-100%,Unknown,,,,,,,,,0,0,10,0,0,10,10,0,10,0,0,0
flash web development,INR,10,100%,100%,Low,2,,,,,,,,20,20,10,10,10,10,10,10,10,10,10,20
flutter e commerce website,INR,0,0%,0%,Unknown,,,,,,,,,0,0,0,0,0,0,0,0,0,0,0,0
flutter ecommerce web app,INR,0,0%,-100%,Unknown,,,,,,,,,0,0,0,0,0,0,0,0,0,0,0,0
flutter shopify app,INR,10,∞,0%,Low,0,,,,,,,,10,0,0,0,10,0,0,0,0,0,10,10
flutter shopify integration,INR,10,∞,∞,Low,0,,,,,,,,0,10,0,0,10,0,0,0,10,0,10,10
flutter web ecommerce,INR,10,0%,-100%,Unknown,,,,,,,,,10,10,10,10,0,0,0,0,0,0,0,0
freelance ecommerce developers,INR,20,0%,-80%,Low,0,,,,,,,,50,40,30,10,10,10,10,10,10,10,10,10
freelance ecommerce web developer,INR,10,0%,0%,Low,0,,,,,,,,10,20,10,10,10,0,10,10,0,10,10,10
freelance offshore web design developers,INR,10,∞,0%,Low,0,,,,,,,,10,10,10,0,0,10,0,10,0,0,10,10
freelance shopify api developers,INR,10,100%,100%,Low,0,,,,,,,,10,10,10,10,10,10,0,0,0,10,0,20
freelance shopify theme developers,INR,10,-100%,-100%,Unknown,,,,,,,,,10,10,10,10,10,10,10,0,10,10,0,0
freelance small business web designers,INR,10,0%,0%,Low,0,,,,,,,,10,10,10,10,0,0,10,0,0,10,0,10
front end shopify,INR,10,0%,0%,Low,0,,,,,,,,10,10,10,10,10,10,10,10,10,10,0,10
full service web design for small business,INR,30,-67%,-86%,Low,8,,,,,,,,70,30,20,10,10,110,40,10,10,30,10,10
full service web design for small businesses,INR,30,-67%,-86%,Low,8,,,,,,,,70,30,20,10,10,110,40,10,10,30,10,10
full service website design for small business,INR,30,-67%,-86%,Low,8,,,,,,,,70,30,20,10,10,110,40,10,10,30,10,10
full service website design for small businesses,INR,30,-67%,-86%,Low,8,,,,,,,,70,30,20,10,10,110,40,10,10,30,10,10
google small business website design,INR,10,∞,100%,Low,0,,,,,,,,10,10,10,10,10,0,20,0,0,0,10,20
groovy web llp,INR,10,0%,0%,Low,0,,,,,,,,0,10,0,0,0,10,0,0,0,10,0,10
gt webdev,INR,20,-67%,0%,Low,0,,,,,,,,20,10,10,10,30,30,20,10,10,30,10,10
healthcare website development company,INR,70,200%,0%,Low,8,2367.76,19084.96,,,,,,70,140,70,30,30,390,40,30,10,30,40,90
hire e commerce website designers,INR,40,200%,-73%,Low,0,,,,,,,,140,70,30,10,10,170,20,10,10,10,10,30
hire remote next js developers,INR,40,100%,0%,Low,0,,,,,,,,30,50,10,10,10,260,10,10,20,10,10,20
hire shopify professional developers,INR,40,-50%,-89%,Low,0,,,,,,,,90,50,20,10,10,210,20,10,10,20,10,10
hire small business web designers,INR,10,0%,-75%,Low,0,,,,,,,,30,20,10,0,10,0,10,0,10,10,10,10
home page redesign,INR,10,-100%,-100%,Unknown,,,,,,,,,10,10,10,10,0,0,10,10,10,10,10,0
html5 app development services,INR,10,∞,50%,Low,0,,,,,,,,20,20,20,10,20,50,10,10,0,0,10,30
html5 development company,INR,30,100%,-78%,Low,0,,,,,,,,90,50,40,10,20,140,20,10,10,10,10,20
html5 development services,INR,40,300%,-56%,Low,0,,,,,,,,90,70,50,10,30,110,30,10,10,10,10,40
html5 web development company,INR,30,0%,-89%,Low,0,,,,,,,,90,50,30,10,40,90,10,0,10,10,10,10
https developers conekta com plugins shopify,INR,0,0%,0%,Unknown,,,,,,,,,0,0,0,0,0,0,0,0,0,0,0,0
hydrogen shopify dev,INR,10,0%,-100%,Unknown,,,,,,,,,10,10,10,10,10,10,0,0,10,0,0,0
it services web designers,INR,0,0%,0%,Unknown,,,,,,,,,0,0,0,0,0,0,0,0,0,0,0,0
itgeeks shopify expert,INR,10,0%,-100%,Unknown,,,,,,,,,10,10,10,10,10,10,0,0,10,0,0,0
jamstack development company,INR,90,-86%,-75%,Low,0,,,,,,,,30,30,30,20,30,210,320,170,90,70,10,10
joomla development company,INR,110,40%,-59%,Low,1,,,,,,,,170,90,70,110,110,480,170,90,40,50,40,70
joomla web design company,INR,30,100%,-60%,Low,0,,,,,,,,40,110,70,20,40,10,20,30,20,10,10,20
joomla web development company,INR,40,200%,-40%,Low,0,,,,,,,,70,30,10,10,70,70,40,90,20,10,20,30
joomla web development services,INR,40,-20%,-20%,Low,0,,,,,,,,50,30,20,10,50,210,50,10,10,50,20,40
joomla website development services,INR,40,-20%,-20%,Low,0,,,,,,,,50,30,20,10,50,210,50,10,10,50,20,40
laravel app development company,INR,170,267%,-81%,Low,3,,,,,,,,390,390,320,90,140,390,40,30,20,30,20,110
laravel e commerce website,INR,10,0%,0%,Low,0,,,,,,,,10,10,30,10,10,10,0,10,10,10,0,10
laravel ecommerce development,INR,30,0%,-91%,Low,0,,,,,,,,110,70,70,20,20,10,0,0,10,10,10,10
laravel shopify app,INR,10,0%,0%,Low,0,,,,,,,,10,10,10,10,10,0,10,0,10,10,10,10
laravel web app development,INR,50,600%,-50%,Low,4,2184.54,6845.35,,,,,,170,140,110,30,40,110,20,10,10,10,10,70
laravel web development services,INR,170,75%,-82%,Low,2,,,,,,,,480,390,260,170,90,390,50,50,10,40,30,70
leading web development company,INR,30,0%,0%,Low,0,,,,,,,,30,50,110,70,70,20,10,10,10,10,10,10
liverpool wordpress web design company,INR,10,0%,-100%,Unknown,,,,,,,,,10,0,0,0,0,0,0,0,0,0,0,0
local business web design,INR,390,86%,-74%,Low,8,414.63,1445.02,,,,,,880,720,480,320,390,880,260,210,170,140,260,260
local development shopify,INR,10,0%,-100%,Unknown,,,,,,,,,10,10,10,10,10,10,10,10,10,0,10,0
local ecommerce development agency,INR,20,400%,150%,Low,0,,,,,,,,20,20,10,10,10,140,10,10,10,10,10,50
local ecommerce website development agency,INR,10,∞,0%,Low,29,,,,,,,,10,10,10,10,10,20,0,0,10,0,0,10
low cost web design company,INR,70,-25%,-73%,Low,0,,,,,,,,110,70,30,10,70,210,70,90,30,40,10,30
magento 2 ecommerce development,INR,110,400%,0%,Low,0,,,,,,,,50,590,390,10,50,20,10,10,20,10,10,50
magento 2 ecommerce development company,INR,10,100%,0%,Low,0,,,,,,,,30,20,20,10,10,10,0,0,0,10,10,20
magento 2 ecommerce website development,INR,10,∞,0%,Low,0,,,,,,,,20,10,10,10,10,10,10,0,0,0,0,10
magento 2 web development agency,INR,10,0%,-67%,Low,0,,,,,,,,30,30,20,10,20,40,0,0,10,10,10,10
magento 2 web development company,INR,10,0%,-50%,Low,0,,,,,,,,30,40,20,10,10,0,0,0,10,10,10,10
magento b2b store development,INR,30,0%,-89%,Low,0,,,,,,,,90,50,10,10,30,170,10,0,10,10,10,10
magento based ecommerce website,INR,10,0%,0%,Low,0,,,,,,,,10,10,40,10,10,10,0,10,0,10,10,10
magento commerce website,INR,50,350%,-18%,Low,4,1110.11,12208.76,,,,,,110,110,90,40,30,50,50,10,40,20,20,90
magento custom module development,INR,20,300%,33%,Low,0,,,,,,,,30,30,20,10,20,10,10,10,10,10,10,40
magento design and development,INR,50,50%,-79%,Low,0,,,,,,,,140,70,40,10,40,210,30,30,10,20,10,30
magento design and development company,INR,10,0%,-100%,Unknown,,,,,,,,,20,10,10,10,10,10,0,0,10,0,10,0
magento e commerce development agency,INR,10,0%,0%,Low,0,,,,,,,,10,40,30,20,10,10,10,0,10,10,0,10
magento e commerce development services,INR,260,143%,-65%,Low,1,,,,,,,,390,880,720,170,170,590,110,50,90,70,40,170
magento e commerce website,INR,10,0%,0%,Low,0,,,,,,,,10,10,10,10,10,10,10,0,0,10,10,10
magento ecommerce development agency,INR,260,80%,-72%,Low,0,,,,,,,,320,1300,720,40,90,390,30,20,30,50,20,90
magento ecommerce store development services,INR,10,400%,150%,Low,1,,,,,,,,20,20,20,10,10,10,0,10,0,10,0,50
magento ecommerce web development company,INR,110,50%,-40%,Low,5,,,,,,,,90,720,480,30,40,40,0,10,20,20,10,30
magento ecommerce website development services,INR,30,0%,-67%,Low,0,,,,,,,,30,90,40,20,50,50,10,10,10,10,10,10
magento online store development,INR,30,300%,-56%,Low,0,,,,,,,,90,70,20,10,10,90,0,10,20,10,10,40
magento progressive web app,INR,50,∞,-29%,Low,0,,,,,,,,90,90,90,30,50,110,20,10,10,0,10,50
magento pwa development company,INR,10,100%,-33%,Low,0,,,,,,,,30,40,20,10,10,10,10,0,20,10,0,20
magento pwa development services,INR,40,300%,-56%,Low,0,,,,,,,,90,70,20,10,30,140,10,10,10,10,10,40
magento responsive web design services,INR,10,0%,-100%,Unknown,,,,,,,,,10,10,10,0,0,0,0,0,0,0,10,0
magento retail website development,INR,10,-100%,-100%,Unknown,,,,,,,,,30,20,20,10,10,10,0,0,10,10,0,0
magento site development,INR,260,320%,-64%,Low,2,2834.51,12829.35,,,,,,480,880,590,90,110,590,90,40,40,50,30,210
magento site development cost,INR,20,100%,-50%,Low,0,,,,,,,,40,50,40,10,10,10,10,10,10,10,10,20
magento web design and development,INR,20,200%,-40%,Low,0,,,,,,,,50,50,40,10,10,10,10,10,0,10,0,30
magento web design company,INR,170,800%,-47%,Low,1,,,,,,,,170,720,480,30,50,170,50,30,50,10,20,90
magento web design services,INR,110,200%,-18%,Low,1,,,,,,,,140,170,210,170,210,110,50,40,70,30,20,90
magento website design and development,INR,10,-100%,-100%,Unknown,,,,,,,,,10,10,10,10,0,10,10,10,0,10,0,0
magento website design company,INR,70,133%,-36%,Low,0,,,,,,,,140,110,50,50,50,110,70,70,50,30,10,70
magento website development agency,INR,40,-43%,-56%,Low,0,,,,,,,,90,70,20,10,20,210,10,10,10,70,10,40
magento website development cost,INR,20,100%,-50%,Low,0,,,,,,,,40,50,40,10,10,10,10,10,10,10,10,20
magento website to mobile app,INR,10,0%,-100%,Unknown,,,,,,,,,0,0,0,0,0,10,0,0,0,0,0,0
making a shopify app,INR,10,0%,0%,Low,30,184.21,658.81,,,,,,10,20,20,10,10,10,10,10,10,10,10,10
mern stack next js,INR,10,0%,-100%,Unknown,,,,,,,,,10,10,10,10,10,0,10,0,0,0,0,0
mern stack with next js,INR,10,0%,0%,Low,0,,,,,,,,10,10,10,10,10,10,10,10,10,10,0,10
milwaukee small business web design,INR,10,0%,-50%,Low,29,,,,,,,,30,10,0,10,10,20,10,10,10,10,10,10
mobile app for magento website,INR,10,0%,-100%,Unknown,,,,,,,,,20,20,10,10,10,10,10,0,10,0,0,0
mobile web application development services,INR,40,50%,-73%,Low,0,,,,,,,,140,90,50,10,20,110,20,0,10,20,10,30
mobile web design company,INR,110,250%,-78%,Low,1,,,,,,,,260,170,110,70,70,390,40,20,40,20,50,70
mobile web development company,INR,110,750%,-35%,Low,0,,,,,,,,260,260,140,40,140,140,10,20,50,20,40,170
mobile website development company,INR,110,750%,-35%,Low,0,,,,,,,,260,260,140,40,140,140,10,20,50,20,40,170
mobile website development services,INR,40,600%,-22%,Low,0,,,,,,,,90,90,90,40,30,70,10,10,20,10,10,70
msk web development,INR,10,0%,-100%,Unknown,,,,,,,,,0,0,10,0,0,0,0,0,0,0,0,0
multi vendor ecommerce development,INR,40,100%,-82%,Low,0,,,,,,,,110,50,20,10,10,210,20,0,0,10,10,20
multi vendor ecommerce website developers,INR,10,∞,0%,Low,0,,,,,,,,20,20,10,10,10,10,10,0,10,0,10,10
multi vendor ecommerce website development company,INR,10,∞,0%,Low,0,,,,,,,,10,10,10,10,10,20,0,0,10,0,0,10
multi vendor ecommerce website in laravel,INR,10,0%,-100%,Unknown,,,,,,,,,10,0,10,0,0,0,0,0,0,0,0,0
multivendor e commerce platform development,INR,10,0%,-100%,Unknown,,,,,,,,,10,10,20,0,10,10,0,0,0,0,0,0
multivendor ecommerce development,INR,10,0%,0%,Low,0,,,,,,,,10,10,10,10,10,10,0,0,0,10,0,10
nasa website redesign,INR,40,67%,150%,Low,0,,,,,,,,20,20,40,30,10,50,40,40,50,30,50,50
need ecommerce developer,INR,10,0%,-100%,Unknown,,,,,,,,,10,10,0,0,0,0,0,0,0,0,0,0
new business website design,INR,40,50%,-25%,Low,8,,,,,,,,70,40,70,30,50,50,30,20,10,20,10,30
next js and react js,INR,10,0%,0%,Low,0,,,,,,,,10,10,10,10,10,10,10,10,10,10,10,10
next js mern stack,INR,10,0%,-100%,Unknown,,,,,,,,,10,0,10,10,0,10,0,0,0,0,0,0
next js tech stack,INR,30,50%,-40%,Low,2,,,,,,,,70,50,40,30,30,30,40,30,20,20,20,30
next js yarn build,INR,10,0%,0%,Unknown,,,,,,,,,0,0,10,0,0,0,10,10,0,0,0,0
nextjs next build,INR,10,0%,0%,Low,18,,,,,,,,10,10,10,10,10,10,10,10,10,10,10,10
nextjs tech stack,INR,30,50%,-40%,Low,2,,,,,,,,70,50,40,30,30,30,40,30,20,20,20,30
nodejs ecommerce website,INR,10,∞,0%,Low,0,,,,,,,,10,10,10,10,10,0,0,10,10,0,10,10
nopcommerce website development,INR,10,-100%,-100%,Unknown,,,,,,,,,10,10,10,10,20,10,10,0,0,10,0,0
nuxt full stack,INR,10,-100%,-100%,Unknown,,,,,,,,,10,10,10,10,10,10,10,10,10,10,10,0
offshore php development company,INR,30,∞,-89%,Low,0,,,,,,,,90,50,40,10,20,140,10,10,10,0,10,10
offshore php development services,INR,20,0%,-75%,Low,0,,,,,,,,40,20,50,10,10,90,10,0,10,10,10,10
online ecommerce store development services,INR,20,0%,-100%,Unknown,,,,,,,,,40,40,10,10,10,170,0,0,10,0,10,0
online ecommerce website development,INR,10,0%,-100%,Unknown,,,,,,,,,10,10,10,10,10,10,0,0,10,0,0,0
online shopping site development,INR,20,100%,-60%,Low,5,,,,,,,,70,70,30,10,20,30,10,10,10,10,10,20
online store development company,INR,20,200%,50%,Low,0,,,,,,,,30,20,10,10,50,50,10,10,10,10,10,30
online store development cost,INR,10,∞,-50%,Low,0,,,,,,,,20,10,20,10,10,10,10,10,0,0,10,10
online store development services,INR,50,100%,-50%,Low,3,,,,,,,,40,70,170,70,50,170,10,10,10,10,10,20
online store website developer,INR,10,0%,0%,Low,0,,,,,,,,10,20,20,10,10,10,0,0,0,10,0,10
orthopedic website redesign,INR,10,0%,-100%,Unknown,,,,,,,,,50,10,10,10,10,70,10,0,0,0,0,0
oscommerce website,INR,10,0%,0%,Low,10,,,,,,,,10,10,10,10,0,10,10,10,10,10,10,10
outsource web design services,INR,50,0%,-78%,Low,7,,,,,,,,170,90,30,30,70,90,30,10,10,20,30,20
php application development company,INR,110,367%,-33%,Low,0,,,,,,,,260,260,140,40,140,260,30,10,10,30,40,140
php application development services,INR,90,0%,-71%,Low,0,,,,,,,,210,170,70,20,50,390,30,10,10,50,10,50
php based ecommerce website,INR,10,-100%,-100%,Unknown,,,,,,,,,10,10,10,10,10,10,10,10,10,10,0,0
php custom ecommerce,INR,0,0%,-100%,Unknown,,,,,,,,,0,0,0,0,0,0,0,0,0,0,0,0
php ecommerce development,INR,10,0%,0%,Low,4,,,,,,,,20,30,30,10,10,10,10,0,10,10,10,10
php for ecommerce website,INR,10,0%,-67%,Low,14,,,,,,,,30,30,30,10,10,10,10,10,10,10,10,10
php shopify app,INR,20,100%,0%,Low,0,,,,,,,,30,50,30,10,20,10,10,10,10,10,10,20
php web application development company,INR,50,250%,-50%,Low,0,,,,,,,,140,140,50,30,40,90,10,10,10,20,10,70
php web application development services,INR,90,800%,-65%,Low,1,,,,,,,,210,170,70,30,30,320,40,10,10,10,10,90
php website development services,INR,320,189%,-70%,Low,2,896.65,2834.51,,,,,,720,590,390,320,170,880,260,170,50,90,50,260
prestashop ecommerce development,INR,20,0%,-80%,Low,0,,,,,,,,50,30,20,10,10,110,10,10,0,10,10,10
prestashop ecommerce development services,INR,20,∞,-80%,Low,7,,,,,,,,50,40,20,10,10,90,20,10,0,0,20,10
prestashop web agency,INR,10,∞,-50%,Low,0,,,,,,,,10,10,10,10,10,10,0,0,10,0,0,10
professional custom web design,INR,70,100%,-90%,Low,5,,,,,,,,210,90,20,10,40,210,40,70,30,10,40,20
professional custom website design,INR,50,150%,-29%,Low,0,,,,,,,,110,90,50,70,70,50,30,50,10,20,50,50
professional ecommerce design,INR,10,-100%,-100%,Unknown,,,,,,,,,10,10,20,10,0,10,10,0,0,10,0,0
professional ecommerce development,INR,20,0%,-100%,Unknown,,,,,,,,,50,30,20,10,10,140,10,10,10,0,0,0
professional ecommerce development services,INR,40,200%,-73%,Low,0,,,,,,,,110,70,30,20,30,170,10,10,10,10,10,30
professional ecommerce web design,INR,50,0%,-71%,Low,0,,,,,,,,140,90,30,20,40,140,50,10,10,20,10,20
professional ecommerce website cost,INR,10,0%,-100%,Unknown,,,,,,,,,10,10,10,10,10,0,0,0,0,0,0,0
professional graphic design websites,INR,10,0%,0%,Medium,36,,,,,,,,10,20,20,10,10,20,10,10,10,10,10,10
professional looking website design,INR,10,0%,0%,Low,0,,,,,,,,10,10,10,10,10,10,10,10,10,10,10,10
professional real estate website design,INR,10,-100%,-100%,Unknown,,,,,,,,,40,30,10,40,10,10,20,10,10,10,10,0
professional services web design,INR,720,177%,-45%,Low,5,781.85,3293.47,,,,,,1300,1000,720,390,480,1900,480,590,390,260,170,720
professional services web designer,INR,10,0%,0%,Low,0,,,,,,,,10,10,10,0,10,0,0,0,0,10,10,10
professional services website development,INR,10,0%,-50%,Low,0,,,,,,,,20,20,20,10,10,10,0,10,10,10,0,10
professional small business website design,INR,20,300%,-20%,Low,0,,,,,,,,40,30,10,10,20,20,10,10,10,10,30,40
professional web design & seo agency,INR,0,0%,-100%,Unknown,,,,,,,,,0,0,0,0,0,0,0,0,0,0,0,0
professional web design and development,INR,20,-50%,-75%,Low,18,,,,,,,,50,30,10,10,10,70,10,10,10,20,10,10
professional web design and development services,INR,20,0%,-80%,Low,4,,,,,,,,50,40,40,10,40,20,10,10,10,10,10,10
professional web design development,INR,20,0%,-75%,Low,4,,,,,,,,70,50,10,0,20,20,10,10,10,10,10,10
professional web design development company,INR,30,-50%,-86%,Low,5,,,,,,,,50,30,20,10,30,140,0,0,10,20,10,10
professional web design firm,INR,720,129%,-84%,Low,4,871.12,3585.66,,,,,,2400,1000,480,390,480,2400,590,480,320,170,170,390
professional web development agency,INR,10,∞,-50%,Low,0,,,,,,,,30,20,10,10,10,90,0,0,10,0,10,10
professional web graphics,INR,10,0%,0%,Low,19,,,,,,,,10,0,0,0,0,10,0,0,10,10,0,10
professional website builders near me,INR,50,0%,-56%,Medium,48,1494.73,3611.17,,,,,,50,70,40,70,90,40,30,40,20,40,40,40
professional website design and management,INR,10,-100%,0%,Unknown,,,,,,,,,0,0,0,0,0,10,0,0,0,10,10,0
progressive app development,INR,320,336%,-33%,Low,2,549.30,2834.51,,,,,,590,480,320,210,170,720,170,90,90,110,110,480
progressive web app development services,INR,390,86%,-70%,Low,0,,,,,,,,720,480,260,170,170,1600,390,260,110,140,70,260
pwa app development company,INR,70,133%,-59%,Low,0,,,,,,,,210,110,50,10,10,390,10,10,10,30,20,70
pwa development services,INR,320,436%,84%,Low,2,,,,,,,,260,170,170,40,90,880,390,260,140,110,720,590
python on web development,INR,9900,-76%,-54%,Low,6,159.44,824.88,,,,,,1900,1900,1600,90500,1300,3600,2400,1300,1300,3600,1600,880
python shopify app,INR,10,-100%,-100%,Unknown,,,,,,,,,10,10,10,10,10,10,10,10,0,10,10,0
python web development services,INR,170,600%,-64%,Low,1,,,,,,,,390,260,110,50,140,590,70,20,30,20,30,140
react company website,INR,10,0%,0%,Low,0,,,,,,,,10,10,0,0,10,10,0,10,0,10,0,10
react web development services,INR,30,300%,-71%,Low,0,,,,,,,,110,50,10,20,20,90,10,10,10,10,10,40
reactjs development companies,INR,1300,125%,-75%,Low,4,2669.36,30240.43,,,,,,2900,2900,1600,720,720,4400,720,320,170,320,260,720
reactjs web development services,INR,70,600%,-67%,Low,0,,,,,,,,140,70,20,20,30,390,10,10,10,10,10,70
reddit shopify developer,INR,10,0%,0%,Low,2,,,,,,,,10,10,20,10,10,10,10,10,0,10,10,10
redesign agency,INR,20,0%,-75%,Low,0,,,,,,,,40,20,10,10,10,110,10,10,10,10,10,10
redesign digital,INR,10,0%,0%,Low,0,,,,,,,,0,10,0,0,0,0,10,10,10,10,10,10
redesign site web,INR,260,191%,-46%,Low,14,569.67,3117.96,,,,,,590,390,390,210,320,480,210,90,110,110,140,320
redesign the web,INR,260,191%,-46%,Low,14,569.67,3117.96,,,,,,590,390,390,210,320,480,210,90,110,110,140,320
redesign user interface,INR,20,0%,-75%,Low,10,,,,,,,,40,40,20,10,10,40,10,10,10,10,10,10
redesign web design,INR,260,191%,-46%,Low,14,569.67,3117.96,,,,,,590,390,390,210,320,480,210,90,110,110,140,320
redesign website seo,INR,720,243%,-70%,Low,2,481.65,1889.67,,,,,,2900,1900,880,590,480,880,260,110,70,210,260,720
redesign wordpress,INR,30,300%,-56%,Low,5,,,,,,,,50,50,20,20,20,170,10,10,10,10,10,40
redesigning a wordpress website,INR,10,∞,0%,Low,21,,,,,,,,10,10,0,10,10,0,0,10,0,0,10,10
responsive web design agency,INR,880,285%,-47%,Low,0,,,,,,,,1600,1600,1000,590,720,1300,720,390,210,260,320,1000
responsive web development company,INR,880,285%,-47%,Low,0,,,,,,,,1600,1600,1000,590,720,1300,720,390,210,260,320,1000
responsive web development services,INR,480,85%,-52%,Low,0,,,,,,,,720,590,390,320,210,1300,590,590,260,260,260,480
responsive website design company,INR,880,285%,-47%,Low,0,,,,,,,,1600,1600,1000,590,720,1300,720,390,210,260,320,1000
responsive website developer,INR,10,∞,0%,Low,0,,,,,,,,10,10,10,10,10,0,0,0,10,0,0,10
responsive website development company,INR,880,285%,-47%,Low,0,,,,,,Y,,1600,1600,1000,590,720,1300,720,390,210,260,320,1000
responsive website development services,INR,480,85%,-52%,Low,0,,,,,,,,720,590,390,320,210,1300,590,590,260,260,260,480
restaurant web design companies,INR,140,250%,-64%,Low,5,433.48,972.03,,,,,,390,210,140,90,140,210,70,30,20,40,40,140
retail website development agency,INR,10,∞,0%,Low,0,,,,,,,,10,10,20,0,10,10,0,0,10,0,10,10
rivmedia small business web design,INR,0,0%,0%,Unknown,,,,,,,,,0,0,0,0,0,0,0,0,0,0,0,0
ror development,INR,70,150%,-64%,Low,2,,,,,,,,140,90,40,10,30,390,70,10,10,20,20,50
routific shopify,INR,10,0%,0%,Unknown,,,,,,,,,10,10,10,10,10,10,0,0,10,0,0,0
ruby on rails web,INR,70,100%,-56%,Low,4,,,,,,,,70,70,40,70,70,50,30,40,170,20,30,40
ruby on rails web application,INR,50,0%,-86%,Low,0,,,,,,,,110,70,40,20,70,170,50,40,70,20,20,20
ruby on rails website development,INR,260,200%,-19%,Low,1,,,,,,,,320,320,320,390,260,480,590,90,90,70,90,210
seo and web development company,INR,390,250%,-84%,Low,0,,,,,,,,1300,1300,590,390,320,590,110,10,30,40,210,140
seo and website redesign,INR,720,243%,-70%,Low,2,481.65,1889.67,,,,,,2900,1900,880,590,480,880,260,110,70,210,260,720
seo redesign,INR,10,0%,0%,Low,0,,,,,,,,10,10,0,10,10,10,10,10,0,10,10,10
seo web development company,INR,390,250%,-84%,Low,0,,,,,,,,1300,1300,590,390,320,590,110,10,30,40,210,140
seo web development services,INR,260,33%,-88%,Low,0,,,,,,,,590,590,480,480,210,320,90,90,30,30,140,40
shift4 3dcart,INR,10,-100%,-100%,Unknown,,,,,,,,,10,10,10,10,10,10,0,0,10,10,0,0
shopify add developer,INR,10,0%,0%,Low,0,,,,,,,,10,10,10,10,10,10,10,0,10,10,10,10
shopify api dev,INR,20,0%,-50%,Low,8,,,,,,,,20,30,30,20,20,20,20,10,10,10,10,10
shopify api development,INR,20,0%,-50%,Low,8,,,,,,,,20,30,30,20,20,20,20,10,10,10,10,10
shopify api flutter,INR,10,0%,0%,Unknown,,,,,,,,,0,10,10,0,0,10,0,0,0,0,0,0
shopify api integration in php,INR,10,0%,-100%,Unknown,,,,,,,,,10,10,10,10,10,10,0,0,0,0,0,0
shopify api laravel,INR,10,0%,0%,Low,0,,,,,,,,10,30,10,0,10,10,0,10,0,10,0,10
shopify api shop,INR,20,-50%,0%,Low,3,,,,,,,,20,30,30,20,10,10,10,10,10,20,10,10
shopify app development in core php,INR,0,0%,-100%,Unknown,,,,,,,,,0,0,0,0,0,0,0,0,0,0,0,0
shopify app development in php,INR,10,0%,-100%,Unknown,,,,,,,,,10,10,10,10,10,10,0,0,0,0,0,0
shopify app development laravel,INR,10,∞,0%,Low,0,,,,,,,,0,0,0,0,0,0,0,0,10,0,0,10
shopify app development node js,INR,10,0%,0%,Unknown,,,,,,,,,10,10,10,10,10,10,0,0,0,0,10,0
shopify app development pricing,INR,10,0%,0%,Low,0,,,,,,,,20,30,10,10,10,10,10,10,10,10,10,10
shopify app development python,INR,10,0%,-100%,Unknown,,,,,,,,,10,10,10,10,10,0,0,0,0,0,0,0
shopify app development udemy,INR,10,0%,-100%,Unknown,,,,,,,,,10,10,10,10,10,10,0,0,0,0,0,0
shopify app expert,INR,10,0%,-100%,Unknown,,,,,,,,,10,10,10,10,10,10,10,0,0,0,10,0
shopify app in php,INR,20,100%,0%,Low,0,,,,,,,,30,50,30,10,20,10,10,10,10,10,10,20
shopify app laravel,INR,10,0%,0%,Low,14,,,,,,,,10,10,10,0,10,0,0,0,10,10,0,10
shopify app local development,INR,10,-100%,-100%,Unknown,,,,,,,,,10,10,10,10,10,10,10,0,0,10,0,0
shopify app php,INR,20,100%,0%,Low,0,,,,,,,,30,50,30,10,20,10,10,10,10,10,10,20
shopify app platform,INR,10,0%,0%,Low,6,,,,,,,,20,10,10,10,10,10,10,10,10,10,0,10
shopify app python,INR,10,0%,-100%,Unknown,,,,,,,,,10,10,10,10,10,10,10,10,0,0,10,0
shopify app with laravel,INR,10,0%,0%,Unknown,,,,,,,,,10,10,10,10,0,0,10,0,0,0,10,0
shopify bitbucket,INR,10,∞,∞,Low,0,,,,,,,,10,10,10,10,10,10,10,10,10,0,10,10
shopify business development,INR,20,-50%,0%,Low,0,,,,,,,,20,20,10,10,10,50,10,10,20,20,10,10
shopify design and development services,INR,10,-50%,-50%,Low,0,,,,,,,,30,20,30,10,20,10,10,10,10,20,20,10
shopify dev discord,INR,10,0%,-50%,Low,0,,,,,,,,20,30,20,10,10,10,10,10,10,10,10,10
shopify dev liquid,INR,10,0%,0%,Low,0,,,,,,,,10,10,10,10,10,10,10,10,10,10,10,10
shopify dev product,INR,10,0%,0%,Low,0,,,,,,,,10,30,10,10,10,10,10,10,10,10,10,10
shopify develop locally,INR,10,-100%,-100%,Unknown,,,,,,,,,10,10,20,10,10,10,10,10,0,10,10,0
shopify developer and designer,INR,10,∞,0%,Low,0,,,,,,,,10,10,10,10,10,10,0,10,0,0,0,10
shopify developer discord,INR,10,0%,-50%,Low,0,,,,,,,,20,30,20,10,10,10,10,10,10,10,10,10
shopify developer reddit,INR,20,-75%,-50%,Low,2,,,,,,,,30,40,20,20,30,10,10,20,20,40,40,10
shopify developer theme,INR,10,0%,0%,Low,0,,,,,,,,10,10,10,10,20,90,10,10,10,10,10,10
shopify drop shipping site development services,INR,10,0%,-100%,Unknown,,,,,,,,,30,40,20,10,10,20,0,0,10,0,0,0
shopify ecommerce development agency,INR,50,33%,0%,Low,0,,,,,,,,50,50,170,50,140,110,40,10,20,30,10,40
shopify ecommerce development company,INR,720,50%,-56%,Low,0,,,,,,,,720,720,1300,590,720,1600,590,390,480,260,260,390
shopify ecommerce web development services,INR,50,0%,300%,Low,0,,,,,,,,10,70,170,90,110,70,30,20,30,40,20,40
shopify ecommerce website development company,INR,40,0%,-67%,Low,0,,,,,,,,40,110,50,40,70,70,20,30,20,10,0,10
shopify experts shopify,INR,10,0%,-100%,Unknown,,,,,,,,,10,10,10,10,10,10,0,0,10,0,0,0
shopify experts website,INR,10,0%,0%,Medium,52,425.18,2613.21,,,,,,10,10,10,10,10,10,10,10,0,10,10,10
shopify flutter app,INR,10,∞,∞,Medium,57,,,,,,,,10,10,10,10,0,10,10,0,10,0,0,10
shopify freelance web designer,INR,20,∞,-80%,Low,0,,,,,,,,50,30,10,10,10,110,0,10,0,0,0,10
shopify front,INR,10,0%,0%,Low,29,,,,,,,,10,20,10,10,10,10,10,10,10,10,10,10
shopify front end development,INR,10,0%,0%,Low,12,,,,,,,,20,30,10,10,10,20,10,10,10,10,10,10
shopify github themekit,INR,10,∞,0%,Low,0,,,,,,,,10,10,10,10,10,10,10,10,0,0,0,10
shopify graphql product,INR,50,33%,-56%,Low,0,,,,,,,,70,70,70,50,50,50,50,50,40,30,20,40
shopify growth experts,INR,10,∞,∞,Low,31,,,,,,,,10,10,10,10,10,10,10,0,0,0,10,10
shopify headless development,INR,20,0%,-80%,Low,0,,,,,,,,50,30,10,10,10,70,20,10,0,10,10,10
shopify headless theme development with hydrogen 2022,INR,10,0%,0%,Unknown,,,,,,,,,10,20,10,10,10,10,0,0,0,0,0,0
shopify html5,INR,10,∞,0%,Low,0,,,,,,,,10,20,10,10,10,0,0,0,0,0,0,10
shopify hydrogen development,INR,20,100%,-50%,Low,0,,,,,,,,30,30,10,10,10,90,20,10,10,10,10,20
shopify ios developer,INR,10,∞,∞,Low,0,,,,,,,,10,10,10,10,10,0,10,0,0,0,0,10
shopify laravel app,INR,10,∞,0%,Low,0,,,,,,,,10,10,10,0,10,10,0,0,0,0,10,10
shopify mobile app development services,INR,10,0%,-50%,Low,0,,,,,,,,20,20,20,10,10,10,10,10,10,10,10,10
shopify payment gateway development,INR,10,0%,-100%,Unknown,,,,,,,,,10,10,10,10,10,10,10,10,0,0,0,0
shopify php app,INR,20,100%,0%,Low,0,,,,,,,,30,50,30,10,20,10,10,10,10,10,10,20
shopify plus developers liverpool,INR,10,∞,∞,Low,0,,,,,,,,10,20,10,10,10,10,0,0,0,0,0,10
shopify plus development company,INR,170,55%,-35%,Low,2,504.54,2626.65,,,,Y,,210,140,70,90,140,720,320,140,50,110,70,170
shopify plus development firm,INR,70,-20%,-71%,Low,1,,,,,,,,140,70,30,20,10,320,10,10,10,50,10,40
shopify plus store development,INR,50,100%,-86%,Low,0,,,,,,,,110,70,20,10,20,320,30,40,50,10,10,20
shopify plus theme development company,INR,40,-20%,-43%,Low,0,,,,,,,,70,40,20,10,50,140,20,20,10,50,20,40
shopify plus web development,INR,50,1000%,-21%,Low,1,,,,,,,,110,90,40,20,20,140,20,10,10,10,10,110
shopify pos developer,INR,10,0%,0%,Low,0,,,,,,,,10,10,10,10,10,10,10,0,10,10,10,10
shopify private app developer,INR,10,0%,-100%,Unknown,,,,,,,,,30,20,10,0,10,90,0,0,0,0,10,0
shopify product dev,INR,10,∞,∞,Low,0,,,,,,,,10,10,10,10,10,10,0,10,0,0,10,10
shopify pwa app,INR,10,0%,0%,Low,5,,,,,,,,10,10,10,10,10,10,10,10,10,10,10,10
shopify staff developer,INR,10,0%,0%,Low,29,,,,,,,,10,10,10,10,10,0,10,0,0,10,0,10
shopify store development company,INR,20,200%,-67%,Low,5,,,,,,Y,,40,30,40,20,50,20,10,30,10,10,10,30
shopify symfony,INR,10,0%,0%,Low,0,,,,,,,,10,10,10,10,10,0,0,0,0,10,10,10
shopify theme development 2.0,INR,10,0%,0%,Unknown,,,,,,,,,10,10,10,10,10,10,10,0,0,0,0,0
shopify theme development company,INR,70,200%,-36%,Low,1,,,,,,,,170,110,50,10,110,210,50,10,10,30,30,90
shopify theme development cost,INR,20,-100%,-100%,Unknown,,,,,,,,,40,20,20,10,10,90,0,10,10,10,10,0
shopify theme development udemy,INR,10,0%,0%,Unknown,,,,,,,,,10,10,10,10,10,10,0,10,0,0,0,0
shopify themekit app,INR,10,-100%,-100%,Unknown,,,,,,,,,10,10,10,10,10,10,0,10,0,10,10,0
shopify themekit github,INR,10,0%,-100%,Unknown,,,,,,,,,10,10,10,10,10,10,0,0,0,0,10,0
shopify ux developer,INR,10,0%,0%,Low,0,,,,,,,,20,20,10,10,20,10,10,10,10,10,10,10
shopify web app development,INR,10,0%,0%,Low,29,,,,,,,,10,10,10,10,10,10,10,0,10,10,0,10
shopify web app development services,INR,20,0%,-80%,Low,0,,,,,,,,50,40,20,10,30,90,10,10,0,10,10,10
shopify web app development services company,INR,20,-50%,-75%,Low,0,,,,,,,,40,30,10,10,10,90,10,0,10,20,10,10
shopify web apps development,INR,20,0%,-100%,Unknown,,,,,,,,,30,20,10,10,10,110,10,0,0,0,0,0
shopify web design and development,INR,40,0%,-75%,Low,2,,,,,,,,70,50,110,40,50,30,30,30,30,10,10,10
shopify website development companies,INR,10,∞,0%,Low,0,,,,,,,,10,10,10,10,10,10,10,10,0,0,0,10
shopify website development surrey,INR,10,∞,0%,Low,0,,,,,,,,10,20,20,10,10,10,10,0,10,0,10,10
shopify with angular,INR,10,0%,0%,Unknown,,,,,,,,,10,10,20,10,10,10,10,10,0,0,0,0
shopping cart website development,INR,10,-100%,-100%,Unknown,,,,,,,,,10,10,10,10,10,10,10,0,0,10,10,0
simple business website design,INR,10,-100%,-100%,Unknown,,,,,,,,,10,10,10,10,10,10,10,10,10,10,10,0
site redesign seo,INR,720,243%,-70%,Low,2,481.65,1889.67,,,,,,2900,1900,880,590,480,880,260,110,70,210,260,720
site relaunch,INR,10,0%,0%,Low,0,,,,,,,,30,10,20,10,10,70,10,10,10,10,10,10
sites that need redesign,INR,30,-25%,-57%,Low,15,353.96,1069.07,,,,,,70,40,10,20,20,20,40,30,10,40,40,30
skaro web development studio,INR,10,∞,∞,Low,0,,,,,,,,0,0,0,10,0,0,0,10,10,0,10,10
small business design agency,INR,50,-50%,-67%,Low,28,229.60,1503.27,,,,,,30,20,20,20,90,210,70,30,90,20,30,10
small business design services,INR,10,0%,0%,Low,0,,,,,,,,10,10,10,0,10,10,0,10,10,10,10,10
small business seo web design,INR,10,0%,0%,Low,0,,,,,,,,20,30,20,10,10,10,0,0,10,10,10,10
small business web design and development,INR,50,0%,-25%,Low,1,,,,,,,,50,20,30,10,50,260,50,10,10,30,10,30
small business web design and management,INR,40,50%,-67%,Low,6,,,,,,,,90,90,40,10,70,40,30,10,10,20,10,30
small business web design and management services,INR,110,40%,-73%,Low,5,795.77,1816.04,,,,,,480,260,70,10,90,210,140,40,50,50,40,70
small business web design development,INR,50,0%,-25%,Low,1,,,,,,,,50,20,30,10,50,260,50,10,10,30,10,30
small business web design gold coast,INR,10,0%,-100%,Unknown,,,,,,,,,10,20,10,10,10,10,20,0,0,0,10,0
small business web design prices,INR,40,∞,-82%,Low,0,,,,,,,,110,50,10,10,10,170,30,0,0,0,10,20
small business web design rivmedia,INR,0,0%,0%,Unknown,,,,,,,,,0,0,0,0,0,0,0,0,0,0,0,0
small business web design stgeorgewebdesign com au,INR,0,0%,0%,Unknown,,,,,,,,,0,0,0,0,0,0,0,0,0,0,0,0
small business web development agency,INR,50,0%,-71%,Low,10,,,,,,,,210,110,10,10,10,110,50,10,20,20,20,20
small business web development company,INR,10,300%,33%,Low,0,,,,,,,,30,20,10,10,20,10,0,0,10,10,10,40
small business website design agency,INR,110,267%,-48%,Low,5,326.15,1125.30,,,,,,320,210,140,70,90,210,90,30,10,30,30,110
small business website design and development,INR,50,0%,-25%,Low,1,,,,,,,,50,20,30,10,50,260,50,10,10,30,10,30
small business website design columbus,INR,10,0%,0%,Low,0,,,,,,,,10,10,10,10,0,10,10,10,10,10,0,10
small business website design cranbrook,INR,0,0%,0%,Unknown,,,,,,,,,0,0,0,0,0,0,0,0,0,0,0,0
small business website design pricing,INR,10,400%,400%,Low,0,,,,,,,,10,10,10,10,10,0,10,0,0,10,10,50
small business website design quote,INR,10,0%,0%,Low,0,,,,,,,,10,10,10,10,10,10,0,0,0,10,0,10
small business website design solutions,INR,10,0%,0%,Low,0,,,,,,,,10,10,10,0,10,0,10,0,0,10,0,10
small business website designer services,INR,10,∞,0%,Low,0,,,,,,,,10,10,10,10,0,0,0,10,0,0,10,10
small business website development company,INR,10,300%,33%,Low,0,,,,,,,,30,20,10,10,20,10,0,0,10,10,10,40
small business website development firm,INR,390,-19%,-76%,Low,7,708.63,3067.40,,,,,,880,480,480,260,260,1300,260,70,110,260,90,210
small business website development services,INR,170,29%,-72%,Low,0,,,,,,,,480,260,170,50,90,590,320,40,50,70,30,90
small business websites gold coast,INR,10,0%,-100%,Unknown,,,,,,,,,10,10,0,0,10,10,0,0,0,0,0,0
small business wordpress website design,INR,20,0%,-80%,Low,0,,,,,,,,40,50,20,30,30,90,10,0,0,10,10,10
small web design,INR,20,0%,-75%,Low,7,,,,,,,,40,30,20,20,20,10,10,10,10,10,10,10
smb web design,INR,10,∞,-50%,Medium,43,,,,,,,,20,20,10,10,10,10,10,10,10,0,10,10
software and website development companies,INR,10,∞,-75%,Low,0,,,,,,,,40,20,10,10,10,10,0,10,0,0,0,10
squarespace web designer cost,INR,10,0%,0%,Medium,57,,,,,,,,10,10,10,10,0,10,10,10,0,10,10,10
ssg web development,INR,10,0%,0%,Low,0,,,,,,,,10,10,10,10,10,10,10,10,10,10,10,10
startup web app development agency,INR,40,50%,-67%,Low,0,,,,,,,,170,70,30,10,10,40,20,10,30,20,20,30
storyblok nextjs typescript,INR,10,0%,0%,Unknown,,,,,,,,,0,0,0,10,0,10,10,0,0,0,0,0
suzanne collins website redesign,INR,10,0%,-100%,Unknown,,,,,,,,,10,10,0,0,0,0,0,0,0,0,0,0
symfony shopify,INR,10,0%,0%,Unknown,,,,,,,,,10,10,10,10,10,10,10,10,0,0,0,0
the web development company,INR,10,0%,-75%,Low,0,,,,,,,,30,10,10,10,10,20,0,10,0,10,0,10
themeforest developer,INR,10,0%,-100%,Unknown,,,,,,,,,10,10,10,10,10,0,10,0,0,0,0,0
top 10 web design companies in the world,INR,10,0%,0%,Low,18,,,,,,,,10,20,10,0,10,10,10,30,0,10,10,10
top ecommerce development,INR,10,∞,-50%,Low,5,,,,,,,,20,10,10,10,10,10,0,0,10,0,10,10
top ecommerce store development company,INR,10,∞,∞,Low,0,,,,,,,,10,10,10,10,10,0,0,0,0,0,0,10
top ecommerce web development companies,INR,20,0%,0%,Low,0,,,,,,,,20,20,40,10,20,90,40,10,10,10,10,10
top ecommerce website development company,INR,20,0%,-75%,Low,0,,,,,,,,40,30,20,10,10,110,30,0,10,10,10,10
top front end development companies,INR,10,100%,-33%,Low,0,,,,,,,,30,20,10,10,10,10,10,10,0,10,10,20
top magento agency,INR,40,400%,-29%,Low,7,,,,,,,,90,90,50,10,50,90,20,10,10,10,10,50
top magento web development companies,INR,20,∞,0%,Low,2,,,,,,,,40,40,10,10,10,110,10,0,10,0,0,20
top php development companies,INR,50,300%,-71%,Low,7,,,,,,,,110,70,210,50,30,50,30,10,10,10,30,40
top rated ecommerce development agency,INR,10,0%,-100%,Unknown,,,,,,,,,10,10,10,10,10,10,0,0,0,0,0,0
top rated website design companies,INR,480,129%,-46%,Low,13,728.04,2556.59,,,,,,1000,880,720,390,390,1300,320,210,260,170,140,390
top shopify development agency,INR,10,200%,50%,Low,6,,,,,,,,40,30,10,10,10,10,10,10,10,10,10,30
top small business website designs,INR,10,∞,0%,Low,0,,,,,,,,10,10,10,0,10,0,0,10,10,0,10,10
top web and mobile app development company,INR,10,0%,-100%,Unknown,,,,,,,,,0,10,0,0,0,0,0,0,10,0,0,0
top web design and development companies,INR,10,0%,0%,Low,0,,,,,,,,20,20,10,10,10,0,0,10,0,10,0,10
top web development services,INR,20,0%,-86%,Low,0,,,,,,,,50,40,30,20,20,70,10,0,10,10,10,10
top web technologies,INR,10,-100%,-100%,Unknown,,,,,,,,,10,10,10,10,10,0,10,10,10,10,10,0
udemy shopify theme development,INR,10,∞,0%,Low,1,,,,,,,,10,10,10,10,10,10,0,10,10,0,10,10
umbraco web company,INR,10,0%,0%,Low,0,,,,,,,,10,10,10,10,10,0,10,10,0,10,10,10
veterinarian web design agency,INR,20,400%,150%,Low,0,,,,,,,,40,40,30,10,20,10,0,10,10,10,10,50
veterinarian web design company,INR,40,250%,0%,Low,13,2078.64,6770.69,,,,,,90,70,70,40,50,10,20,10,10,20,10,70
volusion web design,INR,10,-67%,-75%,Low,3,,,,,,,,30,20,30,10,10,10,10,10,10,30,10,10
volusion website developers,INR,10,-67%,-75%,Low,3,,,,,,,,30,20,30,10,10,10,10,10,10,30,10,10
vue js shopify,INR,10,∞,0%,Low,0,,,,,,,,10,20,10,0,10,10,10,0,10,0,0,10
vue storefront shopify development,INR,10,0%,0%,Unknown,,,,,,,,,10,10,10,10,10,10,0,0,0,0,0,0
walmart website redesign,INR,10,0%,-80%,Low,0,,,,,,,,40,30,30,30,10,10,10,10,0,10,10,10
web agency drupal,INR,70,600%,-36%,Low,2,,,,,,,,140,140,140,70,70,50,10,30,10,10,10,70
web and mobile development services,INR,20,0%,-75%,Low,0,,,,,,,,30,40,20,10,10,90,30,10,20,10,0,10
web app development technologies,INR,30,0%,-91%,Low,1,,,,,,,,90,90,50,20,20,10,10,10,10,10,10,10
web application development service providers,INR,70,600%,-59%,Low,0,,,,,,,,210,110,50,20,30,260,10,10,10,10,10,70
web commerce development,INR,10,0%,-100%,Unknown,,,,,,,,,30,20,10,10,20,70,10,10,10,0,10,0
web design and management services for small business,INR,50,200%,-57%,Low,3,,,,,,,,260,140,40,20,50,30,70,10,10,10,10,30
web design and management services for small business owners,INR,10,200%,200%,Low,0,,,,,,,,20,10,10,10,10,30,10,10,0,10,0,30
web design and marketing for small business,INR,10,0%,-100%,Unknown,,,,,,,,,30,10,20,10,10,10,30,0,0,0,10,0
web design and redesign,INR,260,191%,-46%,Low,14,569.67,3117.96,,,,,,590,390,390,210,320,480,210,90,110,110,140,320
web design and web development company,INR,2900,122%,-56%,Low,5,819.17,2834.51,,,,,,4400,4400,5400,2400,3600,5400,3600,1900,1000,720,480,1600
web design company small business,INR,320,457%,-46%,Low,2,623.74,2435.82,,,,,,720,590,320,110,210,720,170,50,70,70,110,390
web design for business owners,INR,10,∞,-75%,Low,0,,,,,,,,40,20,10,0,10,90,10,0,0,0,10,10
web design for counselors,INR,20,100%,100%,Low,0,,,,,,,,50,70,30,10,20,10,10,10,10,10,10,20
web design for creative professionals,INR,10,0%,0%,Low,0,,,,,,,,20,20,10,0,10,10,0,0,0,10,10,10
web design for physicians,INR,210,56%,-64%,Low,8,1318.54,4587.06,,,,,,390,320,210,480,140,480,70,30,30,90,40,140
web design local business,INR,390,86%,-74%,Low,8,414.63,1445.02,,,,,,880,720,480,320,390,880,260,210,170,140,260,260
web design professional agency,INR,10,0%,0%,Low,0,,,,,,,,10,10,10,10,10,10,0,0,0,10,10,10
web design redesign,INR,260,191%,-46%,Low,14,569.67,3117.96,,,,,,590,390,390,210,320,480,210,90,110,110,140,320
web design services small business,INR,4400,233%,-46%,Low,8,536.04,2703.93,,,,,,2900,2400,1600,40500,1900,3600,1600,880,480,390,480,1300
web design software company,INR,70,33%,-64%,Low,7,441.65,1051.71,,,,,,140,70,50,20,40,260,40,70,50,30,20,40
web dev technologies,INR,170,53%,0%,Low,4,275.05,795.68,,,,,,210,260,170,170,140,90,210,210,110,170,140,260
web developer ecommerce website,INR,10,∞,0%,Low,0,,,,,,,,20,10,10,0,10,10,0,0,10,0,10,10
web developer group,INR,10,0%,0%,Low,20,652.06,1918.17,,,,,,10,10,10,10,10,10,10,0,10,10,0,10
web development & digital marketing,INR,50,250%,-67%,Low,7,429.15,1472.39,,,,,,210,140,90,30,20,30,20,10,20,20,20,70
web development ad,INR,30,0%,-86%,Low,27,2057.77,5311.31,,,,,,50,40,50,20,20,30,20,10,10,10,20,10
web development and designing company,INR,2900,122%,-56%,Low,5,819.17,2834.51,,,,,,4400,4400,5400,2400,3600,5400,3600,1900,1000,720,480,1600
web development and e commerce,INR,10,0%,0%,Low,0,,,,,,,,10,10,20,10,10,10,0,10,10,10,10,10
web development companies web development company,INR,10,0%,-100%,Unknown,,,,,,,,,10,10,0,0,0,0,0,0,0,0,0,0
web development graphic design,INR,20,-33%,-50%,Low,28,484.70,2771.94,,,,,,40,40,20,10,20,10,10,10,20,30,10,20
web development in digital marketing,INR,10,0%,-67%,Low,0,,,,,,,,30,30,10,10,0,10,10,10,10,10,10,10
web development ltd,INR,10,0%,0%,Low,26,,,,,,,,10,0,10,0,0,0,10,10,10,10,0,10
web development seo services,INR,260,33%,-88%,Low,0,,,,,,,,590,590,480,480,210,320,90,90,30,30,140,40
web development top companies,INR,10,0%,-100%,Unknown,,,,,,,,,10,10,0,10,0,0,0,0,0,0,0,0
web ecommerce php,INR,10,0%,-100%,Unknown,,,,,,,,,10,10,10,10,10,10,0,0,0,0,0,0
web mobile application development,INR,70,1600%,0%,Low,6,1100.74,3700.01,,,,,,170,170,110,30,40,30,20,30,10,10,20,170
web mobile development services,INR,10,100%,0%,Low,0,,,,,,,,20,10,20,10,10,30,10,10,0,10,0,20
web portals in e commerce,INR,10,-100%,-100%,Unknown,,,,,,,,,10,10,10,0,10,0,0,0,10,10,10,0
web redesign company,INR,210,540%,-18%,Low,6,1491.60,8486.31,,,,,,480,320,260,170,320,390,140,90,40,50,70,320
web software development services,INR,50,600%,-59%,Low,0,,,,,,,,170,90,70,20,40,110,10,10,10,10,10,70
web solutions agency,INR,40,-67%,-89%,Low,0,,,,,,,,70,20,10,10,30,320,10,10,10,30,10,10
web specialists,INR,110,-18%,-47%,Low,25,789.15,3530.02,,,,,,210,140,110,140,110,140,110,110,90,110,70,90
web3 ecommerce website development,INR,50,-67%,-93%,Low,0,,,,,,,,140,50,10,10,10,320,40,40,10,30,10,10
webdesign for accountants,INR,0,0%,0%,Unknown,,,,,,,,,0,0,0,0,0,0,0,0,0,0,0,0
webdev it solutions,INR,10,0%,-100%,Unknown,,,,,,,,,0,10,0,0,0,0,0,0,0,0,0,0
webdev studios,INR,170,27%,-46%,Low,13,340.78,2005.89,,,,,,260,170,110,90,140,590,110,70,90,110,90,140
weblogicks seo web design company,INR,0,0%,-100%,Unknown,,,,,,,,,0,0,0,0,0,0,0,0,0,0,0,0
website app development services,INR,2400,387%,-47%,Low,3,805.00,3105.68,,,,,,3600,5400,2900,1900,1900,5400,1000,880,880,390,480,1900
website application development companies,INR,880,414%,-45%,Low,1,1215.30,7918.78,,,,,,1600,1900,1000,390,390,2400,590,260,210,140,140,720
website creation experts,INR,70,-18%,56%,Low,10,1055.98,2570.72,,,,,,50,50,30,30,30,40,30,30,70,170,140,140
website design company services,INR,390,86%,-64%,Low,5,825.79,2001.51,,,,,,1000,720,480,320,480,590,260,90,70,140,140,260
website design for photographer,INR,10,∞,0%,Low,29,,,,,,,,10,10,10,10,10,10,0,10,10,0,10,10
website design for photography business,INR,40,-50%,-67%,Low,9,,,,,,,,30,90,70,20,70,90,40,10,30,20,10,10
website design for small business owners,INR,20,0%,-86%,Low,0,,,,,,,,50,40,10,10,20,90,10,10,10,10,10,10
website design services for small business websites,INR,10,∞,0%,Low,0,,,,,,,,10,10,10,0,0,10,0,0,0,0,0,10
website design services small business,INR,10,0%,0%,Low,0,,,,,,,,10,10,10,0,10,10,10,0,0,10,0,10
website designer in near me,INR,10,∞,0%,Low,4,,,,,,,,10,10,10,10,10,10,0,0,10,0,10,10
website designer near,INR,70,600%,-36%,Low,7,2362.09,3178.33,,,,,,170,170,70,40,70,90,30,20,20,10,30,70
website development alexa consultancy,INR,0,0%,-100%,Unknown,,,,,,,,,0,0,0,0,0,0,0,0,0,0,0,0
website development companies for small businesses,INR,10,0%,-100%,Unknown,,,,,,,,,10,10,10,10,10,10,0,10,10,0,10,0
website development on shopify,INR,10,0%,0%,High,86,,,,,,,,10,10,10,10,10,10,0,10,10,10,10,10
website development on wordpress,INR,1600,-32%,-54%,Low,6,1130.28,3401.41,,,,,,1600,1000,1300,1000,1300,3600,4400,1900,1300,1300,720,880
website development service providers,INR,170,143%,-65%,Low,0,,,,,,,,590,390,210,140,110,260,70,40,70,70,90,170
website development specialist,INR,40,33%,-56%,Low,10,307.07,1881.91,,,,,,90,50,50,20,50,30,30,20,20,30,50,40
website redesign company near me,INR,10,0%,0%,Medium,40,,,,,,,,10,10,0,0,10,0,0,0,0,10,0,10
website redesign expert,INR,90,467%,-71%,Low,5,997.75,2402.95,,,,,,210,170,110,70,70,50,50,40,40,30,50,170
website redesign for inbound marketing,INR,10,0%,-100%,Unknown,,,,,,,,,10,10,0,0,0,0,0,0,0,0,0,0
website redesign for seo,INR,720,243%,-70%,Low,2,481.65,1889.67,,,,,,2900,1900,880,590,480,880,260,110,70,210,260,720
website redesign service agency,INR,260,57%,-48%,Low,2,,,,,,,,320,260,880,210,170,210,170,480,110,70,50,110
website restructure,INR,10,0%,0%,Low,27,,,,,,,,20,10,10,10,10,10,10,10,10,10,10,10
website that need to redesign,INR,10,∞,0%,Low,0,,,,,,,,10,10,0,0,0,0,10,0,0,0,10,10
webworld experts,INR,10,0%,-100%,Unknown,,,,,,,,,10,10,10,10,0,10,0,10,10,0,10,0
white label shopify developers,INR,10,0%,0%,Low,29,,,,,,,,20,20,10,10,20,10,0,0,10,10,10,10
wix redesign site,INR,10,0%,-100%,Unknown,,,,,,,,,0,10,10,0,10,0,10,10,10,0,0,0
wordpress designer developer,INR,20,100%,-60%,Medium,42,678.10,3064.56,,,,,,40,70,20,20,40,30,10,10,10,10,10,20
wordpress ecommerce design,INR,10,0%,0%,Low,0,,,,,,,,10,30,10,10,10,10,0,10,10,10,10,10
wordpress ecommerce design agency,INR,10,0%,0%,Unknown,,,,,,,,,0,0,0,0,0,0,0,0,0,0,10,0
wordpress ecommerce designers,INR,10,∞,100%,Low,0,,,,,,,,20,40,10,20,30,10,0,0,10,0,0,20
wordpress ecommerce development company,INR,50,350%,80%,Low,0,,,,,,,,70,70,50,20,50,90,20,10,20,20,10,90
wordpress ecommerce development services,INR,70,600%,40%,Low,1,,,,,,,,70,50,140,110,30,170,30,10,20,10,70,70
wordpress ecommerce website development,INR,20,100%,0%,Low,1,,,,,,,,30,90,70,10,20,20,10,10,10,10,10,20
wordpress website design small business,INR,20,0%,-80%,Low,0,,,,,,,,40,50,20,30,30,90,10,0,0,10,10,10
wordpress website designer services,INR,20,∞,0%,Medium,57,,,,,,,,30,40,40,10,90,10,10,30,10,0,10,10
wordpress website designing services,INR,1300,69%,-58%,Low,2,793.66,3792.77,,,,,,2400,2400,1600,1300,1000,2400,1300,880,390,590,320,1000
wordpress website specialists,INR,20,100%,-60%,Low,12,,,,,,,,40,40,20,10,20,20,10,10,10,10,10,20
world best web developer,INR,10,0%,-80%,Medium,54,714.47,1417.26,,,,,,40,40,30,10,30,10,10,0,10,10,10,10
yii development company,INR,30,100%,-86%,Low,0,,,,,,,,70,40,40,10,30,110,10,10,20,10,10,20