bucket,seed,geo,keyword,volume,cpc,competition,kd
compare,best ecommerce platform for small business,us,shopify,1000000,4.55,0.44,100
vertical,ecommerce for manufacturers,us,alibaba,1000000,1.07,1,100
vertical,b2b ecommerce website development,us,hubspot,368000,8.19,0.54,57
compare,squarespace vs shopify,us,shopify login,246000,1.88,0.05,81
hire,hire ecommerce developer,us,mobile app developers,201000,53.31,0.01,55
cost,ecommerce website development cost,us,e commerce,110000,14.1,0.17,58
compare,shopify vs bigcommerce,us,webflow,90500,2.85,0.4,72
howto,how to start an online store,us,amazon seller account,60500,4.43,0.23,52
vertical,ecommerce for manufacturers,us,alibaba stock price,33100,3.61,0.02,50
compare,best ecommerce platform for small business,us,zendrop,22200,6.79,0.61,46
vertical,ecommerce for manufacturers,us,alibaba express,22200,1.01,0.95,50
hire,hire ecommerce developer,us,freelance websites,22200,6.68,0.37,56
compare,squarespace vs shopify,us,squarespace pricing,18100,10,0.47,11
vertical,b2b ecommerce website development,us,shopify admin,18100,5.42,0.03,62
compare,shopify vs bigcommerce,us,bigcommerce login,14800,52.99,0,36
migrate,woocommerce to shopify migration,us,shopify app store,14800,0.81,0.22,61
vertical,b2b ecommerce website development,us,shopify login admin,14800,2.56,0.02,36
vertical,b2b ecommerce website development,us,shopify partner,14800,27.47,0.08,10
hire,hire shopify developer,us,shopify partners,14800,27.47,0.08,36
compare,woocommerce vs magento,us,bigcommerce,12100,23.58,0.29,53
compare,shopify plus vs shopify,us,shopify starter plan,12100,15.44,0.03,14
compare,shopify vs bigcommerce,us,shopify pricing,9900,3.63,0.36,18
compare,which ecommerce platform is best,us,square online,9900,6.95,0.54,52
cost,ecommerce website development cost,us,shopify themes,8100,6.69,0.64,38
compare,squarespace vs shopify,us,squarespace vs wix,5400,9.11,0.38,2
compare,shopify plus vs shopify,us,shopify plan,5400,2.19,0.34,33
cost,shopify plus cost,us,shopify plans,5400,2.19,0.34,15
hire,shopify experts,us,shopify partner login,5400,15.78,0,42
hire,shopify experts,us,shopify partners login,5400,15.78,0,40
hire,shopify partner agency,us,shopify login in,3600,1.01,0.04,81
compare,shopify vs magento,us,shopify plus,2400,7.82,0.29,19
compare,shopify vs custom website,us,shopify vs etsy,2400,6.39,0.16,0
hire,shopify development services,us,shopify developers,2400,30.76,0.35,63
hire,shopify experts,us,shopify reviews,2400,8.02,0.2,27
compare,best ecommerce platform for small business,us,e-commerce platforms for small businesses,1900,15.2,0.18,34
compare,best ecommerce platform for small business,us,best dropshipping suppliers,1900,8.27,0.19,7
compare,bigcommerce vs woocommerce,us,woocommerce login,1900,11.02,0.07,37
vertical,b2b ecommerce website development,us,b2b ecommerce platform,1900,31.06,0.12,18
vertical,ecommerce for manufacturers,us,alibaba login,1900,1.39,0.61,64
cost,ecommerce website development cost,us,ecommerce website design,1900,18.15,0.13,19
cost,shopify plus cost,us,shopify plans pricing,1900,2.73,0.15,23
hire,hire ecommerce developer,us,hire developer for app,1900,79.66,0.27,26
cost,shopify development cost,us,shopify themes free,1600,8.79,0.5,20
hire,hire shopify developer,us,shopify agency,1600,31.66,0.28,58
howto,how to start an online store,us,how to start an online shopping store,1600,11.27,0.48,49
howto,how to start an online store,us,how to start an online store,1600,11.27,0.48,24
howto,how to start an online store,us,how to start an online store website,1600,11.27,0.48,52
howto,how to optimize ecommerce website,us,ecommerce seo services,1600,36.33,0.05,9
compare,shopify vs woocommerce,us,opencart,1300,10.06,0.04,32
compare,shopify vs bigcommerce,us,shopify vs squarespace,1300,10.22,0.3,0
compare,squarespace vs shopify,us,squarespace vs shopify,1300,11.96,0.25,0
compare,squarespace vs shopify,us,squarespace for artists,1300,7.89,0.06,11
compare,which ecommerce platform is best,us,high demand products to sell,1300,4.5,0.6,10
vertical,b2b ecommerce website development,us,shopify sign up,1300,7.34,0.39,70
hire,hire shopify developer,us,shopify expert developer,1300,48.16,0.41,25
hire,hire shopify developer,us,shopify experts,1300,48.16,0.41,13
hire,hire shopify developer,us,shopify partner directory,1300,17.53,0.05,30
hire,shopify development services,us,shopify expert,1300,48.16,0.41,7
hire,ecommerce website development services,us,ecommerce website development,1300,54.58,0.11,31
hire,shopify experts,us,shopify experts developers,1300,48.16,0.41,32
hire,shopify experts,us,experts shopify,1300,48.16,0.41,13
howto,how to build an ecommerce website,us,online store website free,1300,20.17,0.72,100
howto,how to start an online store,us,how to sell on amazon without inventory,1300,5.4,0.46,8
howto,how to start an online store,us,website for online store,1300,20.22,0.65,70
compare,shopify vs woocommerce,us,woocommerce vs shopify,1000,9.22,0.4,3
compare,shopify vs bigcommerce,us,woocommerce pricing,1000,13.83,0.54,41
compare,woocommerce vs magento,us,bigcommerce austin,1000,9.55,0.12,38
compare,wix vs shopify,us,wix vs shopify,1000,12.61,0.27,9
compare,shopify plus vs shopify,us,shopify plus pricing,1000,3.34,0.16,16
cost,ecommerce website development cost,us,ecommerce website templates,1000,11.06,0.64,25
cost,shopify plus cost,us,shopify plus cost,1000,3.34,0.16,15
cost,shopify plus cost,us,cost of shopify plus,1000,3.34,0.16,14
hire,ecommerce website development services,us,e commerce website design templates,1000,11.06,0.64,22
hire,shopify experts,us,shopify partner dashboard,1000,0,0.01,59
hire,custom ecommerce development services,us,ecommerce website design templates,1000,11.06,0.64,22
hire,custom ecommerce development services,us,e commerce companies,1000,12.62,0.13,20
howto,how to start an online store,us,how to sell on amazon for beginners,1000,6.51,0.46,32
howto,how to optimize ecommerce website,us,ecommerce seo agency,1000,43.26,0.04,3
compare,shopify vs woocommerce,us,shopify reddit,880,27.6,0.1,7
compare,shopify vs woocommerce,us,magento ecommerce,880,23.86,0.43,46
compare,wix vs shopify,us,wix ecommerce,880,7.31,0.54,32
migrate,replatform ecommerce,us,data migration services,880,33.88,0.17,59
vertical,b2b ecommerce website development,us,shopify download,880,8.93,0.27,83
vertical,multi vendor marketplace development,us,hometown vendor market,880,0,0,7
cost,how much does an ecommerce website cost,us,wix free plan,880,3.84,0.23,35
cost,woocommerce website cost,us,woocommerce hosting,880,46.51,0.18,30
hire,hire ecommerce developer,us,ecommerce development company,880,54.45,0.13,28
hire,shopify development services,us,shopify development services,880,20.46,0.12,24
hire,ecommerce website development services,us,ecommerce development companies,880,54.45,0.13,28
hire,shopify experts,us,shopify partner account,880,11.4,0.03,11
hire,shopify partner agency,us,shopify partner program,880,14.87,0.01,19
compare,shopify vs woocommerce,us,funnelkit,720,1.37,0.4,5
compare,shopify vs magento,us,magento 2,720,27.26,0.2,89
compare,wix vs shopify,us,wix vs godaddy,720,7.46,0.48,0
compare,bigcommerce vs woocommerce,us,woocommerce plugin,720,7.69,0.36,59
migrate,replatform ecommerce,us,headless ecommerce,720,26.47,0.24,39
vertical,b2b ecommerce website development,us,b2b sites,720,20.78,0.57,31
cost,woocommerce website cost,us,woocommerce wordpress,720,22.25,0.36,81
hire,hire ecommerce developer,us,hire web developers,720,113.38,0.32,18
hire,hire ecommerce developer,us,e-commerce development services,720,44.21,0.13,24
hire,shopify development services,us,shopify development company,720,26.6,0.06,26
hire,ecommerce website development services,us,ecommerce development,720,0,0.1,1
hire,ecommerce website development services,us,web design companies in usa,720,19.94,0.08,34
hire,ecommerce website development services,us,ecommerce development services,720,44.21,0.13,18
hire,ecommerce website development services,us,e commerce development services,720,44.21,0.13,28
howto,how to build an ecommerce website,us,freewebstore,720,23.08,0.34,30
howto,how to start an online store,us,cheapest business to start with no money,720,6.51,0.51,12
howto,how to start an online store,us,how to create an amazon storefront as an influencer,720,4.54,0.14,16
compare,shopify vs woocommerce,us,shopify vs woocommerce,590,4.65,0.18,3
compare,shopify vs bigcommerce,us,shopify vs wix,590,9.73,0.22,24
migrate,replatform ecommerce,us,replatforming,590,29.92,0.07,0
cost,shopify development cost,us,best shopify themes,590,7.34,0.95,26
cost,how much does an ecommerce website cost,us,wix studio pricing,590,17.09,0.07,32
howto,how to build an ecommerce website,us,how to create an online store for free,590,16.79,0.67,68
howto,how to increase ecommerce sales,us,ecommerce strategies,590,30.79,0.12,21
compare,shopify vs bigcommerce,us,bigcommerce vs shopify,480,19.17,0.32,2
compare,shopify vs bigcommerce,us,bigcommerce pricing,480,17.45,0.4,14
compare,wix vs shopify,us,squarespace vs wix pricing,480,7.08,0.4,1
compare,best ecommerce platform for small business,us,what is an ecommerce platform,480,7.51,0.19,28
compare,which ecommerce platform is best,us,top 3 most sold products in the world,480,7.42,0.07,15
compare,shopify plus vs shopify,us,shopify plus plan,480,3.42,0.07,12
vertical,b2b ecommerce website development,us,b2b website design,480,37.27,0.21,9
cost,ecommerce website development cost,us,e commerce website development services,480,25.02,0.03,20
cost,ecommerce website development cost,us,ecommerce website design company,480,41.74,0.08,32
cost,ecommerce website development cost,us,shopify website developer,480,53.31,0.27,32
cost,shopify plus cost,us,shopify trial,480,8.34,0.38,20
hire,hire shopify developer,us,hire a shopify developer,480,56,0.18,43
hire,hire shopify developer,us,hire shopify developer,480,56,0.18,41
hire,hire shopify developer,us,shopify experts marketplace,480,59.74,0.47,19
hire,hire shopify developer,us,shopify development agency,480,31.59,0.07,32
hire,shopify development services,us,shopify web development services,480,29.84,0.05,26
hire,shopify development services,us,shopify website development services,480,29.84,0.05,44
hire,shopify experts,us,seo shopify experts,480,0,0.05,2
hire,shopify experts,us,shopify experts seo,480,0,0.05,3
hire,shopify experts,us,shopify seo experts,480,0,0.05,0
hire,shopify experts,us,seo experts shopify,480,0,0.05,4
hire,custom ecommerce development services,us,what are e commerce platforms,480,7.51,0.19,48
howto,how to build an ecommerce website,us,create website for selling products,480,35.6,0.55,60
compare,shopify vs magento,us,magento login,390,0,0,19
compare,shopify vs bigcommerce,us,shopify vs bigcommerce,390,25.9,0.13,11
compare,best ecommerce platform for small business,us,best ecommerce platform for small business,390,21.39,0.24,16
migrate,magento to shopify migration,us,shopify migration services,390,12.32,0.08,6
vertical,b2b ecommerce website development,us,shopify usa,390,9.5,0.25,68
vertical,multi vendor marketplace development,us,vendor events near me 2026,390,1.5,0.03,30
cost,shopify development cost,us,premium shopify themes,390,8.72,0.83,100
cost,how much does an ecommerce website cost,us,wix premium plans pricing,390,9.41,0.11,24
cost,how much does an ecommerce website cost,us,wix pricing plans app,390,0,0.01,27
hire,hire shopify developer,us,shopify developer login,390,0,0.01,62
hire,shopify development services,us,shopify development store,390,9.81,0.09,28
hire,ecommerce website development services,us,ecommerce web design services,390,16.24,0.1,12
hire,ecommerce website development services,us,ecommerce website design services,390,29.29,0.05,26
hire,shopify experts,us,shopify dev login,390,0,0.01,62
howto,how to optimize ecommerce website,us,on-page seo checklist,390,5.63,0.04,42
howto,how to optimize ecommerce website,us,ecommerce seo consultant,390,112.24,0.02,9
compare,shopify vs bigcommerce,us,bigcommerce apps,320,29.98,0.23,8
compare,shopify vs bigcommerce,us,shopify vs squarespace vs wix,320,7.85,0.22,0
compare,woocommerce vs magento,us,bigcommerce app,320,29.98,0.23,8
compare,woocommerce vs magento,us,bigcommerce developer,320,62.88,0.22,11
compare,wix vs shopify,us,wix vs squarespace vs shopify,320,7.85,0.22,0
compare,wix vs shopify,us,wix vs shopify vs squarespace,320,7.85,0.22,0
compare,wix vs shopify,us,squarespace vs shopify vs wix,320,7.85,0.22,0
compare,wix vs shopify,us,squarespace vs wix vs shopify,320,7.85,0.22,0
compare,wix vs shopify,us,shopify vs wix vs squarespace,320,7.85,0.22,0
compare,which ecommerce platform is best,us,best ecommerce websites design,320,6.3,0.26,9
compare,which ecommerce platform is best,us,best e commerce websites design,320,6.3,0.26,12
compare,which ecommerce platform is best,us,most profitable products to sell online,320,4.11,0.38,9
compare,shopify plus vs shopify,us,shopify plus partners,320,24,0.07,1
vertical,b2b ecommerce website development,us,b2b ecommerce examples,320,25.86,0.07,2
vertical,b2b ecommerce website development,us,b2b e commerce example,320,25.86,0.07,11
vertical,b2b ecommerce website development,us,b2b examples companies,320,1.21,0.1,8
vertical,ecommerce for manufacturers,us,orocommerce,320,13.58,0.6,44
vertical,ecommerce for manufacturers,us,alibaba b2b,320,1.45,0.84,26
cost,ecommerce website development cost,us,website estimate,320,10.04,0.41,19
cost,ecommerce website development cost,us,ecommerce website design agency,320,6.77,0.05,26
cost,shopify development cost,us,shopify login with email,320,3.72,0.03,54
cost,woocommerce website cost,us,is woocommerce free,320,15.19,0.35,45
cost,woocommerce website cost,us,woocommerce wordpress theme,320,6.85,0.24,34
hire,hire shopify developer,us,hire shopify expert,320,48.87,0.23,21
hire,hire ecommerce developer,us,hire an ecommerce developer,320,59.94,0.07,13
hire,hire ecommerce developer,us,hire ecommerce developer,320,59.94,0.07,7
hire,hire ecommerce developer,us,freelance web developer for hire,320,56.64,0.15,31
hire,hire ecommerce developer,us,e commerce developers,320,68.63,0.23,15
hire,hire ecommerce developer,us,hire ai engineers,320,78.69,0.29,14
hire,hire ecommerce developer,us,hire freelance web developer,320,56.64,0.15,11
hire,shopify experts,us,hire shopify experts,320,48.87,0.23,17
hire,custom ecommerce development services,us,e commerce consulting services,320,18.63,0.05,14
howto,how to build an ecommerce website,us,how to build an ecommerce website,320,11.32,0.23,45
howto,how to build an ecommerce website,us,free online store unlimited products,320,15.12,0.66,30
howto,how to start an online store,us,starting a business from home with no money,320,16.03,0.67,11
howto,how to optimize ecommerce website,us,technical seo checklist,320,5.65,0.08,16
compare,shopify vs magento,us,magento open source,260,22.51,0.19,72
compare,shopify vs magento,us,magento commerce,260,40.1,0.31,66
compare,shopify vs bigcommerce,us,bigcommerce themes,260,36.6,0.49,12
compare,wix vs shopify,us,shopify on wix,260,30.05,0.14,13
compare,shopify plus vs shopify,us,shopify plus vs,260,6.04,0.18,0
compare,shopify plus vs shopify,us,shopify plus vs shopify,260,6.04,0.18,0
compare,shopify plus vs shopify,us,shopify vs shopify plus,260,6.04,0.18,0
compare,shopify plus vs shopify,us,shopify vs plus,260,6.04,0.18,0
migrate,magento to shopify migration,us,shopify store migration app,260,13.45,0.03,49
migrate,replatform ecommerce,us,cart2cart,260,7.77,0.1,60
migrate,replatform ecommerce,us,headless salesforce,260,23.39,0.14,6
migrate,replatform ecommerce,us,headless architecture,260,0.52,0.2,13
vertical,b2b ecommerce website development,us,b2b e commerce website,260,7.04,0.05,29
vertical,b2b ecommerce website development,us,best b2b websites,260,25.72,0.68,0
vertical,ecommerce for manufacturers,us,b2b ecommerce website,260,7.04,0.05,50
hire,hire ecommerce developer,us,ecommerce website developers,260,63.58,0.04,18
hire,shopify development services,us,shopify app development services,260,0,0.04,25
hire,ecommerce website development services,us,ecommerce website development services,260,3.52,0.06,27
hire,ecommerce website development services,us,ecommerce development agency,260,8.47,0.17,38
hire,ecommerce website development services,us,ecommerce development solution,260,0,0.06,16
hire,shopify experts,us,shopify developer account,260,1.77,0.04,49
hire,custom ecommerce development services,us,e commerce software development services,260,0,0.06,0
howto,how to start an online store,us,how to start an online fashion store,260,11.69,0.18,13
howto,how to start an online store,us,how to start an online clothing store,260,11.69,0.18,13
howto,how to start an online store,us,how to start an online apparel store,260,11.69,0.18,28
howto,how to start an online store,us,how to start an online clothes store,260,11.69,0.18,13
howto,how to increase ecommerce sales,us,ecommerce marketing strategy,260,4.11,0.07,24
compare,which ecommerce platform is best,us,free online store with products to sell,210,15.4,0.74,67
compare,shopify plus vs shopify,us,shopify plus login,210,0,0.01,83
migrate,magento to shopify migration,us,migration from magento to shopify,210,22.14,0.07,10
migrate,magento to shopify migration,us,migration magento to shopify,210,22.14,0.07,2
migrate,magento to shopify migration,us,litextension,210,22.62,0.47,38
migrate,woocommerce to shopify migration,us,migration from woocommerce to shopify,210,33.26,0.24,33
migrate,woocommerce to shopify migration,us,woocommerce migration to shopify,210,33.26,0.24,33
migrate,shopify migration services,us,shopify marketing agency,210,81.52,0.32,0
migrate,replatform ecommerce,us,headless ecommerce platforms,210,22.96,0.17,30
migrate,replatform ecommerce,us,headless ecommerce platform,210,22.96,0.17,30
vertical,b2b ecommerce website development,us,b2b ecommerce platforms,210,36.6,0.24,41
vertical,ecommerce for manufacturers,us,alibaba history,210,0,0,23
vertical,ecommerce for manufacturers,us,alibaba express online shopping,210,1.75,1,74
cost,how much does an ecommerce website cost,us,wix ecommerce pricing,210,12.2,0.46,26
cost,woocommerce website cost,us,woocommerce download,210,32.45,0.15,100
hire,hire shopify developer,us,freelance shopify developer,210,51.62,0.32,19
hire,hire shopify developer,us,shopify expert near me,210,52.12,0.26,20
hire,hire shopify developer,us,shopify experts near me,210,52.12,0.26,38
hire,shopify development services,us,shopify ecommerce development services,210,0,0.03,23
hire,shopify development services,us,shopify freelancer,210,51.62,0.32,21
howto,how to start an online store,us,how to start an online thrift store,210,4.69,0.21,0
howto,how to start an online store,us,how to start an online resale store,210,4.69,0.21,0
compare,shopify vs magento,us,magento vs shopify,170,10.31,0.17,0
compare,shopify vs magento,us,magento pricing,170,20.02,0.24,4
compare,woocommerce vs magento,us,bigcommerce reviews,170,26.2,0.36,2
compare,shopify vs custom website,us,shopify vs etsy fees,170,3.36,0.15,0
compare,best ecommerce platform for small business,us,e commerce platforms list,170,14.03,0.46,32
compare,best ecommerce platform for small business,us,cheapest ecommerce platform,170,16.16,0.65,19
migrate,magento to shopify migration,us,shopify to shopify migration,170,41.99,0.12,12
migrate,woocommerce to shopify migration,us,migrate to shopify,170,18.55,0.1,20
cost,ecommerce website development cost,us,shopify plans comparison,170,3.3,0.25,33
cost,shopify development cost,us,shopify login with email and password,170,4.94,0.02,27
cost,magento development cost,us,adobe commerce cloud,170,13.53,0.26,58
hire,hire ecommerce developer,us,ai developers for hire,170,100.82,0.14,7
hire,shopify development services,us,shopify store development services,170,85.2,0.14,40
hire,ecommerce website development services,us,ecommerce development company usa,170,12.41,0.05,16
hire,shopify experts,us,shopify experts directory,170,51.96,0.14,18
hire,custom ecommerce development services,us,ecommerce development company in usa,170,12.41,0.05,42
howto,how to build an ecommerce website,us,how to create a website to sell products for free,170,18.11,0.73,67
howto,how to start an online store,us,how to start an online store with no money,170,18.06,0.72,10
howto,how to start an online store,us,how to start an online store without inventory,170,6.32,0.26,0
howto,how to optimize ecommerce website,us,best ecommerce seo agency,170,0,0.01,25
compare,shopify vs bigcommerce,us,bigcommerce vs woocommerce,140,20.73,0.24,2
compare,wix vs shopify,us,wix vs shopify ecommerce,140,10.58,0.37,8
compare,wix vs shopify,us,wix ecommerce vs shopify,140,10.58,0.37,24
compare,wix vs shopify,us,shopify vs wix for ecommerce,140,10.58,0.37,11
compare,wix vs shopify,us,shopify vs wix ecommerce,140,10.58,0.37,8
compare,wix vs shopify,us,wix vs shopify for ecommerce,140,10.58,0.37,9
compare,wix vs shopify,us,ecommerce wix vs shopify,140,10.58,0.37,8
compare,best ecommerce platform for small business,us,best ecommerce platform for beginners,140,27.35,0.5,1
compare,best ecommerce platform for small business,us,best online store platforms for small business,140,24.07,0.78,19
compare,which ecommerce platform is best,us,e commerce website example,140,6.39,0.13,7
compare,shopify plus vs shopify,us,shopify advanced plan,140,1.04,0.14,22
compare,bigcommerce vs woocommerce,us,woocommerce vs bigcommerce,140,20.73,0.24,2
compare,bigcommerce vs woocommerce,us,woocommerce marketplace,140,7.55,0.32,77
migrate,magento to shopify migration,us,magento to shopify migration,140,22.55,0.21,29
migrate,replatform ecommerce,us,ecommerce replatform,140,0,0.05,0
migrate,replatform ecommerce,us,replatform ecommerce,140,0,0.05,0
migrate,replatform ecommerce,us,ecommerce migration services,140,0,0.04,0
migrate,magento 1 to magento 2 migration,us,migration from magento 1 to magento 2,140,0,0,10
migrate,magento 1 to magento 2 migration,us,migration magento 1 to magento 2,140,0,0,3
migrate,magento 1 to magento 2 migration,us,magento migration 1 to 2,140,0,0,5
migrate,magento 1 to magento 2 migration,us,migration magento 1 to 2,140,0,0,7
migrate,magento 1 to magento 2 migration,us,magento 1 migration to magento 2,140,0,0,5
migrate,magento 1 to magento 2 migration,us,magento migration from 1 to 2,140,0,0,7
migrate,wix to shopify migration,us,shopify store importer app,140,0,0.05,31
vertical,b2b ecommerce website development,us,b2b ecommerce website development,140,0,0.09,0
vertical,ecommerce for manufacturers,us,ecommerce for manufacturers,140,21.51,0.1,0
vertical,multi vendor marketplace development,us,multi vendor marketplace shopify,140,18.82,0.28,37
vertical,multi vendor marketplace development,us,hometown vendor market reviews,140,0,0,0
cost,ecommerce website development cost,us,shopify website price,140,6.91,0.42,17
cost,how much does an ecommerce website cost,us,wix website cost per month,140,3.94,0.41,24
cost,woocommerce website cost,us,best woocommerce hosting,140,95.41,0.36,6
cost,shopify plus cost,us,shopify plus b2b,140,11.06,0.33,27
hire,hire shopify developer,us,hire dedicated shopify developer,140,0,0.03,14
hire,hire shopify developer,us,shopify agency partners,140,30.23,0.33,25
hire,hire shopify developer,us,shopify developer near me,140,42.21,0.09,11
hire,ecommerce website development services,us,ecommerce website development services india,140,0,0,28
hire,ecommerce website development services,us,ecommerce website development services in india,140,0,0,10
hire,ecommerce website development services,us,e commerce website design and development,140,0,0.02,20
hire,custom ecommerce development services,us,custom ecommerce development services,140,0,0.06,13
hire,custom ecommerce development services,us,e commerce service provider,140,27.2,0.18,6
hire,custom ecommerce development services,us,custom ecommerce development company,140,0,0.08,5
hire,custom ecommerce development services,us,e commerce solution providers,140,0,0.05,38
howto,how to optimize ecommerce website,us,off-page seo checklist,140,4.04,0.02,10
howto,how to optimize ecommerce website,us,shopify seo checklist,140,17.69,0.09,7
howto,how to optimize ecommerce website,us,seo agency websites,140,56.49,0.18,78
compare,shopify vs woocommerce,us,shopify vs magento,110,8.08,0.05,0
compare,wix vs shopify,us,wix vs squarespace vs godaddy,110,8.39,0.49,0
compare,best ecommerce platform for small business,us,best dropshipping platform for beginners,110,16.03,0.73,8
compare,best ecommerce platform for small business,us,e commerce platform examples,110,2.39,0.33,44
compare,which ecommerce platform is best,us,top 10 e commerce websites,110,6.96,0.39,19
migrate,magento to shopify migration,us,shopify migration experts,110,3,0.1,0
migrate,shopify migration services,us,shopify website agency,110,30.11,0.27,85
migrate,magento 1 to magento 2 migration,us,magento 1 to magento 2 migration,110,0,0.02,10
migrate,magento 1 to magento 2 migration,us,magento 1 to magento 2 data migration,110,0,0.02,2
migrate,magento 1 to magento 2 migration,us,magento 2 github,110,0,0,24
vertical,b2b ecommerce website development,us,b2b ecommerce companies,110,0,0.09,13
vertical,ecommerce for manufacturers,us,oronic,110,0,0.05,0
cost,ecommerce website development cost,us,cost for ecommerce website development,110,0,0.04,17
cost,ecommerce website development cost,us,cost of ecommerce website development,110,0,0.04,17
cost,ecommerce website development cost,us,ecommerce website development cost,110,0,0.04,24
cost,ecommerce website development cost,us,ecommerce website developer,110,53.88,0.27,13
cost,ecommerce website development cost,us,e commerce website development cost,110,0,0.04,17
cost,ecommerce website development cost,us,shopify subscription price,110,7.01,0.37,33
cost,shopify development cost,us,shopify themes fashion,110,4.17,0.93,11
hire,hire ecommerce developer,us,freelance web developer salary,110,0,0,4
hire,hire ecommerce developer,us,top ecommerce development companies,110,34.32,0.28,3
hire,shopify development services,us,shopify development coalition,110,0,0.3,0
hire,ecommerce website development services,us,best website development company in usa,110,19.77,0.27,26
hire,shopify experts,us,shopify reviews reddit,110,0,0.02,14
hire,shopify experts,us,shopify partners logo,110,0,0,13
hire,custom ecommerce development services,us,e commerce solutions company,110,23.27,0.34,17
howto,how to start an online store,us,best free online store,110,15.8,0.54,44
howto,how to increase ecommerce sales,us,how to increase sales on ecommerce,110,0,0.05,0
howto,how to increase ecommerce sales,us,how to increase sales ecommerce,110,0,0.05,0
howto,how to increase ecommerce sales,us,how to increase ecommerce sales,110,0,0.05,0
howto,how to increase ecommerce sales,us,how to increase sales in ecommerce,110,0,0.05,0
howto,how to optimize ecommerce website,us,ecommerce seo strategies,110,1.55,0.08,27
howto,how to optimize ecommerce website,us,ecommerce seo packages,110,0,0.03,0
howto,how to optimize ecommerce website,us,e commerce specialist salary,110,0,0.01,0
howto,how to optimize ecommerce website,us,ecommerce seo package,110,0,0.03,0
compare,shopify vs magento,us,magento ecommerce pricing,90,26.39,0.06,1
compare,squarespace vs shopify,us,squarespace vs shopify ecommerce,90,9.88,0.22,3
compare,squarespace vs shopify,us,shopify vs squarespace commerce,90,9.88,0.22,14
compare,squarespace vs shopify,us,shopify vs squarespace for ecommerce,90,9.88,0.22,10
compare,squarespace vs shopify,us,squarespace vs shopify for ecommerce,90,9.88,0.22,0
compare,squarespace vs shopify,us,squarespace ecommerce vs shopify,90,9.88,0.22,10
compare,squarespace vs shopify,us,shopify vs squarespace ecommerce,90,9.88,0.22,4
compare,which ecommerce platform is best,us,best e commerce websites,90,10,0.67,17
compare,which ecommerce platform is best,us,best ecommerce products,90,3.01,0.2,21
compare,which ecommerce platform is best,us,e commerce websites list,90,3.64,0.13,26
compare,shopify plus vs shopify,us,advanced shopify vs shopify plus,90,0,0.03,0
compare,shopify plus vs shopify,us,shopify advanced vs plus,90,0,0.03,0
compare,shopify plus vs shopify,us,shopify plus vs advanced,90,0,0.03,0
compare,shopify plus vs shopify,us,shopify plus vs shopify advanced,90,0,0.03,0
compare,shopify plus vs shopify,us,shopify plus features,90,8.13,0.14,17
compare,shopify plus vs shopify,us,shopify plus benefits,90,6.46,0.22,11
migrate,magento to shopify migration,us,woocommerce to shopify migration,90,31.3,0.42,32
migrate,replatform ecommerce,us,magento migration,90,28.49,0.08,6
migrate,replatform ecommerce,us,headless commerce examples,90,0,0.04,25
vertical,b2b ecommerce website development,us,b2b website examples,90,14.65,0.41,0
vertical,b2b ecommerce website development,us,b2b websites examples,90,14.65,0.41,0
vertical,ecommerce for manufacturers,us,what is alibaba shopping,90,1.14,0.89,35
vertical,multi vendor marketplace development,us,webkul multi vendor marketplace,90,12.98,0.43,27
cost,shopify development cost,us,shopify basic plan cost,90,4.28,0.33,20
cost,how much does an ecommerce website cost,us,how much does an ecommerce website cost,90,22.68,0.25,16
cost,how much does an ecommerce website cost,us,how much does it cost for an ecommerce website,90,22.68,0.25,19
cost,woocommerce website cost,us,woocommerce wordpress plugin download,90,0,0.1,63
hire,hire shopify developer,us,shopify expert agency,90,0,0.16,6
hire,shopify development services,us,shopify plus development services,90,0,0.06,0
hire,shopify development services,us,shopify developer freelancer,90,117.79,0.06,22
howto,how to build an ecommerce website,us,how to build an ecommerce website for free,90,15.92,0.72,67
howto,how to build an ecommerce website,us,how to create an ecommerce website for free,90,15.92,0.72,100
howto,how to build an ecommerce website,us,best free ecommerce website builder,90,22.13,0.3,67
howto,how to start an online store,us,how to start an online store free,90,11.24,0.65,92
howto,how to start an online store,us,how to start an online store for free,90,11.24,0.65,67
howto,how to start an online store,us,wix free online store,90,5.69,0.64,61
howto,how to start an online store,us,square free online store,90,4.77,0.46,28
compare,shopify vs woocommerce,us,shopify vs woocommerce reddit,70,3.05,0.14,10
compare,shopify vs woocommerce,us,woocommerce vs shopify reddit,70,3.05,0.14,0
compare,shopify vs magento,us,adobe commerce pricing,70,23,0.24,9
compare,shopify vs bigcommerce,us,shopify plus vs bigcommerce,70,73.31,0.04,0
compare,shopify vs bigcommerce,us,bigcommerce vs shopify plus,70,73.31,0.04,1
compare,wix vs shopify,us,woocommerce vs wix,70,11.95,0.17,0
compare,best ecommerce platform for small business,us,is amazon an e-commerce platform,70,0,0,28
compare,which ecommerce platform is best,us,which ecommerce platform is best,70,20.91,0.49,15
compare,which ecommerce platform is best,us,which is the best platform for ecommerce,70,20.91,0.49,25
compare,which ecommerce platform is best,us,which is best ecommerce platform,70,20.91,0.49,57
compare,which ecommerce platform is best,us,which is the best ecommerce platform,70,20.91,0.49,55
compare,which ecommerce platform is best,us,which platform is best for ecommerce,70,20.91,0.49,14
compare,bigcommerce vs woocommerce,us,woocommerce demo,70,8.35,0.43,55
migrate,magento to shopify migration,us,magento to shopify migration services,70,0,0.1,6
migrate,magento to shopify migration,us,magento to shopify migration service,70,0,0.1,9
migrate,woocommerce to shopify migration,us,migration from shopify to woocommerce,70,83.85,0.47,33
migrate,woocommerce to shopify migration,us,wordpress to shopify migration,70,29.17,0.35,2
migrate,shopify migration services,us,shopify store importer,70,0.35,0.1,43
migrate,replatform ecommerce,us,ecommerce migration,70,0,0.05,0
migrate,replatform ecommerce,us,ecommerce platform migration,70,0,0.01,0
migrate,magento 1 to magento 2 migration,us,magento 1 to magento 2 migration service,70,0,0,2
migrate,magento 1 to magento 2 migration,us,magento 1 to magento 2 migration services,70,0,0,0
vertical,b2b ecommerce website development,us,b2b ecommerce website design,70,0,0.04,0
vertical,b2b ecommerce website development,us,best b2b ecommerce platform,70,36.33,0.22,14
vertical,multi vendor marketplace development,us,multi vendor marketplace software,70,7.69,0.34,26
vertical,multi vendor marketplace development,us,multi vendor ecommerce platform,70,15.76,0.01,9
vertical,multi vendor marketplace development,us,multi vendor marketplace platform,70,18.42,0.22,20
cost,ecommerce website development cost,us,godaddy ecommerce pricing,70,5.54,0.45,31
cost,shopify development cost,us,shopify 1 dollar 3 months,70,4.17,0.37,19
cost,woocommerce website cost,us,siteground woocommerce hosting,70,19.17,0.26,36
hire,hire shopify developer,us,shopify developer for hire,70,63.03,0.05,8
hire,hire shopify developer,us,hire shopify app developer,70,0,0.15,15
hire,hire ecommerce developer,us,freelance app developers cost,70,31.79,0.54,5
hire,hire ecommerce developer,us,how much does it cost to hire an app developer,70,7.45,0.44,0
hire,shopify development services,us,shopify theme-development-services,70,0,0.01,7
hire,shopify development services,us,custom shopify development services,70,0,0.02,17
hire,shopify development services,us,shopify theme development services,70,0,0.01,10
hire,ecommerce website development services,us,custom ecommerce website development services,70,0,0,27
hire,ecommerce website development services,us,ecommerce store development,70,0,0.08,24
hire,ecommerce website development services,us,web development agency in usa,70,53.12,0.49,30
hire,shopify experts,us,shopify plus experts,70,0,0,24
hire,shopify experts,us,shopify partner agency,70,129.76,0.16,42
hire,custom ecommerce development services,us,ecommerce marketplace development,70,0,0.05,0
howto,how to start an online store,us,how much does it cost to start an online store,70,9.94,0.28,0
howto,how to increase ecommerce sales,us,ecommerce sales strategy,70,0,0,9
howto,how to increase ecommerce sales,us,5 ways to increase sales,70,10.32,0.55,9
howto,how to increase ecommerce sales,us,unique ways to increase sales,70,13.29,0.5,7
howto,how to optimize ecommerce website,us,best ecommerce seo services,70,0,0.01,16
howto,how to optimize ecommerce website,us,ecommerce seo checklist,70,0,0.01,14
compare,shopify vs magento,us,magento vs shopify plus,50,0,0,0
compare,shopify vs magento,us,shopify plus vs magento,50,0,0,0
compare,shopify vs magento,us,shopify magento,50,0,0.13,6
compare,shopify vs magento,us,magento download,50,0,0.14,16
compare,woocommerce vs magento,us,magento vs woocommerce,50,0,0.07,0
compare,woocommerce vs magento,us,magento vs wordpress,50,6.55,0.07,0
compare,wix vs shopify,us,wix vs godaddy pricing,50,3.88,0.51,0
compare,headless commerce vs traditional,us,headless commerce vs traditional commerce,50,0,0,4
compare,best ecommerce platform for small business,us,top 10 e commerce platforms,50,11.25,0.56,29
compare,best ecommerce platform for small business,us,fashion e commerce websites,50,3.94,0.4,7
compare,shopify plus vs shopify,us,shopify plus apps,50,43.29,0.05,21
compare,shopify plus vs shopify,us,shopify pricing us,50,7.32,0.41,17
compare,shopify plus vs shopify,us,shopify pricing calculator,50,3.05,0.04,9
compare,shopify plus vs shopify,us,shopify plus expansion stores,50,14.43,0.06,9
migrate,magento to shopify migration,us,bigcommerce to shopify migration,50,42.76,0.46,0
migrate,shopify migration services,us,swanky agency,50,0,0.32,5
migrate,replatform ecommerce,us,replatforming meaning,50,0,0,0
migrate,replatform ecommerce,us,rehost vs replatform,50,0,0.2,3
migrate,replatform ecommerce,us,shopify data migration,50,0,0.08,24
migrate,replatform ecommerce,us,headless ecommerce open source,50,13.01,0.16,35
vertical,ecommerce for manufacturers,us,b2b ecommerce for manufacturers,50,0,0.07,0
vertical,ecommerce for manufacturers,us,b2b ecommerce for distributors,50,0,0.1,17
vertical,multi vendor marketplace development,us,multi vendor marketplace development,50,0,0,3
vertical,multi vendor marketplace development,us,multi-vendor marketplace development,50,0,0,3
cost,shopify development cost,us,shopify 6 months for $1,50,10.43,0.36,3
cost,shopify development cost,us,shopify login with phone number,50,4.45,0.06,47
cost,shopify development cost,us,shopify themes download,50,4.5,0.69,26
cost,woocommerce website cost,us,woocommerce plugin development,50,0,0.07,8
cost,shopify plus cost,us,how much does shopify plus cost,50,3.7,0.22,7
cost,shopify plus cost,us,shopify free trial 90 days,50,7.33,0.23,29
hire,hire shopify developer,us,hire shopify theme developer,50,0,0,27
hire,hire shopify developer,us,hire shopify web developer,50,0,0.02,12
hire,hire shopify developer,us,upwork shopify developer,50,5.81,0.39,0
hire,ecommerce website development services,us,top shopify development company,50,15.6,0.09,1
hire,shopify experts,us,shopify experts for hire,50,34.59,0.21,12
hire,shopify experts,us,shopify design experts,50,0,0.21,46
hire,shopify experts,us,shopify developer dashboard,50,0,0,47
hire,shopify experts,us,shopify partners app,50,3.54,0.1,45
hire,shopify partner agency,us,shopify partner badge,50,0,0,15
howto,how to build an ecommerce website,us,how to build an ecommerce website from scratch,50,16.88,0.51,17
howto,how to build an ecommerce website,us,how to build an ecommerce website with wordpress,50,4.33,0.63,19
howto,how to build an ecommerce website,us,how to build an ecommerce website on wordpress,50,4.33,0.63,11
howto,how to start an online store,us,how to start an online consignment store,50,7.83,0.65,0
howto,how to start an online store,us,how to start an online supplement store,50,0,0.24,0
howto,how to start an online store,us,how to start an online beauty supply store,50,5.43,0.22,0
howto,how to start an online store,us,free online store app,50,20.21,0.6,55
howto,how to increase ecommerce sales,us,e business strategy,50,0,0,0
howto,how to optimize ecommerce website,us,e commerce specialist job description,50,1.77,0.04,0
howto,how to optimize ecommerce website,us,e commerce specialist resume,50,0,0,0
compare,shopify vs woocommerce,us,shopify vs woocommerce vs bigcommerce,40,14.77,0.12,0
compare,shopify vs woocommerce,us,woocommerce vs shopify vs bigcommerce,40,14.77,0.12,0
compare,shopify vs woocommerce,us,bigcommerce vs shopify vs woocommerce,40,14.77,0.12,0
compare,shopify vs woocommerce,us,shopify vs bigcommerce vs woocommerce,40,14.77,0.12,0
compare,shopify vs woocommerce,us,shopify vs woocommerce comparison,40,0,0,0
compare,shopify vs magento,us,magento enterprise pricing,40,10.57,0.04,0
compare,shopify vs bigcommerce,us,bigcommerce enterprise vs shopify plus,40,0,0.03,3
compare,shopify vs bigcommerce,us,shopify plus vs bigcommerce enterprise,40,0,0.03,0
compare,shopify vs bigcommerce,us,shopify vs squarespace reddit,40,0,0.08,0
compare,shopify vs bigcommerce,us,shopify vs squarespace pricing,40,8.23,0.22,9
compare,wix vs shopify,us,shopify vs wix store,40,5.38,0.46,15
compare,wix vs shopify,us,wix store vs shopify,40,5.38,0.46,15
compare,wix vs shopify,us,wix stores vs shopify,40,5.38,0.46,9
compare,wix vs shopify,us,squarespace vs shopify reddit,40,0,0.08,1
compare,squarespace vs shopify,us,squarespace vs shopify for small business,40,37.88,0.49,7
compare,shopify vs custom website,us,shopify vs etsy reddit,40,0,0.09,0
compare,which ecommerce platform is best,us,which ecommerce platform is best for seo,40,0,0.01,1
compare,shopify plus vs shopify,us,shopify plus pricing calculator,40,0,0,9
compare,shopify plus vs shopify,us,shopify plus demo,40,13.32,0.18,18
migrate,magento to shopify migration,us,shopify to magento migration,40,28.81,0.09,0
migrate,magento to shopify migration,us,magento to shopify product migration,40,0,0,4
migrate,magento to shopify migration,us,magento to shopify data migration,40,0,0.01,13
migrate,woocommerce to shopify migration,us,woocommerce migration,40,35.53,0.25,0
migrate,shopify migration services,us,shopify checklist,40,0,0.01,5
migrate,magento 1 to magento 2 migration,us,magento 1 to 2 migration,40,0,0,0
migrate,wix to shopify migration,us,wix to shopify migration,40,20.72,0.32,4
migrate,shopify plus migration,us,shopify plus migration,40,0,0.08,0
vertical,b2b ecommerce website development,us,c2c e commerce examples,40,0,0,0
vertical,ecommerce for manufacturers,us,alibaba mall,40,0.18,0.8,7
vertical,multi vendor marketplace development,us,best multi vendor marketplace platform,40,36.02,0.63,38
vertical,multi vendor marketplace development,us,multi vendor marketplace near me,40,0,0.04,16
cost,ecommerce website development cost,us,ecommerce cost,40,0,0.39,8
cost,ecommerce website development cost,us,shopify website cost per month,40,8.64,0.43,12
cost,ecommerce website development cost,us,shopify basic plan price,40,4.16,0.13,22
cost,shopify development cost,us,shopify app development cost,40,0,0.05,0
cost,how much does an ecommerce website cost,us,how much does it cost to build an ecommerce website,40,12.64,0.41,13
cost,how much does an ecommerce website cost,us,how much does it cost to make an ecommerce website,40,12.64,0.41,10
cost,how much does an ecommerce website cost,us,how much does it cost to create an ecommerce website,40,12.64,0.41,19
cost,magento development cost,us,magento community edition,40,23.55,0.3,35
cost,magento development cost,us,adobe commerce vs shopify,40,3.75,0.19,0
cost,woocommerce website cost,us,woocommerce plans,40,29.32,0.22,28
cost,woocommerce website cost,us,woocommerce free themes,40,2.72,0.61,67
cost,woocommerce website cost,us,woocommerce plugin free,40,6.33,0.35,40
cost,woocommerce website cost,us,woocommerce plugin price,40,6.38,0.25,38
cost,shopify plus cost,us,shopify plus monthly cost,40,9.77,0.29,18
cost,shopify plus cost,us,shopify plus websites,40,0,0.29,9
cost,shopify plus cost,us,shopify starter plan vs basic,40,21.8,0.39,0
hire,hire shopify developer,us,hire shopify developer india,40,13.87,0.04,2
hire,hire shopify developer,us,shopify developer hire,40,0,0.02,44
hire,hire shopify developer,us,hire shopify developers india,40,13.87,0.04,7
hire,hire ecommerce developer,us,freelance web developer website,40,12.19,0.52,41
hire,hire ecommerce developer,us,freelance web developer near me,40,50.38,0.4,38
hire,hire ecommerce developer,us,freelance app developers near me,40,80.31,0.73,19
hire,shopify development services,us,shopify development company in usa,40,0,0.13,1
hire,ecommerce website development services,us,ecommerce website design and development services,40,0,0.12,29
hire,ecommerce website development services,us,best ecommerce website development company,40,0,0.14,38
hire,shopify experts,us,shopify experts marketing,40,17.74,0.36,28
hire,shopify experts,us,shopify experts in india,40,0,0.29,0
hire,shopify experts,us,shopify marketing experts,40,17.74,0.36,3
hire,shopify experts,us,shopify website experts,40,52.96,0.59,43
hire,shopify experts,us,shopify store experts,40,49.12,0.75,19
hire,shopify experts,us,shopify experts india,40,0,0.29,7
hire,shopify experts,us,shopify experts uk,40,0,0,30
hire,shopify experts,us,shopify partners list,40,17.19,0.27,39
hire,shopify experts,us,shopify partners sign up,40,0,0.1,45
hire,shopify partner agency,us,shopify plus agency partner,40,0,0.06,15
hire,custom ecommerce development services,us,best ecommerce website examples,40,3.73,0.39,15
howto,how to start an online store,us,how to start an online store with amazon,40,10.9,0.57,24
howto,how to start an online store,us,how to start an online store business,40,13.46,0.73,41
howto,how to start an online store,us,how to start an online store on amazon,40,10.9,0.57,19
howto,how to start an online store,us,how to start an online business store,40,13.46,0.73,41
howto,how to start an online store,us,how to start an online clothing store without inventory,40,0,0,1
howto,how to start an online store,us,how to start an online amazon store,40,10.9,0.57,19
howto,how to start an online store,us,how to start an amazon online store,40,10.9,0.57,26
howto,how to start an online store,us,how to sell products without inventory,40,14.19,0.66,0
howto,how to start an online store,us,dropshipping without inventory,40,5.92,0.61,0
howto,how to start an online store,us,free online store with products to sell usa,40,14.5,0.73,
howto,how to optimize ecommerce website,us,e-commerce seo checklist,40,26.12,0.09,24
howto,how to optimize ecommerce website,us,e commerce seo checklist,40,26.12,0.09,0
compare,shopify vs woocommerce,us,magento vs woocommerce vs shopify,30,0,0.04,0
compare,shopify vs woocommerce,us,woocommerce vs shopify vs magento,30,0,0.04,0
compare,shopify vs woocommerce,us,shopify vs magento vs woocommerce,30,0,0.04,0
compare,shopify vs woocommerce,us,shopify vs wordpress/woocommerce,30,2.73,0.44,8
compare,shopify vs woocommerce,us,wordpress woocommerce vs shopify,30,2.73,0.44,1
compare,shopify vs woocommerce,us,shopify vs woocommerce vs magento,30,0,0.04,0
compare,shopify vs woocommerce,us,woocommerce vs magento vs shopify,30,0,0.04,0
compare,shopify vs woocommerce,us,shopify vs woocommerce wordpress,30,2.73,0.44,1
compare,shopify vs woocommerce,us,magento vs shopify vs woocommerce,30,0,0.04,0
compare,shopify vs woocommerce,us,shopify vs wordpress woocommerce,30,2.73,0.44,6
compare,shopify vs magento,us,magento 2 vs shopify plus,30,0,0,0
compare,shopify vs magento,us,shopify plus vs magento enterprise,30,0,0,0
compare,shopify vs magento,us,shopify plus vs magento 2,30,0,0,0
compare,shopify vs magento,us,magento enterprise vs shopify plus,30,0,0,0
compare,shopify vs magento,us,woocommerce vs magento,30,0,0,1
compare,shopify vs magento,us,magento ecommerce open source,30,0,0.18,32
compare,shopify vs bigcommerce,us,bigcommerce vs shopify pricing,30,35.86,0.43,13
compare,shopify vs bigcommerce,us,shopify vs bigcommerce pricing,30,35.86,0.43,13
compare,shopify vs bigcommerce,us,bigcommerce reddit,30,0,0.04,0
compare,shopify vs bigcommerce,us,bigcommerce enterprise pricing,30,32.98,0.22,8
compare,wix vs shopify,us,shopify vs wix vs wordpress,30,8.76,0.03,2
compare,wix vs shopify,us,wix vs shopify vs wordpress,30,8.76,0.03,2
compare,wix vs shopify,us,wix vs wordpress vs shopify,30,8.76,0.03,3
compare,wix vs shopify,us,squarespace vs shopify pricing,30,8.46,0.32,0
compare,squarespace vs shopify,us,shopify vs etsy vs squarespace,30,6.88,0.06,0
compare,squarespace vs shopify,us,squarespace vs shopify for artists,30,0,0.26,0
compare,best ecommerce platform for small business,us,which ecommerce platform is best for small business,30,24.86,0.61,0
compare,best ecommerce platform for small business,us,what is the best ecommerce platform for small business,30,16.4,0.27,29
compare,best ecommerce platform for small business,us,best ecommerce platform for clothing,30,14.67,0.05,17
compare,best ecommerce platform for small business,us,best ecommerce platform for dropshipping,30,30.26,0.15,15
compare,best ecommerce platform for small business,us,e commerce clothing brands,30,1.21,0.92,82
compare,best ecommerce platform for small business,us,top 10 e commerce websites in the world,30,13.33,0.16,6
compare,which ecommerce platform is best,us,best ecommerce products to sell,30,3.1,0.38,29
compare,shopify plus vs shopify,us,is shopify plus worth it,30,0,0.43,0
compare,shopify plus vs shopify,us,how much is shopify transaction fee,30,12.84,0.28,
compare,shopify plus vs shopify,us,shopify advanced pricing,30,1.17,0.29,19
migrate,magento to shopify migration,us,magento to shopify plus migration,30,9.7,0.43,0
migrate,woocommerce to shopify migration,us,woocommerce to shopify migration services,30,0,0.15,10
migrate,woocommerce to shopify migration,us,shopify to woocommerce migration,30,27.35,0.74,30
migrate,woocommerce to shopify migration,us,woocommerce to shopify migration service,30,0,0.15,17
migrate,shopify migration services,us,shopify store migration,30,0,0.13,50
migrate,shopify migration services,us,shopify agencies uk,30,70.63,0.08,58
migrate,shopify migration services,us,iakoe,30,0,0.06,11
migrate,replatform ecommerce,us,ecommerce migration checklist,30,0,0,0
migrate,replatform ecommerce,us,replatforming vs refactoring,30,0,0.29,0
migrate,magento 1 to magento 2 migration,us,magento 2 data migration tool,30,24.71,0.02,38
migrate,magento 1 to magento 2 migration,us,magento api documentation,30,0,0.02,11
migrate,magento 1 to magento 2 migration,us,magento data migration tool,30,11.15,0.04,5
migrate,magento 1 to magento 2 migration,us,magento 2 api documentation,30,16.9,0.09,11
migrate,magento 1 to magento 2 migration,us,adobe api documentation,30,0,0.02,50
migrate,magento 1 to magento 2 migration,us,magento rest api,30,0,0.02,12
vertical,b2b ecommerce website development,us,best b2b ecommerce websites,30,23.3,0.51,2
vertical,b2b ecommerce website development,us,b2b e commerce website examples,30,6.73,0.57,0
vertical,b2b ecommerce website development,us,b2b ecommerce website examples,30,6.73,0.57,0
vertical,b2b ecommerce website development,us,top 100 b2b companies,30,10.88,0.24,0
vertical,b2b ecommerce website development,us,shopify english,30,12.61,0.39,100
cost,ecommerce website development cost,us,quote calculator for website,30,6.51,0.71,8
cost,shopify development cost,us,shopify website development cost,30,0,0.29,14
cost,shopify development cost,us,how much is shopify per year,30,6,0.34,11
cost,shopify development cost,us,shopify themes reddit,30,0,0.14,0
cost,how much does an ecommerce website cost,us,wix light plan cost,30,0,0.04,21
cost,magento development cost,us,how much does magento cost,30,7.15,0.57,9
cost,magento development cost,us,magento open source vs adobe commerce,30,0,0.04,0
cost,magento development cost,us,adobe commerce login,30,0,0.01,20
cost,woocommerce website cost,us,woocommerce wordpress login,30,0,0.05,34
cost,shopify plus cost,us,shopify plus trial,30,3.58,0.31,19
cost,shopify plus cost,us,shopify plus customers,30,0,0,6
hire,hire shopify developer,us,hire shopify ecommerce developer,30,0,0,22
hire,hire ecommerce developer,us,hire dedicated ecommerce developer,30,0,0.01,0
hire,hire ecommerce developer,us,hire ecommerce web developer,30,0,0,1
hire,ecommerce website development services,us,top 10 web development companies in usa,30,64.94,0.61,14
hire,shopify experts,us,shopify plus development experts,30,4.89,0.05,5
hire,shopify experts,us,shopify setup experts,30,0,0,23
hire,shopify experts,us,shopify set up experts,30,0,0,14
hire,shopify experts,us,shopify experts london,30,0,0,26
hire,shopify partner agency,us,shopify plus partner agency,30,0,0.09,20
hire,shopify partner agency,us,shopify partner access,30,0,0.03,28
howto,how to build an ecommerce website,us,create free store,30,30.04,0.61,100
howto,how to start an online store,us,how to start an online shoe store,30,0,0.15,12
howto,how to start an online store,us,how to start an online vintage store,30,4.08,0.56,0
howto,how to start an online store,us,how to start an online shoe store business,30,0,0.15,0
howto,how to start an online store,us,how to start an online clothing store with no money,30,8.07,0.62,1
howto,how to start an online store,us,how to start an online grocery store,30,0,0.48,0
howto,how to start an online store,us,how to start an online jewelry store,30,7.86,0.4,5
howto,how to start an online store,us,how to start an online vintage clothing store,30,4.08,0.56,12
howto,how to start an online store,us,how to start an online retail store,30,5.44,0.69,33
howto,how to start an online store,us,how to start an online thrift store from home,30,10.64,0.63,0
howto,how to start an online store,us,how to open online store on amazon,30,18.97,0.37,19
howto,how to start an online store,us,create online store free app,30,16.44,0.78,44
howto,how to start an online store,us,best free online store with products to sell,30,13.54,0.77,
howto,how to increase ecommerce sales,us,how to increase sales quickly,30,7.81,0.43,7
howto,how to increase ecommerce sales,us,e commerce strategy example,30,0,0.2,9
howto,ecommerce website checklist,us,ecommerce website checklist,30,0,0,8
howto,ecommerce website checklist,us,checklist for ecommerce website,30,0,0,7
compare,shopify vs woocommerce,us,bigcommerce vs woocommerce vs shopify,20,5.43,0.12,1
compare,shopify vs woocommerce,us,woocommerce vs shopify pricing,20,1.47,0.49,24
compare,shopify vs woocommerce,us,woocommerce vs shopify price,20,1.47,0.49,25
compare,shopify vs magento,us,shopify plus vs magento 2 commerce,20,0,0,0
compare,shopify vs magento,us,magento vs shopify comparison,20,0,0,
compare,shopify vs magento,us,shopify vs magento comparison,20,0,0,
compare,shopify vs bigcommerce,us,bigcommerce vs shopify reddit,20,0,0.08,0
compare,shopify vs bigcommerce,us,bigcommerce vs shopify vs squarespace,20,0,0.02,0
compare,shopify vs bigcommerce,us,shopify vs squarespace vs bigcommerce,20,0,0.02,0
compare,shopify vs bigcommerce,us,bigcommerce b2b pricing,20,18.86,0.73,6
compare,shopify vs bigcommerce,us,bigcommerce essentials,20,30.22,0.86,23
compare,shopify vs bigcommerce,us,shopify vs squarespace for artists,20,3.75,0.4,0
compare,shopify vs bigcommerce,us,shopify vs squarespace for small business,20,0,0.12,7
compare,woocommerce vs magento,us,bigcommerce sign up,20,92.83,0.68,2
compare,wix vs shopify,us,shopify vs wix pricing,20,7.3,0.2,9
compare,wix vs shopify,us,wix vs shopify reddit,20,0,0.04,0
compare,wix vs shopify,us,godaddy vs shopify vs wix,20,0,0.03,5
compare,wix vs shopify,us,wix vs shopify for small business,20,0,0.36,54
compare,wix vs shopify,us,wix studio vs shopify,20,0,0.06,
compare,wix vs shopify,us,wix vs shopify pricing,20,15.72,0.35,12
compare,wix vs shopify,us,shopify or wix for small business,20,4.32,0.51,2
compare,squarespace vs shopify,us,big cartel vs shopify vs squarespace,20,0,0.16,44
compare,squarespace vs shopify,us,shopify vs squarespace cost,20,0,0.24,14
compare,squarespace vs shopify,us,squarespace or shopify for small business,20,16.39,0.42,4
compare,shopify vs custom website,us,shopify vs etsy vs amazon,20,11.79,0.13,3
compare,best ecommerce platform for small business,us,top 10 e commerce websites in usa,20,15.67,0.39,19
compare,best ecommerce platform for small business,us,e commerce platforms meaning,20,0,0.04,48
compare,which ecommerce platform is best,us,e commerce website design ideas,20,8.01,0.57,26
compare,bigcommerce vs woocommerce,us,woocommerce pricing per month,20,13.56,0.34,
migrate,magento to shopify migration,us,magento migration to shopify,20,0,0,10
migrate,magento to shopify migration,us,magento to shopify migration checklist,20,4.76,0.14,14
migrate,magento to shopify migration,us,magento 1 to shopify migration,20,0,0.04,29
migrate,magento to shopify migration,us,magento to shopify migration app,20,8.28,0.36,11
migrate,magento to shopify migration,us,magento 2 to shopify migration,20,0,0.01,12
migrate,magento to shopify migration,us,volusion to shopify migration,20,0,0.14,0
migrate,woocommerce to shopify migration,us,shopify to woocommerce migration service,20,0,0.01,10
migrate,woocommerce to shopify migration,us,shopify to woocommerce migration plugin,20,11.04,0.14,45
migrate,woocommerce to shopify migration,us,shopify to woocommerce migration services,20,0,0.01,10
migrate,shopify migration services,us,shopify migration checklist,20,0,0,7
migrate,replatform ecommerce,us,ecommerce data migration,20,0,0.03,0
migrate,replatform ecommerce,us,magento to woocommerce migration,20,29.62,0.29,23
migrate,magento 1 to magento 2 migration,us,data migration magento 1 to 2,20,0,0,0
migrate,magento 1 to magento 2 migration,us,magento 1 to magento 2 data migration tool,20,0,0,0
migrate,magento 1 to magento 2 migration,us,magento 1 to magento 2 migration tool,20,0,0,0
migrate,magento 1 to magento 2 migration,us,magento 1 to 2 migration tool,20,0,0,0
migrate,magento 1 to magento 2 migration,us,magento 1 to magento 2 migration cost,20,0,0,0
migrate,magento 1 to magento 2 migration,us,magento 2 rest api,20,0,0.06,2
migrate,bigcommerce to shopify migration,us,shopify to bigcommerce migration,20,12.89,0.32,0
vertical,b2b ecommerce website development,us,b2b ecommerce website development services,20,0,0,0
vertical,b2b ecommerce website development,us,wholesale website template,20,9.96,0.93,20
vertical,b2b ecommerce website development,us,top 10 b2b platforms in the world,20,19.78,0.74,4
vertical,b2b ecommerce website development,us,difference between b2b and b2c e-commerce,20,0,0.36,5
vertical,b2b ecommerce website development,us,b2b case study examples,20,11.74,0.32,0
vertical,b2b ecommerce website development,us,list of b2b websites,20,16.11,0.57,2
vertical,ecommerce for manufacturers,us,ecommerce distributors,20,0.16,0.43,19
vertical,multi vendor marketplace development,us,multi vendor ecommerce marketplace development,20,0,0,0
vertical,multi vendor marketplace development,us,multi vendor marketplace examples,20,0,0,7
vertical,multi vendor marketplace development,us,multi vendor marketplace builder,20,18.91,0.57,12
vertical,multi vendor marketplace development,us,multi vendor ecommerce website,20,0,0.57,7
vertical,multi vendor marketplace development,us,multi vendor marketplace wordpress,20,13.59,0.22,61
vertical,multi vendor marketplace development,us,hometown vendor market coupon code,20,0,0,
cost,ecommerce website development cost,us,shopify development cost,20,0,0.21,0
cost,ecommerce website development cost,us,ecommerce website price list,20,0,0.63,29
cost,shopify development cost,us,shopify store development cost,20,0,0,0
cost,shopify development cost,us,shopify themes github,20,16.07,0.4,24
cost,how much does an ecommerce website cost,us,wix basic ecommerce vs standard ecommerce,20,0,0.05,
cost,how much does an ecommerce website cost,us,wix domain cost per month,20,9.29,0.36,28
cost,how much does an ecommerce website cost,us,wix subscription payments,20,15.69,0.14,39
cost,magento development cost,us,magento development cost,20,0,0,0
cost,magento development cost,us,magento 2 prices,20,21.46,0.24,0
cost,woocommerce website cost,us,woocommerce wordpress tutorial,20,0,0.21,30
cost,woocommerce website cost,us,woocommerce hosting pricing,20,0,0.61,49
cost,woocommerce website cost,us,woocommerce hostinger,20,6.65,0.56,9
cost,woocommerce website cost,us,woocommerce plugin store,20,4.65,0.08,78
cost,shopify plus cost,us,shopify basic plan features,20,12.93,0.1,25
hire,hire shopify developer,us,shopify app developer for hire,20,0,0.21,31
hire,hire shopify developer,us,how much does it cost to hire a shopify developer,20,0,0,
hire,hire shopify developer,us,hire shopify website developer,20,0,0,45
hire,hire shopify developer,us,top shopify experts,20,0,0.1,0
hire,hire ecommerce developer,us,hire ecommerce app developer,20,0,0,
hire,shopify development services,us,custom shopify website development services,20,78.5,0.45,38
hire,shopify development services,us,shopify development services usa,20,0,0,
hire,ecommerce website development services,us,ecommerce website design & development services,20,0,0.08,16
hire,ecommerce website development services,us,american eagle website company,20,12.78,0.17,77
hire,shopify experts,us,become shopify experts,20,0,0,2
hire,shopify experts,us,certified shopify experts,20,0,0.08,3
hire,shopify experts,us,shopify web design experts,20,0,0.14,75
hire,shopify experts,us,shopify store setup experts,20,0,0.01,14
hire,shopify experts,us,shopify experts cost,20,0,0.29,0
hire,shopify experts,us,shopify experts usa,20,0,0.03,62
hire,shopify experts,us,shopify theme experts,20,34.11,0.14,38
hire,shopify experts,us,shopify ecommerce experts,20,0,0,58
hire,shopify experts,us,find shopify experts,20,47.74,0.73,20
hire,custom ecommerce development services,us,webkul marketplace,20,9.72,0.25,47
howto,how to start an online store,us,how to start an online ecommerce store,20,0,0.43,79
howto,how to start an online store,us,how to start an online merchandise store,20,11.99,0.71,46
howto,how to start an online store,us,how to start an online merch store,20,11.99,0.71,45
howto,how to start an online store,us,sell t-shirts online without inventory amazon,20,10.14,0.47,20
howto,how to migrate to shopify,us,how to migrate from wordpress to shopify,20,0,0.13,
howto,how to migrate to shopify,us,how to migrate wordpress site to shopify,20,0,0,
howto,how to increase ecommerce sales,us,how to increase online sales small business,20,14.75,0.8,28
howto,how to increase ecommerce sales,us,how to increase online sales fast,20,0,0.23,0
howto,how to increase ecommerce sales,us,e commerce advertising examples,20,0,0.19,0
howto,how to increase ecommerce sales,us,e commerce advertising platforms,20,0,0.03,17
howto,how to increase ecommerce sales,us,best ad platforms for ecommerce,20,31.19,0.49,18
howto,how to increase ecommerce sales,us,e commerce marketing examples,20,0,0.19,3
howto,how to optimize ecommerce website,us,how to optimize ecommerce website,20,0,0.07,3
howto,how to optimize ecommerce website,us,e commerce optimization specialist,20,0,0,0
howto,how to optimize ecommerce website,us,ecommerce seo services usa,20,0,0,
howto,ecommerce website checklist,us,seo checklist for ecommerce website,20,0,0,33
howto,ecommerce website checklist,us,ecommerce website seo checklist,20,0,0,32
compare,shopify vs woocommerce,us,shopify vs woocommerce 2024,10,0,0,
compare,shopify vs woocommerce,us,dropshipping shopify vs woocommerce,10,0,0.57,54
compare,shopify vs woocommerce,us,woocommerce vs shopify vs wix,10,0,0.21,52
compare,shopify vs woocommerce,us,shopify vs woocommerce market share,10,6.2,0.29,63
compare,shopify vs woocommerce,us,woocommerce vs shopify 2026,10,2.26,0.43,
compare,shopify vs woocommerce,us,woocommerce vs shopify 2018,10,0,0,57
compare,shopify vs woocommerce,us,woocommerce vs shopify for dropshipping,10,0,0.1,54
compare,shopify vs woocommerce,us,woocommerce vs shopify plus,10,0,0,31
compare,shopify vs woocommerce,us,shopify vs woocommerce performance,10,0,0,
compare,shopify vs woocommerce,us,shopify vs woocommerce vs wordpress,10,0,0,1
compare,shopify vs woocommerce,us,shopify vs bigcommerce vs magento vs woocommerce,10,0,0.14,39
compare,shopify vs woocommerce,us,shopify vs woocommerce cost,10,0,0.21,
compare,shopify vs woocommerce,us,reddit woocommerce vs shopify,10,0,0.04,10
compare,shopify vs woocommerce,us,woocommerce vs shopify 2025,10,0,0,
compare,shopify vs woocommerce,us,shopify vs woocommerce 2022,10,0,0,65
compare,shopify vs woocommerce,us,woocommerce vs shopify which one is better,10,0,0,
compare,shopify vs woocommerce,us,woocommerce vs shopify vs squarespace,10,0,0.71,53
compare,shopify vs woocommerce,us,shopify vs woocommerce vs magento vs bigcommerce,10,0,0,39
compare,shopify vs woocommerce,us,shopify vs woocommerce vs squarespace,10,0,0.55,53
compare,shopify vs woocommerce,us,shopify vs woocommerce speed,10,0,0.43,57
compare,shopify vs woocommerce,us,woocommerce vs shopify which is better,10,0,0,
compare,shopify vs woocommerce,us,woocommerce vs shopify dropshipping,10,0,0,54
compare,shopify vs woocommerce,us,magento vs woocommerce vs shopify vs opencart vs prestashop,10,0,0,
compare,shopify vs woocommerce,us,shopify vs woocommerce vs prestashop,10,0,0,
compare,shopify vs woocommerce,us,dropshipping woocommerce vs shopify,10,0,0,54
compare,shopify vs woocommerce,us,ecwid vs shopify vs woocommerce,10,0,0,
compare,shopify vs woocommerce,us,wordpress and woocommerce vs shopify,10,11.3,0.67,
compare,shopify vs woocommerce,us,etsy vs shopify vs woocommerce,10,0,0.14,
compare,shopify vs woocommerce,us,shopify vs woocommerce for dropshipping,10,0,0.29,54
compare,shopify vs woocommerce,us,shopify vs woocommerce pricing,10,0,0.51,19
compare,shopify vs woocommerce,us,woocommerce vs shopify fees,10,0,0.38,
compare,shopify vs woocommerce,us,woocommerce vs shopify vs prestashop,10,0,0,49
compare,shopify vs woocommerce,us,wix vs shopify vs woocommerce,10,0,0.05,49
compare,shopify vs woocommerce,us,prestashop vs shopify vs woocommerce,10,0,0,
compare,shopify vs woocommerce,us,shopify vs wix vs woocommerce,10,9.09,0.17,
compare,shopify vs woocommerce,us,woocommerce vs shopify 2024,10,0,0,
compare,shopify vs woocommerce,us,shopify vs squarespace vs woocommerce,10,0,0.86,53
compare,shopify vs woocommerce,us,woocommerce vs shopify wordpress,10,0,0,1
compare,shopify vs woocommerce,us,woocommerce vs shopify: which is better,10,0,0,
compare,shopify vs woocommerce,us,shopify vs woocommerce transaction fees,10,0,0,
compare,shopify vs woocommerce,us,wordpress shopify vs woocommerce,10,0,0,1
compare,shopify vs woocommerce,us,wix vs woocommerce vs shopify,10,0,0,49
compare,shopify vs woocommerce,us,shopify vs etsy vs woocommerce,10,0,0.04,
compare,shopify vs woocommerce,us,reddit shopify vs woocommerce,10,0,0,10
compare,shopify vs woocommerce,us,shopify vs woocommerce pros and cons,10,0,0,
compare,shopify vs woocommerce,us,shopify vs woocommerce india,10,0,0,
compare,shopify vs woocommerce,us,woocommerce vs bigcommerce vs shopify,10,0,0.86,0
compare,shopify vs woocommerce,us,shopify plus vs woocommerce,10,0,0,31
compare,shopify vs woocommerce,us,shopify vs woocommerce which is better,10,7,0.81,
compare,shopify vs woocommerce,us,shopify vs woocommerce for wordpress,10,0,0.36,1
compare,shopify vs woocommerce,us,prestashop vs woocommerce vs shopify,10,0,0,52
compare,shopify vs woocommerce,us,shopify vs woocommerce 2025,10,0,0,
compare,shopify vs woocommerce,us,shopify vs woocommerce 2021,10,0,0,65
compare,shopify vs woocommerce,us,shopify vs woocommerce dropshipping,10,0,0,54
compare,shopify vs woocommerce,us,shopify vs woocommerce seo,10,0,0,
compare,shopify vs woocommerce,us,magento vs woocommerce vs shopify vs opencart,10,0,0,
compare,shopify vs woocommerce,us,woocommerce vs shopify seo,10,0,0,50
compare,shopify vs woocommerce,us,shopify vs woocommerce conversion rate,10,0.92,0.79,
compare,shopify vs woocommerce,us,woocommerce vs prestashop vs shopify,10,0,0,49
compare,shopify vs woocommerce,us,woocommerce pricing vs shopify,10,14.09,0.52,19
compare,shopify vs woocommerce,us,woocommerce vs shopify vs bigcommerce vs magento,10,53.08,0.86,39
compare,shopify vs woocommerce,us,opencart vs woocommerce vs shopify,10,0,0,
compare,shopify vs woocommerce,us,woocommerce vs shopify india,10,0,0,
compare,shopify vs woocommerce,us,shopify vs woocommerce vs wix,10,0,0,
compare,shopify vs woocommerce,us,seo shopify vs woocommerce,10,0,0,
compare,shopify vs woocommerce,us,woocommerce vs wix vs shopify,10,0,0.43,
compare,shopify vs woocommerce,us,woocommerce vs shopify market share,10,0,0.19,63
compare,shopify vs woocommerce,us,woocommerce vs shopify cost,10,0,0.79,62
compare,shopify vs woocommerce,us,magento vs shopify vs bigcommerce vs woocommerce,10,0,0,39
compare,shopify vs woocommerce,us,woocommerce vs shopify speed,10,0,0,57
compare,shopify vs woocommerce,us,shopify vs woocommerce fees,10,0,0,
compare,shopify vs woocommerce,us,wordpress vs shopify reddit,10,0,0.1,0
compare,shopify vs woocommerce,us,shopify vs magento reddit,10,0,0,
compare,shopify vs woocommerce,us,shopify vs adobe commerce,10,0,0.14,11
compare,shopify vs magento,us,magento 2 vs shopify,10,0,0.06,0
compare,shopify vs magento,us,shopify vs bigcommerce vs magento,10,20.33,0.14,0
compare,shopify vs magento,us,shopify vs magento 2018,10,0,0,
compare,shopify vs magento,us,shopify vs opencart vs magento,10,0,0,
compare,shopify vs magento,us,shopify vs prestashop vs magento,10,0,0,
compare,shopify vs magento,us,adobe magento vs shopify,10,0,0,
compare,shopify vs magento,us,pros and cons magento vs shopify,10,0,0,
compare,shopify vs magento,us,magento vs bigcommerce vs shopify,10,20.33,0.14,0
compare,shopify vs magento,us,shopify vs magento 2,10,0,0.06,0
compare,shopify vs magento,us,magento vs wordpress vs shopify,10,0,0,
compare,shopify vs magento,us,magento vs shopify vs opencart,10,0,0,
compare,shopify vs magento,us,prestashop vs shopify vs magento,10,0,0,
compare,shopify vs magento,us,shopify vs magento seo,10,0,0,
compare,shopify vs magento,us,bigcommerce vs shopify vs volusion vs magento,10,0,0,
compare,shopify vs magento,us,shopify vs magento vs bigcommerce,10,20.33,0.14,0
compare,shopify vs magento,us,shopify vs magento coalition,10,0,0,0
compare,shopify vs magento,us,shopify vs magento enterprise,10,0,0,
compare,shopify vs magento,us,magento enterprise vs shopify,10,0,0,
compare,shopify vs magento,us,magento vs shopify pricing,10,0,0,
compare,shopify vs magento,us,magento vs prestashop vs shopify,10,0,0,
compare,shopify vs magento,us,magento vs shopify vs bigcommerce,10,20.33,0.14,0
compare,shopify vs magento,us,magento commerce vs shopify,10,0,0,
compare,shopify vs magento,us,shopify plus vs magento commerce,10,0,0,1
compare,shopify vs magento,us,wordpress vs magento vs shopify,10,0,0,45
compare,shopify vs magento,us,bigcommerce vs magento vs shopify,10,20.33,0.14,0
compare,shopify vs magento,us,magento vs shopify reddit,10,0,0,
compare,shopify vs magento,us,opencart vs magento vs shopify,10,0,0,
compare,shopify vs magento,us,magento vs shopify vs wordpress,10,0,0,
compare,shopify vs magento,us,shopify vs magento market share,10,0,0,
compare,shopify vs magento,us,magento vs shopify 2020,10,0,0,
compare,shopify vs magento,us,bigcommerce vs shopify vs magento,10,20.33,0.14,0
compare,shopify vs magento,us,magento ecommerce vs shopify,10,6.79,0.36,
compare,shopify vs magento,us,magento stats,10,0,0,19
compare,shopify vs magento,us,magento ecommerce github,10,0,0,
compare,shopify vs magento,us,magento ecommerce demo,10,4.12,0.27,
compare,shopify vs magento,us,magento pricing calculator,10,0,0,
compare,shopify vs bigcommerce,us,shopify vs volusion vs bigcommerce,10,0,0,8
compare,shopify vs bigcommerce,us,shopify vs bigcommerce comparison,10,0,0.43,
compare,shopify vs bigcommerce,us,shopify vs wix vs bigcommerce,10,0,0,18
compare,shopify vs bigcommerce,us,shopify vs bigcommerce reddit,10,0,0,0
compare,shopify vs bigcommerce,us,bigcommerce vs shopify review,10,0,0,10
compare,shopify vs bigcommerce,us,bigcommerce vs shopify seo,10,0,0,48
compare,shopify vs bigcommerce,us,bigcommerce vs shopify coalition,10,0,0,0
compare,shopify vs bigcommerce,us,shopify vs bigcommerce seo,10,0,0,48
compare,shopify vs bigcommerce,us,bigcommerce vs shopify market share,10,0,0.14,57
compare,shopify vs bigcommerce,us,shopify vs bigcommerce vs wix,10,0,0,18
compare,shopify vs bigcommerce,us,bigcommerce vs shopify vs wix,10,0,0,18
compare,shopify vs bigcommerce,us,shopify vs big cartel vs bigcommerce,10,0,0,
compare,shopify vs bigcommerce,us,bigcommerce vs shopify dropshipping,10,0,0,
compare,shopify vs bigcommerce,us,bigcommerce vs shopify stock,10,0,0.29,52
compare,shopify vs bigcommerce,us,shopify vs bigcommerce vs volusion,10,0,0,0
compare,shopify vs bigcommerce,us,shopify vs bigcommerce 2017,10,0,0,
compare,shopify vs bigcommerce,us,bigcommerce vs shopify 2019,10,0,0,
compare,shopify vs bigcommerce,us,shopify vs bigcommerce cost,10,0,0,
compare,shopify vs bigcommerce,us,wix vs shopify vs bigcommerce,10,0,0,0
compare,shopify vs bigcommerce,us,shopify vs bigcommerce for dropshipping,10,0,0,
compare,shopify vs bigcommerce,us,volusion vs bigcommerce vs shopify,10,0,0,8
compare,shopify vs bigcommerce,us,squarespace vs shopify vs bigcommerce,10,0,0,16
compare,shopify vs bigcommerce,us,bigcommerce vs shopify vs volusion,10,0,0,8
compare,shopify vs bigcommerce,us,bigcommerce vs shopify 2017,10,0,0,
compare,shopify vs bigcommerce,us,bigcommerce vs shopify reviews,10,0,0,4
compare,shopify vs bigcommerce,us,shopify vs bigcommerce stock,10,0,0,52
compare,shopify vs bigcommerce,us,volusion vs shopify vs bigcommerce,10,0,0,8
compare,shopify vs bigcommerce,us,shopify vs godaddy vs bigcommerce,10,0,0,
compare,shopify vs bigcommerce,us,bigcommerce vs volusion vs shopify,10,0,0,8
compare,shopify vs bigcommerce,us,bigcommerce enterprise pricing reddit,10,0,0,
compare,shopify vs bigcommerce,us,bigcommerce stock reddit,10,0,0,52
compare,shopify vs bigcommerce,us,bigcommerce vs woocommerce reddit,10,0,0.05,
compare,shopify vs bigcommerce,us,shopify vs squarespace vs wordpress,10,0,0.29,19
compare,woocommerce vs magento,us,magento vs opencart vs prestashop vs woocommerce,10,0,0,
compare,woocommerce vs magento,us,magento vs woocommerce seo,10,0,0,
compare,woocommerce vs magento,us,woocommerce vs opencart vs magento,10,0,0,44
compare,woocommerce vs magento,us,magento vs woocommerce speed,10,0,0,45
compare,woocommerce vs magento,us,prestashop vs magento vs woocommerce,10,0,0,52
compare,woocommerce vs magento,us,wordpress woocommerce vs magento,10,0,0,29
compare,woocommerce vs magento,us,woocommerce vs prestashop vs magento,10,0,0,49
compare,woocommerce vs magento,us,magento vs woocommerce performance,10,0,0,
compare,woocommerce vs magento,us,woocommerce vs magento reddit,10,0,0,52
compare,woocommerce vs magento,us,magento ecommerce vs woocommerce,10,0,0,
compare,woocommerce vs magento,us,magento 2 vs woocommerce,10,0,0.18,47
compare,woocommerce vs magento,us,magento vs wordpress woocommerce,10,0,0,29
compare,woocommerce vs magento,us,woocommerce vs magento vs prestashop,10,0,0,49
compare,woocommerce vs magento,us,woocommerce vs magento 2,10,0,0.18,47
compare,woocommerce vs magento,us,opencart vs magento vs woocommerce,10,0,0,
compare,woocommerce vs magento,us,magento vs opencart vs woocommerce,10,0,0,
compare,woocommerce vs magento,us,opencart vs woocommerce vs magento,10,0,0,
compare,woocommerce vs magento,us,magento vs woocommerce vs opencart,10,0,0,
compare,woocommerce vs magento,us,woocommerce vs magento speed,10,0,0,45
compare,woocommerce vs magento,us,magento vs woocommerce reddit,10,0,0,52
compare,woocommerce vs magento,us,woocommerce vs magento vs opencart,10,0,0,45
compare,woocommerce vs magento,us,magento vs prestashop vs woocommerce,10,0,0,
compare,woocommerce vs magento,us,woocommerce magento,10,0,0.36,22
compare,woocommerce vs magento,us,lightweight woocommerce theme,10,4.81,0.47,59
compare,wix vs shopify,us,square vs shopify vs wix,10,0,0.48,45
compare,wix vs shopify,us,wix vs shopify vs big cartel,10,0,0,44
compare,wix vs shopify,us,shopify vs wix vs etsy,10,0,0,7
compare,wix vs shopify,us,shopify vs wix for online store,10,0,0.01,52
compare,wix vs shopify,us,wordpress vs wix vs shopify,10,0,0,2
compare,wix vs shopify,us,shopify vs wix vs weebly,10,0,0.57,44
compare,wix vs shopify,us,weebly vs wix vs shopify,10,0,0.57,44
compare,wix vs shopify,us,wix vs squarespace vs wordpress vs shopify,10,0,0.43,45
compare,wix vs shopify,us,wix vs shopify for dropshipping,10,0,0.21,24
compare,wix vs shopify,us,wix dropshipping vs shopify,10,0,0,48
compare,wix vs shopify,us,shopify vs wix which is better,10,0,0,
compare,wix vs shopify,us,selling on wix vs shopify,10,0,0.71,
compare,wix vs shopify,us,shopify vs wix for small business,10,0,0.23,
compare,wix vs shopify,us,wix website vs shopify,10,0,0.14,55
compare,wix vs shopify,us,shopify vs wix for dropshipping,10,0,0.07,48
compare,wix vs shopify,us,shopify vs wix comparison,10,0,0,
compare,wix vs shopify,us,wix vs shopify 2025,10,0,0,
compare,wix vs shopify,us,wix vs squarespace vs weebly vs shopify,10,0,0,48
compare,wix vs shopify,us,shopify vs wix ecommerce reddit,10,0,0,
compare,wix vs shopify,us,wix vs shopify fees,10,9.41,0.57,
compare,wix vs shopify,us,shopify vs wix fees,10,0,0,
compare,wix vs shopify,us,shopify vs etsy vs wix,10,6.55,0.04,10
compare,wix vs shopify,us,wix shop vs shopify,10,0,0,52
compare,wix vs shopify,us,godaddy vs wix vs squarespace vs shopify,10,5.93,0.86,44
compare,wix vs shopify,us,wix vs shopify for online store,10,0,0,52
compare,wix vs shopify,us,dropshipping wix vs shopify,10,0,0,48
compare,wix vs shopify,us,big cartel vs shopify vs wix,10,0,0,
compare,wix vs shopify,us,godaddy vs wix vs shopify,10,0,0.4,22
compare,wix vs shopify,us,shopify vs wix vs godaddy,10,0,0,22
compare,wix vs shopify,us,wix vs godaddy vs shopify,10,0,0.43,22
compare,wix vs shopify,us,ecwid vs shopify vs wix,10,0,0,43
compare,wix vs shopify,us,wix vs shopify comparison,10,0,0,
compare,wix vs shopify,us,wix vs shopify india,10,0,0,
compare,wix vs shopify,us,wix vs shopify seo,10,0,0,
compare,wix vs shopify,us,shopify vs wix 2025,10,0,0,
compare,wix vs shopify,us,shopify vs weebly vs wix,10,0,0.57,
compare,wix vs shopify,us,ecommerce shopify vs wix,10,0,0.57,8
compare,wix vs shopify,us,wix com vs shopify,10,0,0.11,
compare,wix vs shopify,us,shopify vs wix online store,10,0,0.21,52
compare,wix vs shopify,us,wix vs shopify stock,10,0,0,52
compare,wix vs shopify,us,shopify vs wix cost,10,0.14,0.45,
compare,wix vs shopify,us,wix vs shopify dropshipping,10,0,0,48
compare,wix vs shopify,us,shopify vs wix dropshipping,10,0,0,48
compare,wix vs shopify,us,wix vs shopify transaction fees,10,0,0,52
compare,wix vs shopify,us,shopify vs wix reddit,10,0,0.05,0
compare,wix vs shopify,us,shopify vs wordpress vs wix,10,0,0,2
compare,wix vs shopify,us,shopify vs godaddy vs wix,10,0,0.71,22
compare,wix vs shopify,us,wix vs shopify pros and cons,10,0,0,53
compare,wix vs shopify,us,wix ecommerce pricing vs shopify,10,0,0,54
compare,wix vs shopify,us,wix vs shopify cost,10,0,0,
compare,wix vs shopify,us,wix online store vs shopify,10,0,0.21,52
compare,wix vs shopify,us,wordpress vs shopify vs wix,10,0,0.5,2
compare,wix vs shopify,us,shopify vs wix vs squarespace reddit,10,0,0,
compare,wix vs shopify,us,wix vs shopify for artists,10,0,0.29,
compare,wix vs shopify,us,wix pricing vs shopify,10,0,0.57,9
compare,wix vs shopify,us,wix vs shopify vs godaddy,10,0,0,22
compare,wix vs shopify,us,wix vs weebly vs shopify,10,0,0.57,47
compare,wix vs shopify,us,is shopify cheaper than wix,10,0.18,0.54,
compare,wix vs shopify,us,squarespace vs shopify vs godaddy,10,0,0.31,0
compare,wix vs shopify,us,bigcommerce vs godaddy,10,0,0,0
compare,squarespace vs shopify,us,squarespace store vs shopify,10,0,0,54
compare,squarespace vs shopify,us,wordpress vs squarespace vs shopify,10,0,0.09,19
compare,squarespace vs shopify,us,squarespace commerce vs shopify,10,11.58,0.43,10
compare,squarespace vs shopify,us,shopify website vs squarespace,10,0,0.43,
compare,squarespace vs shopify,us,ecommerce squarespace vs shopify,10,0,0,8
compare,squarespace vs shopify,us,squarespace shop vs shopify,10,0,0.14,
compare,squarespace vs shopify,us,squarespace vs shopify seo,10,0,0,
compare,squarespace vs shopify,us,etsy vs shopify vs squarespace,10,0,0.03,0
compare,squarespace vs shopify,us,squarespace vs shopify reddit 2022,10,0,0,
compare,squarespace vs shopify,us,shopify vs squarespace vs etsy,10,0,0,0
compare,squarespace vs shopify,us,squarespace vs wordpress vs shopify,10,0,0.36,19
compare,squarespace vs shopify,us,shopify pricing vs squarespace,10,22.48,0.38,
compare,squarespace vs shopify,us,squarespace pricing vs shopify,10,0,0.56,14
compare,squarespace vs shopify,us,squarespace vs shopify fees,10,0,0.35,
compare,squarespace vs shopify,us,square vs squarespace vs shopify,10,0,0,
compare,squarespace vs shopify,us,squarespace vs shopify cost,10,0,0.36,14
compare,squarespace vs shopify,us,shopify vs squarespace fees,10,0,0.07,
compare,squarespace vs shopify,us,squarespace vs shopify vs wordpress,10,0,0.6,19
compare,squarespace vs shopify,us,shopify vs squarespace transaction fees,10,0,0,
compare,squarespace vs shopify,us,weebly vs shopify vs squarespace,10,0,0,43
compare,squarespace vs shopify,us,shopify vs wordpress vs squarespace,10,0,0.38,19
compare,squarespace vs shopify,us,shopify vs squarespace online store,10,0,0.5,
compare,squarespace vs shopify,us,selling on squarespace vs shopify,10,6.06,0.32,13
compare,squarespace vs shopify,us,reddit squarespace vs shopify,10,0,0,0
compare,squarespace vs shopify,us,ecommerce shopify vs squarespace,10,0,0,8
compare,squarespace vs shopify,us,shopify vs squarespace seo,10,0,0.14,
compare,squarespace vs shopify,us,shopify vs squarespace website builder,10,0,0.32,
compare,squarespace vs shopify,us,wordpress vs shopify vs squarespace,10,0,0,0
compare,squarespace vs shopify,us,godaddy vs shopify pricing,10,2.98,0.5,
compare,squarespace vs shopify,us,shopify vs godaddy reddit,10,0,0,50
compare,shopify vs custom website,us,custom website vs shopify,10,0,0.07,17
compare,shopify vs custom website,us,shopify vs custom website,10,0,0.07,0
compare,shopify vs custom website,us,shopify vs custom website reddit,10,0,0,
compare,shopify vs custom website,us,shopify vs etsy for beginners,10,0,0.07,
compare,shopify vs custom website,us,shopify vs etsy for digital products,10,0.19,0.14,
compare,shopify vs custom website,us,is wix or shopify better for dropshipping,10,0,0.48,
compare,best ecommerce platform for small business,us,best ecommerce platform for small business australia,10,0,0,
compare,best ecommerce platform for small business,us,which ecommerce platform is the best for small business,10,0,0,0
compare,best ecommerce platform for small business,us,best ecommerce platform for small business 2020,10,0,0,63
compare,best ecommerce platform for small business,us,best ecommerce platform for small business uk,10,0,0.14,
compare,best ecommerce platform for small business,us,best free ecommerce platform for small business,10,24.75,0.29,
compare,best ecommerce platform for small business,us,best ecommerce platform for small business 2022,10,0,0,40
compare,best ecommerce platform for small business,us,best online ecommerce platform for small business,10,12.57,0.5,
compare,best ecommerce platform for small business,us,best ecommerce platform for small business reddit,10,0,0.24,
compare,best ecommerce platform for small business,us,best ecommerce platform for small business in india,10,0,0,
compare,best ecommerce platform for small business,us,what is the best ecommerce platform for a small business,10,0,0,50
compare,best ecommerce platform for small business,us,top 10 e commerce platforms list,10,0,0,
compare,best ecommerce platform for small business,us,top e commerce platforms list,10,0,0,
compare,best ecommerce platform for small business,us,ecommerce clothing website design,10,5.29,1,
compare,best ecommerce platform for small business,us,top 10 e commerce websites design,10,11.61,0.66,
compare,best ecommerce platform for small business,us,e commerce platform features,10,0,0.07,28
compare,best ecommerce platform for small business,us,e commerce platform for selling,10,5.06,0.36,
compare,which ecommerce platform is best,us,which ecommerce platform is best for clothing,10,0,0,
compare,which ecommerce platform is best,us,which is the best ecommerce platform in india,10,0,0,44
compare,which ecommerce platform is best,us,which is the best platform to build a ecommerce website,10,0,0,
compare,which ecommerce platform is best,us,which ecommerce platform is best in pakistan,10,0,0,
compare,which ecommerce platform is best,us,which is the best ecommerce platform to dropship,10,0,0,45
compare,which ecommerce platform is best,us,which platform is best for creating ecommerce website,10,0,0,73
compare,which ecommerce platform is best,us,which ecommerce platform is best for dropshipping,10,0,0.03,
compare,which ecommerce platform is best,us,which is best platform for ecommerce website,10,0,0,
compare,which ecommerce platform is best,us,which platform is best for ecommerce website,10,0,0,
compare,which ecommerce platform is best,us,which ecommerce platform is the best,10,0,0.21,80
compare,which ecommerce platform is best,us,which ecommerce platform is best in india,10,0,0,
compare,which ecommerce platform is best,us,which ecommerce platform is best for beginners,10,0,0.17,
compare,which ecommerce platform is best,us,which ecommerce platform is best in uae,10,0,0,
compare,which ecommerce platform is best,us,which ecommerce platform is best for me,10,0,0,73
compare,which ecommerce platform is best,us,e commerce website project,10,0,0,18
compare,shopify plus vs shopify,us,shopify plus vs netsuite,10,0,0,
compare,shopify plus vs shopify,us,shopify plus vs basic,10,0,0.29,
compare,shopify plus vs shopify,us,shopify plus vs adobe commerce,10,0,0,
compare,shopify plus vs shopify,us,shopify advanced vs shopify plus,10,0,0,0
compare,shopify plus vs shopify,us,shopify plus vs shopify basic,10,0,0.14,
compare,shopify plus vs shopify,us,shopify basic vs shopify plus,10,0,0.26,48
compare,shopify plus vs shopify,us,shopify basic vs plus,10,6.08,0.26,
compare,shopify plus vs shopify,us,shopify plus vs salesforce commerce cloud,10,6.39,0.04,16
compare,shopify plus vs shopify,us,shopify plus vs salesforce,10,0,0,
compare,shopify plus vs shopify,us,shopify vs shopify plus comparison,10,0,0,
compare,shopify plus vs shopify,us,shopify vs shopify plus features,10,6.53,0.38,52
compare,shopify plus vs shopify,us,adobe commerce vs shopify plus,10,0,0,
compare,shopify plus vs shopify,us,shopify enterprise vs plus,10,0,0.29,
compare,shopify plus vs shopify,us,shopify plus vs shopify pricing,10,0,0,43
compare,shopify plus vs shopify,us,shopify plus vs enterprise,10,0,0.05,
compare,shopify plus vs shopify,us,shopify vs shopify plus pricing,10,0,0.24,43
compare,shopify plus vs shopify,us,shopify pro vs plus,10,0,0.57,
compare,shopify plus vs shopify,us,how to upgrade to shopify plus,10,0,0.29,23
compare,shopify plus vs shopify,us,shopify pricing yearly,10,20.19,0.14,59
compare,shopify plus vs shopify,us,shopify pricing monthly,10,7.07,0.43,17
compare,shopify plus vs shopify,us,shopify pricing europe,10,0,0,
compare,shopify plus vs shopify,us,shopify pricing reddit,10,0,0,
compare,shopify plus vs shopify,us,shopify advanced plan features,10,3.51,0.46,
compare,shopify plus vs shopify,us,shopify grow vs basic,10,0,0.29,
compare,shopify plus vs shopify,us,shopify plus features list,10,8.02,0.71,
compare,bigcommerce vs woocommerce,us,woocommerce vs bigcommerce reddit,10,0,0,
compare,bigcommerce vs woocommerce,us,woocommerce pricing reddit,10,0,0.07,
migrate,magento to shopify migration,us,shopify to magento 2 data migration,10,0,0,
migrate,magento to shopify migration,us,magento to shopify migration agency,10,0,0,
migrate,magento to shopify migration,us,shopify to magento 2 migration,10,0,0,
migrate,magento to shopify migration,us,magento to shopify migration cost,10,0,0.43,
migrate,magento to shopify migration,us,shopware to shopify migration,10,0,0.05,
migrate,magento to shopify migration,us,prestashop to shopify migration,10,0,0.01,47
migrate,magento to shopify migration,us,wordpress to shopify product migration,10,0,0.05,
migrate,magento to shopify migration,us,shopify import orders from csv,10,0,0.02,8
migrate,woocommerce to shopify migration,us,woocommerce to shopify migration agency,10,0,0,
migrate,woocommerce to shopify migration,us,woocommerce to shopify migration free,10,0,0.51,49
migrate,woocommerce to shopify migration,us,shopify to woocommerce migration free,10,0,0,49
migrate,woocommerce to shopify migration,us,cart2cart shopify to woocommerce migration,10,0,0,
migrate,woocommerce to shopify migration,us,woocommerce to shopify migration company,10,0,0,
migrate,woocommerce to shopify migration,us,woocommerce to shopify product migration,10,0,0.86,
migrate,woocommerce to shopify migration,us,cart2cart: shopify to woocommerce migration,10,0,0,
migrate,woocommerce to shopify migration,us,woocommerce to shopify migration plugin,10,0,0.26,67
migrate,woocommerce to shopify migration,us,woocommerce to shopify migration app,10,0,0.29,
migrate,woocommerce to shopify migration,us,matrixify woocommerce to shopify,10,30.34,0.57,
migrate,woocommerce to shopify migration,us,how to migrate from woocommerce to shopify,10,8.76,0.12,
migrate,woocommerce to shopify migration,us,should i move from woocommerce to shopify,10,0,0,
migrate,woocommerce to shopify migration,us,lightspeed to shopify migration,10,0,0,43
migrate,woocommerce to shopify migration,us,litextension shopify,10,20.27,0.54,
migrate,woocommerce to shopify migration,us,shopify csv import app,10,0,0,
migrate,woocommerce to shopify migration,us,migrate & import shopify to woocommerce,10,0,0,
migrate,shopify migration services,us,shopify data migration services,10,0,0,
migrate,shopify migration services,us,wordpress to shopify migration services,10,0,0.54,
migrate,shopify migration services,us,cart2cart magento to shopify,10,0,0,
migrate,shopify migration services,us,shopify setup checklist pdf,10,0,0,9
migrate,shopify migration services,us,shopify plus agency uk,10,0,0,
migrate,replatform ecommerce,us,headless ecommerce api,10,0,0,18
migrate,replatform ecommerce,us,store migration app shopify,10,0,0.17,49
migrate,replatform ecommerce,us,litextension reviews,10,24.21,0.13,1
migrate,replatform ecommerce,us,replatforming or re platforming,10,0,0.14,40
migrate,replatform ecommerce,us,replatforming in cloud,10,0,0,1
migrate,replatform ecommerce,us,cart2cart pricing,10,17.7,0.31,48
migrate,replatform ecommerce,us,headless ecommerce reddit,10,0,0,
migrate,replatform ecommerce,us,headless ecommerce github,10,0,0,74
migrate,replatform ecommerce,us,open source ecommerce github,10,0,0,27
migrate,magento 1 to magento 2 migration,us,magento data migration from 1 to 2,10,0,0,
migrate,magento 1 to magento 2 migration,us,magento 1 to magento 2 data migration steps,10,0,0,
migrate,magento 1 to magento 2 migration,us,magento 1 to 2 migration service,10,0,0,2
migrate,magento 1 to magento 2 migration,us,magento 1 to 2 migration cost,10,0,0,0
migrate,magento 1 to magento 2 migration,us,magento 1 to magento 2 migration process,10,0,0,
migrate,magento 1 to magento 2 migration,us,magento 1 to magento 2 migration steps,10,0,0,
migrate,magento 1 to magento 2 migration,us,magento 1 to 2 data migration,10,0,0,
migrate,magento 1 to magento 2 migration,us,magento 1 to magento 2 data migration extension,10,0,0,
migrate,magento 1 to magento 2 migration,us,data migration from magento 1 to magento 2,10,0,0,
migrate,magento 1 to magento 2 migration,us,data migration magento 1 to magento 2,10,0,0,
migrate,magento 1 to magento 2 migration,us,magento 1 to magento 2 product migration,10,0,0,50
migrate,magento 1 to magento 2 migration,us,magento 1 to 2 migration services,10,0,0,2
migrate,magento 1 to magento 2 migration,us,magento/data migration from 1 to 2,10,0,0,
migrate,magento 1 to magento 2 migration,us,porto theme magento 2 documentation,10,0,0,
migrate,magento 1 to magento 2 migration,us,magento 2 webapi,10,0,0,
migrate,magento 1 to magento 2 migration,us,magento 2 guide,10,0,0.07,
migrate,magento 1 to magento 2 migration,us,magento 2 data migration tool github,10,0,0,
migrate,magento 1 to magento 2 migration,us,magento 2 migration steps,10,0,0,
migrate,magento 1 to magento 2 migration,us,magento 2 api postman collection,10,0,0,49
migrate,bigcommerce to shopify migration,us,litextension login,10,0,0,
migrate,wix to shopify migration,us,wix to shopify migration free,10,0,0,39
migrate,wix to shopify migration,us,wix to shopify product migration,10,0,0,
migrate,wix to shopify migration,us,shopify to wix migration,10,0,0.2,15
migrate,shopify plus migration,us,shopify plus migration agency,10,0,0.1,
vertical,b2b ecommerce website development,us,b2b ecommerce website templates,10,0,0,45
vertical,b2b ecommerce website development,us,b2b and b2c website examples,10,0,0,48
vertical,b2b ecommerce website development,us,how to create a b2b e commerce website,10,0,0,
vertical,b2b ecommerce website development,us,b2b ecommerce ideas,10,0,0,
vertical,b2b ecommerce website development,us,b2b ecommerce platform examples,10,0,0.29,47
vertical,b2b ecommerce website development,us,what is b2b e commerce with example,10,0,0.14,26
vertical,b2b ecommerce website development,us,top b2c websites,10,8.23,0.6,
vertical,b2b ecommerce website development,us,b2b e-commerce websites quizlet,10,0,0,13
vertical,b2b ecommerce website development,us,top b2b ecommerce companies,10,0,0.43,0
vertical,b2b ecommerce website development,us,b2b ecommerce companies in usa,10,0,0,
vertical,b2b ecommerce website development,us,best b2b ecommerce companies,10,0,0,38
vertical,b2b ecommerce website development,us,types of b2b e commerce,10,0,0,13
vertical,b2b ecommerce website development,us,best b2b case study examples,10,0,0.86,
vertical,b2b ecommerce website development,us,e commerce case study pdf,10,0,0,
vertical,b2b ecommerce website development,us,top 50 b2b websites,10,55.19,0.64,31
vertical,b2b ecommerce website development,us,top 100 b2b websites in the world,10,0,0.86,0
vertical,b2b ecommerce website development,us,top 10 b2b websites in usa,10,8.71,0.57,
vertical,shopify store for clothing brand,us,how to set up shopify store for clothing brand,10,9.94,0.76,
vertical,ecommerce website for electronics,us,electronics image for ecommerce website,10,0,0,
vertical,ecommerce website for electronics,us,ecommerce website for electronics,10,0,0,78
vertical,ecommerce website for electronics,us,electronics images for ecommerce website,10,0,0,
vertical,ecommerce for manufacturers,us,best ecommerce platform for manufacturers,10,0,0,69
vertical,ecommerce for manufacturers,us,open source b2b ecommerce,10,0,0,
vertical,ecommerce for manufacturers,us,oro platform,10,7.1,0.2,
vertical,d2c ecommerce website development,us,d2c ecommerce website development,10,0,0,0
vertical,multi vendor marketplace development,us,multi vendor marketplace app development,10,0,0,
vertical,multi vendor marketplace development,us,multi vendor marketplace website,10,0,0.35,
vertical,multi vendor marketplace development,us,multi vendor marketplace platform open-source,10,42.63,0.71,
vertical,multi vendor marketplace development,us,multi vendor marketplace template,10,0,0,
vertical,multi vendor marketplace development,us,multi vendor ecommerce github,10,0,0,
vertical,multi vendor marketplace development,us,multi vendor marketplace platform open source,10,42.63,0.71,
vertical,multi vendor marketplace development,us,multi vendor ecommerce website source code free download,10,0,0.57,
vertical,multi vendor marketplace development,us,shopify multi vendor marketplace examples,10,0,0.14,
vertical,multi vendor marketplace development,us,multi vendor marketplace app,10,0,0.45,30
vertical,multi vendor marketplace development,us,hometown vendor market coupon code 2026,10,0,0,
vertical,multi vendor marketplace development,us,hometown vendor market near me,10,0,0,
cost,ecommerce website development cost,us,ecommerce website development cost in india,10,0,0,32
cost,ecommerce website development cost,us,custom ecommerce website development cost,10,0,0,
cost,ecommerce website development cost,us,wordpress ecommerce website development cost,10,0,0,
cost,ecommerce website development cost,us,ecommerce website development cost india,10,0,0,32
cost,ecommerce website development cost,us,ecommerce website development cost breakdown,10,0,0,58
cost,ecommerce website development cost,us,ecommerce website development cost in pakistan,10,0,0,
cost,ecommerce website development cost,us,ecommerce website development cost in dubai,10,0,0,
cost,ecommerce website development cost,us,ecommerce website cost calculator,10,3.25,0.67,0
cost,ecommerce website development cost,us,free website cost calculator,10,0,0.08,
cost,ecommerce website development cost,us,website cost calculator freelancer,10,0,0,49
cost,ecommerce website development cost,us,website cost checker,10,0,0,69
cost,ecommerce website development cost,us,shopify implementation cost,10,0,0.43,
cost,ecommerce website development cost,us,ecommerce website developer jobs,10,0,0,
cost,shopify development cost,us,shopify theme development cost,10,0,0,
cost,shopify development cost,us,shopify development store cost,10,0,0,0
cost,shopify development cost,us,shopify website development cost in india,10,0,0,
cost,shopify development cost,us,shopify login cancel subscription,10,5.12,0.09,
cost,shopify development cost,us,shopify login free,10,0,0.27,
cost,shopify development cost,us,shopify themes facticied,10,0,0,
cost,how much does an ecommerce website cost,us,how much does it cost to run an ecommerce website,10,0,0.32,
cost,how much does an ecommerce website cost,us,how much does an ecommerce website cost to build,10,5.59,0.33,
cost,how much does an ecommerce website cost,us,how much does it cost to develop an ecommerce website,10,0,0,
cost,how much does an ecommerce website cost,us,how much does it cost to maintain an ecommerce website,10,0,0,
cost,how much does an ecommerce website cost,us,how much does an ecommerce website cost uk,10,0,0,
cost,how much does an ecommerce website cost,us,how much does an ecommerce website cost in india,10,0,0,
cost,how much does an ecommerce website cost,us,how much does it cost to start an ecommerce website,10,23.68,0.43,
cost,how much does an ecommerce website cost,us,how much does it cost to have an ecommerce website,10,15.7,0.71,
cost,how much does an ecommerce website cost,us,how much does it cost to design an ecommerce website,10,0,0,
cost,how much does an ecommerce website cost,us,how much does it cost to host an ecommerce website,10,0,0,
cost,how much does an ecommerce website cost,us,wix website cost yearly,10,7.61,0.39,
cost,magento development cost,us,magento 2 website development cost,10,0,0,
cost,magento development cost,us,magento website development cost india,10,0,0,
cost,magento development cost,us,magento 2 development cost,10,0,0,
cost,magento development cost,us,magento website development cost,10,0,0,7
cost,magento development cost,us,magento site development cost,10,0,0,0
cost,magento development cost,us,magento cost per month,10,0,0.14,48
cost,magento development cost,us,magento pricing india,10,0,0,
cost,magento development cost,us,magento 2 enterprise edition price,10,0,0,
cost,magento development cost,us,magento open source download,10,0,0.09,25
cost,magento development cost,us,magento open source free download,10,0,0,
cost,magento development cost,us,magento open source demo,10,0,0,
cost,magento development cost,us,magento open source docker,10,0,0,
cost,magento development cost,us,magento open source system requirements,10,0,0,
cost,magento development cost,us,magento open source tutorial,10,0,0,
cost,magento development cost,us,adobe commerce pricing reddit,10,0,0,
cost,magento development cost,us,adobe commerce free,10,0,0,
cost,woocommerce website cost,us,woocommerce website development cost,10,0,0,0
cost,woocommerce website cost,us,woocommerce website cost,10,0,0.43,48
cost,woocommerce website cost,us,cost of woocommerce website,10,0,0.86,
cost,woocommerce website cost,us,woocommerce website development cost in india,10,0,0,48
cost,woocommerce website cost,us,is woocommerce free reddit,10,0,0,0
cost,woocommerce website cost,us,woocommerce plugin free download,10,0,0.5,54
cost,woocommerce website cost,us,woocommerce wordpress theme free download,10,2.3,0.76,73
cost,woocommerce website cost,us,woocommerce wordpress integration,10,0,0.24,77
cost,woocommerce website cost,us,woocommerce hosting reddit,10,0,0.43,52
cost,woocommerce website cost,us,woocommerce hosting free,10,18.14,0.79,3
cost,woocommerce website cost,us,godaddy woocommerce hosting,10,20.2,0.34,65
cost,woocommerce website cost,us,woocommerce download free,10,0,0,43
cost,woocommerce website cost,us,woocommerce plugin download zip,10,0,0.11,
cost,woocommerce website cost,us,woocommerce plugin old version download,10,0,0.02,54
cost,woocommerce website cost,us,woocommerce free plan,10,0,0,48
cost,woocommerce website cost,us,woocommerce plugin tutorial,10,0,0,72
cost,woocommerce website cost,us,woocommerce plugin marketplace,10,2.6,0.29,49
cost,shopify plus cost,us,how much does shopify plus cost per month,10,17.48,0.18,
cost,shopify plus cost,us,what does shopify plus cost,10,8.25,0.36,
cost,shopify plus cost,us,how much shopify plus cost,10,0,0,
cost,shopify plus cost,us,what is the cost of shopify plus,10,0,0.02,
cost,shopify plus cost,us,shopify plus cost uk,10,0,0,
cost,shopify plus cost,us,shopify plus plan cost,10,22.19,0.29,
cost,shopify plus cost,us,shopify plus cost per month,10,7.24,0.37,
cost,shopify plus cost,us,cost for shopify plus,10,0,0.57,15
cost,shopify plus cost,us,shopify plus payments,10,0,0.29,
cost,shopify plus cost,us,shopify plus plan features,10,0,0,
cost,shopify plus cost,us,shopify trial $1,10,58.57,0.29,24
cost,cost to build online store,us,how much does it cost to build a online store,10,0,0,59
cost,cost to build online store,us,how much does it cost to build an online store,10,0,0.6,59
cost,cost to build online store,us,cost to build online store,10,0,0,
hire,hire shopify developer,us,hire a developer shopify,10,0,0,43
hire,hire shopify developer,us,hire dedicated shopify developer in india,10,0,0,
hire,hire shopify developer,us,hire a shopify app developer,10,0,0,24
hire,hire shopify developer,us,shopify website developer india,10,0,0.86,
hire,hire shopify developer,us,freelance shopify developer india,10,27.94,0.79,
hire,hire shopify developer,us,top shopify development companies in india,10,0,0.19,
hire,hire shopify developer,us,shopify website developer delhi,10,0,0,
hire,hire shopify developer,us,shopify website developer mumbai,10,0,0,
hire,hire shopify developer,us,shopify experts reviews,10,0,0.1,23
hire,hire shopify developer,us,shopify developer linkedin,10,0,0.14,
hire,hire shopify developer,us,shopify developer program,10,0,0.1,74
hire,hire shopify developer,us,shopify developer agency,10,48.41,0.49,51
hire,hire ecommerce developer,us,hire ecommerce developer in india,10,0,0.07,0
hire,hire ecommerce developer,us,hire ecommerce developer india,10,0,0,0
hire,hire ecommerce developer,us,hire ecommerce website developer,10,0,0,
hire,hire ecommerce developer,us,hire ecommerce manager,10,0,0.57,
hire,hire ecommerce developer,us,ecommerce website freelancer,10,0,0.86,16
hire,hire ecommerce developer,us,freelance ai developer salary,10,0,0.02,
hire,hire ecommerce developer,us,top 10 ecommerce development companies,10,0,0,60
hire,hire ecommerce developer,us,e-commerce developer salary,10,0,0.02,0
hire,hire ecommerce developer,us,e-commerce website development project plan pdf,10,0,0.57,
hire,hire ecommerce developer,us,ecommerce developer job description,10,0,0.14,0
hire,hire ecommerce developer,us,e commerce web developer near me,10,0,0,
hire,hire ecommerce developer,us,e-commerce web developer salary,10,0,0,0
hire,hire ecommerce developer,us,ecommerce web developer job description,10,0,0,48
hire,hire ecommerce developer,us,freelance mobile app developer salary,10,0,0,6
hire,shopify development services,us,shopify website development services in india,10,0,0,
hire,shopify development services,us,shopify development services india,10,0,0,
hire,shopify development services,us,shopify website development services india,10,0,0,
hire,shopify development services,us,best shopify development services,10,0,0.02,
hire,shopify development services,us,shopify development services in pakistan,10,0,0,
hire,shopify development services,us,shopify mobile app development services,10,0,0,
hire,shopify development services,us,shopify development services in india,10,0,0.11,20
hire,shopify development services,us,shopify design and development services,10,0,0,
hire,shopify development services,us,shopify development services in dubai,10,0,0,
hire,shopify development services,us,shopify theme development services india,10,0,0,
hire,shopify development services,us,shopify website development services usa,10,0,0,
hire,shopify development services,us,shopify development services coalition technologies,10,7.88,0.41,
hire,shopify development services,us,top shopify development services,10,0,0.06,
hire,shopify development services,us,shopify freelancer jobs,10,0,0,6
hire,ecommerce website development services,us,ecommerce website development services usa,10,0,0.03,
hire,ecommerce website development services,us,ecommerce website development company services,10,0,0,
hire,ecommerce website development services,us,ecommerce website development services in chennai,10,0,0,
hire,ecommerce website development services,us,ecommerce website development services in usa,10,0,0,
hire,ecommerce website development services,us,e commerce website development project plan pdf,10,0,0.57,
hire,shopify experts,us,shopify tax experts,10,0,0.57,0
hire,shopify experts,us,shopify experts deutschland,10,0,0,
hire,shopify experts,us,binary web solutions shopify & ecommerce experts,10,0,0,
hire,shopify experts,us,shopify experts ireland,10,0,0,18
hire,shopify experts,us,shopify experts toronto,10,0,0,
hire,shopify experts,us,affordable shopify experts,10,0,0,
hire,shopify experts,us,what do shopify experts do,10,0,0,
hire,shopify experts,us,shopify experts philippines,10,0,0,
hire,shopify experts,us,shopify experts montreal,10,0,0.86,
hire,shopify experts,us,shopify experts manchester,10,0,0,23
hire,shopify experts,us,freelancer shopify experts,10,36.44,0.79,12
hire,shopify experts,us,shopify experts melbourne,10,0,0,
hire,shopify experts,us,shopify experts bangalore,10,0,0,
hire,shopify experts,us,shopify experts nz,10,0,0,
hire,shopify experts,us,shopify experts miami,10,116.47,0.37,23
hire,shopify experts,us,shopify experts coalition,10,0,0.18,
hire,shopify experts,us,experts marketplace shopify,10,0,0,14
hire,shopify experts,us,shopify experts in usa,10,0,0,
hire,shopify experts,us,shopify experts in new york,10,0,0,37
hire,shopify experts,us,how much do shopify experts make,10,0,0,
hire,shopify experts,us,shopify experts españa,10,0,0,16
hire,shopify experts,us,shopify experts reddit,10,0,0,
hire,shopify experts,us,shopify experts list,10,0,0,
hire,shopify experts,us,how to become shopify experts,10,0,0,33
hire,shopify experts,us,shopify experts vancouver,10,0,0,
hire,shopify experts,us,shopify experts in mumbai,10,0,0,
hire,shopify experts,us,shopify experts germany,10,0,0,
hire,shopify experts,us,shopify experts program,10,0,0,
hire,shopify experts,us,shopify experts hire,10,13.25,0.82,17
hire,shopify experts,us,shopify experts cape town,10,0,0,
hire,shopify experts,us,shopify experts application,10,0,0,
hire,shopify experts,us,shopify seo services & experts,10,0,0,
hire,shopify experts,us,how much do shopify experts charge,10,0,0,8
hire,shopify experts,us,shopify experts guadalajara,10,0,0,
hire,shopify experts,us,shopify experts singapore,10,0,0,
hire,shopify experts,us,shopify web experts,10,0,0.71,
hire,shopify experts,us,shopify experts new york,10,0,0.09,25
hire,shopify experts,us,shopify experts shopify,10,0,0.86,13
hire,shopify experts,us,shopify experts south africa,10,0,0,
hire,shopify experts,us,hire shopify experts india,10,0,0.21,
hire,shopify experts,us,shopify experts in bangalore,10,0,0,43
hire,shopify experts,us,shopify experts auckland,10,0,0,
hire,shopify experts,us,shopify experts france,10,0,0,
hire,shopify experts,us,freelance shopify experts,10,36.44,0.79,20
hire,shopify experts,us,shopify experts partners,10,0,0,
hire,shopify experts,us,shopify experts australia,10,0,0.14,
hire,shopify experts,us,shopify experts mexico,10,0,0,
hire,shopify experts,us,shopify experts logo,10,0,0,20
hire,shopify experts,us,cheap shopify experts,10,0,0,
hire,shopify experts,us,shopify experts post a job,10,0,0,
hire,shopify experts,us,experts shopify unique paris,10,0,0,47
hire,shopify experts,us,shopify experts agency,10,0,0.05,6
hire,shopify experts,us,shopify experts in netherlands,10,0,0,
hire,shopify experts,us,shopify experts brasil,10,0,0,
hire,shopify experts,us,what is shopify experts,10,0,0.14,43
hire,shopify experts,us,shopify experts uae,10,0,0,
hire,shopify experts,us,experts shopify zee agency,10,0,0,54
hire,shopify experts,us,shopify experts blog,10,0,0,
hire,shopify experts,us,shopify marketing experts in india,10,0,0.27,
hire,shopify experts,us,ecom experts shopify plus agency,10,0,0.86,
hire,shopify experts,us,shopify experts pakistan,10,0,0,
hire,shopify experts,us,shopify experts review,10,0,0.1,23
hire,shopify experts,us,experts shopify plus unique paris,10,0,0,50
hire,shopify experts,us,shopify experts jobs,10,0,0.05,21
hire,shopify experts,us,shopify experts california,10,0,0,
hire,shopify experts,us,shopify experts price,10,0,0,
hire,shopify experts,us,shopify experts atlanta,10,0,1,
hire,shopify experts,us,shopify experts dubai,10,0,0,
hire,shopify experts,us,shopify experts austin,10,0,0.21,
hire,shopify experts,us,are shopify experts worth it,10,0,0.71,
hire,shopify experts,us,shopify experts website,10,0,0.86,20
hire,shopify experts,us,shopify growth experts,10,0,0,
hire,shopify experts,us,shopify experts hyderabad,10,0,0,
hire,shopify experts,us,how to find shopify experts,10,0,0.64,
hire,shopify experts,us,shopify experts chicago,10,18.26,0.43,
hire,shopify experts,us,best shopify experts,10,0,0,40
hire,shopify experts,us,shopify experts denmark,10,0,0,
hire,shopify experts,us,shopify experts canada,10,0,0,48
hire,shopify experts,us,stalwart digital shopify plus experts agency,10,0,0,
hire,shopify experts,us,shopify experts perth,10,0,0,
hire,shopify experts,us,shopify experts mumbai,10,0,0,
hire,shopify experts,us,shopify experts nyc,10,0,0.09,6
hire,shopify experts,us,shopify experts sydney,10,0,0,
hire,shopify experts,us,shopify experts ottawa,10,0,0,
hire,shopify experts,us,shopify experts login,10,0,0,83
hire,shopify experts,us,shopify development experts,10,0,0.05,24
hire,shopify experts,us,shopify experts birmingham,10,0,0,
hire,shopify experts,us,shopify experts los angeles,10,126.22,0.49,28
hire,shopify experts,us,how much do shopify experts cost,10,0,0,0
hire,shopify experts,us,shopify experts houston,10,0,0,13
hire,shopify experts,us,join shopify experts,10,0,0,
hire,shopify experts,us,experts shopify com,10,45.7,0.73,
hire,shopify experts,us,hire experts shopify,10,0,0,17
hire,shopify experts,us,shopify experts brisbane,10,0,0,
hire,shopify experts,us,top shopify experts in india,10,0,0,
hire,shopify experts,us,shopify expert salary,10,0,0,0
hire,shopify experts,us,it-geeks reviews,10,6.41,0.45,11
hire,shopify experts,us,how much does a shopify expert cost,10,25.01,0.17,8
hire,shopify experts,us,shopify expert jobs,10,0,0.05,21
hire,shopify experts,us,shopify partners admin,10,0,0.06,
hire,shopify experts,us,shopify partner directory requirements,10,0,1,
hire,shopify experts,us,shopify partner search,10,0,0.4,
hire,shopify partner agency,us,kikstart ecom shopify partner agency,10,0,0,
hire,shopify partner agency,us,shopify agency partner program,10,0,0.05,8
hire,shopify partner agency,us,shopify platinum partner list,10,0,0.21,
hire,shopify partner agency,us,shopify partner account free,10,0,0,
hire,shopify partner agency,us,shopify partner account sign up,10,0,0.07,
hire,shopify partner agency,us,shopify partner account cost,10,0,0,
hire,shopify partner agency,us,delete shopify partner account,10,0,0,0
hire,custom ecommerce development services,us,best ecommerce development agency,10,0,0,
hire,custom ecommerce development services,us,e commerce services meaning,10,0,0,
hire,custom ecommerce development services,us,best e-commerce website platform,10,0,0.29,16
howto,how to build an ecommerce website,us,how to build an ecommerce website step-by-step,10,0,0.86,12
howto,how to build an ecommerce website,us,how to build an ecommerce website step by step,10,0,0.86,4
howto,how to build an ecommerce website,us,how to create make build an online ecommerce store website,10,0,0,
howto,how to build an ecommerce website,us,how much to build an ecommerce website,10,12.59,0.53,16
howto,how to build an ecommerce website,us,how to build an ecommerce website step by step pdf,10,0,0,
howto,how to build an ecommerce website,us,how much is an ecommerce website to build,10,0,0,
howto,how to build an ecommerce website,us,step by step how to build an ecommerce website,10,0,0,15
howto,how to build an ecommerce website,us,how to build an ecommerce website using react,10,0,0,
howto,how to build an ecommerce website,us,how to build an ecommerce website with python,10,0,0,
howto,how to build an ecommerce website,us,how long to build an ecommerce website,10,0,0,
howto,how to build an ecommerce website,us,how to build an ecommerce website with dreamweaver,10,0,0,
howto,how to build an ecommerce website,us,how to build an ecommerce website pdf,10,0,0,
howto,how to build an ecommerce website,us,how to build an ecommerce website from scratch using wordpress,10,0,0.71,
howto,how to build an ecommerce website,us,how to build an ecommerce website with react,10,0,0,
howto,how to build an ecommerce website,us,how to build an ecommerce website with shopify,10,0,0,
howto,how to build an ecommerce website,us,how to build an ecommerce website using javascript,10,0,0,
howto,how to build an ecommerce website,us,how to build an ecommerce website using wordpress,10,0,0,
howto,how to build an ecommerce website,us,how long does it take to build an ecommerce website,10,0,0.18,4
howto,how to build an ecommerce website,us,how to build an ecommerce website step-by-step pdf,10,0,0,
howto,how to build an ecommerce website,us,how to build an ecommerce website using shopify,10,0,0,
howto,how to build an ecommerce website,us,how to build an ecommerce website youtube,10,0,0,
howto,how to build an ecommerce website,us,how to build an ecommerce website on shopify,10,0,0.79,
howto,how to build an ecommerce website,us,how to build an ecommerce website step-by step pdf,10,0,0,
howto,how to build an ecommerce website,us,how much should i charge to build an ecommerce website,10,0,0.36,
howto,how to build an ecommerce website,us,how to build an ecommerce website like amazon,10,0,0.71,
howto,how to build an ecommerce website,us,how to make e commerce website using html and css,10,0,0,
howto,how to start an online store,us,how to start an ebay online store,10,4.26,0.6,
howto,how to start an online store,us,how to start an online liquor store,10,0,0,43
howto,how to start an online store,us,how to start an online home decor store,10,0,0,
howto,how to start an online store,us,how to start an online store step by step,10,17.02,0.63,
howto,how to start an online store,us,how to start an online store from scratch,10,0,0,
howto,how to start an online store,us,how to start an online health food store,10,0,0,
howto,how to start an online store,us,how to start an online dollar store,10,0,0.52,
howto,how to start an online store,us,how to start an online store reddit,10,0,0,
howto,how to start an online store,us,how to start an online store in australia,10,0,0.14,
howto,how to start an online store,us,how to start an online store south africa,10,0,0,
howto,how to start an online store,us,how to start an online store on facebook,10,0,0.43,
howto,how to start an online store,us,how to start an online store with drop shipping,10,0,0.43,74
howto,how to start an online store,us,how to start an online makeup store,10,0,0,
howto,how to start an online store,us,how to start an online store legally,10,0,0,
howto,how to start an online store,us,how to start an online store like amazon,10,0,0.71,
howto,how to start an online store,us,how to start an online at&t store,10,0,0,0
howto,how to start an online store,us,how to start an online store with inventory,10,0,0,42
howto,how to start an online store,us,how to start an online att store,10,0,0,2
howto,how to start an online store,us,how to start an online store in california,10,0,0,
howto,how to start an online store,us,how to start an online electronics store,10,0,0.71,
howto,how to start an online store,us,how to start an online art store,10,0,0.69,52
howto,how to start an online store,us,how to start an online comic book store,10,0,0.37,26
howto,how to start an online store,us,how to start an online metaphysical store,10,0,0.24,39
howto,how to start an online store,us,how to start an online used clothing store,10,0,0.43,
howto,how to start an online store,us,how to start an online t mobile store,10,0,0,0
howto,how to start an online store,us,how much to start an online clothing store,10,0,0.21,
howto,how to start an online store,us,how to start an online cosmetic store,10,0,0,
howto,how to start an online store,us,how to start an online candy store,10,3.88,0.33,2
howto,how to start an online store,us,how to start an online clothing store in south africa,10,0,0.01,
howto,how to start an online store,us,how to start an online store on instagram,10,0,0.29,
howto,how to start an online store,us,how to start an online christian book store,10,0,0,
howto,how to start an online store,us,how to start an online shoe store without inventory,10,0,0,0
howto,how to start an online store,us,how to start an online music store,10,0,0,
howto,how to start an online store,us,how to start an online craft store,10,7.38,0.61,
howto,how to start an online store,us,how to start an online pet store,10,5.47,0.71,37
howto,how to start an online store,us,how to start an online hair store,10,6.2,0.86,0
howto,how to start an online store,us,how to start an online boutique store,10,0,0.54,57
howto,how to start an online store,us,how to start an online scrub store,10,0,0,26
howto,how to start an online store,us,how to start an online t shirt store,10,0,0.03,
howto,how to start an online store,us,how much to start an online store,10,0,0.33,
howto,how to start an online store,us,how to start an online novelty store,10,0,0,14
howto,how to start an online store,us,how to start an online furniture store,10,0,0,
howto,how to start an online store,us,how to start an online clothing store business,10,0,0,
howto,how to start an online store,us,how to start an online sneaker store,10,0,0.43,
howto,how to start an online store,us,how to start an online wine store,10,0,0,
howto,how to start an online store,us,how to start an online sporting goods store,10,0,0,
howto,how to start an online store,us,how to start an online store without inventory for free,10,7.72,0.65,
howto,how to start an online store,us,how to start an online store in india,10,0,0,
howto,how to start an online store,us,how to start an online fish store,10,0,0,
howto,how to start an online store,us,how to start an online store in the philippines,10,0,0,
howto,how to start an online store,us,how to start an online accessories store,10,0,0,
howto,how to start an online store,us,how to start an online golf store,10,0,0.36,43
howto,how to start an online store,us,how to start an online store australia,10,0,0,
howto,how to start an online store,us,how to start an online store on etsy,10,0,0.57,37
howto,how to start an online store,us,how to start an online store for dummies,10,0,0,
howto,how to start an online store,us,how to start an online food store,10,0,0,
howto,how to start an online store,us,how to start an online toy store,10,6.76,0.61,0
howto,how to start an online store,us,how to start an online skincare store,10,0,0.14,
howto,how to start an online store,us,how to start an online book store,10,10.29,0.62,6
howto,how to start an online store,us,how to start an online vitamin store,10,0,0,
howto,how to start an online store,us,how to start an online pokemon store,10,16.03,0.17,
howto,how to start an online store,us,how to start an online music instrument store,10,0,0,
howto,how to start an online store,us,how to start an online fabric store,10,5.06,0.42,27
howto,how to start an online store,us,how to start an online thrift store with no money,10,5.52,0.73,
howto,how to start an online store,us,how to start an online beauty store,10,0,0,
howto,how to start an online store,us,how to start an online thrift store in nigeria,10,0,0,
howto,how to start an online store,us,how to start an online dropshipping store,10,0,0.57,
howto,how to start an online store,us,how to start an online ebook store,10,0,0,
howto,how to start an online store,us,how to start an online stationery store,10,0,0.07,
howto,how to start an online store,us,how to start an online second hand store,10,0,0.57,18
howto,how to start an online store,us,how to start an online ebay store,10,4.26,0.6,
howto,how to start an online store,us,how to start an online walmart store,10,0,0,
howto,how to start an online store,us,how to start an amazon store online,10,13.52,0.62,19
howto,how to start an online store,us,how to start an online video game store,10,0,0,
howto,how to start an online store,us,how to start an online website store,10,0,0,53
howto,how to start an online store,us,how to start an online antique store,10,0,0,
howto,how to start an online store,us,how to start an online store on shopify,10,5.03,0.86,
howto,how to start an online store,us,how to start an online store from home,10,0,0.79,
howto,how to start an online store,us,how to start up an online store,10,0,0.64,73
howto,how to start an online store,us,how to start an online store in canada,10,0,0,
howto,how to start an online store,us,how to start an online fishing store,10,0,0.57,
howto,how to start an online store,us,how to start an online record store,10,0,0.06,28
howto,how to start an online store,us,how to start an online tcg store,10,0,0.16,
howto,how to start an online store,us,how to start an online game store,10,0,0.14,
howto,how to start an online store,us,how to start an online auto parts store,10,0,0.86,
howto,how to start an online store,us,how to start an online store with shopify,10,10.05,0.63,
howto,how to start an online store,us,how to start an online hair supply store,10,0,0,
howto,how to start an online store,us,how to start an online store in pakistan,10,0,0,
howto,how to start an online store,us,how to start an online store shopify,10,0,0.86,
howto,how to start an online store,us,how to start an online store uk,10,0,0,
howto,how to start an online store,us,how to start an online gift store,10,0,0,
howto,how to start an online store,us,how to start an online sports store,10,0,0,
howto,how to start an online store,us,how to start an online yarn store,10,7.63,0.29,
howto,how to start an online store,us,how to start an online nail supply store,10,0,0.08,39
howto,how to start an online store,us,how to start an online store on ebay,10,4.26,0.6,
howto,how to start an online store,us,how to start an online store in nigeria,10,0,0,
howto,how to start an online store,us,how to start an online drop shipping store,10,0,0.57,74
howto,how to start an online store,us,how to start an online pet supply store,10,0,0,18
howto,how to start an online store,us,how to start an online boutique clothing store,10,0.44,0.43,
howto,how to start an online store,us,how to start an online store in japan,10,0,0,
howto,how to start an online store,us,how to start up an online clothing store,10,0,0,
howto,how to start an online store,us,how to start an online etsy store,10,0,0.57,31
howto,how to start an online store,us,how to start an online thrift store on instagram,10,0,0.23,0
howto,how to start an online store,us,how to start an online store in south africa,10,0,0.14,
howto,how to start an online store,us,how to start an online thrift store business,10,11.25,0.76,
howto,how to start an online store,us,best online store website free,10,0,0,
howto,how to start an online store,us,how to open online store on amazon for free,10,5.88,0.6,
howto,how to start an online store,us,free online store for digital products,10,20.72,0.77,42
howto,how to migrate to shopify,us,how to migrate from bigcommerce to shopify,10,37.13,0.3,
howto,how to migrate to shopify,us,how to migrate from squarespace to shopify,10,0,0.05,
howto,how to migrate to shopify,us,how to migrate magento to shopify,10,0,0,28
howto,how to migrate to shopify,us,how to migrate shopify to shopify,10,0,0,
howto,how to migrate to shopify,us,how to migrate from shopify to magento,10,0,0,28
howto,how to migrate to shopify,us,how to migrate from magento to shopify,10,0,0.71,29
howto,how to migrate to shopify,us,how to migrate shopify to woocommerce,10,26.84,0.86,57
howto,how to migrate to shopify,us,how to migrate squarespace to shopify,10,0,0.24,
howto,how to migrate to shopify,us,how to migrate shopify to wordpress,10,0,0,
howto,how to migrate to shopify,us,how to migrate from shopify to woocommerce,10,0,0.3,
howto,how to migrate to shopify,us,how to migrate from shopify to wordpress,10,0,0.71,
howto,how to migrate to shopify,us,how to migrate woocommerce to shopify,10,0,0,
howto,how to migrate to shopify,us,how to migrate website to shopify,10,20.12,0.43,
howto,how to migrate to shopify,us,how to migrate from shopify to bigcommerce,10,25.67,0.32,
howto,how to migrate to shopify,us,how to migrate to shopify,10,0,0.29,
howto,how to migrate to shopify,us,how to migrate wordpress to shopify,10,0,0,
howto,how to migrate to shopify,us,how to migrate wix to shopify,10,0,0.29,47
howto,how to migrate to shopify,us,how to migrate from wix to shopify,10,0,0.14,47
howto,how to increase ecommerce sales,us,how to increase ecommerce sales 2022,10,0,0,
howto,how to increase ecommerce sales,us,how to increase your ecommerce sales,10,0,0,20
howto,how to increase ecommerce sales,us,ecommerce how to increase sales,10,0,0.86,0
howto,how to increase ecommerce sales,us,how to increase sales in ecommerce business,10,0,0.86,
howto,how to increase ecommerce sales,us,how to increase sales ecommerce website,10,0,0,23
howto,how to increase ecommerce sales,us,how to increase sales on ecommerce site,10,0,0,50
howto,how to increase ecommerce sales,us,how to increase sales for ecommerce,10,0,0,0
howto,how to increase ecommerce sales,us,how to increase sales on ecommerce website,10,0,0.05,25
howto,how to increase ecommerce sales,us,how to increase my ecommerce sales,10,0,0,
howto,how to increase ecommerce sales,us,ecommerce ads strategy,10,0,0.3,10
howto,how to increase ecommerce sales,us,how to improve e commerce website,10,0,0,
howto,how to increase ecommerce sales,us,how to increase online sales through social media,10,1.19,0.18,50
howto,how to increase ecommerce sales,us,e commerce strategies pdf,10,0,0.22,
howto,how to increase ecommerce sales,us,how to run ads for ecommerce,10,31.77,0.86,
howto,how to increase ecommerce sales,us,best ads for ecommerce,10,34.14,0.45,9
howto,how to increase ecommerce sales,us,ecommerce marketing strategy template,10,0,0,47
howto,how to increase ecommerce sales,us,ecommerce marketing strategy pdf,10,0,0,28
howto,how to increase ecommerce sales,us,e commerce marketing strategies pdf,10,0,0,28
howto,how to increase ecommerce sales,us,best ecommerce marketing strategy,10,0,0,16
howto,how to increase ecommerce sales,us,ecommerce marketing salary,10,0,0,0
howto,how to increase ecommerce sales,us,e commerce marketing and advertising,10,0,0,
howto,how to optimize ecommerce website,us,how to optimize images for ecommerce website,10,0,0,
howto,how to optimize ecommerce website,us,how to optimize your ecommerce website,10,0,0,
howto,how to optimize ecommerce website,us,how to optimize ecommerce website seo,10,0,0,
howto,how to optimize ecommerce website,us,seo for ecommerce course,10,0,0.86,5
howto,how to optimize ecommerce website,us,seo checklist excel,10,0,0,
howto,how to optimize ecommerce website,us,technical seo checklist pdf,10,0,0,0
howto,how to optimize ecommerce website,us,on-page seo checklist excel,10,0,0,
howto,how to optimize ecommerce website,us,e commerce seo course,10,0,0.33,52
howto,how to optimize ecommerce website,us,ecommerce seo coalition,10,0,0,22
howto,how to optimize ecommerce website,us,ecommerce keyword strategies,10,0,0,
howto,how to optimize ecommerce website,us,e commerce specialist skills,10,0,0,
howto,how to optimize ecommerce website,us,e commerce specialist course,10,0,0,
howto,how to optimize ecommerce website,us,e commerce specialist interview questions,10,0,0,50
howto,how to optimize ecommerce website,us,e commerce marketing specialist job description,10,0,0,17
howto,how to optimize ecommerce website,us,ecommerce seo meaning,10,0,0.03,82
howto,how to optimize ecommerce website,us,ecommerce seo coalition technologies,10,0,0,
howto,how to optimize ecommerce website,us,ecommerce seo india,10,0,0,27
howto,ecommerce website checklist,us,ecommerce website testing checklist,10,0,0,44
howto,ecommerce website checklist,us,ecommerce website checklist pdf,10,0,0,
howto,ecommerce website checklist,us,on page seo checklist for ecommerce website,10,0,0.21,
howto,ecommerce website checklist,us,ecommerce website design checklist,10,0,0,
howto,ecommerce website checklist,us,ecommerce website audit checklist,10,15.77,0.52,
howto,ecommerce website checklist,us,checklist for ecommerce website testing,10,0,0,44
howto,ecommerce website checklist,us,ecommerce website requirements checklist,10,3.43,0.71,
howto,ecommerce website checklist,us,on-page seo checklist for ecommerce website,10,0,0.21,
howto,ecommerce website checklist,us,setting up ecommerce website checklist,10,0,0,
howto,ecommerce website checklist,us,ecommerce website launch checklist,10,0,0,
howto,ecommerce website checklist,us,building ecommerce website checklist,10,0,0,
howto,ecommerce website checklist,us,ecommerce website development checklist,10,0,0,
howto,ecommerce website checklist,us,ecommerce checklist excel,10,0,0,
howto,ecommerce website checklist,us,e commerce website features list pdf,10,0,0,
howto,ecommerce website checklist,us,e commerce website testing checklist,10,0,0,
howto,ecommerce website checklist,us,software requirements for e commerce website,10,0,0,
