keyword,seed,search_volume,cpc,competition,difficulty,intent,superlative,is_question
shopify development partner,shopify development partner,27100,2.56,LOW,28,commercial,,False
ecommerce web design template,ecommerce web design,6600,0.59,LOW,17,informational,,False
ecommerce web design templates,ecommerce web design,6600,0.59,LOW,21,commercial,,False
ecommerce web page design,ecommerce web design,2400,0.89,LOW,20,commercial,,False
web design for ecommerce site,ecommerce web design,2400,0.89,LOW,53,commercial,,False
ecommerce and web design,ecommerce web design,2400,0.89,LOW,46,commercial,,False
web design for ecommerce website,ecommerce web design,2400,0.89,LOW,20,commercial,,False
web design ecommerce,ecommerce web design,2400,0.89,LOW,26,commercial,,False
web design with ecommerce,ecommerce web design,2400,0.89,LOW,34,commercial,,False
web design and ecommerce,ecommerce web design,2400,0.89,LOW,14,commercial,,False
web design for ecommerce,ecommerce web design,2400,0.89,LOW,26,commercial,,False
ecommerce web design,ecommerce web design,2400,0.89,LOW,26,commercial,,False
shopify website development company,shopify development company,1600,1.29,LOW,40,navigational,,False
shopify web development company,shopify development company,1600,1.29,LOW,33,commercial,,False
ecommerce app development company,ecommerce development company,1300,7.36,LOW,26,commercial,,False
ecommerce mobile app development company,ecommerce development company,1300,7.36,LOW,24,commercial,,False
ecommerce web design templates free download,ecommerce web design,1300,0.63,LOW,23,informational,,False
website development ecommerce,ecommerce website development,1300,1.77,LOW,40,commercial,,False
ecommerce website development,ecommerce website development,1300,1.77,LOW,40,commercial,,False
ecommerce development website,ecommerce website development,1300,1.77,LOW,40,commercial,,False
website ecommerce development,ecommerce website development,1300,1.77,LOW,40,commercial,,False
shopify development company,shopify development company,1300,1.13,LOW,43,commercial,,False
brainvire ecommerce & mobile app development company,ecommerce development company,1000,0.11,LOW,41,navigational,,False
ecommerce development company,ecommerce development company,1000,3.09,LOW,45,commercial,,False
agency ecommerce,ecommerce agency,880,1.73,LOW,0,commercial,,False
ecommerce agency,ecommerce agency,880,1.73,LOW,0,commercial,,False
ecommerce website design and development company,ecommerce development company,880,2.02,LOW,25,commercial,,False
ecommerce website development company india,ecommerce development company,880,1.3,LOW,33,commercial,,False
ecommerce website development company,ecommerce development company,880,2.02,LOW,30,commercial,,False
ecommerce web development company in india,ecommerce development company,880,1.3,LOW,19,commercial,,False
ecommerce website development company in india,ecommerce development company,880,1.3,LOW,33,commercial,,False
ecommerce website development services in india,ecommerce website development,880,1.3,LOW,38,commercial,,False
ecommerce website development services india,ecommerce website development,880,1.3,LOW,33,commercial,,False
ecommerce website development in india,ecommerce website development,880,1.3,LOW,12,commercial,,False
ecommerce website development india,ecommerce website development,880,1.3,LOW,30,commercial,,False
shopify seo agency,shopify agency,720,1.71,LOW,8,commercial,,False
ecommerce seo agency,ecommerce agency,590,2.67,LOW,29,commercial,,False
shopify dev agency,shopify agency,590,1.71,LOW,27,navigational,,False
shopify development agency,shopify agency,590,1.71,LOW,27,navigational,,False
ecommerce seo company,ecommerce seo company,590,2.67,LOW,19,commercial,,False
ecommerce marketing agency,ecommerce agency,480,1.57,LOW,11,commercial,,False
ecommerce web development company,ecommerce development company,480,1.89,LOW,33,commercial,,False
shopify agency,shopify agency,480,2.58,LOW,41,navigational,,False
shopify development company india,shopify development company,480,1.86,LOW,0,navigational,,False
shopify development company in india,shopify development company,480,1.86,LOW,0,commercial,,False
magento development company,magento development company,480,0,LOW,22,commercial,,False
ecommerce development company in india,ecommerce development company,390,0.97,LOW,9,commercial,,False
ecommerce development company india,ecommerce development company,390,0.97,LOW,14,commercial,,False
ecommerce website development service,ecommerce website development,390,0.46,LOW,26,commercial,,False
ecommerce website development services,ecommerce website development,390,0.92,LOW,41,commercial,,False
magento-development-services,magento development services,390,0.3,LOW,46,commercial,,False
magento development services,magento development services,390,0.3,LOW,44,commercial,,False
ad agency ecommerce,ecommerce agency,320,1.46,LOW,39,commercial,,False
ecommerce ad agency,ecommerce agency,320,1.46,LOW,0,commercial,,False
advertising agency ecommerce,ecommerce agency,320,1.46,LOW,4,commercial,,False
ecommerce advertising agency,ecommerce agency,320,1.46,LOW,0,commercial,,False
ecommerce agency near me,ecommerce agency,320,0.66,LOW,4,navigational,,False
ecommerce website development company in chennai,ecommerce development company,320,0.46,LOW,20,commercial,,False
elsner technologies ecommerce development company,ecommerce development company,320,0,LOW,60,commercial,,False
shopify ecommerce development company,ecommerce development company,320,0,LOW,37,commercial,,False
ecommerce website development cost,ecommerce website development,320,1.03,LOW,0,commercial,,False
ecommerce website development pricing,ecommerce website development,320,1.03,LOW,21,commercial,,False
ecommerce website development price,ecommerce website development,320,1.03,LOW,16,commercial,,False
cost of ecommerce website development,ecommerce website development,320,1.03,LOW,26,commercial,,False
cost for ecommerce website development,ecommerce website development,320,1.03,LOW,21,commercial,,False
shopify plus agency,shopify agency,320,1.1,LOW,9,navigational,,False
shopify app development company,shopify development company,320,4.12,LOW,39,navigational,,False
ecommerce website development company in delhi ncr,ecommerce development company,260,2.44,LOW,22,commercial,,False
ecommerce website development company mumbai,ecommerce development company,260,1.61,LOW,3,commercial,,False
ecommerce website development company delhi,ecommerce development company,260,2.44,LOW,22,commercial,,False
ecommerce website development company in delhi,ecommerce development company,260,2.44,LOW,27,commercial,,False
ecommerce website development company in mumbai,ecommerce development company,260,1.61,LOW,0,commercial,,False
ecommerce web design india,ecommerce web design,260,0.31,LOW,30,commercial,,False
best web design ecommerce,ecommerce web design,260,1.18,LOW,24,commercial,best,False
ecommerce web design companies,ecommerce web design,260,1.18,LOW,29,commercial,,False
ecommerce web design company,ecommerce web design,260,1.18,LOW,21,commercial,,False
best web design for ecommerce,ecommerce web design,260,1.18,LOW,41,commercial,best,False
ecommerce web design service,ecommerce web design,260,1.26,LOW,29,commercial,,False
ecommerce web design in chennai,ecommerce web design,260,4.4,LOW,22,commercial,,False
web design company ecommerce,ecommerce web design,260,1.18,LOW,45,commercial,,False
best ecommerce web design,ecommerce web design,260,1.18,LOW,31,commercial,best,False
ecommerce web design firm,ecommerce web design,260,1.18,LOW,63,commercial,,False
ecommerce website development in delhi,ecommerce website development,260,2.44,LOW,16,commercial,,False
ecommerce website development cost in india,ecommerce website development,260,0.92,LOW,2,commercial,,False
shopify ecommerce website development,ecommerce website development,260,1.68,LOW,,navigational,,False
ecommerce website design company chennai,ecommerce website design company,260,4.4,LOW,14,navigational,,False
ecommerce website design company in chennai,ecommerce website design company,260,4.4,LOW,28,navigational,,False
ecommerce website design company,ecommerce website design company,260,1.18,LOW,8,commercial,,False
ecommerce website development company in bangalore,ecommerce development company,210,0,LOW,9,commercial,,False
ecommerce web development company in bangalore,ecommerce development company,210,0,LOW,32,commercial,,False
ecommerce development company dubai,ecommerce development company,210,0,LOW,,commercial,,False
ecommerce development company in dubai,ecommerce development company,210,0,LOW,50,commercial,,False
rivulet iq web design & ecommerce development company,ecommerce development company,210,0,LOW,,commercial,,False
shopify ecommerce web design,ecommerce web design,210,0,LOW,,navigational,,False
ecommerce website development in bangalore,ecommerce website development,210,0,LOW,0,commercial,,False
shopify website development agency,shopify agency,210,2.59,LOW,,navigational,,False
shopify web development agency,shopify agency,210,2.59,LOW,,navigational,,False
shopify development company in usa,shopify development company,210,2.45,LOW,,commercial,,False
woocommerce development company,woocommerce development company,210,0,LOW,30,commercial,,False
magento 2.0 development company,magento development company,210,0,LOW,47,navigational,,False
magento 2 development company,magento development company,210,0,LOW,20,navigational,,False
digital marketing agency ecommerce,ecommerce agency,170,1.45,LOW,39,commercial,,False
ecommerce digital marketing agency,ecommerce agency,170,1.45,LOW,14,commercial,,False
magento ecommerce development company,ecommerce development company,170,0,LOW,52,commercial,,False
ecommerce website development company coimbatore,ecommerce development company,170,1,LOW,3,commercial,,False
ecommerce website development company in coimbatore,ecommerce development company,170,1,LOW,6,commercial,,False
ecommerce website development company chennai,ecommerce development company,170,0,LOW,25,navigational,,False
ecommerce website development in chennai,ecommerce website development,170,0,LOW,29,commercial,,False
ecommerce website development chennai,ecommerce website development,170,0,LOW,47,navigational,,False
ecommerce website development dubai,ecommerce website development,170,5.89,LOW,50,commercial,,False
ecommerce website development in dubai,ecommerce website development,170,5.89,LOW,50,commercial,,False
bigcommerce development company,bigcommerce development company,170,0,LOW,47,commercial,,False
hrl infotechs pvt ltd best ecommerce marketing agency,ecommerce agency,140,0.07,LOW,,commercial,best,False
ecommerce marketing agency india,ecommerce agency,140,1.48,LOW,26,commercial,,False
ecommerce website development agency,ecommerce agency,140,2.91,LOW,,commercial,,False
ecommerce web development agency,ecommerce agency,140,2.91,LOW,,commercial,,False
ecommerce website development company noida,ecommerce development company,140,0,LOW,47,commercial,,False
ecommerce website development company in jaipur,ecommerce development company,140,0,LOW,50,commercial,,False
ecommerce website development company in noida,ecommerce development company,140,0,LOW,47,commercial,,False
ecommerce development company in delhi ncr,ecommerce development company,140,0,LOW,,commercial,,False
ecommerce development company in delhi,ecommerce development company,140,0,LOW,55,commercial,,False
ecommerce development company delhi,ecommerce development company,140,0,LOW,55,commercial,,False
wordpress ecommerce development company,ecommerce development company,140,0,LOW,,commercial,,False
ecommerce website development agencies,ecommerce website development,140,2.91,LOW,,commercial,,False
shopify agency india,shopify agency,140,3.11,LOW,,navigational,,False
best shopify development company,shopify development company,140,0.59,LOW,,commercial,best,False
shopify development company in delhi,shopify development company,140,0,LOW,,commercial,,False
magento store development company,magento development company,140,0,LOW,,navigational,,False
magento website development company,magento development company,140,0,LOW,65,commercial,,False
best ecommerce seo agency,ecommerce agency,110,0,LOW,,commercial,best,False
ecommerce development agency,ecommerce agency,110,1.84,LOW,65,commercial,,False
ecommerce agency in delhi,ecommerce agency,110,1.55,MEDIUM,,commercial,,False
digital marketing agency for ecommerce,ecommerce agency,110,1.56,LOW,41,commercial,,False
best ecommerce website development company india,ecommerce development company,110,1.96,LOW,55,commercial,best,False
opencart ecommerce development company,ecommerce development company,110,0,LOW,,commercial,,False
custom ecommerce development company,ecommerce development company,110,0,LOW,,commercial,,False
elsner technologies ecommerce development company shivranjani ayojan nagar,ecommerce development company,110,0,,,commercial,,False
best ecommerce website development company in india,ecommerce development company,110,1.96,LOW,55,commercial,best,False
arham technosoft an ecommerce development company,ecommerce development company,110,0,LOW,,navigational,,False
ecommerce development company chennai,ecommerce development company,110,0,LOW,50,commercial,,False
ecommerce development company in chennai,ecommerce development company,110,0,LOW,50,commercial,,False
ecommerce web design company in bangalore,ecommerce web design,110,5.07,LOW,,commercial,,False
ecommerce web design in dubai,ecommerce web design,110,0,LOW,58,commercial,,False
ecommerce web design company bangalore,ecommerce web design,110,5.07,LOW,,commercial,,False
ecommerce web design services,ecommerce web design,110,0.84,LOW,29,commercial,,False
ecommerce web design dubai,ecommerce web design,110,0,LOW,58,commercial,,False
ecommerce web design uae,ecommerce web design,110,0,LOW,,navigational,,False
ecommerce web design company in dubai,ecommerce web design,110,0,LOW,,commercial,,False
ecommerce web design ideas,ecommerce web design,110,0.61,LOW,,informational,,False
custom ecommerce website development,ecommerce website development,110,0.57,LOW,58,commercial,,False
shopify development agency in usa,shopify agency,110,5.84,LOW,,commercial,,False
shopify agency in india,shopify agency,110,0.97,LOW,,navigational,,False
shopify plus development agency,shopify agency,110,3.64,LOW,,navigational,,False
shopify website development company in india,shopify development company,110,0,LOW,,navigational,,False
shopify plus development company,shopify development company,110,0,LOW,,navigational,,False
shopify development company in mumbai,shopify development company,110,0,LOW,,navigational,,False
shopify web development company in india,shopify development company,110,0,LOW,,navigational,,False
top shopify development company in india,shopify development company,110,3.87,LOW,,commercial,top,False
hire woocommerce developer,woocommerce developer,110,0,LOW,26,transactional,,False
woocommerce developer,woocommerce developer,110,2.8,LOW,56,commercial,,False
developer woocommerce,woocommerce developer,110,2.8,LOW,,commercial,,False
hire a woocommerce developer,woocommerce developer,110,0,LOW,,commercial,,False
magento development company in india,magento development company,110,0,LOW,7,commercial,,False
evrig top magento development company,magento development company,110,0,LOW,,commercial,top,False
magento development company india,magento development company,110,0,LOW,32,navigational,,False
magento development agency,magento agency,110,0,LOW,56,navigational,,False
ecommerce website design company in dubai,ecommerce website design company,110,0,LOW,,commercial,,False
ecommerce website design company bangalore,ecommerce website design company,110,5.07,LOW,,commercial,,False
ecommerce website design company in bangalore,ecommerce website design company,110,5.07,LOW,48,commercial,,False
ecommerce website design agency,ecommerce agency,90,1.08,LOW,,commercial,,False
meetanshi technologies full service ecommerce agency,ecommerce agency,90,0,LOW,,navigational,,False
ppc ecommerce agency,ecommerce agency,90,0.87,LOW,,commercial,,False
b2b ecommerce agency coalition,ecommerce agency,90,0.92,LOW,,commercial,,False
ecommerce website designing agency,ecommerce agency,90,1.08,LOW,,commercial,,False
ecommerce ppc agency,ecommerce agency,90,0.87,LOW,,commercial,,False
ppc agency for ecommerce,ecommerce agency,90,0.87,LOW,,commercial,,False
ecommerce web design agency,ecommerce agency,90,1.08,LOW,,commercial,,False
ecommerce application development company,ecommerce development company,90,30.97,LOW,52,commercial,,False
ecommerce development company in usa,ecommerce development company,90,5.11,LOW,64,commercial,,False
ecommerce development company usa,ecommerce development company,90,5.11,LOW,64,commercial,,False
custom ecommerce website development company,ecommerce development company,90,0,LOW,,commercial,,False
ecommerce web design agencies,ecommerce web design,90,1.08,LOW,,commercial,,False
ecommerce web ui design,ecommerce web design,90,0.26,LOW,,commercial,,False
shopify development company in ahmedabad,shopify development company,90,0.96,LOW,,informational,,False
top shopify development company,shopify development company,90,0,LOW,,commercial,top,False
magento web development company,magento development company,90,0,LOW,56,commercial,,False
ecommerce consulting company,ecommerce consulting company,90,1.35,LOW,,commercial,,False
ai powered e commerce platform,ai commerce platform,90,3.93,LOW,,commercial,,False
ecommerce website design company in kolkata,ecommerce website design company,90,0,LOW,,commercial,,False
ecommerce website development company in kolkata,ecommerce development company,70,0,LOW,2,commercial,,False
ecommerce development company in noida,ecommerce development company,70,0,LOW,46,commercial,,False
ecommerce development company in kochi,ecommerce development company,70,0,LOW,,commercial,,False
ecommerce app development company in india,ecommerce development company,70,2.59,LOW,,commercial,,False
ecommerce web development company in jaipur,ecommerce development company,70,0,LOW,,commercial,,False
ecommerce development company mumbai,ecommerce development company,70,0,MEDIUM,44,commercial,,False
ecommerce development company in jaipur,ecommerce development company,70,0,LOW,,commercial,,False
top ecommerce development company,ecommerce development company,70,0,LOW,85,commercial,top,False
ecommerce website development company in pune,ecommerce development company,70,0,LOW,12,commercial,,False
ecommerce development company in mumbai,ecommerce development company,70,0,MEDIUM,44,commercial,,False
ecommerce website development company in gurgaon,ecommerce development company,70,0,LOW,,commercial,,False
best ecommerce website development company,ecommerce development company,70,0,LOW,79,commercial,best,False
ecommerce development company in kerala,ecommerce development company,70,1.38,LOW,,commercial,,False
ecommerce web design and development,ecommerce web design,70,2.95,LOW,,commercial,,False
ecommerce web design figma,ecommerce web design,70,1.03,LOW,,navigational,,False
ecommerce web design & development,ecommerce web design,70,2.95,LOW,,commercial,,False
design development ecommerce site web,ecommerce web design,70,2.95,LOW,,commercial,,False
ecommerce website development ahmedabad,ecommerce website development,70,0,LOW,,navigational,,False
ecommerce website development kolkata,ecommerce website development,70,0,LOW,0,navigational,,False
ecommerce website development services in chennai,ecommerce website development,70,1.85,LOW,,commercial,,False
ecommerce website development in ahmedabad,ecommerce website development,70,0,LOW,,commercial,,False
ecommerce website development in mumbai,ecommerce website development,70,0,LOW,46,commercial,,False
ecommerce website design & development,ecommerce website development,70,2.95,LOW,,commercial,,False
ecommerce website design development,ecommerce website development,70,2.95,LOW,,commercial,,False
ecommerce website design and development,ecommerce website development,70,2.95,LOW,62,commercial,,False
ecommerce website development mumbai,ecommerce website development,70,0,LOW,46,commercial,,False
ecom experts shopify plus agency,shopify agency,70,0.64,LOW,,navigational,,False
shopify marketing agency,shopify agency,70,1.3,LOW,,commercial,,False
best shopify agency,shopify agency,70,0.16,LOW,,commercial,best,False
shopify development company in dubai,shopify development company,70,0.36,LOW,,commercial,,False
shopify website development company in delhi,shopify development company,70,0.28,LOW,,commercial,,False
shopify mobile app development company,shopify development company,70,0,LOW,,navigational,,False
best shopify development company in india,shopify development company,70,1.6,LOW,,commercial,best,False
magento app development company,magento development company,70,0,LOW,,commercial,,False
magento 2 development services,magento development services,70,0,LOW,48,navigational,,False
stroke infotech shopify & ecommerce development agency,ecommerce agency,50,0,LOW,,commercial,,False
ecommerce modeling agency,ecommerce agency,50,1.86,LOW,,commercial,,False
seo agency for ecommerce,ecommerce agency,50,0,LOW,11,commercial,,False
ecommerce marketing agency in india,ecommerce agency,50,1.04,LOW,22,commercial,,False
ecommerce ads agency,ecommerce agency,50,1.52,MEDIUM,1,commercial,,False
ecommerce performance marketing agency,ecommerce agency,50,1.58,LOW,,commercial,,False
ecommerce agency in india,ecommerce agency,50,0.81,LOW,,commercial,,False
ecommerce seo agency in india,ecommerce agency,50,0,LOW,,commercial,,False
ecommerce management agency,ecommerce agency,50,1.9,MEDIUM,,commercial,,False
ecommerce web development company in chennai,ecommerce development company,50,2.7,LOW,48,commercial,,False
ecommerce website development company in dubai,ecommerce development company,50,0,LOW,,commercial,,False
best ecommerce development company,ecommerce development company,50,0,LOW,85,commercial,best,False
best ecommerce development company in dubai,ecommerce development company,50,0,LOW,,commercial,best,False
ecommerce website development company in ahmedabad,ecommerce development company,50,1.25,LOW,,commercial,,False
ecommerce website development company ahmedabad,ecommerce development company,50,1.25,LOW,,navigational,,False
ecommerce development company in bangalore,ecommerce development company,50,0,LOW,56,commercial,,False
ecommerce development company in pune,ecommerce development company,50,0,LOW,,commercial,,False
best ecommerce development company india,ecommerce development company,50,2.13,LOW,55,commercial,best,False
best ecommerce development company in india,ecommerce development company,50,2.13,LOW,55,commercial,best,False
ecommerce development company bangalore,ecommerce development company,50,0,LOW,56,commercial,,False
ecommerce web design company india,ecommerce web design,50,0,LOW,,commercial,,False
ecommerce web design companies in india,ecommerce web design,50,0,LOW,,commercial,,False
ecommerce web design companies india,ecommerce web design,50,0,LOW,,commercial,,False
dreamguys technologies pvt ltd web design seo ecommerce solution reviews,ecommerce web design,50,0,LOW,,commercial,,False
web design inspiration ecommerce,ecommerce web design,50,0.8,LOW,,informational,,False
web design ecommerce inspiration,ecommerce web design,50,0.8,LOW,,informational,,False
ecommerce web design sydney,ecommerce web design,50,0,LOW,,commercial,,False
custom ecommerce website development services,ecommerce website development,50,0,LOW,,commercial,,False
ecommerce website development in delhi ncr,ecommerce website development,50,0,LOW,,commercial,,False
ecommerce website development melbourne,ecommerce website development,50,0,LOW,,commercial,,False
ecommerce website development in pune,ecommerce website development,50,0,LOW,,commercial,,False
ecommerce website development sydney,ecommerce website development,50,0,LOW,,commercial,,False
ecommerce website development delhi,ecommerce website development,50,0,LOW,40,commercial,,False
ecommerce website development pune,ecommerce website development,50,0,LOW,,commercial,,False
b2b ecommerce website development,ecommerce website development,50,0,LOW,,commercial,,False
ecommerce website development in noida,ecommerce website development,50,0.79,LOW,,commercial,,False
ecommerce website development noida,ecommerce website development,50,0.79,LOW,,navigational,,False
shopify design agency,shopify agency,50,2.27,LOW,,navigational,,False
shopify web design agency,shopify agency,50,0.77,LOW,58,commercial,,False
shopify development agency india,shopify agency,50,1.38,LOW,,navigational,,False
shopify expert agency,shopify agency,50,1.57,LOW,,navigational,,False
shopify agency in usa,shopify agency,50,6.42,MEDIUM,,navigational,,False
shopify website design agency,shopify agency,50,0.77,LOW,,navigational,,False
shopify website development company india,shopify development company,50,2.06,LOW,,navigational,,False
shopify theme development company,shopify development company,50,0,LOW,,navigational,,False
shopify development company in chennai,shopify development company,50,0.95,LOW,,navigational,,False
woocommerce development agency,woocommerce agency,50,0,LOW,59,commercial,,False
magento development company in usa,magento development company,50,10.76,LOW,71,commercial,,False
magento development company usa,magento development company,50,10.76,LOW,71,commercial,,False
magento e-commerce development services,magento development services,50,0,LOW,,commercial,,False
magento e commerce development services,magento development services,50,0,LOW,50,commercial,,False
magento ecommerce development services,magento development services,50,0,LOW,50,commercial,,False
ecommerce seo company in india,ecommerce seo company,50,0,LOW,,commercial,,False
ecommerce website design company india,ecommerce website design company,50,0,LOW,24,commercial,,False
ecommerce marketing agency near me,ecommerce agency,40,1.4,MEDIUM,,commercial,,False
web agency ecommerce,ecommerce agency,40,0.51,LOW,,commercial,,False
best ecommerce agency in india,ecommerce agency,40,1.17,MEDIUM,,commercial,best,False
ecommerce website agency,ecommerce agency,40,0.51,LOW,,commercial,,False
ecommerce app development agency,ecommerce agency,40,0,LOW,,commercial,,False
ecommerce agency in mumbai,ecommerce agency,40,2.63,HIGH,50,commercial,,False
best ecommerce marketing agency,ecommerce agency,40,1.83,LOW,,commercial,best,False
ecommerce development company in gurgaon,ecommerce development company,40,0,LOW,,commercial,,False
ecommerce development company uae,ecommerce development company,40,0,HIGH,,commercial,,False
ecommerce website development company bangalore,ecommerce development company,40,0,LOW,9,commercial,,False
ecommerce web development company in delhi,ecommerce development company,40,0,LOW,,commercial,,False
ecommerce development company hyderabad,ecommerce development company,40,0,LOW,,commercial,,False
ecommerce software development company,ecommerce development company,40,3.09,LOW,,commercial,,False
ecommerce web development company india,ecommerce development company,40,0,LOW,19,commercial,,False
brainvire ecommerce & mobile app development company photos,ecommerce development company,40,0,LOW,,commercial,,False
ecommerce development company in coimbatore,ecommerce development company,40,0,LOW,48,commercial,,False
ecommerce web development company bangalore,ecommerce development company,40,0,LOW,29,commercial,,False
ecommerce website development company in kerala,ecommerce development company,40,1.2,LOW,44,commercial,,False
ecommerce development company in hyderabad,ecommerce development company,40,0,LOW,,commercial,,False
ecommerce web design company in delhi,ecommerce web design,40,0,LOW,47,commercial,,False
ecommerce web design services india,ecommerce web design,40,0,LOW,,commercial,,False
ecommerce web design company in india,ecommerce web design,40,0,LOW,,commercial,,False
ecommerce website development cost india,ecommerce website development,40,0,LOW,2,commercial,,False
ecommerce website development in coimbatore,ecommerce website development,40,2.42,LOW,,navigational,,False
ecommerce website development bangalore,ecommerce website development,40,0,LOW,0,commercial,,False
ecommerce website development companies in bangalore,ecommerce website development,40,0,LOW,9,commercial,,False
ecommerce website development near me,ecommerce website development,40,0,LOW,48,commercial,,False
ecommerce website development companies in india,ecommerce website development,40,0,LOW,33,commercial,,False
ecommerce website development in lucknow,ecommerce website development,40,0,LOW,,navigational,,False
hire shopify agency,shopify agency,40,0.62,LOW,,commercial,,False
shopify development agency in india,shopify agency,40,0,LOW,,navigational,,False
best shopify seo agency,shopify agency,40,2.3,LOW,,commercial,best,False
crawlapps shopify plus agency,shopify agency,40,0,LOW,,commercial,,False
shopify partner agency,shopify agency,40,0,LOW,,navigational,,False
shopify development agency in delhi,shopify agency,40,0,LOW,,commercial,,False
shopify development company in bangalore,shopify development company,40,0.54,LOW,,commercial,,False
shopify development company usa,shopify development company,40,0,LOW,,navigational,,False
shopify development company mumbai,shopify development company,40,0,LOW,,navigational,,False
best magento development company,magento development company,40,0,LOW,58,commercial,best,False
best magento development company in india,magento development company,40,0,LOW,,commercial,best,False
magento agency,magento agency,40,2.7,LOW,58,navigational,,False
magento seo agency,magento agency,40,0,LOW,,commercial,,False
magento website development services,magento development services,40,15.62,LOW,55,commercial,,False
magento web development services,magento development services,40,1.45,LOW,56,commercial,,False
ecommerce seo company india,ecommerce seo company,40,0,LOW,,commercial,,False
best ecommerce seo company,ecommerce seo company,40,2.34,LOW,,commercial,best,False
ecommerce website design company in india,ecommerce website design company,40,0,LOW,24,commercial,,False
ecommerce website design company in delhi,ecommerce website design company,40,0,LOW,63,commercial,,False
ecommerce growth agency,ecommerce agency,30,1.12,LOW,,commercial,,False
best ecommerce agency,ecommerce agency,30,1.19,MEDIUM,,commercial,best,False
b2b ecommerce development agency,ecommerce agency,30,0,LOW,,commercial,,False
ecommerce services agency,ecommerce agency,30,0.95,MEDIUM,,commercial,,False
ecommerce service agency,ecommerce agency,30,0.95,MEDIUM,,commercial,,False
ecommerce web development company usa,ecommerce development company,30,0,LOW,,commercial,,False
ecommerce web development company in kolkata,ecommerce development company,30,0,LOW,,commercial,,False
best ecommerce development company in chennai,ecommerce development company,30,0,LOW,,commercial,best,False
ecommerce website development company in karur,ecommerce development company,30,0,LOW,,commercial,,False
best ecommerce website development company in delhi,ecommerce development company,30,0.91,LOW,52,commercial,best,False
ecommerce website development company in hyderabad,ecommerce development company,30,0,LOW,47,commercial,,False
ecommerce website development company near me,ecommerce development company,30,0,LOW,,commercial,,False
ecommerce web development company in noida,ecommerce development company,30,0,LOW,,commercial,,False
ecommerce website development company usa,ecommerce development company,30,0,LOW,,commercial,,False
ecommerce website development company in usa,ecommerce development company,30,0,LOW,,commercial,,False
ecommerce web development company in coimbatore,ecommerce development company,30,0,LOW,,commercial,,False
gospeedy ecommerce website design and development company,ecommerce development company,30,0,LOW,,navigational,,False
ecommerce web design cost,ecommerce web design,30,0,LOW,,commercial,,False
ecommerce web design pricing,ecommerce web design,30,0.53,LOW,,commercial,,False
web design ecommerce prices,ecommerce web design,30,0.53,LOW,,commercial,,False
ecommerce web design brisbane,ecommerce web design,30,0,,,commercial,,False
ecommerce web design price,ecommerce web design,30,0.53,LOW,,commercial,,False
ecommerce website development in jaipur,ecommerce website development,30,0,LOW,,commercial,,False
ecommerce website development price list,ecommerce website development,30,0.26,LOW,,commercial,,False
ecommerce website development companies,ecommerce website development,30,0,LOW,30,commercial,,False
ecommerce website development services usa,ecommerce website development,30,0,LOW,,commercial,,False
ecommerce website development in wordpress,ecommerce website development,30,0.27,LOW,,commercial,,False
ecommerce website development coimbatore,ecommerce website development,30,1.72,LOW,,navigational,,False
shopify website agency,shopify agency,30,1.9,MEDIUM,,navigational,,False
ambiw shopify plus agency,shopify agency,30,0.76,LOW,,navigational,,False
shopify app development agency,shopify agency,30,0.58,LOW,,navigational,,False
shopify web agency,shopify agency,30,1.9,MEDIUM,,commercial,,False
shopify seo agency in india,shopify agency,30,0,LOW,,commercial,,False
woocommerce web development company,woocommerce development company,30,2.49,LOW,,commercial,,False
woocommerce website development company,woocommerce development company,30,2.49,LOW,,commercial,,False
woocommerce seo agency,woocommerce agency,30,0,LOW,,commercial,,False
woocommerce website developer,woocommerce developer,30,3.32,MEDIUM,51,commercial,,False
magento development company uk,magento development company,30,4.29,HIGH,,commercial,,False
magento development company in uk,magento development company,30,4.29,HIGH,,commercial,,False
top magento development company,magento development company,30,0,LOW,52,commercial,top,False
magetornado leading magento development agency,magento agency,30,0,LOW,,commercial,leading,False
custom magento development services,magento development services,30,0,LOW,,commercial,,False
bigcommerce development agency,bigcommerce agency,30,0,LOW,,navigational,,False
ecommerce seo company in delhi,ecommerce seo company,30,0,LOW,,commercial,,False
ecommerce marketing agency in bangalore,ecommerce agency,20,0.73,LOW,,commercial,,False
ecommerce content marketing agency,ecommerce agency,20,5.07,LOW,,commercial,,False
marketing agency for ecommerce,ecommerce agency,20,1.67,LOW,9,commercial,,False
digital agency ecommerce,ecommerce agency,20,2.08,LOW,,commercial,,False
ecommerce google ads agency,ecommerce agency,20,0,LOW,,commercial,,False
digital agency for ecommerce,ecommerce agency,20,2.08,LOW,,commercial,,False
amazon ecommerce agency,ecommerce agency,20,2.08,LOW,,navigational,,False
social media marketing agency for ecommerce,ecommerce agency,20,0,LOW,,commercial,,False
ecommerce design agency,ecommerce agency,20,0.47,MEDIUM,,commercial,,False
shopify ecommerce agency,ecommerce agency,20,0,LOW,,commercial,,False
ecommerce conversion rate optimisation agency,ecommerce agency,20,0,LOW,,commercial,,False
full-service ecommerce agency,ecommerce agency,20,0,LOW,,commercial,,False
ecommerce agency in dubai,ecommerce agency,20,1.52,MEDIUM,,commercial,,False
full service ecommerce agency,ecommerce agency,20,0,LOW,,commercial,,False
ecommerce email marketing agency,ecommerce agency,20,0,LOW,,commercial,,False
ecommerce business agency,ecommerce agency,20,1.62,MEDIUM,,commercial,,False
shopify plus ecommerce agency,ecommerce agency,20,0,LOW,,commercial,,False
ecommerce web agency,ecommerce agency,20,4.63,MEDIUM,,commercial,,False
ecommerce agency in usa,ecommerce agency,20,0,HIGH,,commercial,,False
digital marketing agency for ecommerce business,ecommerce agency,20,1.34,MEDIUM,,commercial,,False
ecommerce agency india,ecommerce agency,20,0,LOW,,commercial,,False
shopify ecommerce development agency,ecommerce agency,20,0,LOW,,navigational,,False
ecommerce digital agency,ecommerce agency,20,2.08,LOW,,commercial,,False
ecommerce development company in indore,ecommerce development company,20,0,LOW,,commercial,,False
top ecommerce development company in india,ecommerce development company,20,0,LOW,,commercial,top,False
ecommerce website development company in bhubaneswar,ecommerce development company,20,0,LOW,,commercial,,False
ecommerce website development company in udaipur,ecommerce development company,20,0,LOW,,commercial,,False
ecommerce website development company dubai,ecommerce development company,20,0,LOW,,commercial,,False
ecommerce website development company in lucknow,ecommerce development company,20,0,,,navigational,,False
ecommerce web development company in ahmedabad,ecommerce development company,20,0,LOW,,commercial,,False
ecommerce development company in kolkata,ecommerce development company,20,0,LOW,,commercial,,False
ecommerce development company in uae,ecommerce development company,20,0,LOW,,commercial,,False
ecommerce web development company in mumbai,ecommerce development company,20,0,LOW,,commercial,,False
best ecommerce app development company,ecommerce development company,20,0,HIGH,,commercial,best,False
best ecommerce website development company in mumbai,ecommerce development company,20,0,LOW,,commercial,best,False
elsner technologies ecommerce development company photos,ecommerce development company,20,0,,,commercial,,False
ecommerce development company in ahmedabad,ecommerce development company,20,0.71,LOW,,commercial,,False
ecommerce website development company in faridabad,ecommerce development company,20,0.78,LOW,,commercial,,False
ecommerce website development company in surat,ecommerce development company,20,0,LOW,,navigational,,False
top ecommerce website development company in india,ecommerce development company,20,2.15,LOW,,commercial,top,False
ecommerce app development company india,ecommerce development company,20,0,LOW,,commercial,,False
shopify ecommerce website development company,ecommerce development company,20,0,LOW,,navigational,,False
ecommerce app development company in usa,ecommerce development company,20,0,LOW,,commercial,,False
best ecommerce web design company,ecommerce web design,20,2.47,LOW,,commercial,best,False
top ecommerce web design companies,ecommerce web design,20,2.47,LOW,,commercial,top,False
ecommerce web design singapore,ecommerce web design,20,0,LOW,,commercial,,False
best ecommerce web design companies,ecommerce web design,20,2.47,LOW,,commercial,best,False
ecommerce web design company in noida,ecommerce web design,20,0,LOW,,commercial,,False
ecommerce web design solution,ecommerce web design,20,0.57,LOW,,commercial,,False
fashion ecommerce web design,ecommerce web design,20,0.57,LOW,,commercial,,False
responsive web design ecommerce,ecommerce web design,20,0.22,LOW,,commercial,,False
ecommerce web design in delhi,ecommerce web design,20,0,LOW,,commercial,,False
ecommerce web design solutions,ecommerce web design,20,0.57,LOW,,commercial,,False
wordpress ecommerce web design,ecommerce web design,20,0,LOW,,commercial,,False
ecommerce web design company in chennai,ecommerce web design,20,0,LOW,,commercial,,False
multi vendor ecommerce website development,ecommerce website development,20,3.69,LOW,,commercial,,False
ecommerce website development gurgaon,ecommerce website development,20,0,LOW,,commercial,,False
ecommerce website development in gurgaon,ecommerce website development,20,0,LOW,,commercial,,False
ecommerce website development australia,ecommerce website development,20,0,LOW,,commercial,,False
ecommerce website development jaipur,ecommerce website development,20,0,LOW,,navigational,,False
inlancer technologies website ecommerce mobile app custom software development,ecommerce website development,20,0,,,commercial,,False
custom ecommerce website development india,ecommerce website development,20,0,LOW,,commercial,,False
ecommerce website development kerala,ecommerce website development,20,0.86,LOW,44,navigational,,False
ecommerce website development kochi,ecommerce website development,20,0,LOW,44,navigational,,False
ecommerce website design and development services,ecommerce website development,20,0,LOW,,commercial,,False
ecommerce website development in kolkata,ecommerce website development,20,0,LOW,,navigational,,False
ecommerce website development in australia,ecommerce website development,20,0,LOW,,commercial,,False
ecommerce website development proposal,ecommerce website development,20,2.2,LOW,46,informational,,False
ecommerce website development uae,ecommerce website development,20,2.78,LOW,,navigational,,False
website development for ecommerce,ecommerce website development,20,1.2,LOW,40,commercial,,False
magento ecommerce website development,ecommerce website development,20,0,LOW,51,commercial,,False
shopify agency uk,shopify agency,20,10.58,LOW,,navigational,,False
shopify store development agency,shopify agency,20,2.16,LOW,,navigational,,False
shopify developer agency,shopify agency,20,1.92,MEDIUM,27,navigational,,False
best shopify development agency,shopify agency,20,0.72,LOW,,commercial,best,False
shopify agency partners,shopify agency,20,0,LOW,,navigational,,False
shopify seo agency in delhi,shopify agency,20,0,LOW,,commercial,,False
shopify agency near me,shopify agency,20,1.34,LOW,,navigational,,False
shopify store management agency,shopify agency,20,4.15,LOW,,navigational,,False
shopify agency usa,shopify agency,20,3.91,MEDIUM,,navigational,,False
shopify digital marketing agency,shopify agency,20,0,LOW,,commercial,,False
shopify development agency usa,shopify agency,20,0,LOW,,navigational,,False
woocommerce development company in india,woocommerce development company,20,0,LOW,44,commercial,,False
woocommerce agency,woocommerce agency,20,0,LOW,,commercial,,False
woocommerce developer documentation,woocommerce developer,20,0,LOW,,informational,,False
magento development company in delhi,magento development company,20,0,LOW,,commercial,,False
magento development company in pune,magento development company,20,0,LOW,,commercial,,False
magento development company ahmedabad,magento development company,20,0,LOW,26,navigational,,False
magento web development company coalition,magento development company,20,0,LOW,,navigational,,False
magento development company in australia,magento development company,20,5.17,HIGH,,commercial,,False
magento development company in ahmedabad,magento development company,20,0,LOW,26,commercial,,False
magento development company delhi,magento development company,20,0,LOW,,commercial,,False
magento 2 development agency,magento agency,20,2.08,LOW,,navigational,,False
magento development agency uk,magento agency,20,0,MEDIUM,,commercial,,False
magento web development agency,magento agency,20,0,LOW,,commercial,,False
magento hyva theme development services,magento development services,20,0,LOW,,navigational,,False
bigcommerce seo agency,bigcommerce agency,20,0,LOW,,commercial,,False
b2b ecommerce development,b2b ecommerce development,20,0,LOW,,commercial,,False
b2b ecommerce development services,b2b ecommerce development,20,0,LOW,,commercial,,False
best ecommerce seo company in india,ecommerce seo company,20,0,LOW,,commercial,best,False
best ecommerce seo company in delhi,ecommerce seo company,20,0,LOW,,commercial,best,False
ecommerce seo company mumbai,ecommerce seo company,20,0,LOW,,commercial,,False
ai e-commerce platform,ai commerce platform,20,4.49,LOW,,commercial,,False
ai e commerce platform,ai commerce platform,20,4.49,LOW,,commercial,,False
ecommerce website design company in noida,ecommerce website design company,20,0,LOW,,commercial,,False
best ecommerce website design company,ecommerce website design company,20,2.47,LOW,,commercial,best,False
ecommerce website design company singapore,ecommerce website design company,20,0,LOW,,commercial,,False
top ecommerce website design company,ecommerce website design company,20,2.47,LOW,,commercial,top,False
best ecommerce email marketing agency,ecommerce agency,10,0,LOW,,commercial,best,False
ecommerce agency uk,ecommerce agency,10,12.76,MEDIUM,,commercial,,False
stryde ecommerce marketing agency,ecommerce agency,10,0,LOW,,commercial,,False
ecommerce agency nyc,ecommerce agency,10,0,,,commercial,,False
ecommerce ppc management agency,ecommerce agency,10,0,LOW,,commercial,,False
agency for ecommerce,ecommerce agency,10,3.95,HIGH,0,commercial,,False
ecommerce conversion optimization agency,ecommerce agency,10,0,,,commercial,,False
what is an ecommerce agency,ecommerce agency,10,0,LOW,,informational,,True
seo agency ecommerce,ecommerce agency,10,0,LOW,11,commercial,,False
ecommerce marketing agency australia,ecommerce agency,10,0.56,LOW,,commercial,,False
ecommerce conversion rate optimization agency,ecommerce agency,10,0,LOW,,commercial,,False
facebook ads agency for ecommerce,ecommerce agency,10,0,LOW,,commercial,,False
ecommerce agency name ideas,ecommerce agency,10,0,,,commercial,,False
ecommerce marketing agency london,ecommerce agency,10,0,,,commercial,,False
ecommerce specialist agency,ecommerce agency,10,0,,,commercial,,False
ecommerce agency in london,ecommerce agency,10,4.59,HIGH,,commercial,,False
marketing agency ecommerce,ecommerce agency,10,0,,9,commercial,,False
ecommerce marketing agency melbourne,ecommerce agency,10,0,,,commercial,,False
what is an ecommerce marketing agency,ecommerce agency,10,0,,,informational,,True
ecommerce website design and development agency,ecommerce agency,10,0,,,commercial,,False
ecommerce seo agency london,ecommerce agency,10,0,HIGH,,commercial,,False
global ecommerce agency,ecommerce agency,10,0,HIGH,,commercial,,False
ecommerce marketing agency singapore,ecommerce agency,10,0,LOW,,commercial,,False
ecommerce agency in pakistan,ecommerce agency,10,0,,,commercial,,False
ecommerce agency ireland,ecommerce agency,10,0,HIGH,,commercial,,False
trilogi the ecommerce agency,ecommerce agency,10,0,,,navigational,,False
ecommerce growth marketing agency,ecommerce agency,10,1.15,MEDIUM,,commercial,,False
ecommerce agency melbourne,ecommerce agency,10,0,,,commercial,,False
best ecommerce marketing agency india,ecommerce agency,10,0,LOW,,commercial,best,False
ecommerce product photography agency,ecommerce agency,10,0,,,navigational,,False
ecommerce agency vancouver,ecommerce agency,10,0,,,commercial,,False
ecommerce seo agency growmatic,ecommerce agency,10,0,,,commercial,,False
ecommerce development agency in kerala,ecommerce agency,10,0,,,commercial,,False
headless ecommerce development agency,ecommerce agency,10,0,LOW,,navigational,,False
digital ecommerce agency,ecommerce agency,10,0,,,commercial,,False
wordpress ecommerce agency,ecommerce agency,10,0,,,commercial,,False
ecommerce social media agency,ecommerce agency,10,0,,,commercial,,False
ecommerce today agency,ecommerce agency,10,0,,,navigational,,False
ecommerce development agency in india,ecommerce agency,10,0,LOW,,commercial,,False
ecommerce marketing agency canada,ecommerce agency,10,0,,,commercial,,False
ecommerce web design agency melbourne,ecommerce agency,10,0,,,commercial,,False
seo for ecommerce agency,ecommerce agency,10,0,LOW,11,commercial,,False
ecommerce agency london,ecommerce agency,10,4.59,HIGH,,commercial,,False
ecommerce agency hong kong,ecommerce agency,10,7.65,HIGH,,commercial,,False
ecommerce consulting agency,ecommerce agency,10,0,LOW,,commercial,,False
ecommerce website development agency in dubai,ecommerce agency,10,0,,,commercial,,False
ecommerce agency nottingham,ecommerce agency,10,0,,,commercial,,False
ecommerce seo agency near me,ecommerce agency,10,0,,,commercial,,False
digital marketing ecommerce agency,ecommerce agency,10,0,LOW,41,commercial,,False
best seo agency for ecommerce,ecommerce agency,10,0,LOW,,commercial,best,False
best ecommerce marketing agency rankstar,ecommerce agency,10,0,,,commercial,best,False
ecommerce talent agency,ecommerce agency,10,0,,,commercial,,False
ecommerce email agency,ecommerce agency,10,0,,,commercial,,False
ecommerce marketing agency uk,ecommerce agency,10,0,,,commercial,,False
ecommerce seo agency melbourne,ecommerce agency,10,0,,,commercial,,False
ecommerce agency website,ecommerce agency,10,2.35,HIGH,,commercial,,False
ecommerce agency sydney,ecommerce agency,10,0,MEDIUM,,commercial,,False
ecommerce agency leeds,ecommerce agency,10,0,LOW,,commercial,,False
luxury ecommerce agency,ecommerce agency,10,0,LOW,,commercial,,False
ecommerce photography agency,ecommerce agency,10,0,LOW,,commercial,,False
ecommerce agency services,ecommerce agency,10,0,,,commercial,,False
ecommerce agency australia,ecommerce agency,10,0,HIGH,,commercial,,False
ecommerce agency amsterdam,ecommerce agency,10,0,,,commercial,,False
ecommerce marketing agency llc,ecommerce agency,10,0,,,commercial,,False
aleide web agency seo e ecommerce,ecommerce agency,10,0,,,commercial,,False
praella ecommerce agency,ecommerce agency,10,0,LOW,,navigational,,False
ecommerce paid ads agency,ecommerce agency,10,0,,,commercial,,False
ecommerce pr agency,ecommerce agency,10,11.85,LOW,,commercial,,False
ecommerce agency usa,ecommerce agency,10,3.66,MEDIUM,,commercial,,False
trellis ecommerce agency,ecommerce agency,10,0,,,navigational,,False
ecommerce recruitment agency london,ecommerce agency,10,0,,,commercial,,False
ecommerce agency software,ecommerce agency,10,0,,,commercial,,False
avex shopify plus ecommerce agency,ecommerce agency,10,0,LOW,,navigational,,False
ecommerce creative agency,ecommerce agency,10,0,HIGH,,commercial,,False
ecommerce digital advertising agency,ecommerce agency,10,0,,,commercial,,False
creative agency for ecommerce,ecommerce agency,10,0,LOW,,commercial,,False
best ecommerce digital marketing agency,ecommerce agency,10,0,LOW,,commercial,best,False
ecommerce marketing agency sydney,ecommerce agency,10,0,,,commercial,,False
best ecommerce development agency,ecommerce agency,10,0,LOW,,commercial,best,False
ecommerce branding agency,ecommerce agency,10,0,LOW,,commercial,,False
ecommerce marketing agency toronto,ecommerce agency,10,0,,,commercial,,False
ecommerce agency singapore,ecommerce agency,10,0,LOW,,commercial,,False
ecommerce agency manchester,ecommerce agency,10,0,,,commercial,,False
the ecommerce agency,ecommerce agency,10,0,,0,navigational,,False
ecommerce strategy agency,ecommerce agency,10,0,,,commercial,,False
what is ecommerce agency,ecommerce agency,10,0,LOW,,informational,,True
target ecommerce marketing agency london,ecommerce agency,10,0,,,commercial,,False
d2c ecommerce agency,ecommerce agency,10,0,LOW,,commercial,,False
best ecommerce seo agency effective marketer,ecommerce agency,10,0,,,commercial,best,False
tiktok ecommerce agency,ecommerce agency,10,0,,,navigational,,False
ecommerce agency glasgow,ecommerce agency,10,0,,,commercial,,False
ecommerce marketing agency usa,ecommerce agency,10,0,HIGH,,commercial,,False
ecommerce digital marketing agency in india,ecommerce agency,10,0,LOW,,commercial,,False
seo ecommerce agency,ecommerce agency,10,0,LOW,11,commercial,,False
best digital marketing agency for ecommerce,ecommerce agency,10,0.73,MEDIUM,,commercial,best,False
ecommerce & marketing course agency marketer affiliate free download,ecommerce agency,10,0,,,transactional,,False
fashion ecommerce agency,ecommerce agency,10,0,LOW,,commercial,,False
ecommerce facebook ad agency,ecommerce agency,10,2.06,LOW,47,commercial,,False
ecommerce agency list,ecommerce agency,10,0,HIGH,,navigational,,False
ecommerce agency edinburgh,ecommerce agency,10,0,,,commercial,,False
shopify ecommerce agency in india,ecommerce agency,10,4.08,LOW,,commercial,,False
ecommerce magento development agency,ecommerce agency,10,0,LOW,,commercial,,False
ecommerce development agency in delhi,ecommerce agency,10,0,,,commercial,,False
ecommerce recruitment agency,ecommerce agency,10,0,LOW,,commercial,,False
ecommerce agency bristol,ecommerce agency,10,0,,,commercial,,False
ecommerce seo agency sydney,ecommerce agency,10,0,LOW,,commercial,,False
ecommerce agency jobs,ecommerce agency,10,0,LOW,,navigational,,False
ecommerce agency meaning,ecommerce agency,10,0,LOW,,informational,,False
ecommerce agency miami,ecommerce agency,10,0,,,commercial,,False
ecommerce & marketing course agency marketer affiliate,ecommerce agency,10,0.76,HIGH,,commercial,,False
ecommerce agency canada,ecommerce agency,10,0,HIGH,,commercial,,False
ecommerce agency montreal,ecommerce agency,10,0,,,commercial,,False
top ecommerce seo agency,ecommerce agency,10,0,,,commercial,top,False
1 ecommerce agency,ecommerce agency,10,1.56,MEDIUM,,navigational,,False
ecommerce customer service agency,ecommerce agency,10,0,LOW,,navigational,,False
ecommerce brand strategy agency,ecommerce agency,10,0,,,commercial,,False
best ecommerce ads agency,ecommerce agency,10,0,MEDIUM,,commercial,best,False
ecommerce content agency,ecommerce agency,10,0,HIGH,,commercial,,False
ecommerce digital marketing agency in mumbai,ecommerce agency,10,0,,,commercial,,False
ecommerce digital marketing agency india,ecommerce agency,10,0,LOW,,commercial,,False
ecommerce agency in bangalore,ecommerce agency,10,0.28,MEDIUM,,commercial,,False
ecommerce web design agency dubai,ecommerce agency,10,0,LOW,,commercial,,False
ecommerce seo agency uk,ecommerce agency,10,0,MEDIUM,,commercial,,False
ecommerce agency brisbane,ecommerce agency,10,0,,,commercial,,False
dtc ecommerce agency,ecommerce agency,10,0,,,navigational,,False
ecommerce support agency,ecommerce agency,10,0,,,commercial,,False
ecommerce website design agency uk,ecommerce agency,10,0,,,commercial,,False
best ecommerce marketing agency in india,ecommerce agency,10,1.63,LOW,,commercial,best,False
how to start an ecommerce agency,ecommerce agency,10,0,,,informational,,True
headless ecommerce agency,ecommerce agency,10,0,LOW,,navigational,,False
ecommerce marketing agency miami,ecommerce agency,10,0,LOW,,commercial,,False
ecommerce design agency london,ecommerce agency,10,0,,,commercial,,False
agency ecommerce theme,ecommerce agency,10,0,,,commercial,,False
tiktok agency for ecommerce,ecommerce agency,10,0,LOW,,commercial,,False
ecommerce and digital marketing agency,ecommerce agency,10,0,,,commercial,,False
ecommerce seo agency usa,ecommerce agency,10,0,HIGH,,commercial,,False
ecommerce agency new york,ecommerce agency,10,0,,,commercial,,False
oxedent ecommerce ppc agency,ecommerce agency,10,0,,,navigational,,False
ecommerce video agency,ecommerce agency,10,1.59,MEDIUM,,commercial,,False
ecommerce marketing agency dubai,ecommerce agency,10,0,MEDIUM,,commercial,,False
ziffity ecommerce agency,ecommerce agency,10,0,,,navigational,,False
ecommerce marketing agency los angeles,ecommerce agency,10,0,LOW,,commercial,,False
commerce9 ecommerce development agency,ecommerce agency,10,0,LOW,,commercial,,False
ecommerce agency malaysia,ecommerce agency,10,0,,,commercial,,False
best ecommerce web development agency in india,ecommerce agency,10,0,LOW,,commercial,best,False
magento ecommerce agency london,ecommerce agency,10,0,,,commercial,,False
ecommerce agency dubai,ecommerce agency,10,0,MEDIUM,,commercial,,False
ecommerce solutions agency,ecommerce agency,10,0,,,commercial,,False
ecommerce agency los angeles,ecommerce agency,10,0,,,commercial,,False
digital marketing agency ecommerce business,ecommerce agency,10,0,,,commercial,,False
ecommerce web design agency london,ecommerce agency,10,0,LOW,,commercial,,False
local ecommerce development agency,ecommerce agency,10,0,LOW,,commercial,,False
magento ecommerce agency,ecommerce agency,10,0,LOW,,commercial,,False
top ecommerce agency,ecommerce agency,10,0,LOW,,commercial,top,False
ecommerce automation agency,ecommerce agency,10,0,,,commercial,,False
ecommerce agency toronto,ecommerce agency,10,0,,,commercial,,False
ecommerce social media marketing agency,ecommerce agency,10,0,LOW,,commercial,,False
ecommerce optimization agency,ecommerce agency,10,0,,,commercial,,False
b2b ecommerce agency,ecommerce agency,10,0,LOW,,commercial,,False
best ecommerce website development agency in india,ecommerce agency,10,0,LOW,,commercial,best,False
ecommerce seo marketing agency,ecommerce agency,10,0,LOW,,commercial,,False
white label ecommerce agency,ecommerce agency,10,0,,,commercial,,False
email marketing agency for ecommerce,ecommerce agency,10,0,LOW,,commercial,,False
ecommerce ux agency,ecommerce agency,10,0,LOW,,navigational,,False
facebook ad agency for ecommerce,ecommerce agency,10,0,LOW,,commercial,,False
ecommerce facebook ads agency,ecommerce agency,10,2.06,LOW,,commercial,,False
engine23 ecommerce agency,ecommerce agency,10,0,,,commercial,,False
ecommerce agency summit,ecommerce agency,10,0,LOW,,navigational,,False
ecommerce setup agency,ecommerce agency,10,1.83,HIGH,,commercial,,False
ecommerce shopify agency,ecommerce agency,10,0,LOW,,commercial,,False
ecommerce agency coalition,ecommerce agency,10,0,,,navigational,,False
ecommerce website development company in mayiladuthurai,ecommerce development company,10,0,,,commercial,,False
ecommerce mobile app development company in india,ecommerce development company,10,0,LOW,,commercial,,False
ecommerce website development company in kochi,ecommerce development company,10,0,LOW,,commercial,,False
magento 2 ecommerce development company,ecommerce development company,10,0,,,commercial,,False
brainvire ecommerce and mobile app development company mumbai photos,ecommerce development company,10,0,,,navigational,,False
ecommerce store development company,ecommerce development company,10,0,,,commercial,,False
best ecommerce development company in usa,ecommerce development company,10,0,LOW,,commercial,best,False
ecommerce app development company in mumbai,ecommerce development company,10,0,LOW,,commercial,,False
best ecommerce development company in delhi,ecommerce development company,10,0,LOW,,commercial,best,False
ecommerce development company services,ecommerce development company,10,0,LOW,,commercial,,False
best ecommerce web development company in india,ecommerce development company,10,0,,,commercial,best,False
best ecommerce website development company in hyderabad,ecommerce development company,10,0,LOW,,commercial,best,False
number one ecommerce development company in india,ecommerce development company,10,0,,,commercial,,False
ecommerce app development company in saudi arabia,ecommerce development company,10,0,LOW,,commercial,,False
ecommerce website development company in navi mumbai,ecommerce development company,10,0,LOW,,commercial,,False
outsource ecommerce web development company,ecommerce development company,10,0,LOW,,commercial,,False
webcastle technologies web design company dubai ecommerce website development,ecommerce development company,10,0,,,commercial,,False
ecommerce website development company services,ecommerce development company,10,0,,,commercial,,False
ecommerce development company uk,ecommerce development company,10,0,MEDIUM,,commercial,,False
elsner technologies ecommerce development company satellite,ecommerce development company,10,0,,,commercial,,False
best ecommerce website development company in ahmedabad,ecommerce development company,10,0,LOW,,commercial,best,False
best magento ecommerce development company,ecommerce development company,10,0,LOW,,commercial,best,False
ecommerce website development company in thane,ecommerce development company,10,0,,,commercial,,False
ecommerce app development company in chennai,ecommerce development company,10,0,LOW,,commercial,,False
ecommerce development company in singapore,ecommerce development company,10,0,LOW,,commercial,,False
best ecommerce website development company in bangalore,ecommerce development company,10,0,LOW,,commercial,best,False
ecommerce portal development company,ecommerce development company,10,0,LOW,,commercial,,False
magento ecommerce development company india,ecommerce development company,10,0,LOW,,commercial,,False
ecommerce development company in uk,ecommerce development company,10,7.77,HIGH,,commercial,,False
ecommerce marketplace development company,ecommerce development company,10,0,LOW,,commercial,,False
ecommerce app development company in bangalore,ecommerce development company,10,0,LOW,,commercial,,False
multi vendor ecommerce website development company,ecommerce development company,10,0.07,MEDIUM,,commercial,,False
ecommerce website development company in,ecommerce development company,10,0,LOW,30,commercial,,False
ecommerce app development company in kerala,ecommerce development company,10,0,,,commercial,,False
brainvire ecommerce and mobile app development company mumbai,ecommerce development company,10,0,,,navigational,,False
ecommerce website development company in indore,ecommerce development company,10,0,LOW,,commercial,,False
best ecommerce website development company in bangladesh,ecommerce development company,10,0,LOW,,commercial,best,False
ecommerce development company in new york,ecommerce development company,10,0,,,commercial,,False
best ecommerce wordpress development company in singapore,ecommerce development company,10,0,,,commercial,best,False
virtina ecommerce web design and development company,ecommerce development company,10,0,LOW,,navigational,,False
ecommerce web development company in hyderabad,ecommerce development company,10,0,,,commercial,,False
benefits of hiring an ecommerce development company,ecommerce development company,10,0,,,commercial,,False
best ecommerce web development company,ecommerce development company,10,0,LOW,,commercial,best,False
ecommerce web development company sydney,ecommerce development company,10,0,,,commercial,,False
ecommerce website design and development company in india,ecommerce development company,10,0,LOW,,commercial,,False
ecommerce website development company toronto,ecommerce development company,10,0,,,commercial,,False
ecommerce development company in lucknow,ecommerce development company,10,0,,,commercial,,False
ecommerce web development company in delhi ncr,ecommerce development company,10,0,LOW,,commercial,,False
ecommerce development company london,ecommerce development company,10,0,HIGH,,commercial,,False
ecommerce website development company in karur photos,ecommerce development company,10,0,,,commercial,,False
ecommerce website design & development company,ecommerce development company,10,1.49,MEDIUM,,commercial,,False
top ecommerce app development company,ecommerce development company,10,0,LOW,,commercial,top,False
no 1 ecommerce development company in india,ecommerce development company,10,0,,,navigational,no 1,False
ecommerce website development company in bhopal,ecommerce development company,10,0,,,commercial,,False
elsner technologies ecommerce development company navrangpura,ecommerce development company,10,0,,,commercial,,False
top ecommerce web development company in india,ecommerce development company,10,0,,,commercial,top,False
ecommerce website development company in bangladesh,ecommerce development company,10,0,,,commercial,,False
ecommerce development company in ernakulam,ecommerce development company,10,0,LOW,,navigational,,False
ecommerce website development company kochi,ecommerce development company,10,0,LOW,,navigational,,False
best ecommerce web development company dubai,ecommerce development company,10,0,LOW,,commercial,best,False
ecommerce app development company in hyderabad,ecommerce development company,10,0,,,commercial,,False
shopify ecommerce development company in india,ecommerce development company,10,0,LOW,,commercial,,False
metaverse ecommerce development company,ecommerce development company,10,0,,,navigational,,False
1 ecommerce development company in india,ecommerce development company,10,0,,,commercial,,False
ecommerce development company in bhubaneswar,ecommerce development company,10,0,LOW,,commercial,,False
ecommerce development company in australia,ecommerce development company,10,0,LOW,,commercial,,False
ecommerce website design and development company in bangalore,ecommerce development company,10,0,LOW,,commercial,,False
ecommerce development company near me,ecommerce development company,10,0,LOW,,commercial,,False
ecommerce web development company in usa,ecommerce development company,10,0,,,commercial,,False
brainvire ecommerce and mobile app development company mumbai reviews,ecommerce development company,10,0,,,commercial,,False
ecommerce development company qatar,ecommerce development company,10,0,LOW,,commercial,,False
ecommerce development company toronto,ecommerce development company,10,0,,,commercial,,False
ecommerce development company in london,ecommerce development company,10,0,HIGH,,commercial,,False
best ecommerce development company in bangalore,ecommerce development company,10,0,LOW,,commercial,best,False
ecommerce website development company in uk,ecommerce development company,10,0,,,commercial,,False
top ecommerce website development company,ecommerce development company,10,0,LOW,,commercial,top,False
best ecommerce website development company in pune,ecommerce development company,10,0,LOW,,commercial,best,False
ecommerce web design perth,ecommerce web design,10,0,LOW,,commercial,,False
ecommerce web design company mumbai,ecommerce web design,10,0,,,commercial,,False
dallas ecommerce web design,ecommerce web design,10,0,LOW,,commercial,,False
ecommerce web design company dubai,ecommerce web design,10,0,,,commercial,,False
ecommerce web design new york,ecommerce web design,10,0,MEDIUM,,commercial,,False
ecommerce web design leeds,ecommerce web design,10,0,,,commercial,,False
ecommerce web design examples,ecommerce web design,10,0,LOW,,informational,,False
ecommerce web design course,ecommerce web design,10,0,,,commercial,,False
ecommerce web design blog,ecommerce web design,10,0,LOW,,informational,,False
ecommerce web design awards,ecommerce web design,10,0,HIGH,,commercial,,False
ecommerce ui design web,ecommerce web design,10,0,,,commercial,,False
ecommerce web design company uk,ecommerce web design,10,0,,,commercial,,False
magento ecommerce web design,ecommerce web design,10,0.37,LOW,,navigational,,False
ecommerce web design toronto,ecommerce web design,10,0,LOW,,commercial,,False
ecommerce web design packages,ecommerce web design,10,0,LOW,44,commercial,,False
ecommerce web design vancouver,ecommerce web design,10,0,LOW,,commercial,,False
rozzario top web design ecommerce & social media marketing,ecommerce web design,10,0,,,commercial,top,False
ecommerce web design company services,ecommerce web design,10,0,,,commercial,,False
ecommerce web design london,ecommerce web design,10,0,LOW,48,commercial,,False
ecommerce web design ireland,ecommerce web design,10,0,,,commercial,,False
ecommerce web design features,ecommerce web design,10,0,,,informational,,False
ecommerce web design pakistan,ecommerce web design,10,0,,,commercial,,False
ecommerce web design liverpool,ecommerce web design,10,0,,,commercial,,False
cheap ecommerce web design,ecommerce web design,10,0.31,MEDIUM,,commercial,,False
ecommerce web design near me,ecommerce web design,10,0,LOW,,commercial,,False
ecommerce web design nyc,ecommerce web design,10,0,MEDIUM,,commercial,,False
ecommerce web design services in bangalore,ecommerce web design,10,0,,,commercial,,False
b2b ecommerce web design,ecommerce web design,10,0,,,commercial,,False
ecommerce web design manchester,ecommerce web design,10,0,,,commercial,,False
behance ecommerce web design,ecommerce web design,10,0,LOW,,navigational,,False
ecommerce web design calgary,ecommerce web design,10,0,,,commercial,,False
ecommerce web design tips,ecommerce web design,10,0,LOW,,informational,,False
ecommerce web design dublin,ecommerce web design,10,0,LOW,,commercial,,False
ecommerce web design san antonio,ecommerce web design,10,0,,,commercial,,False
ecommerce web design inspiration,ecommerce web design,10,0,LOW,,informational,,False
ecommerce web design houston,ecommerce web design,10,0,,,commercial,,False
ecommerce web design sri lanka,ecommerce web design,10,0,,,commercial,,False
custom ecommerce web design,ecommerce web design,10,0.87,LOW,,commercial,,False
ecommerce web design companies dubai,ecommerce web design,10,0,,,commercial,,False
benefits of ecommerce web design,ecommerce web design,10,0.75,MEDIUM,,informational,,False
ecommerce web design melbourne,ecommerce web design,10,0,,,commercial,,False
ecommerce web app design,ecommerce web design,10,0,LOW,,commercial,,False
ecommerce web design berkshire,ecommerce web design,10,0,,,commercial,,False
web design ecommerce website examples,ecommerce web design,10,0,LOW,,informational,,False
ecommerce web design australia,ecommerce web design,10,0,,,commercial,,False
ecommerce web design usa,ecommerce web design,10,0,,,commercial,,False
ecommerce web design package,ecommerce web design,10,0,LOW,44,commercial,,False
ecommerce web design tutorial,ecommerce web design,10,0,LOW,,informational,,False
best web design software for ecommerce,ecommerce web design,10,0,,,commercial,best,False
ecommerce web design delaware,ecommerce web design,10,0,,,commercial,,False
best ecommerce web page design,ecommerce web design,10,0,,,commercial,best,False
ecommerce web design los angeles,ecommerce web design,10,0,LOW,,commercial,,False
figma web design ecommerce,ecommerce web design,10,0,,,commercial,,False
ecommerce web design south africa,ecommerce web design,10,0,LOW,,commercial,,False
ecommerce web design best practices,ecommerce web design,10,0.24,LOW,,informational,best,False
best ecommerce web design 2018,ecommerce web design,10,0,,,commercial,best,False
ecommerce web design sharjah,ecommerce web design,10,0,,,commercial,,False
ecommerce web design portfolio,ecommerce web design,10,0,,,commercial,,False
ecommerce web design layout,ecommerce web design,10,0.96,LOW,,informational,,False
ecommerce web design malaysia,ecommerce web design,10,0,,,commercial,,False
ecommerce web design auckland,ecommerce web design,10,0,,,commercial,,False
ecommerce web design uk,ecommerce web design,10,0,,,commercial,,False
ecommerce web design johannesburg,ecommerce web design,10,0,LOW,,commercial,,False
custom ecommerce web design services,ecommerce web design,10,0,LOW,,commercial,,False
ecommerce web banner design,ecommerce web design,10,0,LOW,,commercial,,False
ecommerce web design denver,ecommerce web design,10,0,,,commercial,,False
what is ecommerce web design,ecommerce web design,10,0,,,informational,,True
ecommerce web design leicester,ecommerce web design,10,0,,,commercial,,False
ecommerce web design bangalore,ecommerce web design,10,3.91,MEDIUM,,commercial,,False
vancouver ecommerce web design,ecommerce web design,10,0,LOW,,commercial,,False
affordable ecommerce web design,ecommerce web design,10,0,LOW,,commercial,affordable,False
pinterest ecommerce web design,ecommerce web design,10,0,LOW,,navigational,,False
ecommerce web design trends,ecommerce web design,10,0,LOW,,informational,,False
ecommerce web design software,ecommerce web design,10,0,,,commercial,,False
ecommerce web design birmingham,ecommerce web design,10,0,LOW,,commercial,,False
ecommerce website development in odisha,ecommerce website development,10,0,LOW,,commercial,,False
ecommerce website development in qatar,ecommerce website development,10,0,LOW,,commercial,,False
ecommerce website development cost in mumbai,ecommerce website development,10,0,LOW,,commercial,,False
outsourcing ecommerce website development,ecommerce website development,10,0,,,commercial,,False
ecommerce website development requirements,ecommerce website development,10,0,LOW,,informational,,False
ecommerce website development abu dhabi,ecommerce website development,10,0,LOW,,commercial,,False
ecommerce website development cost in pakistan,ecommerce website development,10,0,,,commercial,,False
quotation for ecommerce website development,ecommerce website development,10,0,,,commercial,,False
ecommerce website development modules,ecommerce website development,10,0,,,commercial,,False
ecommerce website development hyderabad,ecommerce website development,10,0.64,MEDIUM,,navigational,,False
ecommerce website development proposal sample,ecommerce website development,10,0,,,informational,,False
ecommerce website development in singapore,ecommerce website development,10,0,,,commercial,,False
ecommerce website development platform,ecommerce website development,10,0,MEDIUM,,commercial,,False
ecommerce website development services in uk,ecommerce website development,10,0,,,commercial,,False
benefits of ecommerce website development,ecommerce website development,10,0,,,informational,,False
ecommerce website development online,ecommerce website development,10,2.3,HIGH,,commercial,,False
jewellery ecommerce website development,ecommerce website development,10,6.59,LOW,,commercial,,False
ecommerce shopping website development,ecommerce website development,10,0,,,commercial,,False
ecommerce website design and development services ahmedabad,ecommerce website development,10,0,LOW,,commercial,,False
ecommerce website development services in usa,ecommerce website development,10,0,MEDIUM,,commercial,,False
ecommerce website development toronto,ecommerce website development,10,0,MEDIUM,,commercial,,False
ecommerce website development process,ecommerce website development,10,0,LOW,51,informational,,False
ecommerce website development timeline,ecommerce website development,10,0,,,informational,,False
ecommerce website development chennai reviews,ecommerce website development,10,0,,,commercial,,False
online ecommerce website development,ecommerce website development,10,0,,,commercial,,False
ecommerce website development project plan pdf,ecommerce website development,10,0.39,LOW,48,informational,,False
ecommerce website development in abu dhabi,ecommerce website development,10,0,,,commercial,,False
proposal for ecommerce website development pdf,ecommerce website development,10,0,LOW,,informational,,False
ecommerce website development strategy,ecommerce website development,10,0,LOW,,informational,,False
ecommerce website development features,ecommerce website development,10,0,,,informational,,False
features of ecommerce website development,ecommerce website development,10,0,,,informational,,False
ecommerce website development technologies,ecommerce website development,10,0,LOW,,commercial,,False
ecommerce website development in java,ecommerce website development,10,0,,,commercial,,False
top ecommerce website development services in india,ecommerce website development,10,0,,,commercial,top,False
what is ecommerce website development,ecommerce website development,10,0.67,MEDIUM,62,informational,,True
ecommerce website development in laravel,ecommerce website development,10,0,,,commercial,,False
magento ecommerce website development india,ecommerce website development,10,0,,,navigational,,False
ecommerce website development in uk,ecommerce website development,10,0,,,commercial,,False
ecommerce website development sharjah,ecommerce website development,10,0,,,commercial,,False
ecommerce website development packages india,ecommerce website development,10,0,,,commercial,,False
ecommerce website development texas,ecommerce website development,10,0,,,commercial,,False
ecommerce website development south africa,ecommerce website development,10,0,LOW,,commercial,,False
ecommerce website development in kerala,ecommerce website development,10,1.21,LOW,,commercial,,False
shopify ecommerce website development cost in india,ecommerce website development,10,0,LOW,,commercial,,False
ecommerce website development companies in hyderabad,ecommerce website development,10,0,LOW,,commercial,,False
ecommerce website development kuwait,ecommerce website development,10,0,,,navigational,,False
ecommerce website development services in coimbatore,ecommerce website development,10,0,,,commercial,,False
best ecommerce website development companies,ecommerce website development,10,0,,79,commercial,best,False
ecommerce website development quotes,ecommerce website development,10,0,LOW,,informational,,False
proposal for ecommerce website development,ecommerce website development,10,0,,46,informational,,False
ecommerce website development in pakistan,ecommerce website development,10,0,,,commercial,,False
ecommerce website development in uae,ecommerce website development,10,0,,,commercial,,False
wordpress ecommerce website development cost,ecommerce website development,10,0,LOW,,commercial,,False
ecommerce website development thrissur,ecommerce website development,10,0,LOW,,navigational,,False
ecommerce website development uk,ecommerce website development,10,0,LOW,,commercial,,False
ecommerce website development articles,ecommerce website development,10,0,,,informational,,False
auto parts ecommerce website development,ecommerce website development,10,0,,,commercial,,False
ecommerce website development usa,ecommerce website development,10,0,,,commercial,,False
ecommerce website development companies in chennai,ecommerce website development,10,0,LOW,20,commercial,,False
ecommerce website development package,ecommerce website development,10,0,LOW,,commercial,,False
ecommerce website development cost in bangalore,ecommerce website development,10,0,,,commercial,,False
ecommerce website development project,ecommerce website development,10,0,LOW,,commercial,,False
ecommerce website development charges in india,ecommerce website development,10,0.16,MEDIUM,,commercial,,False
ecommerce website development questionnaire,ecommerce website development,10,0,,,informational,,False
ecommerce website development in surat,ecommerce website development,10,0,LOW,,commercial,,False
ecommerce website development ppt,ecommerce website development,10,0,,,informational,,False
ecommerce website development cost in chennai,ecommerce website development,10,0.76,MEDIUM,,commercial,,False
ecommerce website development canada,ecommerce website development,10,0,LOW,,commercial,,False
ecommerce website development london,ecommerce website development,10,13.14,MEDIUM,,commercial,,False
ecommerce website development new york,ecommerce website development,10,0,LOW,,commercial,,False
wordpress ecommerce website development,ecommerce website development,10,0,LOW,,commercial,,False
ecommerce website development packages,ecommerce website development,10,0,LOW,,commercial,,False
best ecommerce website development,ecommerce website development,10,0,LOW,85,commercial,best,False
ecommerce website development in usa,ecommerce website development,10,0,,,commercial,,False
ecommerce website development software,ecommerce website development,10,1.49,MEDIUM,,commercial,,False
ecommerce website development in hyderabad,ecommerce website development,10,0.64,MEDIUM,,commercial,,False
ecommerce website development tutorial,ecommerce website development,10,0,,50,informational,,False
ecommerce website development platforms,ecommerce website development,10,0,MEDIUM,,commercial,,False
ecommerce website development in indore,ecommerce website development,10,0,LOW,,commercial,,False
ecommerce website development steps,ecommerce website development,10,0,,,informational,,False
ecommerce website development quotation,ecommerce website development,10,0,LOW,,commercial,,False
which technology is best for ecommerce website development,ecommerce website development,10,0,LOW,,informational,best,True
learn ecommerce website development,ecommerce website development,10,0,LOW,,informational,,False
ecommerce website development project plan,ecommerce website development,10,0,,,informational,,False
ecommerce website development surat,ecommerce website development,10,0,LOW,,navigational,,False
best ecommerce website development services in india,ecommerce website development,10,0,,,commercial,best,False
ecommerce website development plan,ecommerce website development,10,0,,,informational,,False
ecommerce website development vancouver,ecommerce website development,10,0,,,commercial,,False
ecommerce website development costs in india,ecommerce website development,10,0,,3,commercial,,False
ecommerce website development in vijayawada,ecommerce website development,10,0,,,commercial,,False
ecommerce website design development hyderabad,ecommerce website development,10,0,,,navigational,,False
affordable ecommerce website development,ecommerce website development,10,0,,,commercial,affordable,False
ecommerce website development tutorial pdf,ecommerce website development,10,0,,,informational,,False
ecommerce website design & development services,ecommerce website development,10,0,LOW,,commercial,,False
ecommerce website development cost in dubai,ecommerce website development,10,0,,,commercial,,False
why is magento best for ecommerce website development,ecommerce website development,10,0,,,informational,best,True
ecommerce website development books,ecommerce website development,10,0,,,informational,,False
ecommerce website development blog,ecommerce website development,10,0,LOW,,informational,,False
ecommerce website development proposal pdf,ecommerce website development,10,0,LOW,,informational,,False
web development ecommerce website,ecommerce website development,10,0,,,commercial,,False
ecommerce website development singapore,ecommerce website development,10,0,LOW,,commercial,,False
top ecommerce website development companies in india,ecommerce website development,10,0,,,commercial,top,False
ecommerce website development houston,ecommerce website development,10,0,,,commercial,,False
best technology for ecommerce website development,ecommerce website development,10,0,,,commercial,best,False
ecommerce website development price in india,ecommerce website development,10,0.32,LOW,,commercial,,False
best platform for ecommerce website development,ecommerce website development,10,0,HIGH,,commercial,best,False
ecommerce website development template,ecommerce website development,10,0,,,informational,,False
ecommerce website development chennai photos,ecommerce website development,10,0,,,navigational,,False
ecommerce website development checklist,ecommerce website development,10,0,LOW,,informational,,False
ecommerce website development tools,ecommerce website development,10,0,LOW,,commercial,,False
ecommerce website development companies in dubai,ecommerce website development,10,0,LOW,,commercial,,False
ecommerce website development solutions,ecommerce website development,10,0,LOW,,commercial,,False
ecommerce website development training,ecommerce website development,10,0,,,commercial,,False
ecommerce website development language,ecommerce website development,10,0,,,informational,,False
questionnaire for ecommerce website development,ecommerce website development,10,0,,,informational,,False
ecommerce website development flowchart,ecommerce website development,10,0,,,informational,,False
free ecommerce website development software,ecommerce website development,10,0,,,commercial,,False
ecommerce website development ernakulam,ecommerce website development,10,0,,,navigational,,False
ecommerce website development bahrain,ecommerce website development,10,0,,,commercial,,False
ecommerce website development guide,ecommerce website development,10,0,LOW,,informational,,False
ecommerce website development cost in delhi,ecommerce website development,10,0,LOW,,commercial,,False
ecommerce website development banner,ecommerce website development,10,0,,,commercial,,False
ecommerce website development in kochi,ecommerce website development,10,0,LOW,44,commercial,,False
ecommerce website and app development,ecommerce website development,10,0,HIGH,,commercial,,False
ecommerce website development agreement,ecommerce website development,10,0,,,informational,,False
best ecommerce website development tool,ecommerce website development,10,0,,,commercial,best,False
ecommerce website development seattle,ecommerce website development,10,0,,,commercial,,False
ecommerce website development cost breakdown,ecommerce website development,10,0,,,commercial,,False
ecommerce website development course,ecommerce website development,10,0.41,MEDIUM,,commercial,,False
ecommerce website development design,ecommerce website development,10,0,,,commercial,,False
best ecommerce website development delhi,ecommerce website development,10,0,,,commercial,best,False
shopify seo agency new york,shopify agency,10,0,HIGH,,commercial,,False
shopify subscription agency,shopify agency,10,0,LOW,,commercial,,False
shopify store design agency,shopify agency,10,0,LOW,,navigational,,False
shopify service agency,shopify agency,10,0,,,navigational,,False
shopify agency in dubai,shopify agency,10,0,LOW,,commercial,,False
shopify agency partner program,shopify agency,10,0,LOW,,commercial,,False
shopify marketing agency in usa,shopify agency,10,0,HIGH,,commercial,,False
shopify agency login,shopify agency,10,0,LOW,,navigational,,False
shopify plus design agency,shopify agency,10,0,LOW,,navigational,,False
shopify advertising agency,shopify agency,10,0,MEDIUM,,commercial,,False
shopify digital agency,shopify agency,10,0,,,commercial,,False
shopify plus web development agency,shopify agency,10,0,,,commercial,,False
digital agency shopify,shopify agency,10,0,,,navigational,,False
shopify seo agency reviews,shopify agency,10,0,,,commercial,,False
shopify agency san diego,shopify agency,10,0,,,navigational,,False
woocommerce to shopify migration agency,shopify agency,10,0,LOW,,commercial,,False
best shopify development agency in india,shopify agency,10,0,LOW,,commercial,best,False
why matters shopify agency,shopify agency,10,0,LOW,,informational,,True
shopify enterprise agency,shopify agency,10,0,LOW,,navigational,,False
shopify experts agency,shopify agency,10,0,LOW,,navigational,,False
shopify travel agency theme,shopify agency,10,0.03,LOW,,navigational,,False
shopify dropshipping agency,shopify agency,10,0,LOW,,navigational,,False
shopify agency template,shopify agency,10,0,LOW,,navigational,,False
shopify plus agency partners,shopify agency,10,0,LOW,,commercial,,False
shopify agency hong kong,shopify agency,10,0,,,navigational,,False
marketing agency for shopify,shopify agency,10,0,,,commercial,,False
shopify b2b agency,shopify agency,10,0,LOW,,navigational,,False
top shopify development agency,shopify agency,10,2.16,HIGH,,navigational,top,False
shopify agency sydney,shopify agency,10,0,,,commercial,,False
shopify agency theme,shopify agency,10,0,,,navigational,,False
kikstart ecom shopify partner agency,shopify agency,10,0,,,commercial,,False
shopify agency brisbane,shopify agency,10,0,,,navigational,,False
shopify ad agency,shopify agency,10,0,MEDIUM,,commercial,,False
shopify agency belfast,shopify agency,10,0,,,navigational,,False
shopify agency liverpool,shopify agency,10,0,,,navigational,,False
shopify app marketing agency,shopify agency,10,0,MEDIUM,,navigational,,False
shopify plus agency coalition,shopify agency,10,0.39,LOW,,navigational,,False
shopify development agency in pune,shopify agency,10,0,LOW,,commercial,,False
crawlapps shopify agency,shopify agency,10,0,,,navigational,,False
shopify theme agency,shopify agency,10,0,LOW,,navigational,,False
shopify agency birmingham,shopify agency,10,0,LOW,,navigational,,False
london shopify agency,shopify agency,10,0,LOW,,navigational,,False
shopify agency europe,shopify agency,10,0,LOW,,navigational,,False
code a shopify plus agency,shopify agency,10,0,,,commercial,,False
full service shopify agency,shopify agency,10,0,LOW,,commercial,,False
shopify automation agency,shopify agency,10,0.67,LOW,,navigational,,False
shopify agency canada,shopify agency,10,1.9,LOW,,commercial,,False
shopify store marketing agency,shopify agency,10,0,,,navigational,,False
shopify seo agency coalition,shopify agency,10,0,,,commercial,,False
shopify management agency,shopify agency,10,0,,,navigational,,False
shopify agency london,shopify agency,10,0,LOW,,commercial,,False
shopify plus migration agency,shopify agency,10,0,LOW,,commercial,,False
shopify agency montreal,shopify agency,10,0,,,commercial,,False
shopify agency leeds,shopify agency,10,0,,,navigational,,False
shopify travel agency,shopify agency,10,0,,,navigational,,False
shopify agency nyc,shopify agency,10,0,LOW,,navigational,,False
shopify agency nz,shopify agency,10,0,,,navigational,,False
shopify development agency near me,shopify agency,10,0,LOW,,navigational,,False
shopify seo agency india,shopify agency,10,0,LOW,,navigational,,False
shopify agency new york,shopify agency,10,0,,,navigational,,False
shopify certified agency,shopify agency,10,0.77,MEDIUM,,navigational,,False
shopify for travel agency,shopify agency,10,0.03,LOW,,navigational,,False
shopify plus partner agency,shopify agency,10,0,LOW,,navigational,,False
shopify agency perth,shopify agency,10,0,,,commercial,,False
shopify agency gold coast,shopify agency,10,0,,,navigational,,False
best shopify marketing agency,shopify agency,10,1,HIGH,,commercial,best,False
shopify agency melbourne,shopify agency,10,0,,,commercial,,False
shopify migration agency,shopify agency,10,0,LOW,,navigational,,False
shopify services agency,shopify agency,10,0.79,MEDIUM,,navigational,,False
shopify agency singapore,shopify agency,10,0,LOW,,navigational,,False
shopify agency us,shopify agency,10,0,,,navigational,,False
shopify agency california,shopify agency,10,0,,,navigational,,False
shopify agency website,shopify agency,10,2.22,LOW,,navigational,,False
shopify agency australia,shopify agency,10,5.38,LOW,,commercial,,False
shopify agency directory,shopify agency,10,0,LOW,,navigational,,False
shopify marketing agency india,shopify agency,10,0,LOW,,navigational,,False
shopify ads agency,shopify agency,10,0,MEDIUM,,commercial,,False
shopify agency bristol,shopify agency,10,0,,,navigational,,False
shopify plus agency london,shopify agency,10,0,LOW,,navigational,,False
shopify speed optimization agency,shopify agency,10,0,LOW,,commercial,,False
shopify agency jobs,shopify agency,10,0.14,MEDIUM,,navigational,,False
shopify agency los angeles,shopify agency,10,0,LOW,,navigational,,False
marketing agency shopify,shopify agency,10,0,,,commercial,,False
shopify agency portugal,shopify agency,10,0,,,navigational,,False
shopify development agency dubai,shopify agency,10,0,LOW,,commercial,,False
shopify plus web design agency,shopify agency,10,0,LOW,,commercial,,False
shopify mobile app development agency,shopify agency,10,0,LOW,,commercial,,False
charle shopify agency,shopify agency,10,0,LOW,,navigational,,False
shopify agency account,shopify agency,10,0,LOW,,navigational,,False
shopify agency manchester,shopify agency,10,0,LOW,,navigational,,False
shopify agency dubai,shopify agency,10,0,LOW,,commercial,,False
magento to shopify migration agency,shopify agency,10,0,LOW,,commercial,,False
shopify growth agency,shopify agency,10,0,LOW,,commercial,,False
shoptrade shopify plus agency,shopify agency,10,0,,,navigational,,False
radiant shopify agency,shopify agency,10,0,LOW,,navigational,,False
shopify white label agency,shopify agency,10,0,LOW,,navigational,,False
top shopify development agency in india,shopify agency,10,0,LOW,,commercial,top,False
lazer shopify agency,shopify agency,10,0,,,commercial,,False
shopify marketing agency in india,shopify agency,10,1.41,HIGH,,navigational,,False
shopify development agency reviews,shopify agency,10,0,LOW,,informational,,False
shopify theme development agency,shopify agency,10,0,LOW,,navigational,,False
top shopify agency,shopify agency,10,0,LOW,,navigational,top,False
travel agency shopify,shopify agency,10,0,,,navigational,,False
expert shopify zee agency,shopify agency,10,0,,54,navigational,,False
shopify website building agency,shopify agency,10,0,,,navigational,,False
shopify hydrogen agency,shopify agency,10,0,LOW,,navigational,,False
shopify email marketing agency,shopify agency,10,0,,,commercial,,False
domaine shopify agency,shopify agency,10,0,LOW,,commercial,,False
shopify plus agency uk,shopify agency,10,0,LOW,,navigational,,False
experts shopify zee agency,shopify agency,10,0,,54,navigational,,False
tomorrow shopify agency,shopify agency,10,0,LOW,,navigational,,False
shopify support agency,shopify agency,10,0,MEDIUM,,navigational,,False
shopify app agency,shopify agency,10,0,LOW,,navigational,,False
shopify agency toronto,shopify agency,10,0,,,commercial,,False
code shopify agency,shopify agency,10,0,LOW,,commercial,,False
top shopify plus agency,shopify agency,10,0,,,navigational,top,False
digital marketing agency shopify theme,shopify agency,10,0,LOW,,navigational,,False
shopify store agency,shopify agency,10,0,LOW,,navigational,,False
shopify branding agency,shopify agency,10,0,,,navigational,,False
seo agency shopify,shopify agency,10,0,,20,commercial,,False
shopify development company in london,shopify development company,10,3.42,LOW,,commercial,,False
shopify development company in california,shopify development company,10,0,LOW,,commercial,,False
best shopify app development company,shopify development company,10,0,,,commercial,best,False
top shopify app development company,shopify development company,10,0,LOW,,informational,top,False
shopify development company noida,shopify development company,10,0,LOW,,commercial,,False
top 10 shopify development company,shopify development company,10,0,,,commercial,top 10,False
shopify marketplace development company,shopify development company,10,0,LOW,,commercial,,False
shopify app development company india,shopify development company,10,0,,,navigational,,False
best shopify development company in chennai,shopify development company,10,0,LOW,,commercial,best,False
shopify development company uk,shopify development company,10,2.03,HIGH,,navigational,,False
shopify development company delhi,shopify development company,10,0,LOW,,navigational,,False
shopify partner development program,shopify development partner,10,0,,,navigational,,False
shopify partner development store,shopify development partner,10,0,LOW,,navigational,,False
woocommerce development company usa,woocommerce development company,10,0,HIGH,,commercial,,False
woocommerce development company in usa,woocommerce development company,10,0,LOW,,commercial,,False
woocommerce development company in dubai,woocommerce development company,10,0,LOW,,commercial,,False
woocommerce development company india,woocommerce development company,10,3.65,LOW,44,navigational,,False
woocommerce plugin development company,woocommerce development company,10,0,LOW,,commercial,,False
top woocommerce development company,woocommerce development company,10,0,LOW,,commercial,top,False
woocommerce development company in bangalore,woocommerce development company,10,0,LOW,,commercial,,False
best woocommerce development company,woocommerce development company,10,0,,,commercial,best,False
woocommerce for travel agency,woocommerce agency,10,0,,,commercial,,False
woocommerce travel agency plugin,woocommerce agency,10,0,,,commercial,,False
woocommerce web design agency,woocommerce agency,10,0,LOW,,commercial,,False
woocommerce web development agency,woocommerce agency,10,0,LOW,,commercial,,False
woocommerce website development agency,woocommerce agency,10,0,LOW,,commercial,,False
woocommerce development agency india,woocommerce agency,10,0,,,navigational,,False
woocommerce travel agency,woocommerce agency,10,0,,,commercial,,False
woocommerce development agency uk,woocommerce agency,10,0,MEDIUM,,commercial,,False
woocommerce web agency,woocommerce agency,10,3.32,MEDIUM,,commercial,,False
woocommerce agency london,woocommerce agency,10,0,,,commercial,,False
woocommerce agency uk,woocommerce agency,10,3.8,HIGH,,commercial,,False
upwork woocommerce developer,woocommerce developer,10,0,LOW,,commercial,,False
woocommerce developer course,woocommerce developer,10,0,LOW,,commercial,,False
wordpress woocommerce developer,woocommerce developer,10,0,HIGH,,commercial,,False
woocommerce subscriptions developer docs,woocommerce developer,10,0,,,navigational,,False
woocommerce developer api,woocommerce developer,10,0,LOW,,informational,,False
woocommerce plugin developer,woocommerce developer,10,0,LOW,73,commercial,,False
freelance woocommerce developer,woocommerce developer,10,0,LOW,,commercial,,False
woocommerce developer account,woocommerce developer,10,0,LOW,,navigational,,False
hire woocommerce developer in india,woocommerce developer,10,0,LOW,,transactional,,False
woocommerce developer docs,woocommerce developer,10,0,LOW,,navigational,,False
woocommerce theme developer,woocommerce developer,10,0,,59,commercial,,False
woocommerce developer india,woocommerce developer,10,0,LOW,,commercial,,False
woocommerce developer guide,woocommerce developer,10,0,LOW,,informational,,False
woocommerce certified developer,woocommerce developer,10,0,,,informational,,False
woocommerce developer jobs,woocommerce developer,10,0,LOW,,informational,,False
woocommerce developer handbook,woocommerce developer,10,0,LOW,,informational,,False
woocommerce developer blog,woocommerce developer,10,0,LOW,,informational,,False
woocommerce developer near me,woocommerce developer,10,0,,,commercial,,False
woocommerce developer tutorial,woocommerce developer,10,0,,,informational,,False
woocommerce wordpress developer,woocommerce developer,10,0,HIGH,,commercial,,False
woocommerce developer uk,woocommerce developer,10,0,,,commercial,,False
woocommerce developer toronto,woocommerce developer,10,0,,,commercial,,False
woocommerce expert developer,woocommerce developer,10,0,,,commercial,,False
woocommerce web developer,woocommerce developer,10,0,LOW,51,commercial,,False
woocommerce developer brisbane,woocommerce developer,10,0,,,commercial,,False
woocommerce developer job description,woocommerce developer,10,0,,,informational,,False
woocommerce developer melbourne,woocommerce developer,10,0,,,commercial,,False
woocommerce developer salary,woocommerce developer,10,0,LOW,,informational,,False
ceymox magento development company,magento development company,10,0,,,navigational,,False
magento website development company in dubai,magento development company,10,0,,,commercial,,False
magento development company in bangalore,magento development company,10,0,LOW,46,commercial,,False
best magento development company in usa,magento development company,10,0,LOW,,commercial,best,False
magento development company in new york,magento development company,10,3.74,HIGH,,commercial,,False
magento development company dubai,magento development company,10,0,,,commercial,,False
magento development company bangalore,magento development company,10,0,LOW,46,commercial,,False
magento development company chennai,magento development company,10,0,,,navigational,,False
magento development company in mumbai,magento development company,10,0,LOW,,commercial,,False
webnstack top magento development company,magento development company,10,0,,,commercial,top,False
magento development company in lucknow,magento development company,10,0,LOW,,navigational,,False
magento development company in dubai,magento development company,10,0,,,commercial,,False
magento web development company india,magento development company,10,0,LOW,,navigational,,False
magento shopping cart development company in bangalore,magento development company,10,0,LOW,,commercial,,False
magento website development company in bangalore,magento development company,10,0,LOW,,commercial,,False
codilar magento development company india,magento development company,10,0,,,navigational,,False
magento website development company in delhi,magento development company,10,0,LOW,,commercial,,False
magento development company in gurgaon,magento development company,10,1.78,MEDIUM,,navigational,,False
magento website development company india,magento development company,10,0,LOW,,navigational,,False
magento development company in uae,magento development company,10,0,,,commercial,,False
magento web development company in chennai,magento development company,10,0,MEDIUM,,commercial,,False
custom magento development company,magento development company,10,0,LOW,,commercial,,False
magento 2 hyvä theme development company,magento development company,10,0,,,commercial,,False
magento development company in coimbatore,magento development company,10,0,,,navigational,,False
magento 2 development company in india,magento development company,10,0,LOW,,commercial,,False
magento development company in noida,magento development company,10,0,LOW,,navigational,,False
magento development company in chennai,magento development company,10,0,,,commercial,,False
magento website development company in usa,magento development company,10,0,LOW,,commercial,,False
top magento development company in india,magento development company,10,0,LOW,,commercial,top,False
magento web development company in india,magento development company,10,0,,,commercial,,False
magento hyvä theme development company,magento development company,10,0,,,commercial,,False
magento theme development company,magento development company,10,0,,,navigational,,False
magento development company in canada,magento development company,10,0,,,commercial,,False
magento 2 extension development company,magento development company,10,0,,,navigational,,False
magento extension development company,magento development company,10,0,LOW,,navigational,,False
magento development company in kolkata,magento development company,10,0,,,navigational,,False
best magento development company india,magento development company,10,0,,,commercial,best,False
magento web development company in bangalore,magento development company,10,0,LOW,,commercial,,False
magento development company new york,magento development company,10,3.74,HIGH,,commercial,,False
magento website development company in india,magento development company,10,0,LOW,,commercial,,False
magento 2 development company india,magento development company,10,0,LOW,,navigational,,False
best magento development company in bangalore,magento development company,10,0,LOW,,commercial,best,False
best magento development company in ahmedabad,magento development company,10,0,,,commercial,best,False
magento digital agency,magento agency,10,0,,,commercial,,False
web agency magento,magento agency,10,0,LOW,,commercial,,False
magento website development agency,magento agency,10,0,LOW,,commercial,,False
magento agency manchester,magento agency,10,0,,,navigational,,False
magento design agency,magento agency,10,0,,,navigational,,False
magento 2 agency,magento agency,10,0,MEDIUM,,navigational,,False
magento marketing agency,magento agency,10,0,,,commercial,,False
best magento agency,magento agency,10,0,LOW,,commercial,best,False
magento agency melbourne,magento agency,10,0,LOW,,commercial,,False
magento agency usa,magento agency,10,0,LOW,,navigational,,False
magento support agency,magento agency,10,0,,,navigational,,False
magento web design agency,magento agency,10,0,,,commercial,,False
magento development agency london,magento agency,10,0,HIGH,,commercial,,False
magento agency sydney,magento agency,10,0,LOW,,commercial,,False
magento agency partners,magento agency,10,0,,,navigational,,False
magento agency in uk,magento agency,10,5.82,HIGH,,commercial,,False
magento developer agency,magento agency,10,0,LOW,56,commercial,,False
magento agency india,magento agency,10,0,,,navigational,,False
london magento agency,magento agency,10,30.21,MEDIUM,,navigational,,False
magento agency ireland,magento agency,10,0,,,navigational,,False
magento agency australia,magento agency,10,0,,,commercial,,False
magento agency london,magento agency,10,30.21,MEDIUM,,commercial,,False
white label magento agency,magento agency,10,0,,,commercial,,False
magento agency in london,magento agency,10,30.21,MEDIUM,,commercial,,False
magento migration agency,magento agency,10,0,MEDIUM,,commercial,,False
magento web agency,magento agency,10,0,LOW,,commercial,,False
magento website agency,magento agency,10,0,LOW,,commercial,,False
magento agency birmingham,magento agency,10,0,,,navigational,,False
top magento agency,magento agency,10,0,LOW,,commercial,top,False
magento agency uk,magento agency,10,5.91,MEDIUM,,commercial,,False
magento agency glasgow,magento agency,10,0,,,navigational,,False
magento agency leeds,magento agency,10,0,,,navigational,,False
magento partner agency,magento agency,10,0,,,commercial,,False
manchester magento agency,magento agency,10,0,,,navigational,,False
magento agency new york,magento agency,10,0,,,navigational,,False
headless magento development services,magento development services,10,0,LOW,,navigational,,False
magento development services usa,magento development services,10,0,LOW,,commercial,,False
magento theme development services,magento development services,10,0,LOW,,commercial,,False
magento 2 pwa development services,magento development services,10,0,LOW,,navigational,,False
magento custom development services,magento development services,10,0,LOW,,commercial,,False
magento development services in usa,magento development services,10,0,,,commercial,,False
magento extension development services,magento development services,10,0,LOW,,commercial,,False
magento store development services,magento development services,10,0,LOW,,commercial,,False
magento pwa development services,magento development services,10,0,LOW,,commercial,,False
affordable magento development services,magento development services,10,0,,,commercial,affordable,False
magento web development services india,magento development services,10,0,LOW,,commercial,,False
magento ecommerce development services india,magento development services,10,0,LOW,,commercial,,False
magento development services india,magento development services,10,0,LOW,,commercial,,False
magento development services uk,magento development services,10,0,,,commercial,,False
bigcommerce development company in india,bigcommerce development company,10,0,LOW,,navigational,,False
bigcommerce development company in st louis,bigcommerce development company,10,0,LOW,,navigational,,False
bigcommerce agency,bigcommerce agency,10,0,LOW,,commercial,,False
bigcommerce agency partners,bigcommerce agency,10,0.38,LOW,,navigational,,False
headless commerce agency,headless commerce agency,10,0,LOW,,navigational,,False
customized b2b ecommerce development services,b2b ecommerce development,10,0,,,commercial,,False
b2b ecommerce software development,b2b ecommerce development,10,0,LOW,,commercial,,False
b2b ecommerce platform development,b2b ecommerce development,10,0,LOW,,commercial,,False
ecommerce website seo company,ecommerce seo company,10,0,,,commercial,,False
ecommerce seo company in singapore,ecommerce seo company,10,0,HIGH,,commercial,,False
seo company for ecommerce,ecommerce seo company,10,0,LOW,19,commercial,,False
ecommerce seo services company,ecommerce seo company,10,0,LOW,,commercial,,False
ecommerce seo company uk,ecommerce seo company,10,0,,,commercial,,False
ecommerce seo company delhi,ecommerce seo company,10,0,LOW,,commercial,,False
ecommerce seo company melbourne,ecommerce seo company,10,0,,,commercial,,False
ecommerce seo company in bangalore,ecommerce seo company,10,0,,,commercial,,False
ai based e-commerce platform,ai commerce platform,10,3.43,MEDIUM,,commercial,,False
ai based e commerce platform,ai commerce platform,10,3.43,MEDIUM,,commercial,,False
amazon marketplace agency,amazon marketplace agency,10,0.99,MEDIUM,,navigational,,False
ecommerce website design company dubai,ecommerce website design company,10,0,,,commercial,,False
ecommerce website design company near me,ecommerce website design company,10,0,,,commercial,,False
ecommerce website design company in hyderabad,ecommerce website design company,10,0,LOW,,commercial,,False
ecommerce website design company gurgaon,ecommerce website design company,10,1.39,LOW,,navigational,,False
ecommerce website design company in mumbai,ecommerce website design company,10,0,LOW,,commercial,,False
best ecommerce website design company in chennai,ecommerce website design company,10,0,,,commercial,best,False
ecommerce website design company usa,ecommerce website design company,10,0,,,commercial,,False
ecommerce website design company mumbai,ecommerce website design company,10,0,,,navigational,,False
ecommerce website design company noida,ecommerce website design company,10,0,,,navigational,,False
best ecommerce website design company in india,ecommerce website design company,10,0,LOW,,commercial,best,False
ecommerce website design company uk,ecommerce website design company,10,0,,,commercial,,False
ecommerce website design company lucknow,ecommerce website design company,10,0,LOW,,navigational,,False
ecommerce website design company in thane,ecommerce website design company,10,0,LOW,,commercial,,False
ecommerce website design company delhi,ecommerce website design company,10,0,LOW,63,commercial,,False
ecommerce website design company coimbatore,ecommerce website design company,10,0,,,navigational,,False
ecommerce website design company ahmedabad,ecommerce website design company,10,0,LOW,,navigational,,False
