keyword,seed,search_volume,cpc,competition,difficulty,intent,superlative,is_question
shopify development partner,shopify development partner,14800,27.47,LOW,36,commercial,,False
ecommerce agency,ecommerce agency,2400,106.43,LOW,34,commercial,,False
agency ecommerce,ecommerce agency,2400,106.43,LOW,34,commercial,,False
design web ecommerce,ecommerce web design,1900,18.15,LOW,50,commercial,,False
ecommerce and web design,ecommerce web design,1900,18.15,LOW,31,commercial,,False
ecommerce web design,ecommerce web design,1900,18.15,LOW,20,commercial,,False
ecommerce web page design,ecommerce web design,1900,18.15,LOW,48,commercial,,False
web design and ecommerce,ecommerce web design,1900,18.15,LOW,31,commercial,,False
web design ecommerce,ecommerce web design,1900,18.15,LOW,20,commercial,,False
web design with ecommerce,ecommerce web design,1900,18.15,LOW,62,commercial,,False
web design for ecommerce site,ecommerce web design,1900,18.15,LOW,54,commercial,,False
web ecommerce design,ecommerce web design,1900,18.15,LOW,45,commercial,,False
web design for ecommerce website,ecommerce web design,1900,18.15,LOW,60,commercial,,False
web design for ecommerce,ecommerce web design,1900,18.15,LOW,20,commercial,,False
shopify agency,shopify agency,1600,31.66,LOW,58,navigational,,False
website ecommerce development,ecommerce website development,1300,54.58,LOW,31,commercial,,False
ecommerce development website,ecommerce website development,1300,54.58,LOW,42,commercial,,False
website development ecommerce,ecommerce website development,1300,54.58,LOW,38,commercial,,False
ecommerce website development,ecommerce website development,1300,54.58,LOW,31,commercial,,False
development ecommerce website,ecommerce website development,1300,54.58,LOW,37,commercial,,False
shopify seo agency,shopify agency,1300,34.66,LOW,0,commercial,,False
ecommerce seo agency,ecommerce agency,1000,43.26,LOW,3,commercial,,False
ecommerce web design templates,ecommerce web design,1000,11.06,MEDIUM,3,commercial,,False
ecommerce web design template,ecommerce web design,1000,11.06,MEDIUM,6,informational,,False
ecommerce seo company,ecommerce seo company,1000,43.26,LOW,18,commercial,,False
ecommerce marketing agency,ecommerce agency,880,67.14,LOW,15,commercial,,False
ecommerce development company,ecommerce development company,880,54.45,LOW,5,commercial,,False
ecommerce-development company,ecommerce development company,880,54.45,LOW,59,commercial,,False
ecommerce app development company,ecommerce development company,720,29.5,LOW,12,commercial,,False
ecommerce mobile app development company,ecommerce development company,720,29.5,LOW,15,commercial,,False
shopify ecommerce web design,ecommerce web design,720,0,LOW,44,navigational,,False
shopify web development company,shopify development company,720,36.19,LOW,59,commercial,,False
shopify website development company,shopify development company,720,36.19,LOW,56,navigational,,False
shopify development company,shopify development company,720,26.6,LOW,26,commercial,,False
magento development services,magento development services,720,0,LOW,6,commercial,,False
shopify ecommerce website development,ecommerce website development,590,162.42,LOW,20,navigational,,False
ad agency ecommerce,ecommerce agency,480,124.25,LOW,14,commercial,,False
ecommerce advertising agency,ecommerce agency,480,124.25,LOW,7,commercial,,False
ecommerce ad agency,ecommerce agency,480,124.25,LOW,4,commercial,,False
shopify ecommerce development company,ecommerce development company,480,0,LOW,22,commercial,,False
ecommerce web design firm,ecommerce web design,480,41.74,LOW,46,commercial,,False
web design company ecommerce,ecommerce web design,480,41.74,LOW,24,commercial,,False
ecommerce web design firms,ecommerce web design,480,41.74,LOW,28,commercial,,False
ecommerce web design companies,ecommerce web design,480,41.74,LOW,32,commercial,,False
ecommerce web design company,ecommerce web design,480,41.74,LOW,45,commercial,,False
ecommerce website development service,ecommerce website development,480,25.02,LOW,29,commercial,,False
shopify plus agency,shopify agency,480,14.1,LOW,0,navigational,,False
shopify development agency,shopify agency,480,31.59,LOW,32,navigational,,False
shopify dev agency,shopify agency,480,31.59,LOW,32,navigational,,False
magento development company,magento development company,480,27.89,LOW,29,commercial,,False
magento development agency,magento agency,480,37.42,LOW,9,navigational,,False
ecommerce website design company,ecommerce website design company,480,41.74,LOW,32,commercial,,False
ecommerce digital marketing agency,ecommerce agency,390,269.81,LOW,4,commercial,,False
digital marketing agency ecommerce,ecommerce agency,390,269.81,LOW,12,commercial,,False
ecommerce web design development company,ecommerce development company,390,0,LOW,19,commercial,,False
ecommerce website design and development company,ecommerce development company,390,0,LOW,37,commercial,,False
ecommerce website development company,ecommerce development company,390,0,LOW,19,commercial,,False
ecommerce web design service,ecommerce web design,390,29.29,LOW,55,commercial,,False
ecommerce web design services,ecommerce web design,390,16.24,LOW,12,commercial,,False
developer woocommerce,woocommerce developer,390,57.64,LOW,57,commercial,,False
woocommerce developer,woocommerce developer,390,57.64,LOW,57,commercial,,False
ecommerce website design agency,ecommerce agency,320,6.77,LOW,26,commercial,,False
ecommerce agency near me,ecommerce agency,320,16.48,LOW,0,navigational,,False
ecommerce website designing agency,ecommerce agency,320,6.77,LOW,41,commercial,,False
ecommerce web design agency,ecommerce agency,320,6.77,LOW,35,commercial,,False
ecommerce marketing agency usa,ecommerce agency,320,0,LOW,8,commercial,,False
ecommerce software development company,ecommerce development company,320,0,LOW,7,commercial,,False
ecommerce web development company,ecommerce development company,320,13.06,LOW,38,commercial,,False
best web ecommerce design,ecommerce web design,320,6.3,LOW,25,commercial,best,False
ecommerce web design agencies,ecommerce web design,320,6.77,LOW,22,commercial,,False
best web design ecommerce,ecommerce web design,320,6.3,LOW,30,commercial,best,False
best web design for ecommerce,ecommerce web design,320,6.3,LOW,20,commercial,best,False
top ecommerce web design,ecommerce web design,320,6.3,LOW,23,commercial,top,False
best ecommerce web design,ecommerce web design,320,6.3,LOW,9,commercial,best,False
shopify web design agency,shopify agency,320,25.58,LOW,40,commercial,,False
shopify website design agency,shopify agency,320,25.58,LOW,51,navigational,,False
best ecommerce seo company,ecommerce seo company,320,0,LOW,10,commercial,best,False
best seo company for ecommerce,ecommerce seo company,320,0,LOW,39,commercial,best,False
ai powered e commerce platform,ai commerce platform,320,0,LOW,29,commercial,,False
ecommerce development agency,ecommerce agency,260,8.47,LOW,38,commercial,,False
ppc agency for ecommerce,ecommerce agency,260,79.93,LOW,2,commercial,,False
seo agency for ecommerce,ecommerce agency,260,0,LOW,5,commercial,,False
ppc ecommerce agency,ecommerce agency,260,79.93,LOW,22,commercial,,False
ecommerce web development agency,ecommerce agency,260,3.11,LOW,44,commercial,,False
ecommerce website development agency,ecommerce agency,260,3.11,LOW,32,commercial,,False
ecommerce ppc agency,ecommerce agency,260,79.93,LOW,5,commercial,,False
free ecommerce web design templates,ecommerce web design,260,8.54,LOW,11,informational,,False
custom ecommerce website development,ecommerce website development,260,0,LOW,30,commercial,,False
ecommerce website development services,ecommerce website development,260,3.52,LOW,27,commercial,,False
woocommerce development company,woocommerce development company,260,82.41,LOW,41,commercial,,False
ecommerce consulting company,ecommerce consulting company,260,15.44,LOW,23,commercial,,False
shopify marketing agency,shopify agency,210,81.52,LOW,0,commercial,,False
shopify app development company,shopify development company,210,45.2,LOW,34,navigational,,False
custom magento development services,magento development services,210,0,LOW,22,commercial,,False
best ecommerce seo agency,ecommerce agency,170,0,LOW,25,commercial,best,False
b2b ecommerce agency,ecommerce agency,170,29.12,MEDIUM,1,commercial,,False
ecommerce email marketing agency,ecommerce agency,170,49.57,LOW,17,commercial,,False
ecommerce development company usa,ecommerce development company,170,12.41,LOW,16,commercial,,False
ecommerce development company in usa,ecommerce development company,170,12.41,LOW,42,commercial,,False
shopify plus development agency,shopify agency,170,0,LOW,0,navigational,,False
shopify plus development company,shopify development company,170,0,LOW,10,navigational,,False
hire woocommerce developer,woocommerce developer,170,5.61,LOW,15,commercial,,False
hire a woocommerce developer,woocommerce developer,170,5.61,LOW,12,commercial,,False
magento 2 development services,magento development services,170,0,LOW,21,navigational,,False
london ecommerce agency,ecommerce agency,140,0,MEDIUM,26,commercial,,False
ecommerce digital agency,ecommerce agency,140,56.25,LOW,17,commercial,,False
ecommerce agency london,ecommerce agency,140,0,MEDIUM,25,commercial,,False
digital marketing agency for ecommerce,ecommerce agency,140,435.06,LOW,14,commercial,,False
digital agency ecommerce,ecommerce agency,140,56.25,LOW,62,commercial,,False
digital agency for ecommerce,ecommerce agency,140,56.25,LOW,14,commercial,,False
ecommerce development company india,ecommerce development company,140,0,LOW,14,commercial,,False
custom ecommerce development company,ecommerce development company,140,0,LOW,5,commercial,,False
ecommerce web development company in india,ecommerce development company,140,0,LOW,42,commercial,,False
ecommerce development company in india,ecommerce development company,140,0,LOW,28,commercial,,False
ecommerce website development company india,ecommerce development company,140,0,LOW,13,commercial,,False
magento ecommerce development company,ecommerce development company,140,0,LOW,29,commercial,,False
ecommerce website development company in india,ecommerce development company,140,0,LOW,11,commercial,,False
ecommerce web design solution,ecommerce web design,140,0,LOW,40,commercial,,False
ecommerce web design and development,ecommerce web design,140,0,LOW,12,commercial,,False
custom ecommerce web design,ecommerce web design,140,0,LOW,37,commercial,,False
ecommerce web design solutions,ecommerce web design,140,0,LOW,32,commercial,,False
design development ecommerce site web,ecommerce web design,140,0,LOW,12,commercial,,False
ecommerce web design & development,ecommerce web design,140,0,LOW,13,commercial,,False
ecommerce website design development,ecommerce website development,140,0,LOW,33,commercial,,False
ecommerce website development india,ecommerce website development,140,0,LOW,20,commercial,,False
ecommerce website design and development,ecommerce website development,140,0,LOW,15,commercial,,False
ecommerce website development services india,ecommerce website development,140,0,LOW,28,commercial,,False
ecommerce website development services in india,ecommerce website development,140,0,LOW,10,commercial,,False
magento ecommerce website development,ecommerce website development,140,0,LOW,36,commercial,,False
ecommerce website development in india,ecommerce website development,140,0,LOW,13,commercial,,False
ecommerce website design & development,ecommerce website development,140,0,LOW,33,commercial,,False
b2b ecommerce website development,ecommerce website development,140,0,LOW,0,commercial,,False
shopify agency los angeles,shopify agency,140,21.53,LOW,0,navigational,,False
shopify web development agency,shopify agency,140,15.93,LOW,51,navigational,,False
shopify design agency,shopify agency,140,13.52,LOW,51,navigational,,False
shopify agency partners,shopify agency,140,30.23,LOW,25,navigational,,False
shopify website development agency,shopify agency,140,15.93,LOW,36,navigational,,False
woocommerce agency,woocommerce agency,140,106.01,MEDIUM,16,commercial,,False
magento agency,magento agency,140,0,LOW,31,navigational,,False
magento seo agency,magento agency,140,0,LOW,0,commercial,,False
magento web development services,magento development services,140,0,LOW,18,commercial,,False
magento e-commerce development services,magento development services,140,72.32,LOW,12,commercial,,False
magento ecommerce development services,magento development services,140,72.32,LOW,13,commercial,,False
bigcommerce development company,bigcommerce development company,140,0,LOW,20,commercial,,False
bigcommerce web development company,bigcommerce development company,140,0,LOW,31,commercial,,False
b2b ecommerce web development,b2b ecommerce development,140,0,LOW,0,commercial,,False
seo agency ecommerce,ecommerce agency,110,0,LOW,4,commercial,,False
full-service ecommerce agency,ecommerce agency,110,18.56,LOW,0,commercial,,False
ecommerce conversion rate optimisation agency,ecommerce agency,110,0,LOW,25,commercial,,False
full service ecommerce agency,ecommerce agency,110,18.56,LOW,0,commercial,,False
shopify ecommerce agency,ecommerce agency,110,0,LOW,38,commercial,,False
top ecommerce development company,ecommerce development company,110,34.32,LOW,0,commercial,top,False
cost for ecommerce website development,ecommerce website development,110,0,LOW,17,commercial,,False
ecommerce website development price,ecommerce website development,110,0,LOW,18,commercial,,False
ecommerce website development pricing,ecommerce website development,110,0,LOW,24,commercial,,False
cost of ecommerce website development,ecommerce website development,110,0,LOW,17,commercial,,False
ecommerce website development cost,ecommerce website development,110,0,LOW,24,commercial,,False
shopify web agency,shopify agency,110,30.11,LOW,51,commercial,,False
shopify agency london,shopify agency,110,19.57,HIGH,31,commercial,,False
shopify website agency,shopify agency,110,30.11,LOW,85,navigational,,False
shopify app development agency,shopify agency,110,0,LOW,22,navigational,,False
woocommerce development agency,woocommerce agency,110,69.53,LOW,11,commercial,,False
magento web development company,magento development company,110,0,LOW,28,commercial,,False
magento 2 development company,magento development company,110,0,LOW,28,navigational,,False
magento website development services,magento development services,110,0,LOW,18,commercial,,False
bigcommerce seo agency,bigcommerce agency,110,0,LOW,11,commercial,,False
ecommerce growth agency,ecommerce agency,90,116.5,LOW,0,commercial,,False
web agency ecommerce,ecommerce agency,90,27.91,LOW,13,commercial,,False
ecommerce design agency,ecommerce agency,90,30.25,LOW,20,commercial,,False
ecommerce website agency,ecommerce agency,90,27.91,LOW,19,commercial,,False
ecommerce application development company,ecommerce development company,90,0,LOW,10,commercial,,False
ecommerce website development proposal,ecommerce website development,90,0,LOW,0,informational,,False
shopify expert agency,shopify agency,90,0,LOW,6,navigational,,False
bigcommerce development agency,bigcommerce agency,90,20.12,LOW,18,navigational,,False
b2b ecommerce development services,b2b ecommerce development,90,0,LOW,0,commercial,,False
ecommerce magento development agency,ecommerce agency,70,0,LOW,11,commercial,,False
best ecommerce agency,ecommerce agency,70,178.14,LOW,0,commercial,best,False
ecommerce marketing agency australia,ecommerce agency,70,0,,0,commercial,,False
ecommerce photography agency,ecommerce agency,70,7.75,LOW,6,commercial,,False
ecommerce web agency,ecommerce agency,70,0,LOW,20,commercial,,False
b2b ecommerce agency coalition,ecommerce agency,70,12.24,HIGH,2,commercial,,False
email marketing agency for ecommerce,ecommerce agency,70,99.69,LOW,17,commercial,,False
top ecommerce agency,ecommerce agency,70,0,LOW,2,commercial,top,False
magento ecommerce development agency,ecommerce agency,70,0,LOW,21,commercial,,False
magento ecommerce agency,ecommerce agency,70,0,LOW,3,commercial,,False
ecommerce consulting agency,ecommerce agency,70,26.85,LOW,26,commercial,,False
ecommerce ppc management agency,ecommerce agency,70,0,,4,commercial,,False
b2b ecommerce development agency,ecommerce agency,70,0,MEDIUM,0,commercial,,False
luxury ecommerce agency,ecommerce agency,70,0,LOW,11,commercial,,False
ecommerce web design templates free download,ecommerce web design,70,5.64,LOW,25,informational,,False
b2b ecommerce web design,ecommerce web design,70,0,LOW,0,commercial,,False
ecommerce web design vancouver,ecommerce web design,70,0,LOW,3,commercial,,False
web design inspiration ecommerce,ecommerce web design,70,8.59,MEDIUM,10,informational,,False
web design ecommerce inspiration,ecommerce web design,70,8.59,MEDIUM,10,informational,,False
vancouver ecommerce web design,ecommerce web design,70,0,LOW,0,commercial,,False
ecommerce website development companies,ecommerce website development,70,10.82,LOW,32,commercial,,False
custom ecommerce website development services,ecommerce website development,70,0,LOW,27,commercial,,False
best shopify agency,shopify agency,70,22.18,LOW,5,commercial,best,False
headless shopify agency,shopify agency,70,0,LOW,0,navigational,,False
shopify development agency usa,shopify agency,70,14.28,LOW,26,navigational,,False
shopify partner agency,shopify agency,70,129.76,LOW,42,navigational,,False
shopify agency near me,shopify agency,70,0,LOW,4,navigational,,False
shopify migration agency,shopify agency,70,0,LOW,0,navigational,,False
shopify development company india,shopify development company,70,0,LOW,0,navigational,,False
shopify development company in india,shopify development company,70,0,LOW,14,commercial,,False
woocommerce web development company,woocommerce development company,70,0,LOW,40,commercial,,False
woocommerce website development company,woocommerce development company,70,0,LOW,33,commercial,,False
woocommerce seo agency,woocommerce agency,70,0,LOW,0,commercial,,False
top magento development company,magento development company,70,0,LOW,10,commercial,top,False
magento website development company,magento development company,70,0,LOW,19,commercial,,False
london magento agency,magento agency,70,0,LOW,0,navigational,,False
magento agency in london,magento agency,70,0,LOW,32,commercial,,False
magento 2 development agency,magento agency,70,0,LOW,19,navigational,,False
magento agency london,magento agency,70,0,LOW,0,commercial,,False
bigcommerce agency,bigcommerce agency,70,34.2,LOW,26,commercial,,False
b2b ecommerce development,b2b ecommerce development,70,28.93,LOW,0,commercial,,False
seo company for ecommerce,ecommerce seo company,70,0,LOW,1,commercial,,False
ecommerce seo services company,ecommerce seo company,70,0,LOW,8,commercial,,False
ai e commerce platform,ai commerce platform,70,17.64,LOW,58,commercial,,False
ai e-commerce platform,ai commerce platform,70,17.64,LOW,53,commercial,,False
ecommerce agency manchester,ecommerce agency,50,0,,0,commercial,,False
ecommerce agency australia,ecommerce agency,50,0,MEDIUM,3,commercial,,False
best seo agency for ecommerce,ecommerce agency,50,0,LOW,29,commercial,best,False
ecommerce agency china,ecommerce agency,50,0,LOW,9,commercial,,False
amazon ecommerce agency,ecommerce agency,50,55.12,MEDIUM,15,navigational,,False
shopify plus ecommerce agency,ecommerce agency,50,0,LOW,0,commercial,,False
wordpress ecommerce agency,ecommerce agency,50,0,,6,commercial,,False
ecommerce conversion rate optimization agency,ecommerce agency,50,0,LOW,18,commercial,,False
best digital marketing agency for ecommerce,ecommerce agency,50,570.08,LOW,12,commercial,best,False
seo ecommerce agency,ecommerce agency,50,0,LOW,4,commercial,,False
ecommerce agency los angeles,ecommerce agency,50,2.67,LOW,0,commercial,,False
china ecommerce agency,ecommerce agency,50,0,LOW,7,commercial,,False
best ecommerce development company,ecommerce development company,50,0,LOW,15,commercial,best,False
ecommerce web development company usa,ecommerce development company,50,0,LOW,23,commercial,,False
ecommerce website development company in usa,ecommerce development company,50,0,LOW,12,commercial,,False
ecommerce development company uk,ecommerce development company,50,0,LOW,7,commercial,,False
ecommerce store development company,ecommerce development company,50,0,LOW,37,commercial,,False
ecommerce website development company usa,ecommerce development company,50,0,LOW,42,commercial,,False
custom ecommerce web design services,ecommerce web design,50,0,LOW,10,commercial,,False
ecommerce web design los angeles,ecommerce web design,50,15.15,LOW,10,commercial,,False
ecommerce web design nyc,ecommerce web design,50,0,LOW,2,commercial,,False
ecommerce web design cost,ecommerce web design,50,0,LOW,25,commercial,,False
ecommerce web design philadelphia,ecommerce web design,50,0,LOW,51,commercial,,False
responsive web design ecommerce,ecommerce web design,50,0,LOW,3,commercial,,False
ecommerce web design india,ecommerce web design,50,0,LOW,28,commercial,,False
ecommerce web design new york,ecommerce web design,50,0,LOW,33,commercial,,False
ecommerce website development denver,ecommerce website development,50,0,LOW,12,commercial,,False
shopify ppc agency,shopify agency,50,0,LOW,0,navigational,,False
shopify store design agency,shopify agency,50,0,LOW,55,navigational,,False
shopify plus design agency,shopify agency,50,0,LOW,9,navigational,,False
top shopify development company,shopify development company,50,15.6,LOW,1,commercial,top,False
shopify theme development company,shopify development company,50,0,LOW,4,navigational,,False
woocommerce web developer,woocommerce developer,50,63.04,MEDIUM,26,commercial,,False
best magento development company,magento development company,50,0,LOW,7,commercial,best,False
magento web development agency,magento agency,50,0,LOW,18,commercial,,False
web agency magento,magento agency,50,80.73,LOW,21,commercial,,False
magento web agency,magento agency,50,80.73,LOW,15,commercial,,False
magento website agency,magento agency,50,80.73,LOW,20,commercial,,False
magento 2 agency,magento agency,50,0,LOW,18,navigational,,False
magento custom development services,magento development services,50,0,LOW,3,commercial,,False
bigcommerce agency partners,bigcommerce agency,50,101.14,LOW,34,navigational,,False
bigcommerce agency partner,bigcommerce agency,50,101.14,LOW,31,navigational,,False
top ecommerce development agency,ecommerce agency,40,0,LOW,12,commercial,top,False
ecommerce automation agency,ecommerce agency,40,0,LOW,,commercial,,False
ecommerce google ads agency,ecommerce agency,40,0,LOW,0,commercial,,False
ecommerce branding agency,ecommerce agency,40,47.15,MEDIUM,31,commercial,,False
ecommerce social media marketing agency,ecommerce agency,40,0,LOW,21,commercial,,False
top ecommerce seo agency,ecommerce agency,40,0,LOW,12,commercial,top,False
best ecommerce marketing agency,ecommerce agency,40,123.23,LOW,12,commercial,best,False
ecommerce seo agency london,ecommerce agency,40,0,LOW,0,commercial,,False
ecommerce ads agency,ecommerce agency,40,60.28,HIGH,33,commercial,,False
shopify ecommerce development agency,ecommerce agency,40,0,LOW,65,navigational,,False
ecommerce brand agency,ecommerce agency,40,47.15,MEDIUM,16,commercial,,False
ecommerce modeling agency,ecommerce agency,40,5.72,LOW,14,commercial,,False
best ecommerce website development company,ecommerce development company,40,0,LOW,38,commercial,best,False
ecommerce web design atlanta,ecommerce web design,40,0,LOW,11,commercial,,False
ecommerce web design houston,ecommerce web design,40,0,LOW,18,commercial,,False
ecommerce web design and development services,ecommerce web design,40,0,LOW,30,commercial,,False
ecommerce web design proposal template,ecommerce web design,40,0,,0,informational,,False
best practices ecommerce web design,ecommerce web design,40,0,LOW,19,informational,best,False
ecommerce web design best practices,ecommerce web design,40,0,LOW,15,informational,best,False
ecommerce web design tips,ecommerce web design,40,0,,6,informational,,False
atlanta ecommerce web design,ecommerce web design,40,0,LOW,4,commercial,,False
ecommerce website design and development services,ecommerce website development,40,0,LOW,29,commercial,,False
website development for ecommerce,ecommerce website development,40,0,LOW,51,commercial,,False
shopify plus agency usa,shopify agency,40,0,LOW,,navigational,,False
shopify theme development agency,shopify agency,40,0,LOW,22,navigational,,False
domaine shopify agency,shopify agency,40,0,LOW,13,commercial,,False
shopify agency cambridge,shopify agency,40,0,,5,commercial,,False
shopify plus agency partner,shopify agency,40,0,LOW,15,commercial,,False
shopify plus agency partners,shopify agency,40,0,LOW,19,commercial,,False
hire shopify agency,shopify agency,40,0,MEDIUM,12,commercial,,False
best shopify development company,shopify development company,40,2.44,LOW,9,commercial,best,False
shopify development company in usa,shopify development company,40,0,LOW,1,commercial,,False
woocommerce website developer,woocommerce developer,40,62.01,LOW,16,commercial,,False
magento store development company,magento development company,40,0,LOW,0,navigational,,False
magento development company in india,magento development company,40,0,LOW,4,commercial,,False
magento development company india,magento development company,40,0,LOW,3,navigational,,False
magento support agency,magento agency,40,0,LOW,0,navigational,,False
magento agency uk,magento agency,40,0,LOW,51,commercial,,False
magento web design agency,magento agency,40,0,LOW,0,commercial,,False
magento hyvä theme development services,magento development services,40,0,LOW,8,commercial,,False
magento store development services,magento development services,40,0,LOW,8,commercial,,False
magento hyva theme development services,magento development services,40,0,LOW,9,navigational,,False
ai based e commerce platform,ai commerce platform,40,0,MEDIUM,75,commercial,,False
ai based e-commerce platform,ai commerce platform,40,0,MEDIUM,58,commercial,,False
ecommerce marketing agency los angeles,ecommerce agency,30,0,,4,commercial,,False
social media marketing agency for ecommerce,ecommerce agency,30,39.75,LOW,14,commercial,,False
ecommerce seo agency usa,ecommerce agency,30,0,LOW,,commercial,,False
marketing agency for ecommerce,ecommerce agency,30,62.38,MEDIUM,13,commercial,,False
ecommerce facebook ad agency,ecommerce agency,30,0,LOW,0,commercial,,False
ecommerce agency leeds,ecommerce agency,30,0,,24,commercial,,False
ecommerce seo agency uk,ecommerce agency,30,0,LOW,3,commercial,,False
ecommerce facebook ads agency,ecommerce agency,30,0,LOW,11,commercial,,False
wordpress ecommerce development company,ecommerce development company,30,0,LOW,36,commercial,,False
custom ecommerce website development company,ecommerce development company,30,0,LOW,27,commercial,,False
ecommerce development company in new york,ecommerce development company,30,0,,0,commercial,,False
ecommerce portal development company,ecommerce development company,30,0,LOW,27,commercial,,False
top ecommerce web design companies,ecommerce web design,30,0,MEDIUM,8,commercial,top,False
best ecommerce web design companies,ecommerce web design,30,0,MEDIUM,10,commercial,best,False
ecommerce web design package,ecommerce web design,30,0,LOW,0,commercial,,False
ecommerce web design uae,ecommerce web design,30,0,LOW,1,navigational,,False
best ecommerce web design company,ecommerce web design,30,0,MEDIUM,0,commercial,best,False
ecommerce web design company in dubai,ecommerce web design,30,0,LOW,,commercial,,False
ecommerce web design london,ecommerce web design,30,0,LOW,43,commercial,,False
ecommerce web design packages,ecommerce web design,30,0,LOW,0,commercial,,False
ecommerce web design seattle,ecommerce web design,30,0,LOW,38,commercial,,False
ecommerce web design dubai,ecommerce web design,30,0,LOW,19,commercial,,False
ecommerce website development melbourne,ecommerce website development,30,0,LOW,,commercial,,False
ecommerce website development in dubai,ecommerce website development,30,0,LOW,0,commercial,,False
ecommerce website development dubai,ecommerce website development,30,0,LOW,0,commercial,,False
ecommerce website development in usa,ecommerce website development,30,0,LOW,31,commercial,,False
ecommerce website development packages,ecommerce website development,30,0,LOW,4,commercial,,False
ecommerce website development usa,ecommerce website development,30,0,LOW,49,commercial,,False
ecommerce website development near me,ecommerce website development,30,0,LOW,47,commercial,,False
ecommerce website development london,ecommerce website development,30,0,LOW,8,commercial,,False
ecommerce website development package,ecommerce website development,30,0,LOW,4,commercial,,False
shopify automation agency,shopify agency,30,0,LOW,0,navigational,,False
shopify digital marketing agency,shopify agency,30,0,LOW,0,commercial,,False
best shopify seo agency,shopify agency,30,0,LOW,0,commercial,best,False
shopify ads agency,shopify agency,30,43.57,LOW,0,commercial,,False
shopify plus partner agency,shopify agency,30,0,LOW,20,navigational,,False
shopify advertising agency,shopify agency,30,43.57,LOW,9,commercial,,False
seo agency for shopify,shopify agency,30,0,LOW,21,commercial,,False
shopify agency new york,shopify agency,30,0,LOW,0,navigational,,False
shopify agency uk,shopify agency,30,70.63,LOW,43,navigational,,False
shopify ad agency,shopify agency,30,43.57,LOW,0,commercial,,False
woocommerce web design agency,woocommerce agency,30,0,LOW,7,commercial,,False
woocommerce website design agency,woocommerce agency,30,0,LOW,20,commercial,,False
hire dedicated woocommerce developer,woocommerce developer,30,0,LOW,9,transactional,,False
magento extension development company,magento development company,30,0,LOW,12,navigational,,False
magento design agency,magento agency,30,0,LOW,0,navigational,,False
magento website development agency,magento agency,30,0,LOW,6,commercial,,False
best magento agency,magento agency,30,0,LOW,9,commercial,best,False
b2b magento agency,magento agency,30,0,LOW,9,commercial,,False
magento b2b agency,magento agency,30,0,LOW,13,commercial,,False
magento pwa development services,magento development services,30,0,LOW,0,commercial,,False
magento theme development services,magento development services,30,0,LOW,0,commercial,,False
magento extension development services,magento development services,30,0,LOW,0,commercial,,False
bigcommerce web design agency,bigcommerce agency,30,0,LOW,35,commercial,,False
bigcommerce partner agency,bigcommerce agency,30,0,LOW,9,commercial,,False
ecommerce website design company in dubai,ecommerce website design company,30,0,LOW,,commercial,,False
top ecommerce website design company,ecommerce website design company,30,0,MEDIUM,12,commercial,top,False
best ecommerce website design company,ecommerce website design company,30,0,MEDIUM,18,commercial,best,False
ecommerce performance marketing agency,ecommerce agency,20,133.57,HIGH,46,commercial,,False
ecommerce app development agency,ecommerce agency,20,0,LOW,6,commercial,,False
facebook ad agency for ecommerce,ecommerce agency,20,0,MEDIUM,0,commercial,,False
headless ecommerce development agency,ecommerce agency,20,0,LOW,5,navigational,,False
digital ecommerce agency,ecommerce agency,20,0,LOW,71,commercial,,False
dtc ecommerce agency,ecommerce agency,20,15.47,LOW,0,navigational,,False
ecommerce agency san diego,ecommerce agency,20,0,LOW,34,commercial,,False
ecommerce social media agency,ecommerce agency,20,0,LOW,30,commercial,,False
ecommerce conversion optimization agency,ecommerce agency,20,0,LOW,,commercial,,False
marketing agency ecommerce,ecommerce agency,20,355.47,LOW,13,commercial,,False
ecommerce agency services,ecommerce agency,20,0,LOW,26,commercial,,False
ecommerce paid search agency,ecommerce agency,20,0,LOW,9,commercial,,False
facebook ads agency for ecommerce,ecommerce agency,20,0,MEDIUM,11,commercial,,False
ecommerce recruitment agency,ecommerce agency,20,9.78,HIGH,17,commercial,,False
ecommerce creative agency,ecommerce agency,20,33.73,HIGH,63,commercial,,False
fashion ecommerce agency,ecommerce agency,20,10.55,MEDIUM,,commercial,,False
local ecommerce development agency,ecommerce agency,20,0,,,commercial,,False
ecommerce ux agency,ecommerce agency,20,0,LOW,11,navigational,,False
ecommerce content agency,ecommerce agency,20,0,LOW,20,commercial,,False
ecommerce web agency los angeles,ecommerce agency,20,0,LOW,13,commercial,,False
digital marketing ecommerce agency,ecommerce agency,20,48.76,MEDIUM,33,commercial,,False
headless ecommerce agency,ecommerce agency,20,0,LOW,0,navigational,,False
ecommerce agency new york,ecommerce agency,20,25.07,HIGH,60,commercial,,False
ecommerce optimization agency,ecommerce agency,20,0,LOW,62,commercial,,False
best ecommerce digital marketing agency,ecommerce agency,20,0,LOW,,commercial,best,False
ecommerce shopify agency,ecommerce agency,20,0,MEDIUM,26,commercial,,False
ecommerce translation agency,ecommerce agency,20,0,LOW,1,commercial,,False
ecommerce management agency,ecommerce agency,20,39.09,LOW,30,commercial,,False
ecommerce agency nyc,ecommerce agency,20,25.07,HIGH,72,commercial,,False
prestashop ecommerce development company,ecommerce development company,20,0,LOW,11,commercial,,False
ecommerce marketplace development company,ecommerce development company,20,47.07,LOW,,commercial,,False
best ecommerce web development company,ecommerce development company,20,0,LOW,4,commercial,best,False
ecommerce web development company india,ecommerce development company,20,0,LOW,29,commercial,,False
brainvire ecommerce & mobile app development company,ecommerce development company,20,0,LOW,49,navigational,,False
ecommerce web design examples,ecommerce web design,20,5.39,MEDIUM,8,informational,,False
ecommerce web design pricing,ecommerce web design,20,0,,16,commercial,,False
ecommerce web design price,ecommerce web design,20,0,,17,commercial,,False
ecommerce web design denver,ecommerce web design,20,0,LOW,,commercial,,False
ecommerce web design nj,ecommerce web design,20,0,LOW,14,commercial,,False
ecommerce web design toronto,ecommerce web design,20,0,LOW,28,commercial,,False
ecommerce web design uk,ecommerce web design,20,0,,20,commercial,,False
web design ecommerce prices,ecommerce web design,20,0,,9,commercial,,False
ecommerce web design company uk,ecommerce web design,20,0,,28,commercial,,False
ecommerce web design prices,ecommerce web design,20,0,,16,commercial,,False
magento ecommerce web design,ecommerce web design,20,0,LOW,14,navigational,,False
ecommerce web design near me,ecommerce web design,20,0,LOW,18,commercial,,False
ecommerce web design trends,ecommerce web design,20,0,LOW,38,informational,,False
ecommerce web design san diego,ecommerce web design,20,0,LOW,,commercial,,False
affordable ecommerce web design,ecommerce web design,20,0,LOW,3,commercial,affordable,False
ecommerce web design sydney,ecommerce web design,20,0,LOW,65,commercial,,False
ecommerce web design ideas,ecommerce web design,20,8.01,MEDIUM,22,informational,,False
b2b ecommerce website development services,ecommerce website development,20,0,LOW,0,commercial,,False
multi vendor ecommerce website development,ecommerce website development,20,0,LOW,4,commercial,,False
ecommerce website development ny,ecommerce website development,20,0,LOW,2,commercial,,False
ecommerce website development process,ecommerce website development,20,0,LOW,7,informational,,False
ecommerce website design & development services,ecommerce website development,20,0,LOW,16,commercial,,False
ecommerce website development solutions,ecommerce website development,20,0,LOW,34,commercial,,False
best ecommerce website development,ecommerce website development,20,0,,32,commercial,best,False
ecommerce website development sydney,ecommerce website development,20,0,LOW,83,commercial,,False
ecommerce website development companies in india,ecommerce website development,20,0,LOW,29,commercial,,False
ecommerce website development software,ecommerce website development,20,0,LOW,68,commercial,,False
multi-vendor ecommerce website development,ecommerce website development,20,0,LOW,4,commercial,,False
ecommerce website development in wordpress,ecommerce website development,20,0,MEDIUM,28,commercial,,False
ecommerce website development price list,ecommerce website development,20,0,MEDIUM,16,commercial,,False
ecommerce website development abu dhabi,ecommerce website development,20,0,,,commercial,,False
b2b shopify agency,shopify agency,20,114.94,LOW,,navigational,,False
best shopify development agency,shopify agency,20,0,LOW,25,commercial,best,False
shopify agency dubai,shopify agency,20,0,,,commercial,,False
shopify email marketing agency,shopify agency,20,0,MEDIUM,0,commercial,,False
shopify agency leeds,shopify agency,20,0,,58,navigational,,False
shopify development agency india,shopify agency,20,0,LOW,59,navigational,,False
digital marketing agency shopify,shopify agency,20,0,LOW,20,commercial,,False
marketing agency for shopify,shopify agency,20,0,LOW,26,commercial,,False
top shopify agency,shopify agency,20,17.3,MEDIUM,3,navigational,top,False
shopify hydrogen agency,shopify agency,20,0,,0,navigational,,False
shopify support agency,shopify agency,20,0,MEDIUM,31,navigational,,False
shopify agency in usa,shopify agency,20,142.16,LOW,,navigational,,False
shopify growth agency,shopify agency,20,52.19,LOW,,commercial,,False
shopify seo agency reviews,shopify agency,20,16.6,HIGH,,commercial,,False
best shopify plus agency,shopify agency,20,0,LOW,,commercial,best,False
shopify development agency in usa,shopify agency,20,0,LOW,48,commercial,,False
shopify web development company in india,shopify development company,20,0,LOW,13,navigational,,False
shopify website development company in india,shopify development company,20,0,LOW,13,navigational,,False
shopify store development company,shopify development company,20,0,LOW,56,navigational,,False
shopify website development company in usa,shopify development company,20,0,HIGH,23,commercial,,False
shopify partner development store,shopify development partner,20,0,LOW,,navigational,,False
custom woocommerce development company,woocommerce development company,20,0,LOW,,commercial,,False
woocommerce web agency,woocommerce agency,20,0,MEDIUM,4,commercial,,False
woocommerce website development agency,woocommerce agency,20,0,,4,commercial,,False
woocommerce developer docs,woocommerce developer,20,0,LOW,60,navigational,,False
woocommerce developer documentation,woocommerce developer,20,0,LOW,60,informational,,False
magento development company in usa,magento development company,20,0,LOW,11,commercial,,False
custom magento development company,magento development company,20,0,LOW,40,commercial,,False
magento theme development company,magento development company,20,0,LOW,0,navigational,,False
magento web development company coalition,magento development company,20,5.26,MEDIUM,0,navigational,,False
magento development company usa,magento development company,20,0,LOW,0,commercial,,False
magento marketing agency,magento agency,20,0,LOW,47,commercial,,False
top magento agency,magento agency,20,0,LOW,0,commercial,top,False
magento development agency uk,magento agency,20,0,LOW,,commercial,,False
magento agency leeds,magento agency,20,0,,,navigational,,False
magento migration agency,magento agency,20,0,LOW,3,commercial,,False
magento developer agency,magento agency,20,0,LOW,4,commercial,,False
magento development services uk,magento development services,20,0,LOW,3,commercial,,False
bigcommerce design agency,bigcommerce agency,20,0,LOW,29,navigational,,False
headless commerce agency,headless commerce agency,20,0,LOW,0,navigational,,False
ecommerce seo company india,ecommerce seo company,20,0,LOW,14,commercial,,False
ai commerce platform,ai commerce platform,20,11.52,MEDIUM,49,commercial,,False
amazon marketplace agency,amazon marketplace agency,20,0,LOW,,navigational,,False
ecommerce website design company uk,ecommerce website design company,20,0,,12,commercial,,False
ecommerce web design agency dubai,ecommerce agency,10,0,,,commercial,,False
philadelphia ecommerce agency,ecommerce agency,10,0,,,commercial,,False
ecommerce agency software,ecommerce agency,10,0,,,commercial,,False
ecommerce agency coalition,ecommerce agency,10,0,,,navigational,,False
denver ecommerce agency,ecommerce agency,10,0,LOW,70,commercial,,False
ecommerce service agency,ecommerce agency,10,0,HIGH,42,commercial,,False
best ecommerce seo agency ranstar io,ecommerce agency,10,0,,,commercial,best,False
ecommerce today agency,ecommerce agency,10,0,HIGH,,navigational,,False
ecommerce adwords agency,ecommerce agency,10,0,,,commercial,,False
ecommerce pr agency,ecommerce agency,10,0,LOW,,commercial,,False
beauty ecommerce agency,ecommerce agency,10,30.28,HIGH,,commercial,,False
ecommerce agency in delhi,ecommerce agency,10,0,,,commercial,,False
ecommerce agency philadelphia,ecommerce agency,10,0,,49,commercial,,False
ecommerce marketing agency nyc,ecommerce agency,10,0,LOW,,commercial,,False
aalogics ecommerce erp mobile apps & digital marketing development agency,ecommerce agency,10,0,,,commercial,,False
best ecommerce marketing agency usa,ecommerce agency,10,0,,,commercial,best,False
ecommerce agency canada,ecommerce agency,10,0,LOW,,commercial,,False
best social media marketing agency for ecommerce,ecommerce agency,10,0,,,commercial,best,False
ecommerce agency in bangalore,ecommerce agency,10,0,HIGH,,commercial,,False
ecommerce marketing agency toronto,ecommerce agency,10,0,LOW,,commercial,,False
ecommerce agency jobs,ecommerce agency,10,2.94,MEDIUM,0,navigational,,False
ecommerce web design agency london,ecommerce agency,10,0,HIGH,,commercial,,False
ecommerce marketing agency miami,ecommerce agency,10,0,,0,commercial,,False
tai lopez ecommerce agency,ecommerce agency,10,0,LOW,,navigational,,False
top ecommerce marketing agency,ecommerce agency,10,18.42,MEDIUM,3,commercial,top,False
ecommerce agency name ideas,ecommerce agency,10,0,,,commercial,,False
ecommerce agency miami,ecommerce agency,10,0,MEDIUM,,commercial,,False
ecommerce agency minneapolis,ecommerce agency,10,0,HIGH,,navigational,,False
ecommerce marketing agency near me,ecommerce agency,10,5.46,LOW,27,commercial,,False
ecommerce agency chicago,ecommerce agency,10,8.89,MEDIUM,,commercial,,False
ecommerce sem agency,ecommerce agency,10,0,LOW,5,commercial,,False
vancouver ecommerce agency,ecommerce agency,10,0,,,commercial,,False
ecommerce facebook agency,ecommerce agency,10,0,,,navigational,,False
ecommerce agency liverpool,ecommerce agency,10,0,,,commercial,,False
best ecommerce agency in india,ecommerce agency,10,0,HIGH,,commercial,best,False
ecommerce agency glasgow,ecommerce agency,10,0,,,commercial,,False
ecommerce agency usa,ecommerce agency,10,14.33,HIGH,30,commercial,,False
ecommerce growth marketing agency,ecommerce agency,10,455.43,MEDIUM,,commercial,,False
best ecommerce ads agency,ecommerce agency,10,0,MEDIUM,,commercial,best,False
ecommerce agency birmingham,ecommerce agency,10,0,,,commercial,,False
ecommerce setup agency,ecommerce agency,10,0,HIGH,,commercial,,False
ecommerce agency summit,ecommerce agency,10,0,MEDIUM,3,navigational,,False
best agency ecommerce,ecommerce agency,10,0,,0,commercial,best,False
ecommerce seo agency sydney,ecommerce agency,10,0,LOW,,commercial,,False
ecommerce marketing agency llc,ecommerce agency,10,0,,18,commercial,,False
ecommerce agency hong kong,ecommerce agency,10,0,,53,commercial,,False
los angeles ecommerce agency,ecommerce agency,10,9.59,HIGH,0,commercial,,False
ecommerce solutions agency,ecommerce agency,10,0,LOW,58,commercial,,False
ecommerce strategy agency,ecommerce agency,10,0,,,commercial,,False
what is an ecommerce marketing agency,ecommerce agency,10,0,,,informational,,True
ecommerce services agency,ecommerce agency,10,0,HIGH,56,commercial,,False
ecommerce digital marketing agency india,ecommerce agency,10,0,,,commercial,,False
ecommerce specialist agency,ecommerce agency,10,0,,,commercial,,False
uk ecommerce agency,ecommerce agency,10,0,,49,commercial,,False
ecommerce paid ads agency,ecommerce agency,10,0,HIGH,,commercial,,False
fashion ecommerce marketing agency,ecommerce agency,10,148.88,LOW,,commercial,,False
best ecommerce marketing agency rankstar,ecommerce agency,10,0,,,commercial,best,False
icecube digital ecommerce design development and digital marketing agency,ecommerce agency,10,0,,,commercial,,False
avex shopify plus ecommerce agency,ecommerce agency,10,0,HIGH,,navigational,,False
ecommerce marketing agency uk,ecommerce agency,10,0,LOW,,commercial,,False
target ecommerce marketing agency london,ecommerce agency,10,0,,,commercial,,False
stryde ecommerce marketing agency,ecommerce agency,10,0,LOW,,commercial,,False
ecommerce agency sydney,ecommerce agency,10,0,,,commercial,,False
agency for ecommerce,ecommerce agency,10,0,LOW,34,commercial,,False
ecommerce agency bristol,ecommerce agency,10,0,,,commercial,,False
ecommerce agency south africa,ecommerce agency,10,0,,,commercial,,False
best ecommerce email marketing agency,ecommerce agency,10,0,,,commercial,best,False
the ecommerce agency,ecommerce agency,10,0,,34,navigational,,False
ecommerce website design agency near me,ecommerce agency,10,0,,,commercial,,False
global ecommerce agency,ecommerce agency,10,0,,,commercial,,False
ecommerce agency vancouver,ecommerce agency,10,0,HIGH,,commercial,,False
guidance ecommerce agency,ecommerce agency,10,0,LOW,,commercial,,False
tiktok ecommerce agency,ecommerce agency,10,0,,,navigational,,False
d2c ecommerce agency,ecommerce agency,10,0,LOW,,commercial,,False
ecommerce email agency,ecommerce agency,10,60.75,LOW,,commercial,,False
ecommerce marketing agency canada,ecommerce agency,10,0,,,commercial,,False
ecommerce content marketing agency,ecommerce agency,10,0,LOW,16,commercial,,False
ecommerce support agency,ecommerce agency,10,0,LOW,,commercial,,False
ecommerce website development agency near me,ecommerce agency,10,0,,,commercial,,False
top ecommerce digital agency,ecommerce agency,10,0,LOW,,commercial,top,False
white label ecommerce agency,ecommerce agency,10,0,HIGH,55,commercial,,False
ecommerce marketing agency india,ecommerce agency,10,0,,17,commercial,,False
ecommerce customer service agency,ecommerce agency,10,0,,,navigational,,False
how to start an ecommerce agency,ecommerce agency,10,0,,,informational,,True
ecommerce seo agency growmatic,ecommerce agency,10,0,,0,commercial,,False
hong kong ecommerce agency,ecommerce agency,10,0,,53,navigational,,False
ecommerce agency in pakistan,ecommerce agency,10,0,,,commercial,,False
retail ecommerce agency,ecommerce agency,10,50.71,MEDIUM,,commercial,,False
digital marketing agency ecommerce business,ecommerce agency,10,0,,55,commercial,,False
ecommerce agency montreal,ecommerce agency,10,0,,,commercial,,False
ecommerce agency singapore,ecommerce agency,10,0,,,commercial,,False
ecommerce agency definition,ecommerce agency,10,0,,,informational,,False
ecommerce agency dubai,ecommerce agency,10,0,,,commercial,,False
engine23 ecommerce agency,ecommerce agency,10,0,LOW,,commercial,,False
ecommerce agency edinburgh,ecommerce agency,10,0,,,commercial,,False
the best tiktok agency for ecommerce,ecommerce agency,10,0,,,commercial,best,False
digital marketing agency for ecommerce business,ecommerce agency,10,0,LOW,56,commercial,,False
magento ecommerce agency london,ecommerce agency,10,0,,,commercial,,False
ecommerce agency uk,ecommerce agency,10,0,LOW,,commercial,,False
best ecommerce social media marketing agency,ecommerce agency,10,0,,,commercial,best,False
ecommerce website design agency uk,ecommerce agency,10,0,,,commercial,,False
hire ecommerce development agency,ecommerce agency,10,0,LOW,,transactional,,False
dta agency ecommerce,ecommerce agency,10,0,,,navigational,,False
ecommerce agency chester,ecommerce agency,10,0,,,commercial,,False
ecommerce agency san francisco,ecommerce agency,10,0,,,commercial,,False
ecommerce marketing agency united states,ecommerce agency,10,0,,,commercial,,False
ecommerce agency dublin,ecommerce agency,10,0,HIGH,,commercial,,False
ecommerce marketing agency melbourne,ecommerce agency,10,0,,,commercial,,False
ecommerce agency in mumbai,ecommerce agency,10,0,HIGH,,commercial,,False
ecommerce website development agency in dubai,ecommerce agency,10,0,,,commercial,,False
aleide web agency seo e ecommerce,ecommerce agency,10,0,,,commercial,,False
ecommerce recruitment agency london,ecommerce agency,10,0,,,commercial,,False
ecommerce china agency,ecommerce agency,10,0,,7,navigational,,False
tiktok agency for ecommerce,ecommerce agency,10,0,,,commercial,,False
trellis ecommerce agency,ecommerce agency,10,0,HIGH,,navigational,,False
ecommerce agency list,ecommerce agency,10,0,,,navigational,,False
ecommerce agency india,ecommerce agency,10,0,,,commercial,,False
ecommerce digital marketing agency in usa,ecommerce agency,10,0,LOW,,commercial,,False
ecommerce agency florida,ecommerce agency,10,0,,,commercial,,False
ecommerce talent agency,ecommerce agency,10,0,LOW,,commercial,,False
best ecommerce development agency,ecommerce agency,10,0,LOW,,commercial,best,False
ecommerce agency nottingham,ecommerce agency,10,0,,34,commercial,,False
ecommerce agency in dubai,ecommerce agency,10,0,,,commercial,,False
ecommerce agency malaysia,ecommerce agency,10,0,,,commercial,,False
praella ecommerce agency,ecommerce agency,10,0,LOW,,navigational,,False
ecommerce seo agency melbourne,ecommerce agency,10,0,,,commercial,,False
best web agency ecommerce,ecommerce agency,10,0,LOW,,commercial,best,False
trilogi the ecommerce agency,ecommerce agency,10,0,LOW,,navigational,,False
ecommerce agency nz,ecommerce agency,10,0,,,commercial,,False
creative agency for ecommerce,ecommerce agency,10,65.93,HIGH,,commercial,,False
best ecommerce marketing agency india,ecommerce agency,10,0,,,commercial,best,False
ecommerce agency ireland,ecommerce agency,10,0,,,commercial,,False
ecommerce product photography agency,ecommerce agency,10,0,LOW,,navigational,,False
artabout ecommerce agency,ecommerce agency,10,0,LOW,,navigational,,False
ecommerce agency denver,ecommerce agency,10,0,LOW,,commercial,,False
creative ecommerce agency,ecommerce agency,10,0,,,commercial,,False
ecommerce agency growth,ecommerce agency,10,0,LOW,0,commercial,,False
meetanshi technologies full service ecommerce agency,ecommerce agency,10,0,,,navigational,,False
ecommerce agency melbourne,ecommerce agency,10,0,,,commercial,,False
ecommerce agency tai lopez,ecommerce agency,10,0,,,navigational,,False
seo for ecommerce agency,ecommerce agency,10,0,LOW,3,commercial,,False
best ecommerce advertising agency,ecommerce agency,10,0,HIGH,,commercial,best,False
ecommerce and digital marketing agency,ecommerce agency,10,0,,,commercial,,False
ecommerce design agency london,ecommerce agency,10,0,,,commercial,,False
ecommerce seo agency in india,ecommerce agency,10,0,,,commercial,,False
1 ecommerce agency,ecommerce agency,10,0,MEDIUM,,navigational,,False
commerce9 ecommerce development agency,ecommerce agency,10,0,,,commercial,,False
ecommerce & marketing course agency marketer affiliate,ecommerce agency,10,0,,,commercial,,False
ecommerce staffing agency,ecommerce agency,10,54.65,LOW,34,commercial,,False
eca ecommerce consulting agency,ecommerce agency,10,0,,,commercial,,False
drupal ecommerce agency,ecommerce agency,10,0,LOW,,commercial,,False
ecommerce marketing agency sydney,ecommerce agency,10,0,,,commercial,,False
ecommerce agency amsterdam,ecommerce agency,10,0,,,commercial,,False
best seo agency ecommerce,ecommerce agency,10,0,LOW,25,commercial,best,False
netsuite ecommerce agency,ecommerce agency,10,0,LOW,,navigational,,False
best rated seo agency for ecommerce,ecommerce agency,10,0,,8,commercial,best,False
what is an ecommerce agency,ecommerce agency,10,0,LOW,1,informational,,True
best ecommerce app development agency,ecommerce agency,10,0,LOW,,commercial,best,False
ecommerce agency toronto,ecommerce agency,10,0,,,commercial,,False
ecommerce agency summit valencia,ecommerce agency,10,0,,,navigational,,False
ecommerce agency europe,ecommerce agency,10,0,,,commercial,,False
san diego ecommerce agency,ecommerce agency,10,0,,37,commercial,,False
ecommerce business agency,ecommerce agency,10,0,,,commercial,,False
ecommerce agency website,ecommerce agency,10,47.6,HIGH,19,commercial,,False
what is ecommerce agency,ecommerce agency,10,0,LOW,1,informational,,True
ecommerce agency meaning,ecommerce agency,10,0,LOW,,informational,,False
ecommerce web developer agency,ecommerce agency,10,0,,40,commercial,,False
ecommerce marketing agency reviews,ecommerce agency,10,0,LOW,48,commercial,,False
nashville ecommerce agency,ecommerce agency,10,0,,,commercial,,False
shopify ecommerce agency in india,ecommerce agency,10,0,LOW,,commercial,,False
ecommerce web design agency near me,ecommerce agency,10,0,,,commercial,,False
agence ecommerce zee agency,ecommerce agency,10,0,,47,commercial,,False
ecommerce video agency,ecommerce agency,10,0,,,commercial,,False
ecommerce marketing agency dubai,ecommerce agency,10,0,,,commercial,,False
best ecommerce marketing agency in india,ecommerce agency,10,0,,,commercial,best,False
9xb ecommerce agency,ecommerce agency,10,0,,,navigational,,False
ecommerce marketing agency london,ecommerce agency,10,0,,49,commercial,,False
agency ecommerce wordpress theme,ecommerce agency,10,0,,,navigational,,False
ecommerce agency in usa,ecommerce agency,10,185.54,LOW,30,commercial,,False
b2b ecommerce marketing agency,ecommerce agency,10,192.16,LOW,,commercial,,False
ecommerce agency brisbane,ecommerce agency,10,0,,,commercial,,False
ecommerce ppc agency uk,ecommerce agency,10,0,,,commercial,,False
ecommerce development company in dubai,ecommerce development company,10,0,LOW,,commercial,,False
best ecommerce app development company,ecommerce development company,10,0,LOW,,commercial,best,False
ecommerce website development company coimbatore,ecommerce development company,10,0,LOW,,commercial,,False
ecommerce app development company in saudi arabia,ecommerce development company,10,0,,,commercial,,False
elsner technologies ecommerce development company,ecommerce development company,10,0,,,commercial,,False
ecommerce website development company services,ecommerce development company,10,0,,,commercial,,False
rivulet iq web design & ecommerce development company,ecommerce development company,10,0,,,commercial,,False
ecommerce website development company in bangladesh,ecommerce development company,10,0,,,commercial,,False
ecommerce development company in mumbai,ecommerce development company,10,0,,,commercial,,False
ecommerce website development company in coimbatore,ecommerce development company,10,0,LOW,,commercial,,False
opencart ecommerce development company,ecommerce development company,10,0,LOW,,commercial,,False
virtina ecommerce web design and development company,ecommerce development company,10,0,LOW,,navigational,,False
ecommerce website development company noida,ecommerce development company,10,0,LOW,,commercial,,False
ecommerce development company in gurgaon,ecommerce development company,10,0,,,commercial,,False
ecommerce web development company bangalore,ecommerce development company,10,0,,,commercial,,False
ecommerce web development company in jaipur,ecommerce development company,10,0,,,commercial,,False
ecommerce development company in kochi,ecommerce development company,10,0,,,commercial,,False
multi vendor ecommerce website development company,ecommerce development company,10,0,,,commercial,,False
ecommerce development company in delhi ncr,ecommerce development company,10,0,,,commercial,,False
ecommerce website development company dubai,ecommerce development company,10,0,LOW,,commercial,,False
ecommerce website development company jacksonville,ecommerce development company,10,0,,,commercial,,False
custom ecommerce application development company,ecommerce development company,10,0,,,commercial,,False
ecommerce development company bangalore,ecommerce development company,10,0,LOW,,commercial,,False
arham technosoft an ecommerce development company,ecommerce development company,10,0,,,navigational,,False
ecommerce website development company in kerala,ecommerce development company,10,0,,,commercial,,False
ecommerce development company dubai,ecommerce development company,10,0,LOW,,commercial,,False
ecommerce website development company in mumbai,ecommerce development company,10,0,,,commercial,,False
ecommerce web development company in chennai,ecommerce development company,10,0,,,commercial,,False
ecommerce app development company in chennai,ecommerce development company,10,0,,,commercial,,False
ecommerce website development company near me,ecommerce development company,10,0,LOW,,commercial,,False
ecommerce website development company in delhi,ecommerce development company,10,0,LOW,52,commercial,,False
ecommerce development company in bangalore,ecommerce development company,10,0,LOW,,commercial,,False
ecommerce web development company in bangalore,ecommerce development company,10,0,LOW,,commercial,,False
best magento ecommerce development company,ecommerce development company,10,0,LOW,,commercial,best,False
top ecommerce website development company,ecommerce development company,10,0,MEDIUM,14,commercial,top,False
ecommerce website development company in indore,ecommerce development company,10,0,,,commercial,,False
ecommerce website development company delhi,ecommerce development company,10,0,LOW,52,commercial,,False
ecommerce development company in delhi,ecommerce development company,10,0,,,commercial,,False
ecommerce development company in noida,ecommerce development company,10,0,,,commercial,,False
ecommerce web development company in mumbai,ecommerce development company,10,0,,,commercial,,False
ecommerce development company chennai,ecommerce development company,10,0,,,commercial,,False
ecommerce development company in pune,ecommerce development company,10,0,,,commercial,,False
ecommerce website development company in noida,ecommerce development company,10,0,LOW,,commercial,,False
ecommerce website development company in hyderabad,ecommerce development company,10,0,,,commercial,,False
best ecommerce development company in india,ecommerce development company,10,0,,,commercial,best,False
ecommerce development company qatar,ecommerce development company,10,0,,,commercial,,False
ecommerce app development company in india,ecommerce development company,10,0,LOW,,commercial,,False
ecommerce development company in uk,ecommerce development company,10,0,LOW,5,commercial,,False
webcastle technologies web design company dubai ecommerce website development,ecommerce development company,10,0,,,commercial,,False
website design & ecommerce development company in pakistan,ecommerce development company,10,0,,,commercial,,False
ecommerce development company in hyderabad,ecommerce development company,10,0,,,commercial,,False
top ecommerce app development company,ecommerce development company,10,0,LOW,,commercial,top,False
ecommerce development company uae,ecommerce development company,10,0,LOW,,commercial,,False
ecommerce development company in coimbatore,ecommerce development company,10,0,,,commercial,,False
ecommerce website development company bangalore,ecommerce development company,10,0,,,commercial,,False
ecommerce website development company in dubai,ecommerce development company,10,0,LOW,,commercial,,False
top ecommerce development company in india,ecommerce development company,10,0,LOW,11,commercial,top,False
elsner technologies ecommerce development company navrangpura,ecommerce development company,10,0,,,commercial,,False
best ecommerce development company in usa,ecommerce development company,10,0,LOW,,commercial,best,False
brainvire ecommerce and mobile app development company mumbai photos,ecommerce development company,10,0,,,navigational,,False
elsner technologies ecommerce development company shivranjani ayojan nagar,ecommerce development company,10,0,,,commercial,,False
ecommerce website development company mumbai,ecommerce development company,10,0,,,commercial,,False
ecommerce website development company in uk,ecommerce development company,10,0,,,commercial,,False
ecommerce development company near me,ecommerce development company,10,0,,,commercial,,False
ecommerce development company mumbai,ecommerce development company,10,0,,,commercial,,False
ecommerce development company in chennai,ecommerce development company,10,0,,,commercial,,False
ecommerce development company in australia,ecommerce development company,10,0,,,commercial,,False
ecommerce web development company in noida,ecommerce development company,10,0,,,commercial,,False
ecommerce web development company in delhi,ecommerce development company,10,0,,,commercial,,False
ecommerce website development company in bangalore,ecommerce development company,10,0,LOW,,commercial,,False
ecommerce web development company in usa,ecommerce development company,10,0,LOW,23,commercial,,False
best ecommerce development company india,ecommerce development company,10,0,,,commercial,best,False
brainvire ecommerce & mobile app development company photos,ecommerce development company,10,0,LOW,,commercial,,False
magento ecommerce development company india,ecommerce development company,10,0,LOW,23,commercial,,False
brainvire ecommerce and mobile app development company mumbai reviews,ecommerce development company,10,0,,,commercial,,False
best ecommerce web development company dubai,ecommerce development company,10,0,,,commercial,best,False
best ecommerce website development company in mumbai,ecommerce development company,10,0,LOW,,commercial,best,False
gospeedy ecommerce website design and development company,ecommerce development company,10,0,,,navigational,,False
best ecommerce development company in dubai,ecommerce development company,10,0,LOW,,commercial,best,False
ecommerce development company delhi,ecommerce development company,10,0,,,commercial,,False
ecommerce development company services,ecommerce development company,10,0,MEDIUM,,commercial,,False
metaverse ecommerce development company,ecommerce development company,10,0,,,navigational,,False
ecommerce web development company in coimbatore,ecommerce development company,10,0,LOW,,commercial,,False
ecommerce development company in uae,ecommerce development company,10,0,LOW,,commercial,,False
ecommerce website development company in delhi ncr,ecommerce development company,10,0,LOW,,commercial,,False
best ecommerce website development company in ahmedabad,ecommerce development company,10,0,,,commercial,best,False
ecommerce development company in kerala,ecommerce development company,10,0,,43,commercial,,False
ecommerce development company london,ecommerce development company,10,0,,,commercial,,False
ecommerce website development company chennai,ecommerce development company,10,0,,,navigational,,False
best ecommerce website development company india,ecommerce development company,10,0,,,commercial,best,False
ecommerce website development company in jaipur,ecommerce development company,10,0,,,commercial,,False
ecommerce website development company in ahmedabad,ecommerce development company,10,0,,,commercial,,False
top ecommerce website development company in india,ecommerce development company,10,0,,,commercial,top,False
best ecommerce website development company in india,ecommerce development company,10,0,,,commercial,best,False
ecommerce website development company in kolkata,ecommerce development company,10,0,,,commercial,,False
ecommerce website development company in karur,ecommerce development company,10,0,,,commercial,,False
ecommerce app development company in usa,ecommerce development company,10,0,LOW,,commercial,,False
ecommerce app development company in mumbai,ecommerce development company,10,0,,,commercial,,False
best ecommerce website development company in bangalore,ecommerce development company,10,0,,,commercial,best,False
best ecommerce store development company,ecommerce development company,10,0,LOW,,commercial,best,False
ecommerce website development company in chennai,ecommerce development company,10,0,LOW,,commercial,,False
ecommerce app development company india,ecommerce development company,10,0,LOW,,commercial,,False
ecommerce website design & development company,ecommerce development company,10,0,LOW,20,commercial,,False
ecommerce website development company in pune,ecommerce development company,10,0,LOW,44,commercial,,False
ecommerce web design layout,ecommerce web design,10,0,,,informational,,False
ecommerce web design ireland,ecommerce web design,10,0,,,commercial,,False
responsive web design ecommerce template,ecommerce web design,10,0,,,navigational,,False
ecommerce web design minneapolis,ecommerce web design,10,0,,,navigational,,False
ecommerce web design company in india,ecommerce web design,10,0,LOW,16,commercial,,False
ecommerce web design tutorial,ecommerce web design,10,0,,,informational,,False
ecommerce web design dublin,ecommerce web design,10,0,LOW,,commercial,,False
ecommerce web ui design,ecommerce web design,10,0,MEDIUM,,commercial,,False
ecommerce web design company india,ecommerce web design,10,0,,24,commercial,,False
ecommerce web design companies india,ecommerce web design,10,0,,16,commercial,,False
wordpress ecommerce web design,ecommerce web design,10,0,LOW,33,commercial,,False
ecommerce web design hampshire,ecommerce web design,10,0,,,commercial,,False
ecommerce web design derby,ecommerce web design,10,0,,,commercial,,False
ecommerce web design adelaide,ecommerce web design,10,0,,,commercial,,False
ecommerce web design birmingham,ecommerce web design,10,0,,,commercial,,False
ecommerce web design belfast,ecommerce web design,10,0,,,commercial,,False
free ecommerce web design,ecommerce web design,10,0,,,commercial,,False
ecommerce web design course,ecommerce web design,10,0,,,commercial,,False
ecommerce web design usa,ecommerce web design,10,0,LOW,,commercial,,False
omaha ecommerce web design,ecommerce web design,10,0,,,commercial,,False
charleston ecommerce web design,ecommerce web design,10,0,,,commercial,,False
ecommerce web app design,ecommerce web design,10,0,,,commercial,,False
rozzario top web design ecommerce & social media marketing,ecommerce web design,10,0,LOW,,commercial,top,False
ecommerce web design brisbane,ecommerce web design,10,0,LOW,,commercial,,False
ecommerce web design virginia beach,ecommerce web design,10,0,,,commercial,,False
ecommerce web design pakistan,ecommerce web design,10,0,,,commercial,,False
ecommerce web design leicester,ecommerce web design,10,0,,,commercial,,False
best ecommerce web design software,ecommerce web design,10,0,,,commercial,best,False
ecommerce web design inspiration,ecommerce web design,10,0,LOW,10,informational,,False
ecommerce web design delaware,ecommerce web design,10,0,,,commercial,,False
ecommerce web design berkshire,ecommerce web design,10,0,LOW,,commercial,,False
ecommerce web design features,ecommerce web design,10,0,,,informational,,False
web design ecommerce website examples,ecommerce web design,10,0,,,informational,,False
ecommerce web design orange county,ecommerce web design,10,0,LOW,67,commercial,,False
ecommerce web design manchester,ecommerce web design,10,0,,,commercial,,False
best web design software for ecommerce,ecommerce web design,10,0,,,commercial,best,False
ecommerce web design chicago,ecommerce web design,10,0,LOW,42,commercial,,False
ecommerce web design figma,ecommerce web design,10,9.21,LOW,,navigational,,False
ecommerce web design company qatar,ecommerce web design,10,0,,,commercial,,False
ecommerce web design trends 2018,ecommerce web design,10,0,,,informational,,False
ecommerce web design coalition,ecommerce web design,10,0,,47,navigational,,False
ecommerce web design charlotte,ecommerce web design,10,0,LOW,,commercial,,False
ecommerce web design dallas,ecommerce web design,10,0,LOW,,commercial,,False
ecommerce web design company in bangalore,ecommerce web design,10,0,LOW,,commercial,,False
ecommerce web design jobs,ecommerce web design,10,0,,,informational,,False
ecommerce web design trends 2017,ecommerce web design,10,0,,,informational,,False
ecommerce web design portfolio,ecommerce web design,10,0,,,commercial,,False
ecommerce web design johannesburg,ecommerce web design,10,0,,,commercial,,False
ecommerce web design perth,ecommerce web design,10,0,,,commercial,,False
ecommerce web design australia,ecommerce web design,10,0,,,commercial,,False
ecommerce ui design web,ecommerce web design,10,0,,,commercial,,False
dallas ecommerce web design,ecommerce web design,10,0,LOW,,commercial,,False
ecommerce web design calgary,ecommerce web design,10,0,LOW,,commercial,,False
ecommerce web design awards,ecommerce web design,10,0,,,commercial,,False
ecommerce web design company dubai,ecommerce web design,10,0,LOW,,commercial,,False
ecommerce web design melbourne,ecommerce web design,10,0,LOW,,commercial,,False
ecommerce web design cheap,ecommerce web design,10,0,LOW,52,commercial,,False
ecommerce web design canberra,ecommerce web design,10,0,,,commercial,,False
ecommerce web design book,ecommerce web design,10,0,,,informational,,False
what is ecommerce web design,ecommerce web design,10,0,LOW,63,informational,,True
retail ecommerce web design,ecommerce web design,10,0,,,commercial,,False
ecommerce web design glasgow,ecommerce web design,10,0,,,commercial,,False
ecommerce web design software,ecommerce web design,10,0,LOW,100,commercial,,False
ecommerce web design san antonio,ecommerce web design,10,0,LOW,,commercial,,False
behance ecommerce web design,ecommerce web design,10,0,LOW,,navigational,,False
pinterest ecommerce web design,ecommerce web design,10,0,LOW,,navigational,,False
ecommerce web design company in usa,ecommerce web design,10,0,,,commercial,,False
ecommerce web design south africa,ecommerce web design,10,0,,,commercial,,False
cheap ecommerce web design,ecommerce web design,10,0,LOW,25,commercial,,False
fashion ecommerce web design,ecommerce web design,10,9.35,LOW,,commercial,,False
ecommerce web design boston,ecommerce web design,10,0,,,commercial,,False
ecommerce web design liverpool,ecommerce web design,10,0,,14,commercial,,False
best ecommerce web design 2018,ecommerce web design,10,0,,,commercial,best,False
ecommerce web design companies in dubai,ecommerce web design,10,0,,,commercial,,False
ecommerce web design shopify,ecommerce web design,10,0,,44,commercial,,False
ecommerce web design singapore,ecommerce web design,10,0,LOW,,commercial,,False
ecommerce web design malaysia,ecommerce web design,10,0,,,commercial,,False
affordable ecommerce web design company,ecommerce web design,10,0,,,commercial,affordable,False
ecommerce web design leeds,ecommerce web design,10,0,LOW,,commercial,,False
ecommerce web design companies dubai,ecommerce web design,10,0,LOW,,commercial,,False
ecommerce web design sharjah,ecommerce web design,10,0,,,commercial,,False
ecommerce web design company bangalore,ecommerce web design,10,0,LOW,,commercial,,False
ecommerce web design blog,ecommerce web design,10,0,,62,informational,,False
ecommerce website development cost in india,ecommerce website development,10,0,LOW,32,commercial,,False
ecommerce website development services usa,ecommerce website development,10,0,LOW,,commercial,,False
b2c ecommerce website development,ecommerce website development,10,0,,9,commercial,,False
ecommerce website development guide,ecommerce website development,10,0,,,informational,,False
custom ecommerce website development cost,ecommerce website development,10,0,,,commercial,,False
ecommerce website development vancouver,ecommerce website development,10,0,,49,commercial,,False
ecommerce website development training,ecommerce website development,10,0,,,commercial,,False
outsource ecommerce website development,ecommerce website development,10,0,,,commercial,,False
wordpress ecommerce website development cost,ecommerce website development,10,0,,,commercial,,False
ecommerce website development delhi,ecommerce website development,10,0,,,commercial,,False
ecommerce website development design,ecommerce website development,10,0,,33,commercial,,False
ecommerce website development canada,ecommerce website development,10,0,,,commercial,,False
ecommerce website development texas,ecommerce website development,10,0,,,commercial,,False
ecommerce website development kolkata,ecommerce website development,10,0,,,navigational,,False
custom ecommerce website development india,ecommerce website development,10,0,LOW,,commercial,,False
ecommerce website development questionnaire,ecommerce website development,10,0,LOW,,informational,,False
ecommerce website development costs,ecommerce website development,10,0,,24,commercial,,False
learn ecommerce website development,ecommerce website development,10,0,,,informational,,False
ecommerce website development flowchart,ecommerce website development,10,0,,,informational,,False
ecommerce website development companies in bangalore,ecommerce website development,10,0,,,commercial,,False
ecommerce website development in nepal,ecommerce website development,10,0,,,commercial,,False
ecommerce website development in delhi,ecommerce website development,10,0,LOW,,commercial,,False
ecommerce website development singapore,ecommerce website development,10,0,,,commercial,,False
top ecommerce website development companies in india,ecommerce website development,10,0,,,commercial,top,False
ecommerce website development in bangalore,ecommerce website development,10,0,LOW,,commercial,,False
ecommerce website development sharjah,ecommerce website development,10,0,,,commercial,,False
ecommerce website development project,ecommerce website development,10,0,,52,commercial,,False
ecommerce website development tutorial,ecommerce website development,10,0,,,informational,,False
free ecommerce website development software,ecommerce website development,10,0,,,commercial,,False
ecommerce website development cost india,ecommerce website development,10,0,LOW,32,commercial,,False
ecommerce website development companies in dubai,ecommerce website development,10,0,LOW,,commercial,,False
ecommerce website development proposal pdf,ecommerce website development,10,0,,,informational,,False
jewellery ecommerce website development,ecommerce website development,10,0,,,commercial,,False
ecommerce website development toronto,ecommerce website development,10,0,,,commercial,,False
which technology is best for ecommerce website development,ecommerce website development,10,0,,45,informational,best,True
ecommerce website and app development,ecommerce website development,10,0,LOW,14,commercial,,False
ecommerce website development in chennai,ecommerce website development,10,0,,,commercial,,False
ecommerce website development modules,ecommerce website development,10,0,,,commercial,,False
ecommerce website development pune,ecommerce website development,10,0,,,commercial,,False
ecommerce website development minneapolis,ecommerce website development,10,0,,,commercial,,False
ecommerce website development in laravel,ecommerce website development,10,0,,,commercial,,False
ecommerce website development course,ecommerce website development,10,0,LOW,,commercial,,False
ecommerce website development features,ecommerce website development,10,0,LOW,,informational,,False
ecommerce website development in karachi,ecommerce website development,10,0,,,commercial,,False
ecommerce website development cost breakdown,ecommerce website development,10,0,,58,commercial,,False
questionnaire for ecommerce website development,ecommerce website development,10,0,LOW,42,informational,,False
ecommerce website development new york,ecommerce website development,10,0,,43,commercial,,False
ecommerce website development south africa,ecommerce website development,10,0,,,commercial,,False
best ecommerce website development companies,ecommerce website development,10,0,LOW,38,commercial,best,False
ecommerce website development in guntur waiwave technologies,ecommerce website development,10,0,,,commercial,,False
ecommerce website development timeline,ecommerce website development,10,0,,,informational,,False
ecommerce website design development hyderabad,ecommerce website development,10,0,,,navigational,,False
ecommerce website development project plan pdf,ecommerce website development,10,0,MEDIUM,,informational,,False
d2c ecommerce website development,ecommerce website development,10,0,,0,commercial,,False
ecommerce website development agreement,ecommerce website development,10,0,,,informational,,False
wordpress ecommerce website development,ecommerce website development,10,0,LOW,35,commercial,,False
ecommerce website development mumbai,ecommerce website development,10,0,,,commercial,,False
ecommerce website development companies in chennai,ecommerce website development,10,0,,,commercial,,False
ecommerce website development jaipur,ecommerce website development,10,0,,,navigational,,False
ecommerce website development in kerala,ecommerce website development,10,0,,,commercial,,False
ecommerce website development coimbatore,ecommerce website development,10,0,,,navigational,,False
features of ecommerce website development,ecommerce website development,10,0,,,informational,,False
ecommerce website development bahrain,ecommerce website development,10,0,,,commercial,,False
ecommerce website development in gurgaon,ecommerce website development,10,0,,,commercial,,False
why is magento best for ecommerce website development,ecommerce website development,10,0,LOW,48,informational,best,True
ecommerce website development quotes,ecommerce website development,10,0,LOW,,informational,,False
ecommerce website development uk,ecommerce website development,10,0,,13,commercial,,False
ecommerce website development price in india,ecommerce website development,10,0,,44,commercial,,False
ecommerce website development services in chennai,ecommerce website development,10,0,,,commercial,,False
ecommerce website development noida,ecommerce website development,10,0,,,navigational,,False
ecommerce website development in lucknow,ecommerce website development,10,0,LOW,,navigational,,False
ecommerce website development delaware,ecommerce website development,10,0,,,commercial,,False
ecommerce website development hyderabad,ecommerce website development,10,0,,,navigational,,False
what is ecommerce website development,ecommerce website development,10,0,,19,informational,,True
ecommerce website development online,ecommerce website development,10,0,,,commercial,,False
ecommerce website development blog,ecommerce website development,10,0,,,informational,,False
ecommerce website development tools,ecommerce website development,10,0,,100,commercial,,False
ecommerce website development in php,ecommerce website development,10,0,,,commercial,,False
ecommerce website development services in usa,ecommerce website development,10,0,,,commercial,,False
ecommerce website development chennai,ecommerce website development,10,0,,,navigational,,False
ecommerce website development cost in pakistan,ecommerce website development,10,0,,,commercial,,False
ecommerce website development articles,ecommerce website development,10,0,,,informational,,False
ecommerce website development platforms,ecommerce website development,10,0,LOW,,commercial,,False
ecommerce website development australia,ecommerce website development,10,0,,,commercial,,False
ecommerce website development miami,ecommerce website development,10,0,LOW,,commercial,,False
ecommerce website development plan,ecommerce website development,10,0,,,informational,,False
ecommerce website backend development,ecommerce website development,10,0,,,commercial,,False
ecommerce website development cost in dubai,ecommerce website development,10,0,,,commercial,,False
best technology for ecommerce website development,ecommerce website development,10,0,,,commercial,best,False
ecommerce website development in australia,ecommerce website development,10,0,,,commercial,,False
ecommerce website development steps,ecommerce website development,10,0,,,informational,,False
ecommerce website development karachi,ecommerce website development,10,0,,,commercial,,False
web development ecommerce website,ecommerce website development,10,0,,,commercial,,False
ecommerce website development in pune,ecommerce website development,10,0,,,commercial,,False
ecommerce website development in uae,ecommerce website development,10,0,,,commercial,,False
online ecommerce website development,ecommerce website development,10,0,,,commercial,,False
auto parts ecommerce website development,ecommerce website development,10,87.96,HIGH,9,commercial,,False
ecommerce website development uae,ecommerce website development,10,0,LOW,,navigational,,False
magento ecommerce website development india,ecommerce website development,10,0,,58,navigational,,False
ecommerce website development proposal sample,ecommerce website development,10,0,,,informational,,False
ecommerce website development in noida,ecommerce website development,10,0,,,commercial,,False
ecommerce website development project plan,ecommerce website development,10,0,,0,informational,,False
ecommerce website development in hyderabad,ecommerce website development,10,0,,48,commercial,,False
ecommerce website development in surat,ecommerce website development,10,0,,,commercial,,False
ecommerce website development gurgaon,ecommerce website development,10,0,,,commercial,,False
outsourcing ecommerce website development,ecommerce website development,10,0,,,commercial,,False
best platform for ecommerce website development,ecommerce website development,10,0,LOW,65,commercial,best,False
affordable ecommerce website development,ecommerce website development,10,0,,69,commercial,affordable,False
ecommerce website development bangalore,ecommerce website development,10,0,,,commercial,,False
ecommerce website development quotation,ecommerce website development,10,0,LOW,,commercial,,False
ecommerce website development in lahore,ecommerce website development,10,0,,,commercial,,False
ecommerce website development in mumbai,ecommerce website development,10,0,,,commercial,,False
ecommerce website development in ahmedabad,ecommerce website development,10,0,,,commercial,,False
proposal for ecommerce website development,ecommerce website development,10,0,,0,informational,,False
ecommerce website development tucson,ecommerce website development,10,0,,,navigational,,False
ecommerce website development in abu dhabi,ecommerce website development,10,0,,,commercial,,False
ecommerce website development ahmedabad,ecommerce website development,10,0,,,navigational,,False
ecommerce website development in pakistan,ecommerce website development,10,0,,,commercial,,False
ecommerce website development platform,ecommerce website development,10,0,LOW,,commercial,,False
ecommerce website development kerala,ecommerce website development,10,0,,,navigational,,False
ecommerce website development checklist,ecommerce website development,10,0,,,informational,,False
ecommerce website development strategy,ecommerce website development,10,0,LOW,60,informational,,False
benefits of ecommerce website development,ecommerce website development,10,0,,,informational,,False
ecommerce website development technologies,ecommerce website development,10,0,,,commercial,,False
ecommerce website development requirements,ecommerce website development,10,0,,,informational,,False
um shopify marketing agency website,shopify agency,10,0,,,navigational,,False
radiant shopify agency,shopify agency,10,0,LOW,,navigational,,False
shopify google ads agency,shopify agency,10,0,LOW,,commercial,,False
kloc technologies shopify plus agency,shopify agency,10,0,,,commercial,,False
white label shopify agency,shopify agency,10,0,MEDIUM,43,navigational,,False
best shopify development agency in india,shopify agency,10,0,,,commercial,best,False
kikstart ecom shopify partner agency,shopify agency,10,0,,,commercial,,False
shopify agency auckland,shopify agency,10,0,,,commercial,,False
shopify dropshipping agency,shopify agency,10,1.72,LOW,,navigational,,False
shopify agency perth,shopify agency,10,0,,,commercial,,False
digital marketing agency shopify theme,shopify agency,10,20.61,HIGH,,navigational,,False
shopify agency jobs,shopify agency,10,0,LOW,,navigational,,False
magento to shopify migration agency,shopify agency,10,0,LOW,,commercial,,False
shopify agency europe,shopify agency,10,0,,,navigational,,False
full-service shopify agency,shopify agency,10,0,LOW,51,commercial,,False
shopify agency singapore,shopify agency,10,0,,,navigational,,False
lazer shopify agency,shopify agency,10,63.36,MEDIUM,,commercial,,False
shopify developer agency,shopify agency,10,48.41,MEDIUM,51,navigational,,False
shopify management agency,shopify agency,10,0,LOW,,navigational,,False
shopify development agency in delhi,shopify agency,10,0,,,commercial,,False
best shopify developer agency,shopify agency,10,0,,,commercial,best,False
shopify agency bristol,shopify agency,10,0,,,navigational,,False
shopify agency in pakistan,shopify agency,10,0,,,navigational,,False
shopify agency nyc,shopify agency,10,0,MEDIUM,,navigational,,False
new york shopify agency,shopify agency,10,0,,0,navigational,,False
shopify agency melbourne,shopify agency,10,0,,,commercial,,False
tomorrow shopify agency,shopify agency,10,0,LOW,,navigational,,False
why matters shopify agency,shopify agency,10,0,LOW,,informational,,True
shopify white label agency,shopify agency,10,0,HIGH,,navigational,,False
shopify agency login,shopify agency,10,0,LOW,,navigational,,False
shopify plus agency london,shopify agency,10,0,,,navigational,,False
shopify optimization agency,shopify agency,10,0,HIGH,,commercial,,False
woocommerce to shopify migration agency,shopify agency,10,0,LOW,,commercial,,False
travel agency shopify,shopify agency,10,0,MEDIUM,,navigational,,False
shopify certified agency,shopify agency,10,0,,,navigational,,False
shopify agency website,shopify agency,10,0,,86,navigational,,False
shopify conversion rate optimization agency,shopify agency,10,0,LOW,,commercial,,False
shopify enterprise agency,shopify agency,10,0,LOW,27,navigational,,False
full service shopify agency,shopify agency,10,0,LOW,51,commercial,,False
shopify development agency near me,shopify agency,10,0,LOW,56,navigational,,False
shopify agency canada,shopify agency,10,0,HIGH,,commercial,,False
shopify agency scotland,shopify agency,10,0,,,commercial,,False
shopify website design agency ravedigital,shopify agency,10,0,,,commercial,,False
shopify seo agency australia,shopify agency,10,0,,,commercial,,False
shopify store development agency,shopify agency,10,0,LOW,,navigational,,False
shopify for travel agency,shopify agency,10,46.43,MEDIUM,18,navigational,,False
shopify travel agency,shopify agency,10,0,MEDIUM,18,navigational,,False
shopify seo agency new york,shopify agency,10,0,,,commercial,,False
charle shopify agency,shopify agency,10,0,MEDIUM,,navigational,,False
shopify service agency,shopify agency,10,0,LOW,,navigational,,False
shopify b2b agency,shopify agency,10,0,LOW,,navigational,,False
noir & blanco shopify plus agency,shopify agency,10,0,,,commercial,,False
shopify agency glasgow,shopify agency,10,0,,,navigational,,False
top shopify development agency in india,shopify agency,10,0,HIGH,,commercial,top,False
shopify plus agency australia,shopify agency,10,0,,,navigational,,False
shopify agency california,shopify agency,10,0,MEDIUM,,navigational,,False
vaan shopify platinum agency,shopify agency,10,0,LOW,,navigational,,False
shopify development agency reviews,shopify agency,10,0,,,informational,,False
crawlapps shopify plus agency,shopify agency,10,0,,,commercial,,False
shopify agency theme,shopify agency,10,0,HIGH,,navigational,,False
shopify agency partner program,shopify agency,10,0,LOW,8,commercial,,False
shopify speed optimization agency,shopify agency,10,0,LOW,,commercial,,False
shopify agency account,shopify agency,10,0,LOW,,navigational,,False
top shopify development agency,shopify agency,10,0,MEDIUM,,navigational,top,False
shopify agency toronto,shopify agency,10,0,HIGH,,commercial,,False
shopify seo agency in india,shopify agency,10,0,LOW,,commercial,,False
shopify agency liverpool,shopify agency,10,0,LOW,,navigational,,False
shopify digital agency,shopify agency,10,0,MEDIUM,,commercial,,False
shopify development agency in india,shopify agency,10,0,LOW,,navigational,,False
seo agency shopify,shopify agency,10,0,LOW,31,commercial,,False
shopify subscription agency,shopify agency,10,0,LOW,,commercial,,False
shopify development agency in pune,shopify agency,10,0,,,commercial,,False
shopify marketing agency in usa,shopify agency,10,15.86,MEDIUM,22,commercial,,False
shopify agency vancouver,shopify agency,10,0,,,commercial,,False
shopify plus agency coalition,shopify agency,10,0,LOW,,navigational,,False
shopify agency france,shopify agency,10,0,,,navigational,,False
shopify experts agency,shopify agency,10,0,LOW,6,navigational,,False
shopify agency us,shopify agency,10,0,LOW,,navigational,,False
shopify plus agency melbourne,shopify agency,10,0,,,navigational,,False
shopify agency usa,shopify agency,10,13.93,MEDIUM,,navigational,,False
shopify agency australia,shopify agency,10,0,LOW,,commercial,,False
domain shopify agency,shopify agency,10,0,LOW,13,navigational,,False
shopify agency sydney,shopify agency,10,0,,,commercial,,False
shopify agency india,shopify agency,10,0,HIGH,,navigational,,False
experts shopify zee agency,shopify agency,10,0,,54,navigational,,False
shopify travel agency theme,shopify agency,10,19.25,HIGH,,navigational,,False
shopify agency boston,shopify agency,10,0,LOW,,navigational,,False
shopify website building agency,shopify agency,10,0,,,navigational,,False
shopify theme agency,shopify agency,10,0,HIGH,,navigational,,False
ecom experts shopify plus agency,shopify agency,10,0,HIGH,,navigational,,False
shopify agency brisbane,shopify agency,10,0,,,navigational,,False
code shopify agency,shopify agency,10,0,,,commercial,,False
shopify development agency dubai,shopify agency,10,0,,,commercial,,False
shopify plus web development agency,shopify agency,10,0,MEDIUM,,commercial,,False
cql shopify agency,shopify agency,10,13.87,LOW,,commercial,,False
shopify agency montreal,shopify agency,10,0,,,commercial,,False
shopify branding agency,shopify agency,10,0,LOW,,navigational,,False
shopify agency template,shopify agency,10,0,,,commercial,,False
shopify mobile app development agency,shopify agency,10,0,,,commercial,,False
coi shopify agency,shopify agency,10,0,,,navigational,,False
shopify agency directory,shopify agency,10,0,MEDIUM,,navigational,,False
shopify design and development agency,shopify agency,10,78.31,MEDIUM,,navigational,,False
digital agency shopify,shopify agency,10,0,LOW,,navigational,,False
shopify agency birmingham,shopify agency,10,0,,,navigational,,False
shopify headless agency,shopify agency,10,0,MEDIUM,0,navigational,,False
shopify plus migration agency,shopify agency,10,0,LOW,,commercial,,False
statement shopify agency,shopify agency,10,0,,,navigational,,False
shopify services agency,shopify agency,10,0,,,navigational,,False
shopify store management agency,shopify agency,10,0,LOW,14,navigational,,False
marketing agency shopify,shopify agency,10,34.95,MEDIUM,0,commercial,,False
shopify agency in india,shopify agency,10,17.07,MEDIUM,,navigational,,False
best shopify marketing agency,shopify agency,10,0,LOW,0,commercial,best,False
shopify plus web design agency,shopify agency,10,0,LOW,,commercial,,False
expert shopify zee agency,shopify agency,10,0,,54,navigational,,False
shopify store agency,shopify agency,10,22.01,MEDIUM,,navigational,,False
shopify marketing agency india,shopify agency,10,0,,,navigational,,False
shopify agency edinburgh,shopify agency,10,0,,,navigational,,False
shopify app agency,shopify agency,10,0,HIGH,,navigational,,False
shoptrade shopify plus agency,shopify agency,10,0,,,navigational,,False
ark web solutions web design agency shopify software house,shopify agency,10,0,,,navigational,,False
stalwart digital shopify plus experts agency,shopify agency,10,0,,,commercial,,False
shopify agency san diego,shopify agency,10,0,LOW,,navigational,,False
shopify plus agency uk,shopify agency,10,0,LOW,,navigational,,False
ambiw shopify plus agency,shopify agency,10,0,,,navigational,,False
shopify ux agency,shopify agency,10,0,LOW,,navigational,,False
shopify seo agency coalition,shopify agency,10,0,,,commercial,,False
pivot shopify agency,shopify agency,10,0,LOW,,navigational,,False
agency shopify,shopify agency,10,0,LOW,58,navigational,,False
shopify app marketing agency,shopify agency,10,0,HIGH,,navigational,,False
shopify store marketing agency,shopify agency,10,197.49,HIGH,,navigational,,False
usa shopify agency,shopify agency,10,0,LOW,,navigational,,False
shopify agency in dubai,shopify agency,10,0,,,commercial,,False
shopify seo agency india,shopify agency,10,0,,,navigational,,False
london shopify agency,shopify agency,10,0,,31,navigational,,False
shopify agency manchester,shopify agency,10,0,,,navigational,,False
top shopify plus agency,shopify agency,10,0,LOW,7,navigational,top,False
shopify development company in ahmedabad,shopify development company,10,0,HIGH,,navigational,,False
shopify app development company india,shopify development company,10,0,,,navigational,,False
shopify private app development company,shopify development company,10,0,,,navigational,,False
top 10 shopify development company,shopify development company,10,0,,,commercial,top 10,False
top shopify app development company,shopify development company,10,0,,,informational,top,False
shopify development company usa,shopify development company,10,0,LOW,9,navigational,,False
shopify development company dubai,shopify development company,10,0,,,commercial,,False
shopify development company in bangalore,shopify development company,10,0,,,commercial,,False
shopify development company in chennai,shopify development company,10,0,,,navigational,,False
shopify website development company india,shopify development company,10,0,LOW,8,navigational,,False
best shopify development company in india,shopify development company,10,0,LOW,,commercial,best,False
shopify marketplace development company,shopify development company,10,0,,,commercial,,False
shopify development company in delhi,shopify development company,10,0,,,commercial,,False
shopify development company florida,shopify development company,10,0,,,commercial,,False
shopify development company in dubai,shopify development company,10,0,LOW,,commercial,,False
shopify development company in california,shopify development company,10,0,LOW,,commercial,,False
top shopify development company in india,shopify development company,10,0,LOW,,commercial,top,False
best shopify development company in chennai,shopify development company,10,0,,,commercial,best,False
best shopify app development company,shopify development company,10,0,,,commercial,best,False
shopify mobile app development company,shopify development company,10,0,LOW,,navigational,,False
shopify partner development program,shopify development partner,10,0,LOW,,navigational,,False
woocommerce development company in india,woocommerce development company,10,0,,0,commercial,,False
best woocommerce development company,woocommerce development company,10,0,LOW,0,commercial,best,False
woocommerce development company in usa,woocommerce development company,10,0,LOW,48,commercial,,False
woocommerce development company india,woocommerce development company,10,0,LOW,0,navigational,,False
woocommerce development company usa,woocommerce development company,10,0,LOW,48,commercial,,False
woocommerce development company near me,woocommerce development company,10,0,,47,commercial,,False
top woocommerce development company,woocommerce development company,10,0,LOW,5,commercial,top,False
woocommerce plugin development company,woocommerce development company,10,0,MEDIUM,50,commercial,,False
woocommerce development services company,woocommerce development company,10,0,,,commercial,,False
woocommerce digital agency,woocommerce agency,10,0,,58,commercial,,False
woocommerce for travel agency,woocommerce agency,10,0,,54,commercial,,False
woocommerce agency uk,woocommerce agency,10,0,,44,commercial,,False
wordpress woocommerce agency,woocommerce agency,10,0,HIGH,67,commercial,,False
woocommerce agency london,woocommerce agency,10,0,LOW,0,commercial,,False
woocommerce development agency india,woocommerce agency,10,0,,,navigational,,False
woocommerce travel agency,woocommerce agency,10,0,,54,commercial,,False
woocommerce design agency,woocommerce agency,10,0,LOW,65,commercial,,False
woocommerce development agency uk,woocommerce agency,10,0,LOW,,commercial,,False
woocommerce developer handbook,woocommerce developer,10,0,LOW,52,informational,,False
hire woocommerce theme developer,woocommerce developer,10,0,,,transactional,,False
woocommerce developer brisbane,woocommerce developer,10,0,LOW,43,commercial,,False
woocommerce subscriptions / developer docs,woocommerce developer,10,0,LOW,52,informational,,False
woocommerce api developer,woocommerce developer,10,0,,54,commercial,,False
freelance woocommerce developer,woocommerce developer,10,0,LOW,16,commercial,,False
woocommerce documentation developer,woocommerce developer,10,0,,65,informational,,False
woocommerce wordpress web developer,woocommerce developer,10,0,,,commercial,,False
woocommerce developer job description,woocommerce developer,10,0,,47,informational,,False
woocommerce developer near me,woocommerce developer,10,0,LOW,,commercial,,False
woocommerce developer blog,woocommerce developer,10,0,LOW,45,informational,,False
woocommerce plugin developer documentation,woocommerce developer,10,0,,55,informational,,False
best woocommerce developer,woocommerce developer,10,0,LOW,,commercial,best,False
woocommerce developer melbourne,woocommerce developer,10,0,,42,commercial,,False
woocommerce developer account,woocommerce developer,10,0,LOW,63,navigational,,False
woocommerce developer api,woocommerce developer,10,0,LOW,54,informational,,False
woocommerce plugin developer,woocommerce developer,10,0,LOW,8,commercial,,False
woocommerce expert developer,woocommerce developer,10,0,HIGH,20,commercial,,False
wordpress woocommerce developer,woocommerce developer,10,0,MEDIUM,56,commercial,,False
woocommerce developer guide,woocommerce developer,10,0,LOW,55,informational,,False
woocommerce developer india,woocommerce developer,10,0,,3,commercial,,False
woocommerce developer course,woocommerce developer,10,0,,43,commercial,,False
seattle woocommerce developer,woocommerce developer,10,0,,,commercial,,False
woocommerce subscriptions developer docs,woocommerce developer,10,0,LOW,52,navigational,,False
woocommerce theme developer,woocommerce developer,10,0,,40,commercial,,False
woocommerce developer jobs,woocommerce developer,10,0,LOW,47,informational,,False
woocommerce developer sydney,woocommerce developer,10,0,,40,commercial,,False
woocommerce developer london,woocommerce developer,10,0,,44,commercial,,False
woocommerce developer salary,woocommerce developer,10,0,,6,informational,,False
upwork woocommerce developer,woocommerce developer,10,0,,47,commercial,,False
woocommerce theme developer handbook,woocommerce developer,10,0,,54,informational,,False
woocommerce certified developer,woocommerce developer,10,0,LOW,54,informational,,False
woocommerce developer tutorial,woocommerce developer,10,0,,52,informational,,False
woocommerce wordpress developer,woocommerce developer,10,0,MEDIUM,33,commercial,,False
magento hyvä theme development company,magento development company,10,0,,6,commercial,,False
magento mobile app development company,magento development company,10,0,LOW,2,navigational,,False
magento website development company india,magento development company,10,0,LOW,8,navigational,,False
top magento development company in india,magento development company,10,0,LOW,,commercial,top,False
magento development company in chennai,magento development company,10,0,,,commercial,,False
magento development company new york,magento development company,10,0,LOW,,commercial,,False
magento web development company in bangalore,magento development company,10,0,,,commercial,,False
magento development company gurgaon,magento development company,10,0,,,navigational,,False
magento development company in dubai,magento development company,10,0,,,commercial,,False
magento development company delhi,magento development company,10,0,,,commercial,,False
magento development company uk,magento development company,10,0,,36,commercial,,False
magento development company in bangalore,magento development company,10,0,,,commercial,,False
magento development company ahmedabad,magento development company,10,0,,,navigational,,False
magento development company in uk,magento development company,10,0,,19,commercial,,False
magento website development company in usa,magento development company,10,0,LOW,,commercial,,False
magento development company chennai,magento development company,10,0,,,navigational,,False
magento development company dubai,magento development company,10,0,,,commercial,,False
magento 2 hyvä theme development company,magento development company,10,0,,,commercial,,False
magento 2 development company india,magento development company,10,0,,,navigational,,False
magento development company in new york,magento development company,10,0,LOW,,commercial,,False
magento development company in noida,magento development company,10,0,,,navigational,,False
magento website development company in india,magento development company,10,0,LOW,0,commercial,,False
magento development company in pune,magento development company,10,0,LOW,,commercial,,False
best magento development company india,magento development company,10,0,,,commercial,best,False
magento development company bangalore,magento development company,10,0,,,commercial,,False
magento development company boston,magento development company,10,0,,,commercial,,False
magento app development company,magento development company,10,0,LOW,,commercial,,False
magento development company london,magento development company,10,0,,,commercial,,False
magento website development company in new york,magento development company,10,0,,,commercial,,False
magento website development company in delhi,magento development company,10,0,,,commercial,,False
magento development company in canada,magento development company,10,0,,,commercial,,False
magento website development company in bangalore,magento development company,10,0,,,commercial,,False
magento development company houston,magento development company,10,0,,,commercial,,False
best magento development company in india,magento development company,10,0,,,commercial,best,False
magento development company in delhi,magento development company,10,0,,,commercial,,False
magento development company in ahmedabad,magento development company,10,0,,,commercial,,False
magento development company in australia,magento development company,10,0,,,commercial,,False
magento web development company india,magento development company,10,0,LOW,6,navigational,,False
best magento development company in usa,magento development company,10,0,,,commercial,best,False
magento development company chicago,magento development company,10,0,,,commercial,,False
magento travel agency,magento agency,10,0,,,commercial,,False
magento agency us,magento agency,10,0,LOW,,navigational,,False
magento agency miami,magento agency,10,0,,,navigational,,False
magento website design agency,magento agency,10,0,,,commercial,,False
magento agency partners,magento agency,10,0,,49,navigational,,False
magento agency bournemouth,magento agency,10,0,,,navigational,,False
magento agency india,magento agency,10,0,,,navigational,,False
magento agency devon,magento agency,10,0,LOW,,navigational,,False
magento development agency usa,magento agency,10,0,LOW,,navigational,,False
magento development agency london,magento agency,10,0,LOW,,commercial,,False
magento partner agency,magento agency,10,0,LOW,49,commercial,,False
white label magento agency,magento agency,10,0,LOW,,commercial,,False
magento certified agency,magento agency,10,0,LOW,6,navigational,,False
magento agency kent,magento agency,10,0,,,navigational,,False
top magento development agency,magento agency,10,0,LOW,,commercial,top,False
magento agency in uk,magento agency,10,0,,,commercial,,False
magento agency liverpool,magento agency,10,0,LOW,,navigational,,False
hire magento development agency,magento agency,10,0,LOW,,commercial,,False
magento agency sydney,magento agency,10,0,,,commercial,,False
magento for travel agency,magento agency,10,0,,,commercial,,False
magento agency near me,magento agency,10,0,,,commercial,,False
adobe commerce magento agency,magento agency,10,0,LOW,,navigational,,False
magento agency usa,magento agency,10,0,LOW,,navigational,,False
magento agency in taiwan,magento agency,10,0,,,commercial,,False
magento agency new york,magento agency,10,0,LOW,,navigational,,False
magento agency in saudi arabia,magento agency,10,0,LOW,,commercial,,False
magento digital agency,magento agency,10,0,LOW,,commercial,,False
magento agency melbourne,magento agency,10,0,,,commercial,,False
magento agency birmingham,magento agency,10,0,,,navigational,,False
headless magento development agency,magento agency,10,0,LOW,,navigational,,False
magento recruitment agency,magento agency,10,0,,,navigational,,False
magento agency australia,magento agency,10,0,,,commercial,,False
magento agency in new york,magento agency,10,0,LOW,,commercial,,False
expert magento development services,magento development services,10,0,,,commercial,,False
magento development services india,magento development services,10,0,LOW,20,commercial,,False
headless magento development services,magento development services,10,0,,,navigational,,False
magento ecommerce development services india,magento development services,10,0,LOW,55,commercial,,False
magento 2 extension development services,magento development services,10,0,LOW,,navigational,,False
magento mobile app development services,magento development services,10,0,LOW,,commercial,,False
magento development services in dubai,magento development services,10,0,,,commercial,,False
magento 2 pwa development services,magento development services,10,0,,,navigational,,False
magento development services in usa,magento development services,10,0,,42,commercial,,False
magento development services usa,magento development services,10,0,MEDIUM,40,commercial,,False
bigcommerce development company in india,bigcommerce development company,10,0,,,navigational,,False
bigcommerce development company in st louis,bigcommerce development company,10,0,,,navigational,,False
bigcommerce seo agency coalition,bigcommerce agency,10,0,,,commercial,,False
bigcommerce agency uk,bigcommerce agency,10,0,LOW,,commercial,,False
bigcommerce agency india,bigcommerce agency,10,0,,,commercial,,False
bigcommerce design and development agency,bigcommerce agency,10,0,LOW,,navigational,,False
leading headless commerce development agency,headless commerce agency,10,0,LOW,,navigational,leading,False
b2b ecommerce portal development,b2b ecommerce development,10,0,LOW,,commercial,,False
b2b ecommerce platform development,b2b ecommerce development,10,0,LOW,,commercial,,False
b2b ecommerce software development,b2b ecommerce development,10,0,,,commercial,,False
ecommerce website seo company,ecommerce seo company,10,0,,,commercial,,False
boston ecommerce seo company,ecommerce seo company,10,0,LOW,,commercial,,False
ecommerce seo company melbourne,ecommerce seo company,10,0,LOW,,commercial,,False
ecommerce seo company examples,ecommerce seo company,10,0,,,commercial,,False
best ecommerce seo company in delhi,ecommerce seo company,10,0,,,commercial,best,False
ecommerce seo company in delhi,ecommerce seo company,10,0,LOW,,commercial,,False
ecommerce seo company uk,ecommerce seo company,10,0,LOW,,commercial,,False
ecommerce seo company in india,ecommerce seo company,10,0,LOW,31,commercial,,False
best ecommerce seo company in india,ecommerce seo company,10,0,,63,commercial,best,False
easy ecommerce ai powered multi vendor e commerce platform,ai commerce platform,10,0,,,commercial,,False
ecommerce website design company in chennai,ecommerce website design company,10,0,,,navigational,,False
ecommerce website design company coimbatore,ecommerce website design company,10,0,,,navigational,,False
ecommerce website design company in kolkata,ecommerce website design company,10,0,,,commercial,,False
ecommerce website design company india,ecommerce website design company,10,0,,26,commercial,,False
ecommerce website design company usa,ecommerce website design company,10,0,LOW,,commercial,,False
ecommerce website design company near me,ecommerce website design company,10,0,,,commercial,,False
ecommerce website design company in india,ecommerce website design company,10,0,LOW,27,commercial,,False
ecommerce website design company in bangalore,ecommerce website design company,10,0,LOW,,commercial,,False
ecommerce website design company in hyderabad,ecommerce website design company,10,0,,,commercial,,False
ecommerce website design company in usa,ecommerce website design company,10,0,,,commercial,,False
ecommerce website design company singapore,ecommerce website design company,10,0,LOW,,commercial,,False
ecommerce website design company dubai,ecommerce website design company,10,0,LOW,,commercial,,False
