keyword,seed,search_volume,ai_search_volume,cpc,competition,difficulty,intent,vertical,superlative,is_question
ai agency,ai agency,49500,,2.12,MEDIUM,67,navigational,ai_agents,False,False
agency ai,ai agency,49500,,2.12,MEDIUM,71,navigational,other,False,False
agency marketing digital,digital marketing agency,49500,,0.97,LOW,87,commercial,other,False,False
agency of digital marketing,digital marketing agency,49500,,0.97,LOW,87,commercial,digital_mkt,False,False
digital marketing digital marketing agency,digital marketing agency,49500,,0.97,LOW,87,commercial,digital_mkt,False,False
agency for digital marketing,digital marketing agency,49500,,0.97,LOW,84,commercial,digital_mkt,False,False
agency digital marketing,digital marketing agency,49500,,0.97,LOW,92,commercial,digital_mkt,False,False
marketing agency digital,digital marketing agency,49500,,0.97,LOW,87,commercial,other,False,False
digital marketing advertising agency,digital marketing agency,49500,,0.97,LOW,69,commercial,digital_mkt,False,False
digital marketing and advertising agency,digital marketing agency,49500,,0.97,LOW,67,commercial,digital_mkt,False,False
digital marketing agency,digital marketing agency,49500,,0.97,LOW,87,commercial,digital_mkt,False,False
digital-marketing-agency,digital marketing agency,49500,,0.97,LOW,75,commercial,other,False,False
digital marketing ads agency,digital marketing agency,49500,,0.97,LOW,40,commercial,digital_mkt,False,False
digital agency marketing,digital marketing agency,49500,,0.97,LOW,87,commercial,other,False,False
digital marketing ad agency,digital marketing agency,49500,,0.97,LOW,73,commercial,digital_mkt,False,False
agent ai,ai agency,49500,,2.12,MEDIUM,71,informational,other,False,False
shopify development partners,shopify development,27100,,2.56,LOW,18,navigational,ecommerce,False,False
shopify development partner,shopify development,27100,,2.56,LOW,28,commercial,ecommerce,False,False
seo agency interamplify,seo agency,22200,,1.39,LOW,2,commercial,seo,False,False
services of seo,seo services,22200,,1.61,LOW,57,commercial,seo,False,False
seo services seo,seo services,22200,,1.61,LOW,58,commercial,seo,False,False
seo-services,seo services,22200,,1.61,LOW,57,commercial,seo,False,False
seo services,seo services,22200,,1.61,LOW,66,commercial,seo,False,False
seo optimization services,seo services,22200,,1.61,LOW,63,commercial,seo,False,False
services seo,seo services,22200,,1.61,LOW,55,commercial,seo,False,False
services for seo,seo services,22200,,1.61,LOW,55,commercial,seo,False,False
seo seo services,seo services,22200,,1.61,LOW,57,commercial,seo,False,False
shopify partner login,shopify development,22200,,2.34,LOW,23,navigational,ecommerce,False,False
near me digital marketing agency,digital marketing agency,12100,,0.6,LOW,45,commercial,digital_mkt,False,False
digital marketing agency near me,digital marketing agency,12100,,0.6,LOW,0,commercial,digital_mkt,False,False
indian seo agency,seo agency,9900,,1.52,LOW,51,commercial,seo,False,False
seo agency in india,seo agency,9900,,1.52,LOW,65,commercial,seo,False,False
india seo agency,seo agency,9900,,1.52,LOW,65,commercial,seo,False,False
seo agency india,seo agency,9900,,1.52,LOW,51,commercial,seo,False,False
seo company in india,seo company,9900,,1.52,LOW,51,commercial,seo,False,False
seo company of india,seo company,9900,,1.52,LOW,55,commercial,seo,False,False
seo company from india,seo company,9900,,1.52,LOW,55,commercial,seo,False,False
india seo company,seo company,9900,,1.52,LOW,55,commercial,seo,False,False
indian seo company,seo company,9900,,1.52,LOW,43,commercial,seo,False,False
seo company india,seo company,9900,,1.52,LOW,55,commercial,seo,False,False
web development company,web development company,9900,,1.44,LOW,42,commercial,web_design,False,False
company web development,web development company,9900,,1.44,LOW,33,commercial,web_design,False,False
web-development-company,web development company,9900,,1.44,LOW,39,commercial,other,False,False
web development development company,web development company,9900,,1.44,LOW,39,commercial,web_design,False,False
company for web development,web development company,9900,,1.44,LOW,42,commercial,web_design,False,False
digital marketing agency in india,digital marketing agency,9900,,0.82,LOW,39,commercial,digital_mkt,False,False
digital marketing agency india,digital marketing agency,9900,,0.82,LOW,43,commercial,digital_mkt,False,False
india digital marketing agency,digital marketing agency,9900,,0.82,LOW,43,commercial,digital_mkt,False,False
mumbai seo agency,seo agency,8100,,2.01,LOW,29,commercial,seo,False,False
seo agency mumbai,seo agency,8100,,2.01,LOW,8,commercial,seo,False,False
seo agency in mumbai,seo agency,8100,,2.01,LOW,8,commercial,seo,False,False
seo company mumbai,seo company,8100,,2.01,LOW,19,commercial,seo,False,False
seo company in mumbai india,seo company,8100,,2.01,LOW,24,commercial,seo,False,False
seo company in mumbai,seo company,8100,,2.01,LOW,20,commercial,seo,False,False
mumbai seo company,seo company,8100,,2.01,LOW,27,commercial,seo,False,False
digital marketing agency delhi ncr,digital marketing agency,8100,,1.05,LOW,39,commercial,digital_mkt,False,False
digital marketing agency in new delhi,digital marketing agency,8100,,1.05,LOW,45,commercial,digital_mkt,False,False
digital marketing agency in delhi,digital marketing agency,8100,,0.8,LOW,31,commercial,digital_mkt,False,False
top digital marketing agency,digital marketing agency,8100,4,1.14,LOW,33,commercial,digital_mkt,True,False
digital marketing agency in bangalore,digital marketing agency,8100,,1.12,MEDIUM,43,commercial,digital_mkt,False,False
digital marketing agency ahmedabad,digital marketing agency,8100,,0.58,LOW,40,commercial,digital_mkt,False,False
delhi digital marketing agency,digital marketing agency,8100,,1.05,LOW,43,commercial,digital_mkt,False,False
biggest digital marketing agency,digital marketing agency,8100,46,1.14,LOW,36,commercial,digital_mkt,True,False
big digital marketing agency,digital marketing agency,8100,,1.14,LOW,45,commercial,digital_mkt,False,False
digital marketing agency best,digital marketing agency,8100,165,1.14,LOW,48,commercial,digital_mkt,True,False
digital marketing agency in ahmedabad,digital marketing agency,8100,,0.58,LOW,51,commercial,digital_mkt,False,False
best digital marketing agency,digital marketing agency,8100,165,1.14,LOW,33,commercial,digital_mkt,True,False
bangalore digital marketing agency,digital marketing agency,8100,,1.12,MEDIUM,56,commercial,digital_mkt,False,False
digital marketing agency delhi,digital marketing agency,8100,,1.05,LOW,69,commercial,digital_mkt,False,False
digital marketing agency bangalore,digital marketing agency,8100,,1.12,MEDIUM,56,commercial,digital_mkt,False,False
digital marketing agency top,digital marketing agency,8100,4,1.14,LOW,37,commercial,digital_mkt,True,False
digital marketing agency in delhi ncr,digital marketing agency,8100,,1.05,LOW,42,commercial,digital_mkt,False,False
agency seo,seo agency,6600,,2.56,LOW,0,commercial,seo,False,False
seo agency in delhi,seo agency,6600,,2.21,LOW,34,commercial,seo,False,False
seo for agency,seo agency,6600,,2.56,LOW,0,commercial,seo,False,False
seo optimization agency,seo agency,6600,,2.56,LOW,35,commercial,seo,False,False
agency for seo,seo agency,6600,,2.56,LOW,0,commercial,seo,False,False
seo agency,seo agency,6600,,2.56,LOW,43,commercial,seo,False,False
seo optimisation agency,seo agency,6600,,2.56,LOW,17,commercial,seo,False,False
seo company delhi,seo company,6600,,2.21,LOW,34,commercial,seo,False,False
seo services in delhi,seo services,6600,,2.21,LOW,32,commercial,seo,False,False
seo services delhi,seo services,6600,,2.21,LOW,48,commercial,seo,False,False
seo services india delhi,seo services,6600,,2.21,LOW,38,commercial,seo,False,False
seo services in delhi ncr,seo services,6600,,2.21,LOW,42,commercial,seo,False,False
seo services delhi ncr,seo services,6600,,2.21,LOW,29,commercial,seo,False,False
web design company in new delhi,web design company,6600,,1.15,LOW,32,commercial,web_design,False,False
delhi web design company,web design company,6600,,1.15,LOW,100,commercial,web_design,False,False
web design company delhi,web design company,6600,,1.15,LOW,99,commercial,web_design,False,False
web development company in delhi,web development company,6600,,1.15,LOW,72,commercial,web_design,False,False
digital marketing agency hyderabad,digital marketing agency,6600,,0.83,LOW,69,commercial,digital_mkt,False,False
digital marketing agency chennai,digital marketing agency,6600,,0.75,LOW,31,commercial,digital_mkt,False,False
digital-marketing-agency-in-mumbai,digital marketing agency,6600,,0.99,LOW,28,commercial,other,False,False
digital marketing agency mumbai,digital marketing agency,6600,,0.99,LOW,39,commercial,digital_mkt,False,False
digital marketing agency in mumbai,digital marketing agency,6600,,0.99,LOW,28,commercial,digital_mkt,False,False
digital marketing agency in hyderabad,digital marketing agency,6600,,0.83,LOW,66,commercial,digital_mkt,False,False
digital marketing agency noida,digital marketing agency,6600,,0.95,LOW,23,commercial,digital_mkt,False,False
digital marketing agency in chennai,digital marketing agency,6600,,0.75,LOW,27,commercial,digital_mkt,False,False
digital marketing agency in hyd,digital marketing agency,6600,,0.83,LOW,35,commercial,digital_mkt,False,False
website designing company in delhi,web design company,6600,,1.15,LOW,100,commercial,web_design,False,False
website development company in delhi,web development company,6600,,1.15,LOW,72,commercial,web_design,False,False
seo of a company,seo company,5400,,1.39,LOW,51,commercial,seo,False,False
seo optimization company,seo company,5400,,1.39,LOW,33,commercial,seo,False,False
company seo,seo company,5400,,1.39,LOW,51,commercial,seo,False,False
seo company,seo company,5400,,1.39,LOW,51,commercial,seo,False,False
seo and company,seo company,5400,,1.39,LOW,51,commercial,seo,False,False
seo in company,seo company,5400,,1.39,LOW,89,commercial,seo,False,False
seo of company,seo company,5400,,1.39,LOW,51,commercial,seo,False,False
seo company seo,seo company,5400,,1.39,LOW,51,commercial,seo,False,False
seo for company,seo company,5400,,1.39,LOW,51,commercial,seo,False,False
seo services search engine optimization,seo services,5400,,0.97,LOW,73,commercial,seo,False,False
search engine optimization seo services,seo services,5400,,0.97,LOW,55,commercial,seo,False,False
seo search engine optimization services,seo services,5400,,0.97,LOW,39,commercial,seo,False,False
seo optimisation services,seo services,5400,,0.97,LOW,66,commercial,seo,False,False
search engine optimisation seo services,seo services,5400,,0.97,LOW,64,commercial,seo,False,False
search engine optimization services seo,seo services,5400,,0.97,LOW,86,commercial,seo,False,False
web design company websites,web design company,5400,,1.38,LOW,65,commercial,web_design,False,False
web design company in coimbatore,web design company,5400,,0.84,LOW,98,commercial,web_design,False,False
web design design company,web design company,5400,,1.38,LOW,100,commercial,web_design,False,False
company web design,web design company,5400,,1.38,LOW,100,commercial,web_design,False,False
web design company coimbatore,web design company,5400,,0.84,LOW,92,navigational,web_design,False,False
web design company bangalore,web design company,5400,,1.76,LOW,72,commercial,web_design,False,False
web company design,web design company,5400,,1.38,LOW,100,commercial,other,False,False
web design company site,web design company,5400,,1.38,LOW,76,commercial,web_design,False,False
company for web design,web design company,5400,,1.38,LOW,100,commercial,web_design,False,False
web design website company,web design company,5400,,1.38,LOW,72,commercial,web_design,False,False
web design company website,web design company,5400,,1.38,LOW,65,navigational,web_design,False,False
company web page design,web design company,5400,,1.38,LOW,22,navigational,other,False,False
coimbatore web design company,web design company,5400,,0.84,LOW,100,navigational,web_design,False,False
design company web,web design company,5400,,1.38,LOW,100,commercial,other,False,False
web design company sites,web design company,5400,,1.38,LOW,55,commercial,web_design,False,False
web design for company,web design company,5400,,1.38,LOW,100,commercial,web_design,False,False
web design company,web design company,5400,,1.38,LOW,91,commercial,web_design,False,False
design web company,web design company,5400,,1.38,LOW,100,commercial,other,False,False
bangalore web development company,web development company,5400,,1.76,LOW,38,commercial,web_design,False,False
web development company india bangalore,web development company,5400,,1.76,LOW,58,commercial,web_design,False,False
web development company bangalore,web development company,5400,,1.76,LOW,40,commercial,web_design,False,False
web development company in bangalore,web development company,5400,,1.76,LOW,40,commercial,web_design,False,False
web development company in coimbatore,web development company,5400,,0.84,LOW,14,commercial,web_design,False,False
what is ai agency,ai agency,5400,4,0.97,LOW,48,informational,ai_agents,False,True
digital marketing agency in pune,digital marketing agency,5400,,0.83,LOW,90,commercial,digital_mkt,False,False
best digital marketing agency in india,digital marketing agency,5400,12,0.91,LOW,9,commercial,digital_mkt,True,False
pune digital marketing agency,digital marketing agency,5400,,0.83,LOW,90,commercial,digital_mkt,False,False
digital marketing agency pune,digital marketing agency,5400,,0.83,LOW,89,commercial,digital_mkt,False,False
best digital marketing agency india,digital marketing agency,5400,12,0.91,LOW,9,commercial,digital_mkt,True,False
seo agency delhi,seo agency,4400,,2.13,LOW,33,commercial,seo,False,False
bangalore seo agency,seo agency,4400,,2.66,LOW,38,commercial,seo,False,False
seo agency bangalore,seo agency,4400,,2.66,LOW,37,commercial,seo,False,False
seo agency in bangalore,seo agency,4400,,2.66,LOW,40,commercial,seo,False,False
seo company in delhi-ncr,seo company,4400,,2.13,LOW,26,commercial,seo,False,False
seo delhi company,seo company,4400,,2.13,LOW,34,commercial,seo,False,False
seo company bangalore,seo company,4400,,2.66,LOW,25,commercial,seo,False,False
seo company in ahmedabad,seo company,4400,,2.13,LOW,49,commercial,seo,False,False
seo company ahmedabad,seo company,4400,,2.13,LOW,49,commercial,seo,False,False
bangalore seo company,seo company,4400,,2.66,LOW,40,commercial,seo,False,False
seo company in delhi india,seo company,4400,,2.13,LOW,23,commercial,seo,False,False
delhi seo company,seo company,4400,,2.13,LOW,17,commercial,seo,False,False
ahmedabad seo company,seo company,4400,,2.13,LOW,49,commercial,seo,False,False
seo company delhi ncr,seo company,4400,,2.13,LOW,23,commercial,seo,False,False
seo company india delhi,seo company,4400,,2.13,LOW,30,commercial,seo,False,False
seo company delhi india,seo company,4400,,2.13,LOW,29,commercial,seo,False,False
seo company in bangalore,seo company,4400,,2.66,LOW,40,commercial,seo,False,False
seo company in delhi ncr,seo company,4400,,2.13,LOW,23,commercial,seo,False,False
seo company in delhi,seo company,4400,,2.13,LOW,29,commercial,seo,False,False
ai seo,ai seo,4400,,2.82,MEDIUM,44,informational,ai_seo,False,False
ai in seo,ai seo,4400,,2.82,MEDIUM,42,informational,seo,False,False
ai and seo,ai seo,4400,,2.82,MEDIUM,36,commercial,seo,False,False
ai for seo,ai seo,4400,,2.82,MEDIUM,41,commercial,seo,False,False
seo ai,ai seo,4400,,2.82,MEDIUM,40,informational,seo,False,False
digital marketing agency lucknow,digital marketing agency,4400,,0.43,LOW,51,commercial,digital_mkt,False,False
digital marketing agency in jaipur,digital marketing agency,4400,,0.41,LOW,24,commercial,digital_mkt,False,False
digital marketing agency in kolkata,digital marketing agency,4400,,0.93,LOW,68,commercial,digital_mkt,False,False
digital marketing agency in lucknow,digital marketing agency,4400,,0.43,LOW,18,commercial,digital_mkt,False,False
digital marketing agency kolkata,digital marketing agency,4400,,0.93,LOW,81,commercial,digital_mkt,False,False
seo agency in pune,seo agency,3600,,2.17,LOW,35,commercial,seo,False,False
best seo agency india,seo agency,3600,0,2.18,LOW,51,commercial,seo,True,False
seo agency in chennai,seo agency,3600,,1.08,LOW,24,commercial,seo,False,False
best seo agency in india,seo agency,3600,0,2.18,LOW,51,commercial,seo,True,False
seo agency pune,seo agency,3600,,2.17,LOW,17,commercial,seo,False,False
top seo agency in india,seo agency,3600,0,2.18,LOW,51,commercial,seo,True,False
india's best seo company,seo company,3600,25,2.18,LOW,67,commercial,seo,True,False
seo company chennai,seo company,3600,,1.08,LOW,30,commercial,seo,False,False
best indian seo company,seo company,3600,0,2.18,LOW,51,commercial,seo,True,False
seo company in chennai,seo company,3600,,1.08,LOW,30,commercial,seo,False,False
best seo company india,seo company,3600,25,2.18,LOW,68,commercial,seo,True,False
good seo company in india,seo company,3600,0,2.18,LOW,20,commercial,seo,True,False
seo company pune,seo company,3600,,2.17,LOW,35,commercial,seo,False,False
best company for seo in india,seo company,3600,25,2.18,LOW,51,commercial,seo,True,False
leading seo company in india,seo company,3600,0,2.18,LOW,60,commercial,seo,True,False
seo company in pune india,seo company,3600,,2.17,LOW,38,commercial,seo,False,False
pune seo company,seo company,3600,,2.17,LOW,18,commercial,seo,False,False
seo best company in india,seo company,3600,25,2.18,LOW,51,commercial,seo,True,False
seo company in pune,seo company,3600,,2.17,LOW,19,commercial,seo,False,False
top seo company in india,seo company,3600,0,2.18,LOW,81,commercial,seo,True,False
best seo company in india,seo company,3600,25,2.18,LOW,51,commercial,seo,True,False
best seo services india,seo services,3600,0,2.18,LOW,51,commercial,seo,True,False
chennai seo services,seo services,3600,,1.08,LOW,,commercial,seo,False,False
seo services pune,seo services,3600,,2.17,LOW,35,commercial,seo,False,False
web design company in bangalore,web design company,3600,,1.32,LOW,72,commercial,web_design,False,False
pune web design company,web design company,3600,,1.68,LOW,40,commercial,web_design,False,False
web design and development company in pune,web design company,3600,,1.68,LOW,40,commercial,web_design,False,False
web design company pune,web design company,3600,,1.68,LOW,25,commercial,web_design,False,False
web design company in pune,web design company,3600,,1.68,LOW,64,commercial,web_design,False,False
web development company in pune,web development company,3600,,1.68,LOW,35,commercial,web_design,False,False
web development company pune,web development company,3600,,1.68,LOW,35,commercial,web_design,False,False
pune web development company,web development company,3600,,1.68,LOW,35,commercial,web_design,False,False
best digital marketing agency in hyderabad,digital marketing agency,3600,1,1.11,LOW,66,commercial,digital_mkt,True,False
digital marketing agency kochi,digital marketing agency,3600,,1,LOW,51,commercial,digital_mkt,False,False
digital marketing agency indore,digital marketing agency,3600,,0.76,LOW,56,commercial,digital_mkt,False,False
best digital marketing agency in hyd,digital marketing agency,3600,0,1.11,LOW,66,commercial,digital_mkt,True,False
digital marketing agency in indore,digital marketing agency,3600,,0.76,LOW,12,commercial,digital_mkt,False,False
best digital marketing agency hyderabad,digital marketing agency,3600,1,1.11,LOW,33,commercial,digital_mkt,True,False
digital marketing agency in kochi,digital marketing agency,3600,,1,LOW,50,commercial,digital_mkt,False,False
best seo agencies in india,seo agency,3600,,2.18,LOW,51,commercial,seo,True,False
kore ai,ai agency,3600,,2.01,LOW,38,informational,other,False,False
seo agency in dubai,seo agency,2900,,1.71,LOW,24,commercial,seo,False,False
seo agency dubai,seo agency,2900,,1.71,LOW,33,commercial,seo,False,False
dubai seo company,seo company,2900,,1.71,LOW,40,commercial,seo,False,False
seo company dubai,seo company,2900,,1.71,LOW,32,commercial,seo,False,False
seo company in uae,seo company,2900,,1.71,LOW,38,commercial,seo,False,False
seo dubai company,seo company,2900,,1.71,LOW,53,commercial,seo,False,False
seo company uae,seo company,2900,,1.71,LOW,30,commercial,seo,False,False
seo company in dubai,seo company,2900,,1.71,LOW,41,commercial,seo,False,False
seo services in dubai,seo services,2900,,1.71,LOW,41,commercial,seo,False,False
seo india services,seo services,2900,,1.28,LOW,33,commercial,seo,False,False
seo services in india,seo services,2900,,1.28,LOW,33,commercial,seo,False,False
india seo services,seo services,2900,,1.28,LOW,33,commercial,seo,False,False
seo optimization services india,seo services,2900,,1.28,LOW,,commercial,seo,False,False
indian seo services,seo services,2900,,1.28,LOW,70,commercial,seo,False,False
seo services dubai,seo services,2900,,1.71,LOW,54,commercial,seo,False,False
seo services from india,seo services,2900,,1.28,LOW,33,commercial,seo,False,False
seo services india,seo services,2900,,1.28,LOW,33,commercial,seo,False,False
web design company india,web design company,2900,,1.03,LOW,52,commercial,web_design,False,False
india web design company,web design company,2900,,1.03,LOW,52,commercial,web_design,False,False
web design company in india,web design company,2900,,1.03,LOW,52,commercial,web_design,False,False
website design agency in india,website design agency,2900,,1.03,LOW,98,commercial,web_design,False,False
website design agency india,website design agency,2900,,1.03,LOW,77,commercial,web_design,False,False
development shopify,shopify development,2900,,1.79,LOW,58,commercial,ecommerce,False,False
ai agency course,ai agency,2900,,1.58,HIGH,23,informational,ai_agents,False,False
digital marketing agency surat,digital marketing agency,2900,,0.84,LOW,2,commercial,digital_mkt,False,False
digital marketing agency dubai,digital marketing agency,2900,,1.59,MEDIUM,34,commercial,digital_mkt,False,False
digital marketing agency coimbatore,digital marketing agency,2900,,0.43,LOW,25,commercial,digital_mkt,False,False
digital marketing agency in dubai,digital marketing agency,2900,,1.59,MEDIUM,38,commercial,digital_mkt,False,False
dubai digital marketing agency,digital marketing agency,2900,,1.59,MEDIUM,36,commercial,digital_mkt,False,False
digital marketing agency in gurgaon,digital marketing agency,2900,,1.05,LOW,36,commercial,digital_mkt,False,False
best digital marketing agency in delhi,digital marketing agency,2900,3,0.91,LOW,52,commercial,digital_mkt,True,False
digital marketing agency in coimbatore,digital marketing agency,2900,,0.43,LOW,41,commercial,digital_mkt,False,False
digital marketing agency in noida,digital marketing agency,2900,,0.64,LOW,72,commercial,digital_mkt,False,False
noida digital marketing agency,digital marketing agency,2900,,0.64,LOW,72,commercial,digital_mkt,False,False
digital marketing agency in surat,digital marketing agency,2900,,0.84,LOW,9,commercial,digital_mkt,False,False
generative engine optimization,generative engine optimization,2900,,1.61,MEDIUM,61,informational,ai_seo,False,False
web design agency india,web design company,2900,,1.03,LOW,91,commercial,web_design,False,False
website design company in india,web design company,2900,,1.03,LOW,51,commercial,web_design,False,False
noida seo company,seo company,2400,,0.94,LOW,18,commercial,seo,False,False
seo company noida,seo company,2400,,0.94,LOW,15,commercial,seo,False,False
seo company in noida,seo company,2400,,0.94,LOW,16,commercial,seo,False,False
local seo services,seo services,2400,,2.49,LOW,21,commercial,seo,False,False
web design company in hyderabad,web design company,2400,,1.96,LOW,25,commercial,web_design,False,False
hyderabad web design company,web design company,2400,,1.96,LOW,47,navigational,web_design,False,False
web design company hyderabad,web design company,2400,,1.96,LOW,26,navigational,web_design,False,False
noida web design company,web design company,2400,,0.86,LOW,17,navigational,web_design,False,False
web design and development company in chennai,web design company,2400,,0.89,LOW,100,commercial,web_design,False,False
web development company in chennai,web development company,2400,,0.89,LOW,39,commercial,web_design,False,False
web development company in noida,web development company,2400,,0.86,LOW,26,commercial,web_design,False,False
web development company chennai,web development company,2400,,0.89,LOW,39,commercial,web_design,False,False
chennai web development company,web development company,2400,,0.89,LOW,40,navigational,web_design,False,False
web development company jaipur,web development company,2400,,0.99,LOW,31,commercial,web_design,False,False
web development company in jaipur,web development company,2400,,0.99,LOW,22,commercial,web_design,False,False
jaipur web development company,web development company,2400,,0.99,LOW,44,navigational,web_design,False,False
web development company in india,web development company,2400,,1.11,LOW,45,commercial,web_design,False,False
website design agency,website design agency,2400,,1.53,LOW,77,commercial,web_design,False,False
agency website design,website design agency,2400,,1.53,LOW,0,commercial,web_design,False,False
what is an ai agency,ai agency,2400,4,0.91,LOW,23,informational,ai_agents,False,True
ai automation agency,ai agency,2400,,1.8,MEDIUM,16,navigational,ai_agents,False,False
digital marketing agency in united states,digital marketing agency,2400,,6.98,MEDIUM,63,commercial,digital_mkt,False,False
digital marketing agency in chandigarh,digital marketing agency,2400,,0.58,LOW,17,commercial,digital_mkt,False,False
chandigarh digital marketing agency,digital marketing agency,2400,,0.58,LOW,34,commercial,digital_mkt,False,False
digital marketing agency united states,digital marketing agency,2400,,6.98,MEDIUM,38,commercial,digital_mkt,False,False
digital marketing agency in us,digital marketing agency,2400,,6.98,MEDIUM,35,commercial,digital_mkt,False,False
digital marketing agency in the us,digital marketing agency,2400,,6.98,MEDIUM,54,commercial,digital_mkt,False,False
digital marketing agency us,digital marketing agency,2400,,6.98,MEDIUM,54,commercial,digital_mkt,False,False
digital marketing agency in usa,digital marketing agency,2400,,6.98,MEDIUM,10,commercial,digital_mkt,False,False
digital marketing agency in kerala,digital marketing agency,2400,,0.52,LOW,58,commercial,digital_mkt,False,False
digital marketing agency usa,digital marketing agency,2400,,6.98,MEDIUM,39,commercial,digital_mkt,False,False
website development company in india,web development company,2400,,1.11,LOW,99,commercial,web_design,False,False
seo agency near me,seo agency,1900,,1.55,LOW,31,commercial,seo,False,False
best seo agency in delhi,seo agency,1900,0,1.84,LOW,37,commercial,seo,True,False
best seo company in delhi,seo company,1900,2,1.84,LOW,23,commercial,seo,True,False
seo company in kerala,seo company,1900,,0.91,LOW,18,commercial,seo,False,False
top seo company in delhi,seo company,1900,0,1.84,LOW,18,commercial,seo,True,False
seo company kolkata,seo company,1900,,0.85,LOW,23,commercial,seo,False,False
best seo company delhi,seo company,1900,2,1.84,LOW,29,commercial,seo,True,False
seo company in kolkata,seo company,1900,,0.85,LOW,0,commercial,seo,False,False
kolkata seo company,seo company,1900,,0.85,LOW,0,commercial,seo,False,False
seo services for business,seo services,1900,,0,LOW,67,commercial,seo,False,False
seo services for businesses,seo services,1900,,0,LOW,51,commercial,seo,False,False
best seo services delhi,seo services,1900,1,1.84,LOW,36,commercial,seo,True,False
seo services business,seo services,1900,,0,LOW,25,commercial,seo,False,False
seo services near me,seo services,1900,,1.55,LOW,23,commercial,seo,False,False
web design and development company india,web design company,1900,,1.21,LOW,45,commercial,web_design,False,False
indian web design company,web design company,1900,,1.21,LOW,94,commercial,web_design,False,False
web design and development company in india,web design company,1900,,1.21,LOW,99,commercial,web_design,False,False
web design company in mumbai,web design company,1900,,1.18,LOW,23,commercial,web_design,False,False
web development company india,web development company,1900,,1.21,LOW,50,commercial,web_design,False,False
web designing and development company in india,web development company,1900,,1.21,LOW,88,commercial,web_design,False,False
web development company in mumbai,web development company,1900,,1.88,LOW,27,commercial,web_design,False,False
indian web development company,web development company,1900,,1.21,LOW,29,navigational,web_design,False,False
web development company from india,web development company,1900,,1.21,LOW,49,commercial,web_design,False,False
web development company in ahmedabad,web development company,1900,,1.04,LOW,35,commercial,web_design,False,False
india web development company,web development company,1900,,1.21,LOW,60,commercial,web_design,False,False
web development india company,web development company,1900,,1.21,LOW,71,navigational,web_design,False,False
ai calling agency,ai agency,1900,,6.27,HIGH,63,informational,other,False,False
how to build ai agency,ai agency,1900,0,2.3,MEDIUM,1,informational,ai_agents,False,True
what is agency in ai,ai agency,1900,4,1.56,LOW,51,informational,other,False,True
ai agent development company,ai agent development,1900,,4.61,LOW,0,navigational,ai_agents,False,False
ai agent development companies,ai agent development,1900,,4.61,LOW,28,commercial,ai_agents,False,False
best digital marketing agency chennai,digital marketing agency,1900,5,0.95,LOW,20,commercial,digital_mkt,True,False
best digital marketing agency in chennai,digital marketing agency,1900,5,0.95,LOW,20,commercial,digital_mkt,True,False
top digital marketing agency india,digital marketing agency,1900,2,0.6,LOW,35,commercial,digital_mkt,True,False
india top digital marketing agency,digital marketing agency,1900,2,0.6,LOW,35,commercial,digital_mkt,True,False
best digital marketing agency in noida,digital marketing agency,1900,0,1.12,LOW,39,commercial,digital_mkt,True,False
best digital marketing agency bangalore,digital marketing agency,1900,0,1.32,LOW,58,commercial,digital_mkt,True,False
best digital marketing agency noida,digital marketing agency,1900,0,1.12,LOW,38,commercial,digital_mkt,True,False
best digital marketing agency in bangalore,digital marketing agency,1900,0,1.32,LOW,58,commercial,digital_mkt,True,False
top digital marketing agency in india,digital marketing agency,1900,2,0.6,LOW,35,commercial,digital_mkt,True,False
digital marketing agency in pune india,digital marketing agency,1900,,0.46,LOW,72,commercial,digital_mkt,False,False
top digital marketing companies in india,digital marketing agency,1900,,0.6,LOW,0,commercial,digital_mkt,True,False
seo agency chandigarh,seo agency,1600,,0.5,LOW,8,commercial,seo,False,False
seo agency gurgaon,seo agency,1600,,3.13,LOW,47,commercial,seo,False,False
best seo agency,seo agency,1600,29,2.11,LOW,35,commercial,seo,True,False
seo agency best,seo agency,1600,29,2.11,LOW,71,commercial,seo,True,False
seo marketing company in gurgaon,seo company,1600,,3.13,LOW,18,commercial,seo,False,False
best seo company in noida,seo company,1600,6,0.9,LOW,16,commercial,seo,True,False
seo company coimbatore,seo company,1600,,0.29,LOW,36,commercial,seo,False,False
seo marketing company gurgaon,seo company,1600,,3.13,LOW,14,commercial,seo,False,False
seo company chandigarh,seo company,1600,,0.5,LOW,10,commercial,seo,False,False
seo company best,seo company,1600,140,2.11,LOW,29,commercial,seo,True,False
seo company gurgaon,seo company,1600,,3.13,LOW,29,commercial,seo,False,False
seo company in coimbatore,seo company,1600,,0.29,LOW,8,commercial,seo,False,False
seo company in chd,seo company,1600,,0.5,LOW,10,commercial,seo,False,False
good seo company,seo company,1600,1,2.11,LOW,33,commercial,seo,True,False
seo company in gurgaon,seo company,1600,,3.13,LOW,32,commercial,seo,False,False
seo company in faridabad,seo company,1600,,0,LOW,3,commercial,seo,False,False
seo top company,seo company,1600,1,2.11,LOW,14,commercial,seo,True,False
seo company in chandigarh,seo company,1600,,0.5,LOW,10,commercial,seo,False,False
chandigarh seo company,seo company,1600,,0.5,LOW,12,commercial,seo,False,False
seo company faridabad,seo company,1600,,0,LOW,0,commercial,seo,False,False
seo company in jaipur,seo company,1600,,0.43,LOW,33,commercial,seo,False,False
best company for seo,seo company,1600,140,2.11,LOW,29,commercial,seo,True,False
seo best company,seo company,1600,140,2.11,LOW,29,commercial,seo,True,False
best seo optimization company,seo company,1600,0,2.11,LOW,71,commercial,seo,True,False
best seo company,seo company,1600,140,2.11,LOW,29,commercial,seo,True,False
seo services chandigarh,seo services,1600,,0.5,LOW,0,commercial,seo,False,False
seo services in mumbai,seo services,1600,,2.48,LOW,25,commercial,seo,False,False
mumbai seo services,seo services,1600,,2.48,LOW,25,commercial,seo,False,False
seo services mumbai,seo services,1600,,2.48,LOW,25,commercial,seo,False,False
on-page seo services,seo services,1600,,0.38,LOW,6,commercial,seo,False,False
ai seo services,seo services,1600,,3.58,LOW,19,commercial,ai_seo,False,False
on page seo services,seo services,1600,,0.38,LOW,6,commercial,seo,False,False
best seo services in noida,seo services,1600,2,0.9,LOW,0,commercial,seo,True,False
onpage seo services,seo services,1600,,0.38,LOW,0,commercial,seo,False,False
seo writing ai,ai seo,1600,,0.1,MEDIUM,26,commercial,seo,False,False
seo writer ai,ai seo,1600,,0.1,MEDIUM,77,commercial,seo,False,False
ai seo service,ai seo,1600,,3.58,LOW,19,commercial,ai_seo,False,False
web design company kolkata,web design company,1600,,0.91,LOW,54,navigational,web_design,False,False
mumbai web design company,web design company,1600,,1.98,LOW,29,commercial,web_design,False,False
kerala web design company,web design company,1600,,1.23,LOW,25,commercial,web_design,False,False
web design company in jaipur,web design company,1600,,1.67,MEDIUM,34,commercial,web_design,False,False
web design and development company in mumbai,web design company,1600,,1.98,LOW,40,commercial,web_design,False,False
web design company mumbai,web design company,1600,,1.98,LOW,19,commercial,web_design,False,False
web design company in kerala,web design company,1600,,1.23,LOW,98,commercial,web_design,False,False
web design company at kolkata,web design company,1600,,0.91,LOW,54,navigational,web_design,False,False
web design company in kolkata,web design company,1600,,0.91,LOW,54,commercial,web_design,False,False
web design company kerala,web design company,1600,,1.23,LOW,93,commercial,web_design,False,False
web design company in delhi,web design company,1600,,0.94,LOW,67,commercial,web_design,False,False
kolkata web design company,web design company,1600,,0.91,LOW,54,navigational,web_design,False,False
mumbai web development company,web development company,1600,,1.98,LOW,17,commercial,web_design,False,False
web development company in kolkata,web development company,1600,,1.1,LOW,22,commercial,web_design,False,False
shopify web development company,web development company,1600,,1.29,LOW,33,commercial,ecommerce,False,False
web development company near me,web development company,1600,,1.18,LOW,100,commercial,web_design,False,False
web development company at kolkata,web development company,1600,,1.1,LOW,35,commercial,web_design,False,False
kolkata web development company,web development company,1600,,1.1,LOW,0,navigational,web_design,False,False
web development company mumbai,web development company,1600,,1.98,LOW,18,commercial,web_design,False,False
shopify website development company,shopify development,1600,,1.29,LOW,40,navigational,ecommerce,False,False
shopify web development,shopify development,1600,,1.29,LOW,40,commercial,ecommerce,False,False
shopify website development,shopify development,1600,,1.29,LOW,33,commercial,ecommerce,False,False
shopify development,shopify development,1600,,1.67,LOW,33,commercial,ecommerce,False,False
google ai agency,ai agency,1600,,2.49,LOW,,commercial,ai_agents,False,False
digital marketing agency gurgaon,digital marketing agency,1600,,1.41,MEDIUM,28,commercial,digital_mkt,False,False
best digital marketing agency in ahmedabad,digital marketing agency,1600,4,0.64,LOW,51,commercial,digital_mkt,True,False
digital marketing agency vadodara,digital marketing agency,1600,,0.53,LOW,30,commercial,digital_mkt,False,False
best digital marketing agency in jaipur,digital marketing agency,1600,1,0.51,LOW,7,commercial,digital_mkt,True,False
best digital marketing agency in pune,digital marketing agency,1600,18,0.83,LOW,37,commercial,digital_mkt,True,False
digital marketing agency in vadodara,digital marketing agency,1600,,0.53,LOW,15,commercial,digital_mkt,False,False
digital marketing agency patna,digital marketing agency,1600,,0.36,LOW,17,commercial,digital_mkt,False,False
digital marketing agency navi mumbai,digital marketing agency,1600,,0.76,LOW,51,commercial,digital_mkt,False,False
best digital marketing agency pune,digital marketing agency,1600,18,0.83,LOW,37,commercial,digital_mkt,True,False
digital marketing agency in navi mumbai,digital marketing agency,1600,,0.76,LOW,12,commercial,digital_mkt,False,False
best digital marketing agency jaipur,digital marketing agency,1600,1,0.51,LOW,22,commercial,digital_mkt,True,False
website design company in delhi,web design company,1600,,0.94,LOW,32,commercial,web_design,False,False
seo agency in hyderabad,seo agency,1300,,1.11,LOW,11,commercial,seo,False,False
best seo company ahmedabad,seo company,1300,0,2.36,LOW,96,commercial,seo,True,False
seo company in south delhi,seo company,1300,,0.42,LOW,17,commercial,seo,False,False
best seo company jaipur,seo company,1300,0,0.59,LOW,23,commercial,seo,True,False
seo company surat,seo company,1300,,2.74,LOW,7,navigational,seo,False,False
top seo company in jaipur,seo company,1300,0,0.59,LOW,10,commercial,seo,True,False
best seo company in ahmedabad,seo company,1300,0,2.36,LOW,88,commercial,seo,True,False
seo company in hyderabad,seo company,1300,,1.11,LOW,16,commercial,seo,False,False
seo company in surat,seo company,1300,,2.74,LOW,3,commercial,seo,False,False
seo company hyderabad,seo company,1300,,1.11,LOW,16,commercial,seo,False,False
seo company for small business,seo company,1300,,1.96,LOW,38,commercial,seo,False,False
best seo company in jaipur,seo company,1300,0,0.59,LOW,8,commercial,seo,True,False
seo services small business,seo services,1300,,1.96,LOW,64,commercial,seo,False,False
small business seo services,seo services,1300,,1.96,LOW,64,commercial,seo,False,False
seo services in hyderabad,seo services,1300,,1.09,LOW,12,commercial,seo,False,False
seo services bangalore,seo services,1300,,2.96,LOW,22,commercial,seo,False,False
seo services small businesses,seo services,1300,,1.96,LOW,10,commercial,seo,False,False
bangalore seo services,seo services,1300,,2.96,LOW,33,commercial,seo,False,False
seo services in bangalore,seo services,1300,,2.96,LOW,24,commercial,seo,False,False
seo services for small business,seo services,1300,,1.96,LOW,64,commercial,seo,False,False
seo services for small businesses,seo services,1300,,1.96,LOW,33,commercial,seo,False,False
seo services in south delhi,seo services,1300,,0.42,LOW,17,commercial,seo,False,False
seo services hyderabad,seo services,1300,,1.11,LOW,23,commercial,seo,False,False
web design company in patna,web design company,1300,,0.66,LOW,33,commercial,web_design,False,False
web design company ernakulam,web design company,1300,,1.46,LOW,33,navigational,web_design,False,False
web design company indore,web design company,1300,,1.16,LOW,30,commercial,web_design,False,False
web design company in kochi,web design company,1300,,1.46,LOW,75,commercial,web_design,False,False
web design company in indore,web design company,1300,,1.16,LOW,9,commercial,web_design,False,False
web design company in chennai,web design company,1300,,0.83,LOW,97,commercial,web_design,False,False
indore web design company,web design company,1300,,1.16,LOW,0,navigational,web_design,False,False
cochin web design company,web design company,1300,,1.46,LOW,71,navigational,web_design,False,False
best company for web development,web development company,1300,128,1.55,LOW,48,commercial,web_design,True,False
web development company indore,web development company,1300,,1.16,LOW,21,commercial,web_design,False,False
web development company in indore,web development company,1300,,1.16,LOW,21,commercial,web_design,False,False
top web development company,web development company,1300,1,1.55,LOW,47,commercial,web_design,True,False
indore web development company,web development company,1300,,1.16,LOW,21,navigational,web_design,False,False
ecommerce app development company,ecommerce development company,1300,,7.36,LOW,26,commercial,ecommerce,False,False
ecommerce mobile app development company,ecommerce development company,1300,,7.36,LOW,24,commercial,ecommerce,False,False
shopify development services,shopify development,1300,,1.55,LOW,26,commercial,ecommerce,False,False
shopify development company,shopify development,1300,,1.13,LOW,43,commercial,ecommerce,False,False
shopify development companies,shopify development,1300,,1.13,LOW,43,commercial,ecommerce,False,False
shopify development service,shopify development,1300,,1.55,LOW,38,commercial,ecommerce,False,False
digital marketing agency nyc,digital marketing agency,1300,,4.77,LOW,38,commercial,digital_mkt,False,False
digital marketing agency new york city,digital marketing agency,1300,,4.77,LOW,17,commercial,digital_mkt,False,False
digital marketing agency in calicut,digital marketing agency,1300,,0.74,LOW,39,commercial,digital_mkt,False,False
digital marketing agency in mumbai india,digital marketing agency,1300,,0.71,LOW,52,commercial,digital_mkt,False,False
digital marketing agency dehradun,digital marketing agency,1300,,0.44,LOW,31,commercial,digital_mkt,False,False
best digital marketing agency in kolkata,digital marketing agency,1300,8,0.69,LOW,27,commercial,digital_mkt,True,False
best digital marketing agency in mumbai,digital marketing agency,1300,16,0.7,LOW,29,commercial,digital_mkt,True,False
new york digital marketing agency,digital marketing agency,1300,,4.77,LOW,10,commercial,digital_mkt,False,False
digital marketing agency in new york city,digital marketing agency,1300,,4.77,LOW,37,commercial,digital_mkt,False,False
digital marketing agency in new york,digital marketing agency,1300,,4.77,LOW,10,commercial,digital_mkt,False,False
best digital marketing agency kolkata,digital marketing agency,1300,8,0.69,LOW,99,commercial,digital_mkt,True,False
digital marketing agency in ny,digital marketing agency,1300,,4.77,LOW,47,commercial,digital_mkt,False,False
best digital marketing agency in kerala,digital marketing agency,1300,20,0.56,LOW,51,commercial,digital_mkt,True,False
best digital marketing agency in lucknow,digital marketing agency,1300,0,0.33,LOW,50,commercial,digital_mkt,True,False
best digital marketing agency in kochi,digital marketing agency,1300,6,0.98,LOW,56,commercial,digital_mkt,True,False
best digital marketing agency in varanasi,digital marketing agency,1300,0,0.55,LOW,4,commercial,digital_mkt,True,False
digital marketing agency in bhopal,digital marketing agency,1300,,0.58,LOW,31,commercial,digital_mkt,False,False
digital marketing agency jaipur,digital marketing agency,1300,,0.65,LOW,33,commercial,digital_mkt,False,False
digital marketing agency in nyc,digital marketing agency,1300,,4.77,LOW,23,commercial,digital_mkt,False,False
nyc digital marketing agency,digital marketing agency,1300,,4.77,LOW,41,commercial,digital_mkt,False,False
digital marketing agency new york,digital marketing agency,1300,,4.77,LOW,10,commercial,digital_mkt,False,False
digital marketing agency in dehradun,digital marketing agency,1300,,0.44,LOW,31,commercial,digital_mkt,False,False
webfx digital marketing agency,digital marketing agency,1300,,0,LOW,36,commercial,digital_mkt,False,False
answer engine optimization,answer engine optimization,1300,,0.94,LOW,34,informational,ai_seo,False,False
seo agency usa,seo agency,1000,,9.58,MEDIUM,28,commercial,seo,False,False
usa seo agency,seo agency,1000,,9.58,MEDIUM,28,commercial,seo,False,False
seo agency in kolkata,seo agency,1000,,1.04,LOW,6,commercial,seo,False,False
seo agency us,seo agency,1000,,9.58,MEDIUM,16,commercial,seo,False,False
seo agency in usa,seo agency,1000,,9.58,MEDIUM,28,commercial,seo,False,False
seo agency in us,seo agency,1000,,9.58,MEDIUM,27,commercial,seo,False,False
seo agency in united states,seo agency,1000,,9.58,MEDIUM,,commercial,seo,False,False
seo company united states,seo company,1000,,9.58,MEDIUM,21,commercial,seo,False,False
seo company rajkot,seo company,1000,,3.86,LOW,0,commercial,seo,False,False
seo company in rajkot,seo company,1000,,3.86,LOW,1,commercial,seo,False,False
seo company near me,seo company,1000,,0.85,LOW,39,commercial,seo,False,False
seo company in indore,seo company,1000,,0.67,LOW,0,commercial,seo,False,False
best seo company in mumbai,seo company,1000,0,0.55,LOW,19,commercial,seo,True,False
usa seo company,seo company,1000,,9.58,MEDIUM,25,commercial,seo,False,False
best seo company mumbai,seo company,1000,0,0.55,LOW,28,commercial,seo,True,False
seo company in united states,seo company,1000,,9.58,MEDIUM,21,commercial,seo,False,False
seo company in mohali,seo company,1000,,0.27,LOW,0,commercial,seo,False,False
seo company about us,seo company,1000,,9.58,MEDIUM,60,commercial,seo,False,False
seo company america,seo company,1000,,9.58,MEDIUM,47,commercial,seo,False,False
american seo company,seo company,1000,,9.58,MEDIUM,15,commercial,seo,False,False
seo company mohali,seo company,1000,,0.27,LOW,1,commercial,seo,False,False
top seo company in mumbai,seo company,1000,1,0.55,LOW,16,commercial,seo,True,False
seo company usa,seo company,1000,,9.58,MEDIUM,31,commercial,seo,False,False
seo company in the usa,seo company,1000,,9.58,MEDIUM,25,commercial,seo,False,False
seo company indore,seo company,1000,,0.67,LOW,0,commercial,seo,False,False
seo company in america,seo company,1000,,9.58,MEDIUM,21,commercial,seo,False,False
seo company in usa,seo company,1000,,9.58,MEDIUM,15,commercial,seo,False,False
us seo company,seo company,1000,,9.58,MEDIUM,28,commercial,seo,False,False
seo services united states,seo services,1000,,9.58,MEDIUM,52,commercial,seo,False,False
seo ecommerce services,seo services,1000,,2.35,LOW,16,commercial,ecommerce,False,False
seo services in ahmedabad,seo services,1000,,1.61,LOW,88,commercial,seo,False,False
seo services in kolkata,seo services,1000,,1.04,LOW,16,commercial,seo,False,False
seo guest posting services,seo services,1000,,0.91,LOW,27,commercial,seo,False,False
kolkata seo services,seo services,1000,,1.04,LOW,43,commercial,seo,False,False
seo services ecommerce,seo services,1000,,2.35,LOW,14,commercial,ecommerce,False,False
seo services mohali,seo services,1000,,0.27,LOW,2,commercial,seo,False,False
seo services for ecommerce,seo services,1000,,2.35,LOW,16,commercial,ecommerce,False,False
ecommerce seo services,seo services,1000,,2.35,LOW,19,commercial,ecommerce,False,False
seo services ahmedabad,seo services,1000,,1.61,LOW,85,commercial,seo,False,False
e-commerce seo services,seo services,1000,,2.35,LOW,39,commercial,ecommerce,False,False
e commerce seo services,seo services,1000,,2.35,LOW,36,commercial,seo,False,False
ai seo tools,ai seo,1000,,2.06,LOW,24,commercial,ai_seo,False,False
surfer seo ai humanizer,ai seo,1000,,2.21,LOW,11,commercial,seo,False,False
ai seo tool,ai seo,1000,,2.06,LOW,65,commercial,ai_seo,False,False
best web design company coimbatore,web design company,1000,0,0.81,LOW,92,commercial,web_design,True,False
web development design company,web design company,1000,,2.09,LOW,79,commercial,web_design,False,False
web design company in chandigarh,web design company,1000,,1.02,LOW,80,commercial,web_design,False,False
chandigarh web design company,web design company,1000,,0.69,LOW,68,navigational,web_design,False,False
web design company near me,web design company,1000,,0.91,LOW,43,commercial,web_design,False,False
web design company ahmedabad,web design company,1000,,0.96,LOW,82,commercial,web_design,False,False
web design development company,web design company,1000,,2.09,LOW,77,commercial,web_design,False,False
best web design company in coimbatore,web design company,1000,0,0.81,LOW,100,commercial,web_design,True,False
web design and web development company,web design company,1000,,2.09,LOW,89,commercial,web_design,False,False
web design company madurai madurai tamil nadu,web design company,1000,,0.52,LOW,24,navigational,web_design,False,False
web development and design company,web design company,1000,,2.09,LOW,89,commercial,web_design,False,False
web design company bhubaneswar,web design company,1000,,0.18,LOW,3,commercial,web_design,False,False
web design company in ahmedabad,web design company,1000,,0.96,LOW,71,commercial,web_design,False,False
web design company madurai,web design company,1000,,0.52,LOW,24,commercial,web_design,False,False
web design company in madurai,web design company,1000,,0.52,LOW,25,commercial,web_design,False,False
design web development company,web design company,1000,,2.09,LOW,97,commercial,web_design,False,False
top web design company in coimbatore,web design company,1000,0,0.81,LOW,56,commercial,web_design,True,False
madurai web design company,web design company,1000,,0.52,LOW,24,navigational,web_design,False,False
web design and development company,web design company,1000,,2.09,LOW,60,commercial,web_design,False,False
web design & development company,web design company,1000,,2.09,LOW,97,commercial,web_design,False,False
web design company in bhubaneswar,web design company,1000,,0.18,LOW,3,commercial,web_design,False,False
web designing & development company,web development company,1000,,2.09,LOW,97,commercial,web_design,False,False
web development company madurai,web development company,1000,,0.52,LOW,38,commercial,web_design,False,False
web development and designing company,web development company,1000,,2.09,LOW,60,commercial,web_design,False,False
web designing development company,web development company,1000,,2.09,LOW,97,commercial,web_design,False,False
chandigarh web development company,web development company,1000,,0.69,LOW,26,navigational,web_design,False,False
web development company in chandigarh,web development company,1000,,0.69,LOW,64,commercial,web_design,False,False
web designing and development company,web development company,1000,,2.09,LOW,98,commercial,web_design,False,False
web development company in bhubaneswar,web development company,1000,,0.18,LOW,13,commercial,web_design,False,False
web development company in madurai,web development company,1000,,0.52,LOW,0,commercial,web_design,False,False
web development company in lucknow,web development company,1000,,0.56,LOW,3,commercial,web_design,False,False
best web development company in coimbatore,web development company,1000,2,0.81,LOW,30,commercial,web_design,True,False
best web development company india,web development company,1000,25,2.35,LOW,71,commercial,web_design,True,False
top web development company india,web development company,1000,0,2.35,LOW,2,commercial,web_design,True,False
web development company bhubaneswar,web development company,1000,,0.18,LOW,13,commercial,web_design,False,False
madurai web development company,web development company,1000,,0.52,LOW,11,navigational,web_design,False,False
top web development company in india,web development company,1000,0,2.35,LOW,5,commercial,web_design,True,False
website design and development agency,website design agency,1000,,2.09,LOW,43,commercial,web_design,False,False
brainvire ecommerce & mobile app development company,ecommerce development company,1000,,0.11,LOW,41,navigational,ecommerce,False,False
ecommerce development company,ecommerce development company,1000,,3.09,LOW,45,commercial,ecommerce,False,False
voice ai agency,ai agency,1000,,2.75,MEDIUM,,commercial,ai_agents,False,False
digital marketing agency united kingdom,digital marketing agency,1000,,5.81,MEDIUM,41,commercial,digital_mkt,False,False
digital marketing agency in uk,digital marketing agency,1000,,5.81,MEDIUM,73,commercial,digital_mkt,False,False
digital marketing agency in thane,digital marketing agency,1000,,0.8,LOW,13,commercial,digital_mkt,False,False
best digital marketing agency chandigarh,digital marketing agency,1000,0,0.54,LOW,15,commercial,digital_mkt,True,False
top 10 digital marketing agency in india,digital marketing agency,1000,0,0.5,LOW,1,commercial,digital_mkt,True,False
marketing digital agency uk,digital marketing agency,1000,,5.81,MEDIUM,61,commercial,other,False,False
digital marketing agency in united kingdom,digital marketing agency,1000,,5.81,MEDIUM,73,commercial,digital_mkt,False,False
best digital marketing agency near me,digital marketing agency,1000,0,0.78,LOW,23,commercial,digital_mkt,True,False
top 10 digital marketing agency india,digital marketing agency,1000,0,0.5,LOW,1,commercial,digital_mkt,True,False
digital marketing agency thane,digital marketing agency,1000,,0.8,LOW,40,commercial,digital_mkt,False,False
digital marketing agency in the uk,digital marketing agency,1000,,5.81,MEDIUM,62,commercial,digital_mkt,False,False
digital marketing agency uk,digital marketing agency,1000,,5.81,MEDIUM,43,commercial,digital_mkt,False,False
best digital marketing agency in chandigarh,digital marketing agency,1000,0,0.54,LOW,17,commercial,digital_mkt,True,False
uk digital marketing agency,digital marketing agency,1000,,5.81,MEDIUM,61,commercial,digital_mkt,False,False
digital marketing agency in ghaziabad,digital marketing agency,1000,,0.43,LOW,14,commercial,digital_mkt,False,False
digital marketing agency england,digital marketing agency,1000,,5.81,MEDIUM,32,commercial,digital_mkt,False,False
seo india,seo agency,1000,,2.13,LOW,55,informational,seo,False,False
ai chatbot development company,ai agent development,1000,,3.53,LOW,6,commercial,other,False,False
top 10 digital marketing company in india,digital marketing agency,1000,,0.5,LOW,1,commercial,digital_mkt,True,False
seo agency in navi mumbai,seo agency,880,,1.38,LOW,0,commercial,seo,False,False
best seo agency in chandigarh,seo agency,880,0,0.27,LOW,26,commercial,seo,True,False
seo agency ahmedabad,seo agency,880,,2.68,LOW,88,commercial,seo,False,False
best seo agency dubai,seo agency,880,5,2.65,LOW,54,commercial,seo,True,False
best seo agency in dubai,seo agency,880,5,2.65,LOW,23,commercial,seo,True,False
seo agency in ahmedabad,seo agency,880,,2.68,LOW,88,commercial,seo,False,False
best seo company chennai,seo company,880,0,1.19,LOW,52,commercial,seo,True,False
best seo company dubai,seo company,880,0,2.65,LOW,54,commercial,seo,True,False
top seo company in dubai,seo company,880,0,2.65,LOW,25,commercial,seo,True,False
best seo company chandigarh,seo company,880,0,0.27,LOW,6,commercial,seo,True,False
top seo company dubai,seo company,880,0,2.65,LOW,41,commercial,seo,True,False
best seo company in chennai,seo company,880,0,1.19,LOW,52,commercial,seo,True,False
best seo company in dubai,seo company,880,0,2.65,LOW,31,commercial,seo,True,False
seo company navi mumbai,seo company,880,,1.38,LOW,0,commercial,seo,False,False
seo company in navi mumbai,seo company,880,,1.38,LOW,0,commercial,seo,False,False
best seo company in mohali,seo company,880,2,0.27,LOW,0,commercial,seo,True,False
best seo company in chandigarh,seo company,880,0,0.27,LOW,10,commercial,seo,True,False
seo company in lucknow,seo company,880,,0.57,LOW,0,commercial,seo,False,False
best seo services in dubai,seo services,880,0,2.65,LOW,35,commercial,seo,True,False
seo services lucknow,seo services,880,,0.57,LOW,1,commercial,seo,False,False
seo services in pune,seo services,880,,1.24,LOW,14,commercial,seo,False,False
best seo services dubai,seo services,880,0,2.65,LOW,54,commercial,seo,True,False
seo services in noida,seo services,880,,2.05,LOW,21,commercial,seo,False,False
best seo services in uae,seo services,880,0,2.65,LOW,33,commercial,seo,True,False
web design company dubai,web design company,880,,1.3,LOW,52,commercial,web_design,False,False
shopify web design company,web design company,880,,1.18,LOW,40,navigational,ecommerce,False,False
dubai web design company,web design company,880,,1.45,LOW,98,commercial,web_design,False,False
web design dubai company,web design company,880,,1.45,LOW,98,commercial,web_design,False,False
web design and development company in hyderabad,web design company,880,,1.19,LOW,27,commercial,web_design,False,False
web design company in dubai,web design company,880,,1.45,LOW,81,commercial,web_design,False,False
web development company ahmedabad,web development company,880,,1.54,LOW,35,commercial,web_design,False,False
web development company in gurgaon,web development company,880,,2.9,LOW,13,commercial,web_design,False,False
web development company in hyderabad,web development company,880,,1.19,LOW,40,commercial,web_design,False,False
ecommerce web development company in india,web development company,880,,1.3,LOW,19,commercial,ecommerce,False,False
web development company in dubai,web development company,880,,1.3,LOW,16,commercial,web_design,False,False
website design agency dubai,website design agency,880,,1.45,LOW,41,commercial,web_design,False,False
website design agency in dubai,website design agency,880,,1.45,LOW,100,commercial,web_design,False,False
ecommerce website design and development company,ecommerce development company,880,,2.02,LOW,25,commercial,ecommerce,False,False
ecommerce website development company india,ecommerce development company,880,,1.3,LOW,33,commercial,ecommerce,False,False
ecommerce website development company,ecommerce development company,880,,2.02,LOW,30,commercial,ecommerce,False,False
ecommerce website development company in india,ecommerce development company,880,,1.3,LOW,33,commercial,ecommerce,False,False
agency ecommerce,ecommerce agency,880,,1.73,LOW,0,commercial,ecommerce,False,False
ecommerce agency,ecommerce agency,880,,1.73,LOW,0,commercial,ecommerce,False,False
shopify application development,shopify development,880,,2.26,LOW,30,commercial,ecommerce,False,False
shopify development jobs,shopify development,880,,0.12,LOW,11,navigational,ecommerce,False,False
shopify app development,shopify development,880,,2.26,LOW,32,commercial,ecommerce,False,False
app development shopify,shopify development,880,,2.26,LOW,39,commercial,ecommerce,False,False
how to make ai agency,ai agency,880,0,2.15,MEDIUM,,informational,ai_agents,False,True
how to build an ai agency,ai agency,880,0,2.25,MEDIUM,,informational,ai_agents,False,True
ai agent development services,ai agent development,880,,3.69,LOW,14,commercial,ai_agents,False,False
ai agent development,ai agent development,880,,2.03,MEDIUM,22,commercial,ai_agents,False,False
ai agent development service,ai agent development,880,,3.69,LOW,14,commercial,ai_agents,False,False
digital marketing agency in ranchi,digital marketing agency,880,,0.28,LOW,10,commercial,digital_mkt,False,False
digital marketing agency in nashik,digital marketing agency,880,,0.65,LOW,14,commercial,digital_mkt,False,False
digital marketing agency au,digital marketing agency,880,,3.72,LOW,71,commercial,digital_mkt,False,False
digital marketing agency websites,digital marketing agency,880,,0.95,LOW,58,commercial,digital_mkt,False,False
digital marketing agency in madurai,digital marketing agency,880,,0.26,LOW,1,commercial,digital_mkt,False,False
digital marketing agency in nagpur,digital marketing agency,880,,0.38,LOW,14,commercial,digital_mkt,False,False
digital marketing agency in australia,digital marketing agency,880,,3.72,LOW,28,commercial,digital_mkt,False,False
digital marketing agency website,digital marketing agency,880,,0.95,LOW,53,commercial,digital_mkt,False,False
australian digital marketing agency,digital marketing agency,880,,3.72,LOW,71,commercial,digital_mkt,False,False
digital marketing agency in faridabad,digital marketing agency,880,,0.43,LOW,0,commercial,digital_mkt,False,False
website digital marketing agency,digital marketing agency,880,,0.95,LOW,90,commercial,digital_mkt,False,False
australia digital marketing agency,digital marketing agency,880,,3.72,LOW,27,commercial,digital_mkt,False,False
best digital marketing agency in dubai,digital marketing agency,880,10,1.64,LOW,28,commercial,digital_mkt,True,False
best digital marketing agency dubai,digital marketing agency,880,10,1.64,LOW,28,commercial,digital_mkt,True,False
digital marketing agency in patna,digital marketing agency,880,,0.62,LOW,20,commercial,digital_mkt,False,False
digital marketing agency australia,digital marketing agency,880,,3.72,LOW,27,commercial,digital_mkt,False,False
website design in india price,web design company,880,,1.07,LOW,19,commercial,web_design,False,False
shopify in login,shopify development,880,,1.2,LOW,96,navigational,ecommerce,False,False
ai agents development,ai agent development,880,,2.03,MEDIUM,34,commercial,ai_agents,False,False
top 10 marketing companies in india,digital marketing agency,880,,1.07,LOW,0,commercial,other,True,False
ai seo agency,seo agency,720,,3.39,LOW,23,commercial,ai_seo,False,False
best seo agency in bangalore,seo agency,720,1,3.51,LOW,10,commercial,seo,True,False
seo agency in jaipur,seo agency,720,,0.6,LOW,21,commercial,seo,False,False
shopify seo agency,seo agency,720,,1.71,LOW,8,commercial,ecommerce,False,False
seo agency in noida,seo agency,720,,1.22,LOW,1,commercial,seo,False,False
top seo agency in bangalore,seo agency,720,0,3.51,LOW,22,commercial,seo,True,False
best seo agency in hyderabad,seo agency,720,0,2.06,LOW,25,commercial,seo,True,False
seo agency jaipur,seo agency,720,,0.6,LOW,19,commercial,seo,False,False
best seo agency mumbai,seo agency,720,8,1.52,LOW,26,commercial,seo,True,False
best seo agency bangalore,seo agency,720,1,3.51,LOW,45,commercial,seo,True,False
best seo agency in mumbai,seo agency,720,8,1.52,LOW,19,commercial,seo,True,False
seo company in patna,seo company,720,,0.23,LOW,0,commercial,seo,False,False
best seo company in kerala,seo company,720,1,2.52,LOW,19,commercial,seo,True,False
seo company in kochi,seo company,720,,0.53,LOW,1,commercial,seo,False,False
best seo company kerala,seo company,720,1,2.52,LOW,19,commercial,seo,True,False
best seo company kolkata,seo company,720,0,0.96,LOW,8,commercial,seo,True,False
seo company in ernakulam,seo company,720,,0.53,LOW,7,commercial,seo,False,False
seo company patna,seo company,720,,0.23,LOW,0,commercial,seo,False,False
best seo company in kolkata,seo company,720,0,0.96,LOW,3,commercial,seo,True,False
seo company kochi,seo company,720,,0.53,LOW,5,commercial,seo,False,False
seo company noida india,seo company,720,,1.22,LOW,1,commercial,seo,False,False
top seo company bangalore,seo company,720,0,3.51,LOW,37,commercial,seo,True,False
best seo company bangalore,seo company,720,0,3.51,LOW,28,commercial,seo,True,False
top seo company in bangalore,seo company,720,0,3.51,LOW,12,commercial,seo,True,False
black hat seo services,seo services,720,,0.41,LOW,10,commercial,seo,False,False
seo services gurgaon,seo services,720,,4.5,LOW,29,commercial,seo,False,False
seo services for shopify,seo services,720,,1.71,LOW,24,commercial,ecommerce,False,False
best seo services in bangalore,seo services,720,0,3.51,LOW,34,commercial,seo,True,False
top seo services in bangalore,seo services,720,0,3.51,LOW,17,commercial,seo,True,False
technical seo services,seo services,720,,0,LOW,12,commercial,seo,False,False
top seo services bangalore,seo services,720,0,3.51,LOW,17,commercial,seo,True,False
seo services in gurgaon,seo services,720,,4.5,LOW,4,commercial,seo,False,False
best seo services hyderabad,seo services,720,0,2.06,LOW,19,commercial,seo,True,False
seo services in chandigarh,seo services,720,,0.37,LOW,10,commercial,seo,False,False
shopify seo services,seo services,720,,1.71,LOW,12,commercial,ecommerce,False,False
seo audit services,seo services,720,,1.23,LOW,24,commercial,seo,False,False
best seo services in hyderabad,seo services,720,0,2.06,LOW,25,commercial,seo,True,False
seo services in jaipur,seo services,720,,0.87,LOW,12,commercial,seo,False,False
seo services in chennai,seo services,720,,0.95,LOW,53,commercial,seo,False,False
seo services in gurugram,seo services,720,,4.5,LOW,32,commercial,seo,False,False
seo auditing services,seo services,720,,1.23,LOW,20,commercial,seo,False,False
technical-seo-services,seo services,720,,0,LOW,30,commercial,seo,False,False
ai seo expert in india,ai seo,720,,1.81,LOW,0,commercial,ai_seo,False,False
seo studio ai,ai seo,720,,2.17,LOW,0,commercial,seo,False,False
ai seo agencies,ai seo,720,,3.39,LOW,,commercial,ai_seo,False,False
web design company in trichy,web design company,720,,0.46,LOW,6,commercial,web_design,False,False
web design company in gurugram,web design company,720,,2.17,LOW,48,commercial,web_design,False,False
web design company in gurgaon,web design company,720,,2.17,LOW,13,commercial,web_design,False,False
web design and development company in bangalore,web design company,720,,1.38,LOW,67,commercial,web_design,False,False
web design in chennai company,web design company,720,,0.93,LOW,100,commercial,web_design,False,False
web design company baroda,web design company,720,,0.8,LOW,2,commercial,web_design,False,False
web design company in faridabad,web design company,720,,0.49,LOW,32,commercial,web_design,False,False
web design company in vadodara,web design company,720,,0.8,LOW,2,commercial,web_design,False,False
trichy web design company,web design company,720,,0.46,LOW,10,commercial,web_design,False,False
web design company in noida,web design company,720,,0.83,LOW,39,commercial,web_design,False,False
chennai web design company,web design company,720,,0.93,LOW,85,commercial,web_design,False,False
web design company chennai,web design company,720,,0.93,LOW,100,commercial,web_design,False,False
bangalore web design company,web design company,720,,1.38,LOW,71,commercial,web_design,False,False
vadodara web design company,web design company,720,,0.8,LOW,25,navigational,web_design,False,False
web design company in baroda,web design company,720,,0.8,LOW,29,commercial,web_design,False,False
web design company trichy,web design company,720,,0.46,LOW,0,commercial,web_design,False,False
web development company australia,web development company,720,,2.94,LOW,14,commercial,web_design,False,False
australia web development company,web development company,720,,2.94,LOW,0,commercial,web_design,False,False
navoto web development company in noida web designing company india,web development company,720,,0.34,LOW,13,commercial,web_design,False,False
web development company kerala,web development company,720,,0.72,LOW,32,commercial,web_design,False,False
web development company in trichy,web development company,720,,0.46,LOW,7,commercial,web_design,False,False
us web development company,web development company,720,,4.42,MEDIUM,42,commercial,web_design,False,False
surat web development company,web development company,720,,0.77,LOW,26,navigational,web_design,False,False
best web development company in delhi ncr,web development company,720,2,1.83,LOW,42,commercial,web_design,True,False
web development company in usa,web development company,720,,4.42,MEDIUM,26,commercial,web_design,False,False
web development company in united states,web development company,720,,4.42,MEDIUM,42,commercial,web_design,False,False
australian web development company,web development company,720,,2.94,LOW,0,commercial,web_design,False,False
itechnolabs software web mobile app development company,web development company,720,,0,LOW,17,navigational,other,False,False
web development company america,web development company,720,,4.42,MEDIUM,36,commercial,web_design,False,False
usa web development company,web development company,720,,4.42,MEDIUM,46,commercial,web_design,False,False
best web development company delhi,web development company,720,2,1.83,LOW,60,commercial,web_design,True,False
web development company mangalore,web development company,720,,0.73,LOW,29,commercial,web_design,False,False
web development company in patna,web development company,720,,0.68,LOW,20,commercial,web_design,False,False
web development company in vadodara,web development company,720,,0.8,LOW,15,commercial,web_design,False,False
web development company surat,web development company,720,,0.77,LOW,21,navigational,web_design,False,False
web development company in kochi,web development company,720,,1.05,LOW,36,commercial,web_design,False,False
delhi web development company,web development company,720,,1.52,LOW,65,commercial,web_design,False,False
mohali web development company,web development company,720,,1.18,LOW,0,navigational,web_design,False,False
web development company in america,web development company,720,,4.42,MEDIUM,33,commercial,web_design,False,False
web development company in delhi ncr,web development company,720,,1.52,LOW,41,commercial,web_design,False,False
best web development company delhi ncr,web development company,720,,1.83,LOW,56,commercial,web_design,True,False
web development company usa,web development company,720,,4.42,MEDIUM,35,commercial,web_design,False,False
web development company delhi,web development company,720,,1.52,LOW,45,commercial,web_design,False,False
web development company in surat,web development company,720,,0.77,LOW,22,navigational,web_design,False,False
web development company in mohali,web development company,720,,1.18,LOW,0,commercial,web_design,False,False
web development company about us,web development company,720,,4.42,MEDIUM,35,commercial,web_design,False,False
web development company delhi ncr,web development company,720,,1.52,LOW,95,commercial,web_design,False,False
best web development company in delhi,web development company,720,,1.83,LOW,68,commercial,web_design,True,False
web development company in australia,web development company,720,,2.94,LOW,0,commercial,web_design,False,False
web development company in kerala,web development company,720,,0.72,LOW,39,commercial,web_design,False,False
website design agency in chennai,website design agency,720,,0.93,LOW,100,commercial,web_design,False,False
website design agency in mumbai,website design agency,720,,3.03,LOW,52,commercial,web_design,False,False
how to create an ai agency,ai agency,720,0,2.33,MEDIUM,,informational,ai_agents,False,True
agency digital marketing london,digital marketing agency,720,,4.06,MEDIUM,61,commercial,digital_mkt,False,False
best digital marketing agency in gurgaon,digital marketing agency,720,,1.25,LOW,26,commercial,digital_mkt,True,False
digital marketing agency london,digital marketing agency,720,,4.06,MEDIUM,67,commercial,digital_mkt,False,False
best digital marketing agency in indore,digital marketing agency,720,,0.65,LOW,21,commercial,digital_mkt,True,False
digital marketing agency in uae,digital marketing agency,720,,1.36,LOW,39,commercial,digital_mkt,False,False
digital marketing agency london uk,digital marketing agency,720,,4.06,MEDIUM,62,commercial,digital_mkt,False,False
digital marketing agency for healthcare,digital marketing agency,720,,1.27,LOW,41,commercial,digital_mkt,False,False
best digital marketing agency in delhi/ncr,digital marketing agency,720,,1.44,LOW,55,commercial,digital_mkt,True,False
real estate digital marketing agency,digital marketing agency,720,,1.83,LOW,9,commercial,digital_mkt,False,False
digital marketing agency udaipur,digital marketing agency,720,,0.45,LOW,21,commercial,digital_mkt,False,False
best digital marketing agency in delhi ncr,digital marketing agency,720,,1.44,LOW,52,commercial,digital_mkt,True,False
digital marketing agency in london,digital marketing agency,720,,4.06,MEDIUM,47,commercial,digital_mkt,False,False
digital marketing agency healthcare,digital marketing agency,720,,1.27,LOW,41,commercial,digital_mkt,False,False
digital marketing london agency,digital marketing agency,720,,4.06,MEDIUM,63,commercial,digital_mkt,False,False
healthcare digital marketing agency,digital marketing agency,720,,1.27,LOW,41,commercial,digital_mkt,False,False
digital marketing agency in bhubaneswar,digital marketing agency,720,,0.5,LOW,3,commercial,digital_mkt,False,False
best digital marketing agency in dehradun,digital marketing agency,720,,0.35,LOW,20,commercial,digital_mkt,True,False
uae digital marketing agency,digital marketing agency,720,,1.36,LOW,51,commercial,digital_mkt,False,False
best digital marketing agency gurgaon,digital marketing agency,720,,1.25,LOW,86,commercial,digital_mkt,True,False
digital marketing agency in thrissur,digital marketing agency,720,,0.52,LOW,0,commercial,digital_mkt,False,False
best digital marketing agency in calicut,digital marketing agency,720,,0.56,LOW,56,commercial,digital_mkt,True,False
digital marketing agency uae,digital marketing agency,720,,1.36,LOW,45,commercial,digital_mkt,False,False
london digital marketing agency,digital marketing agency,720,,4.06,MEDIUM,67,commercial,digital_mkt,False,False
digital healthcare marketing agency,digital marketing agency,720,,1.27,LOW,41,commercial,other,False,False
digital marketing agency in gwalior,digital marketing agency,720,,0.3,LOW,13,commercial,digital_mkt,False,False
best digital marketing agency in surat,digital marketing agency,720,,0.67,LOW,9,commercial,digital_mkt,True,False
digital marketing agency in varanasi,digital marketing agency,720,,0.27,LOW,6,commercial,digital_mkt,False,False
digital marketing agency in guwahati,digital marketing agency,720,,0.83,LOW,62,commercial,digital_mkt,False,False
digital marketing agency bhubaneswar,digital marketing agency,720,,0.5,LOW,19,commercial,digital_mkt,False,False
ad agency in gurgaon,seo agency,720,,0.73,LOW,28,commercial,other,False,False
website development company delhi,web design company,720,,1.52,LOW,72,commercial,web_design,False,False
seo agency in gurgaon,seo agency,590,,3.29,LOW,3,commercial,seo,False,False
seo marketing agency,seo agency,590,,2.29,LOW,64,commercial,seo,False,False
marketing seo agency,seo agency,590,,2.29,LOW,82,commercial,seo,False,False
ecommerce seo agency,seo agency,590,,2.67,LOW,29,commercial,ecommerce,False,False
services seo company,seo company,590,,1.4,LOW,68,commercial,seo,False,False
marketing company seo,seo company,590,,2.29,LOW,89,commercial,seo,False,False
best seo company in pune,seo company,590,,2.5,LOW,21,commercial,seo,True,False
company seo services,seo company,590,,1.4,LOW,64,commercial,seo,False,False
best seo company lucknow,seo company,590,,0.64,LOW,0,commercial,seo,True,False
best seo company in bangalore,seo company,590,,2.72,LOW,10,commercial,seo,True,False
ecommerce seo company,seo company,590,,2.67,LOW,19,commercial,ecommerce,False,False
seo company marketing,seo company,590,,2.29,LOW,89,commercial,seo,False,False
seo company dehradun,seo company,590,,0.1,LOW,3,commercial,seo,False,False
best seo company in lucknow,seo company,590,,0.64,LOW,0,commercial,seo,True,False
seo-services-company,seo company,590,,1.4,LOW,64,commercial,seo,False,False
seo services company,seo company,590,,1.4,LOW,64,commercial,seo,False,False
seo and marketing company,seo company,590,,2.29,LOW,66,commercial,seo,False,False
marketing seo company,seo company,590,,2.29,LOW,89,commercial,seo,False,False
jaipur seo company,seo company,590,,0.88,LOW,21,commercial,seo,False,False
big las vegas seo company,seo company,590,,13.57,LOW,10,navigational,seo,False,False
seo marketing company,seo company,590,,2.29,LOW,36,commercial,seo,False,False
seo company services,seo company,590,,1.4,LOW,82,commercial,seo,False,False
seo company in dehradun,seo company,590,,0.1,LOW,8,commercial,seo,False,False
seo company jaipur,seo company,590,,0.88,LOW,29,commercial,seo,False,False
seo company jaipur rajasthan,seo company,590,,0.88,LOW,20,commercial,seo,False,False
local seo services in india,seo services,590,,0.54,LOW,29,commercial,seo,False,False
seo services for real-estate,seo services,590,,1.69,LOW,0,commercial,seo,False,False
real estate seo services,seo services,590,,1.69,LOW,4,commercial,seo,False,False
best seo services bangalore,seo services,590,,2.72,LOW,27,commercial,seo,True,False
seo services companies,seo services,590,,1.4,LOW,40,commercial,seo,False,False
local seo services india,seo services,590,,0.54,LOW,19,commercial,seo,False,False
white label seo services,seo services,590,,2.26,LOW,35,commercial,seo,False,False
seo services for real estate,seo services,590,,1.69,LOW,1,commercial,seo,False,False
web design company in bhopal,web design company,590,,1.41,LOW,2,commercial,web_design,False,False
best web design company in chennai,web design company,590,,0.59,LOW,42,commercial,web_design,True,False
best web design company in india,web design company,590,,1.66,LOW,11,commercial,web_design,True,False
web design company in dehradun,web design company,590,,0.97,LOW,71,commercial,web_design,False,False
best indian web design company,web design company,590,,1.66,LOW,58,commercial,web_design,True,False
uae web design company,web design company,590,,0.98,LOW,57,commercial,web_design,False,False
best web design company chennai,web design company,590,,0.59,LOW,42,commercial,web_design,True,False
web design company uae,web design company,590,,0.98,LOW,100,commercial,web_design,False,False
web design company in uae,web design company,590,,0.98,LOW,60,commercial,web_design,False,False
best web design company delhi,web design company,590,,1.91,LOW,100,commercial,web_design,True,False
web development company in new york city,web development company,590,,3.65,LOW,31,commercial,web_design,False,False
web development company in uae,web development company,590,,0.98,LOW,3,commercial,web_design,False,False
web development company dubai,web development company,590,,1.56,LOW,25,commercial,web_design,False,False
web app development company,web development company,590,,10.56,LOW,35,commercial,other,False,False
web and application development company,web development company,590,,10.56,LOW,35,commercial,other,False,False
web development company uk,web development company,590,,4.9,MEDIUM,32,commercial,web_design,False,False
web development company in uk,web development company,590,,4.9,MEDIUM,30,commercial,web_design,False,False
web development company in united kingdom,web development company,590,,4.9,MEDIUM,14,commercial,web_design,False,False
web development company in dehradun,web development company,590,,0.97,LOW,96,commercial,web_design,False,False
dubai web development company,web development company,590,,1.56,LOW,16,commercial,web_design,False,False
web development company united kingdom,web development company,590,,4.9,MEDIUM,16,navigational,web_design,False,False
web development company uae,web development company,590,,0.98,LOW,6,commercial,web_design,False,False
web development company in new york,web development company,590,,3.65,LOW,41,commercial,web_design,False,False
wordpress web development company,web development company,590,,2.03,LOW,12,commercial,web_design,False,False
web development company nyc,web development company,590,,3.65,LOW,21,commercial,web_design,False,False
best website design agency india,website design agency,590,,1.66,LOW,92,commercial,web_design,True,False
best website design agency in india,website design agency,590,,1.66,LOW,49,commercial,web_design,True,False
shopify development agency,shopify development,590,,1.71,LOW,27,navigational,ecommerce,False,False
shopify development agencies,shopify development,590,,1.71,LOW,27,commercial,ecommerce,False,False
ai marketing agency,ai agency,590,,1.24,LOW,16,commercial,other,False,False
ai agency github,ai agency,590,,2.97,LOW,,navigational,ai_agents,False,False
ai agency jobs,ai agency,590,,0.6,LOW,,navigational,ai_agents,False,False
top digital marketing agency in bangalore,digital marketing agency,590,,0.81,LOW,63,commercial,digital_mkt,True,False
digital marketing agency sg,digital marketing agency,590,,3.49,LOW,22,commercial,digital_mkt,False,False
digital marketing agency canada,digital marketing agency,590,,2.55,MEDIUM,73,commercial,digital_mkt,False,False
bc web wise digital marketing agency,digital marketing agency,590,,0,LOW,7,commercial,digital_mkt,False,False
digital marketing agency in kanpur,digital marketing agency,590,,0.19,LOW,1,commercial,digital_mkt,False,False
singapore digital marketing agency,digital marketing agency,590,,3.49,LOW,74,commercial,digital_mkt,False,False
top digital marketing agency in delhi/ncr,digital marketing agency,590,,1.04,LOW,32,commercial,digital_mkt,True,False
flora fountain digital marketing agency,digital marketing agency,590,,0,LOW,17,commercial,digital_mkt,False,False
top digital marketing agency bangalore,digital marketing agency,590,,0.81,LOW,62,commercial,digital_mkt,True,False
digital marketing agency/ services,digital marketing agency,590,,1.86,LOW,56,commercial,digital_mkt,False,False
digital marketing agency in canada,digital marketing agency,590,,2.55,MEDIUM,15,commercial,digital_mkt,False,False
top digital marketing agency delhi,digital marketing agency,590,,1.04,LOW,21,commercial,digital_mkt,True,False
canada digital marketing agency,digital marketing agency,590,,2.55,MEDIUM,15,commercial,digital_mkt,False,False
digital marketing agency kerala,digital marketing agency,590,,0.7,LOW,72,commercial,digital_mkt,False,False
top digital marketing agency in delhi,digital marketing agency,590,,1.04,LOW,32,commercial,digital_mkt,True,False
digital marketing agency services,digital marketing agency,590,,1.86,LOW,56,commercial,digital_mkt,False,False
digital marketing agency in singapore,digital marketing agency,590,,3.49,LOW,73,commercial,digital_mkt,False,False
top digital marketing agency in delhi ncr,digital marketing agency,590,,1.04,LOW,55,commercial,digital_mkt,True,False
best digital marketing agency in bhopal,digital marketing agency,590,,0.68,LOW,43,commercial,digital_mkt,True,False
digital marketing agency singapore,digital marketing agency,590,,3.49,LOW,22,commercial,digital_mkt,False,False
digital marketing agency chandigarh,digital marketing agency,590,,0.65,LOW,18,commercial,digital_mkt,False,False
top digital marketing agency hyderabad,digital marketing agency,590,,0.98,LOW,69,commercial,digital_mkt,True,False
top digital marketing agency in hyderabad,digital marketing agency,590,,0.98,LOW,69,commercial,digital_mkt,True,False
flora fountain: digital marketing agency,digital marketing agency,590,,0,LOW,23,commercial,digital_mkt,False,False
digital marketing services agency,digital marketing agency,590,,1.86,LOW,56,commercial,digital_mkt,False,False
digital marketing agency in agra,digital marketing agency,590,,0.29,LOW,11,commercial,digital_mkt,False,False
best digital marketing agency in ranchi,digital marketing agency,590,,2.36,LOW,8,commercial,digital_mkt,True,False
best digital marketing agency in patna,digital marketing agency,590,,0.42,LOW,17,commercial,digital_mkt,True,False
digital marketing agency in trivandrum,digital marketing agency,590,,0.62,LOW,27,commercial,digital_mkt,False,False
digital marketing agency in raipur,digital marketing agency,590,,0.28,LOW,1,commercial,digital_mkt,False,False
social panga digital marketing agency in mumbai,digital marketing agency,590,,0,LOW,3,commercial,digital_mkt,False,False
ecommerce development services,ecommerce development company,590,,1.25,LOW,41,commercial,ecommerce,False,False
e commerce development services,ecommerce development company,590,,1.25,LOW,45,commercial,other,False,False
social media marketing agency hyderabad,digital marketing agency,590,,1.21,LOW,66,commercial,other,False,False
seo agency in the uk,seo agency,480,,4.62,MEDIUM,48,commercial,seo,False,False
best seo agency in pune,seo agency,480,,2.72,LOW,14,commercial,seo,True,False
australian seo agency,seo agency,480,,4.01,MEDIUM,45,commercial,seo,False,False
seo agency uk,seo agency,480,,4.62,MEDIUM,48,commercial,seo,False,False
uk seo agency,seo agency,480,,4.62,MEDIUM,63,commercial,seo,False,False
seo agency los angeles,seo agency,480,,4.88,LOW,35,commercial,seo,False,False
seo agency in uk,seo agency,480,,4.62,MEDIUM,49,commercial,seo,False,False
saas seo agency,seo agency,480,,2.68,LOW,0,commercial,seo,False,False
seo agency in los angeles,seo agency,480,,4.88,LOW,15,commercial,seo,False,False
seo agency united kingdom,seo agency,480,,4.62,MEDIUM,49,commercial,seo,False,False
seo agency in australia,seo agency,480,,4.01,MEDIUM,45,commercial,seo,False,False
seo agency australia,seo agency,480,,4.01,MEDIUM,45,commercial,seo,False,False
los angeles seo agency,seo agency,480,,4.88,LOW,38,commercial,seo,False,False
bhubaneswar seo company,seo company,480,,0.34,LOW,0,navigational,seo,False,False
seo company in baroda,seo company,480,,1.31,LOW,3,commercial,seo,False,False
seo company in kozhikode,seo company,480,,1.16,LOW,41,commercial,seo,False,False
seo company bbsr,seo company,480,,0.34,LOW,0,commercial,seo,False,False
seo company in la ca,seo company,480,,4.88,LOW,35,commercial,seo,False,False
seo company los angeles,seo company,480,,4.88,LOW,35,commercial,seo,False,False
seo uk company,seo company,480,,4.62,MEDIUM,30,commercial,seo,False,False
seo company in los angeles ca,seo company,480,,4.88,LOW,14,commercial,seo,False,False
seo company england,seo company,480,,4.62,MEDIUM,58,commercial,seo,False,False
seo company ghaziabad,seo company,480,,0.04,LOW,0,commercial,seo,False,False
top seo company india,seo company,480,,1.27,LOW,33,commercial,seo,True,False
seo company uk,seo company,480,,4.62,MEDIUM,67,commercial,seo,False,False
seo company in uk,seo company,480,,4.62,MEDIUM,30,commercial,seo,False,False
top denver seo company,seo company,480,,0,LOW,0,commercial,seo,True,False
seo company au,seo company,480,,4.01,MEDIUM,48,commercial,seo,False,False
coimbatore seo company,seo company,480,,0.39,LOW,20,commercial,seo,False,False
seo company united kingdom,seo company,480,,4.62,MEDIUM,42,commercial,seo,False,False
australian seo company,seo company,480,,4.01,MEDIUM,45,commercial,seo,False,False
seo company in united kingdom,seo company,480,,4.62,MEDIUM,42,commercial,seo,False,False
seo company in bhubaneswar,seo company,480,,0.34,LOW,0,commercial,seo,False,False
best seo company in gurugram,seo company,480,,3.94,LOW,6,commercial,seo,True,False
seo company los angeles ca,seo company,480,,4.88,LOW,38,commercial,seo,False,False
seo company calicut,seo company,480,,1.16,LOW,12,commercial,seo,False,False
denver top seo company,seo company,480,,0,LOW,28,commercial,seo,True,False
seo company vadodara,seo company,480,,1.31,LOW,0,commercial,seo,False,False
seo company australia,seo company,480,,4.01,MEDIUM,42,commercial,seo,False,False
seo company in los angeles,seo company,480,,4.88,LOW,13,commercial,seo,False,False
la seo company,seo company,480,,4.88,LOW,42,commercial,seo,False,False
best seo company gurgaon,seo company,480,,3.94,LOW,41,commercial,seo,True,False
seo company kerala,seo company,480,,2.41,LOW,8,navigational,seo,False,False
los angeles seo company,seo company,480,,4.88,LOW,13,commercial,seo,False,False
seo company in the uk,seo company,480,,4.62,MEDIUM,60,commercial,seo,False,False
best seo company in dehradun,seo company,480,,5.04,LOW,0,commercial,seo,True,False
seo company bhubaneswar,seo company,480,,0.34,LOW,4,navigational,seo,False,False
seo company in ghaziabad,seo company,480,,0.04,LOW,0,commercial,seo,False,False
seo company in calicut,seo company,480,,1.16,LOW,7,commercial,seo,False,False
seo company in australia,seo company,480,,4.01,MEDIUM,41,commercial,seo,False,False
uk seo company,seo company,480,,4.62,MEDIUM,30,navigational,seo,False,False
best seo company in gurgaon,seo company,480,,3.94,LOW,19,commercial,seo,True,False
australia seo company,seo company,480,,4.01,MEDIUM,41,commercial,seo,False,False
seo company in vadodara,seo company,480,,1.31,LOW,0,commercial,seo,False,False
india's top seo company,seo company,480,,1.27,LOW,33,navigational,seo,True,False
best seo services in pune,seo services,480,,2.72,LOW,20,commercial,seo,True,False
seo services america,seo services,480,,5.63,MEDIUM,37,commercial,seo,False,False
seo services kerala,seo services,480,,2.41,LOW,21,commercial,seo,False,False
us seo services,seo services,480,,5.63,MEDIUM,30,commercial,seo,False,False
seo consulting services,seo services,480,,0.17,LOW,18,commercial,seo,False,False
seo consultancy services,seo services,480,,0.17,LOW,31,commercial,seo,False,False
best seo services in india,seo services,480,,2.16,LOW,64,commercial,seo,True,False
seo services in mangalore,seo services,480,,0,LOW,0,commercial,seo,False,False
seo services in faridabad,seo services,480,,2.33,LOW,6,commercial,seo,False,False
usa seo services,seo services,480,,5.63,MEDIUM,27,commercial,seo,False,False
seo consultants services,seo services,480,,0.17,LOW,20,commercial,seo,False,False
seo consultant services,seo services,480,,0.17,LOW,32,commercial,seo,False,False
seo services usa,seo services,480,,5.63,MEDIUM,34,commercial,seo,False,False
seo services in usa,seo services,480,,5.63,MEDIUM,27,commercial,seo,False,False
seo services in coimbatore,seo services,480,,0.39,LOW,14,commercial,seo,False,False
seo services in kerala,seo services,480,,2.41,LOW,18,commercial,seo,False,False
best seo services in delhi,seo services,480,,2.49,LOW,37,commercial,seo,True,False
seo services consultants,seo services,480,,0.17,LOW,19,commercial,seo,False,False
best seo services pune,seo services,480,,2.72,LOW,20,commercial,seo,True,False
seo services ghaziabad,seo services,480,,0,LOW,0,commercial,seo,False,False
local seo services in delhi,seo services,480,,0.48,LOW,20,commercial,seo,False,False
seo services in ghaziabad,seo services,480,,0,LOW,0,commercial,seo,False,False
seo services in united states,seo services,480,,5.63,MEDIUM,53,commercial,seo,False,False
affordable seo services,seo services,480,,0.74,LOW,0,commercial,seo,True,False
seo services in us,seo services,480,,5.63,MEDIUM,36,commercial,seo,False,False
ai tool for seo,ai seo,480,,1.78,LOW,41,commercial,seo,False,False
seo ai tool,ai seo,480,,1.95,MEDIUM,38,commercial,seo,False,False
ai tools for seo,ai seo,480,,1.78,LOW,35,commercial,seo,False,False
seo ai tools,ai seo,480,,1.95,MEDIUM,23,commercial,seo,False,False
web design company in thane,web design company,480,,2.04,LOW,39,commercial,web_design,False,False
web design company thane,web design company,480,,2.04,LOW,28,commercial,web_design,False,False
web design company in rajkot,web design company,480,,0.69,LOW,19,commercial,web_design,False,False
best web design company in ahmedabad,web design company,480,,1.08,LOW,27,commercial,web_design,True,False
rajkot web design company,web design company,480,,0.69,LOW,19,navigational,web_design,False,False
web design company in kanpur,web design company,480,,0.8,LOW,37,commercial,web_design,False,False
best web design company websites,web design company,480,,1.17,LOW,55,commercial,web_design,True,False
best web design company website,web design company,480,,1.17,LOW,54,commercial,web_design,True,False
best web design company sites,web design company,480,,1.17,LOW,79,commercial,web_design,True,False
best web design company,web design company,480,,1.17,LOW,38,commercial,web_design,True,False
web design company in nagpur,web design company,480,,1.04,LOW,15,commercial,web_design,False,False
responsive web design company,web design company,480,,0,LOW,0,commercial,web_design,False,False
web design company in lucknow,web design company,480,,0.48,LOW,21,commercial,web_design,False,False
web development company rajkot,web development company,480,,0.69,LOW,30,navigational,web_design,False,False
top web development company in bangalore,web development company,480,,1.47,LOW,38,commercial,web_design,True,False
web and app development company,web development company,480,,1.28,LOW,65,commercial,other,False,False
india's best web development company,web development company,480,,1.21,LOW,43,commercial,web_design,True,False
responsive web development company,web development company,480,,0,LOW,2,commercial,web_design,False,False
best web development company bangalore,web development company,480,,1.47,LOW,83,commercial,web_design,True,False
best web development company in ahmedabad,web development company,480,,1.08,LOW,4,commercial,web_design,True,False
e commerce web development company,web development company,480,,1.89,LOW,45,commercial,web_design,False,False
best web development company in noida,web development company,480,,2.28,LOW,24,commercial,web_design,True,False
luminoguru mobile app & web development company,web development company,480,,0,LOW,1,navigational,web_design,False,False
best web development company in india,web development company,480,,1.21,LOW,42,commercial,web_design,True,False
e-commerce web development company,web development company,480,,1.89,LOW,45,commercial,ecommerce,False,False
web development company in rajkot,web development company,480,,0.69,LOW,67,commercial,web_design,False,False
top web development company bangalore,web development company,480,,1.47,LOW,72,commercial,web_design,True,False
rajkot web development company,web development company,480,,0.69,LOW,26,navigational,web_design,False,False
web development company in thane,web development company,480,,2.04,LOW,30,commercial,web_design,False,False
best web development company noida,web development company,480,,2.28,LOW,47,commercial,web_design,True,False
ecommerce web development company,web development company,480,,1.89,LOW,33,commercial,ecommerce,False,False
infilon technologies web & mobile app development company,web development company,480,,0,LOW,9,navigational,other,False,False
web development company thane,web development company,480,,2.04,LOW,11,commercial,web_design,False,False
responsive website design agency,website design agency,480,,0,LOW,3,commercial,web_design,False,False
ecommerce marketing agency,ecommerce agency,480,,1.57,LOW,11,commercial,ecommerce,False,False
shopify development company india,shopify development,480,,1.86,LOW,0,navigational,ecommerce,False,False
shopify web development services,shopify development,480,,1.7,LOW,50,commercial,ecommerce,False,False
shopify development company in india,shopify development,480,,1.86,LOW,0,commercial,ecommerce,False,False
shopify website development services,shopify development,480,,1.7,LOW,44,commercial,ecommerce,False,False
shopify development india,shopify development,480,,1.86,LOW,25,navigational,ecommerce,False,False
shopify website development service,shopify development,480,,1.7,LOW,39,commercial,ecommerce,False,False
shopify development companies in india,shopify development,480,,1.86,LOW,0,commercial,ecommerce,False,False
shopify web development service,shopify development,480,,1.7,LOW,31,commercial,ecommerce,False,False
ad2brand digital marketing agency & digital marketing course pune,digital marketing agency,480,,0.07,LOW,0,commercial,digital_mkt,False,False
top digital marketing agency in mumbai,digital marketing agency,480,,0.9,LOW,29,commercial,digital_mkt,True,False
digitactix pvt ltd digital marketing agency in mumbai,digital marketing agency,480,,0,LOW,7,commercial,digital_mkt,False,False
best digital marketing agency in coimbatore,digital marketing agency,480,,0.32,LOW,33,commercial,digital_mkt,True,False
digital marketing agency nagpur,digital marketing agency,480,,0.65,LOW,54,commercial,digital_mkt,False,False
best digital marketing agency in kanpur,digital marketing agency,480,,0.02,LOW,0,commercial,digital_mkt,True,False
digital marketing agency in vijayawada,digital marketing agency,480,,1.35,LOW,63,commercial,digital_mkt,False,False
top digital marketing agency mumbai,digital marketing agency,480,,0.9,LOW,32,commercial,digital_mkt,True,False
digital marketing agency in mohali,digital marketing agency,480,,0.4,LOW,0,commercial,digital_mkt,False,False
best digital marketing agency in agra,digital marketing agency,480,,0,LOW,54,commercial,digital_mkt,True,False
digital marketing agency logo,digital marketing agency,480,,0,LOW,0,commercial,digital_mkt,False,False
digital marketing agency in goa,digital marketing agency,480,,0.71,LOW,20,commercial,digital_mkt,False,False
generative engine optimization geo,generative engine optimization,480,,2.29,MEDIUM,62,informational,ai_seo,False,False
website designing company in india,web design company,480,,1.21,LOW,71,commercial,web_design,False,False
best web designing company,web design company,480,,1.17,LOW,27,commercial,web_design,True,False
best digital marketing institute in hyderabad,digital marketing agency,480,,0.92,MEDIUM,31,commercial,digital_mkt,True,False
seo london agency,seo agency,390,,6.33,MEDIUM,60,commercial,seo,False,False
london seo agency,seo agency,390,,6.33,MEDIUM,60,commercial,seo,False,False
seo agency in kerala,seo agency,390,,0.55,LOW,18,commercial,seo,False,False
nyc seo agency,seo agency,390,,5.13,LOW,44,commercial,seo,False,False
seo agency in new york,seo agency,390,,5.13,LOW,27,commercial,seo,False,False
seo agency in london,seo agency,390,,6.33,MEDIUM,41,commercial,seo,False,False
best seo agency usa,seo agency,390,,4.95,LOW,15,commercial,seo,True,False
seo agency london uk,seo agency,390,,6.33,MEDIUM,47,commercial,seo,False,False
seo agency new york city,seo agency,390,,5.13,LOW,24,commercial,seo,False,False
new york seo agency,seo agency,390,,5.13,LOW,27,commercial,seo,False,False
seo agency in nyc,seo agency,390,,5.13,LOW,27,commercial,seo,False,False
seo agency nyc,seo agency,390,,5.13,LOW,35,commercial,seo,False,False
new york city seo agency,seo agency,390,,5.13,LOW,24,commercial,seo,False,False
seo agency london,seo agency,390,,6.33,MEDIUM,60,commercial,seo,False,False
best seo agency in noida,seo agency,390,,1.04,LOW,0,commercial,seo,True,False
ny seo agency,seo agency,390,,5.13,LOW,44,commercial,seo,False,False
whitelabel seo agency,seo agency,390,,1.62,LOW,46,commercial,seo,False,False
white label seo agency,seo agency,390,,1.62,LOW,7,commercial,seo,False,False
seo agency new york,seo agency,390,,5.13,LOW,27,commercial,seo,False,False
best seo company surat,seo company,390,,4.77,LOW,29,commercial,seo,True,False
local seo company,seo company,390,,4.75,LOW,21,commercial,seo,False,False
best seo company usa,seo company,390,,4.95,LOW,20,commercial,seo,True,False
best seo company united states,seo company,390,,4.95,LOW,15,commercial,seo,True,False
best seo company america,seo company,390,,4.95,LOW,20,commercial,seo,True,False
outsourcing seo company india,seo company,390,,2.8,LOW,9,commercial,seo,False,False
seo outsourcing company india,seo company,390,,2.8,LOW,4,commercial,seo,False,False
seo outsourcing company in india,seo company,390,,2.8,LOW,6,commercial,seo,False,False
seo company in agra,seo company,390,,0,LOW,19,commercial,seo,False,False
best seo company in surat,seo company,390,,4.77,LOW,0,commercial,seo,True,False
seo company bhopal,seo company,390,,0.56,LOW,8,navigational,seo,False,False
best seo company in the usa,seo company,390,,4.95,LOW,20,commercial,seo,True,False
seo company agra,seo company,390,,0,LOW,13,commercial,seo,False,False
seo company in zirakpur,seo company,390,,0.07,LOW,0,commercial,seo,False,False
seo company in bhopal,seo company,390,,0.56,LOW,10,commercial,seo,False,False
seo company in ludhiana,seo company,390,,0.7,LOW,0,commercial,seo,False,False
big toronto seo company,seo company,390,,0,LOW,15,commercial,seo,False,False
best seo company in usa,seo company,390,,4.95,LOW,20,commercial,seo,True,False
best seo company in america,seo company,390,,4.95,LOW,16,commercial,seo,True,False
outsource seo company india,seo company,390,,2.8,LOW,10,commercial,seo,False,False
seo services for healthcare,seo services,390,,2.31,LOW,13,commercial,seo,False,False
professional seo services,seo services,390,,0.86,LOW,33,commercial,seo,False,False
health care seo services,seo services,390,,2.31,LOW,14,commercial,seo,False,False
healthcare-seo-services,seo services,390,,2.31,LOW,9,commercial,seo,False,False
excellent seo services,seo services,390,,1.95,LOW,55,commercial,seo,False,False
recommended seo services,seo services,390,,1.95,LOW,30,commercial,seo,False,False
affordable seo services for small business,seo services,390,,0,LOW,0,commercial,seo,True,False
enterprise seo services,seo services,390,,1.52,LOW,25,commercial,seo,False,False
good seo services,seo services,390,,1.95,LOW,53,commercial,seo,True,False
seo for healthcare services,seo services,390,,2.31,LOW,9,commercial,seo,False,False
leading seo services,seo services,390,,1.95,LOW,67,commercial,seo,True,False
seo services best,seo services,390,,1.95,LOW,67,commercial,seo,True,False
seo services in lucknow,seo services,390,,0.57,LOW,0,commercial,seo,False,False
seo best services,seo services,390,,1.95,LOW,63,commercial,seo,True,False
affordable seo services for small businesses,seo services,390,,0,LOW,0,commercial,seo,True,False
enterprise seo optimization services,seo services,390,,1.52,LOW,28,commercial,seo,False,False
best seo optimization services,seo services,390,,1.95,LOW,55,commercial,seo,True,False
seo services by professional,seo services,390,,0.86,LOW,56,commercial,seo,False,False
best seo services,seo services,390,,1.95,LOW,30,commercial,seo,True,False
pro seo services,seo services,390,,0.86,LOW,4,commercial,seo,False,False
seo services pro,seo services,390,,0.86,LOW,4,commercial,seo,False,False
healthcare seo services,seo services,390,,2.31,LOW,0,commercial,seo,False,False
casino seo services,seo services,390,,0,LOW,0,commercial,seo,False,False
small seo tool ai detector,ai seo,390,,0.13,LOW,39,commercial,seo,False,False
small seo tools ai detector,ai seo,390,,0.13,LOW,53,commercial,seo,False,False
best web design company in delhi,web design company,390,,2.37,LOW,95,commercial,web_design,True,False
web design company singapore,web design company,390,,1.54,LOW,18,commercial,web_design,False,False
web design company testimonials,web design company,390,,2.2,LOW,0,commercial,web_design,False,False
web design company udaipur,web design company,390,,0.41,LOW,0,navigational,web_design,False,False
softhunters web design and development digital marketing company in jaipur,web design company,390,,0.62,LOW,0,commercial,web_design,False,False
best web design company mumbai,web design company,390,,2.6,LOW,59,commercial,web_design,True,False
best web design company in mumbai,web design company,390,,2.6,LOW,24,commercial,web_design,True,False
best web design company in hyderabad,web design company,390,,0.94,LOW,44,commercial,web_design,True,False
web design company in udaipur,web design company,390,,0.41,LOW,4,commercial,web_design,False,False
best web design company in bangalore,web design company,390,,1.77,LOW,68,commercial,web_design,True,False
best web design company in delhi ncr,web design company,390,,2.37,LOW,64,commercial,web_design,True,False
top web design company in delhi,web design company,390,,2.37,LOW,26,commercial,web_design,True,False
web design company in varanasi,web design company,390,,1.25,LOW,18,commercial,web_design,False,False
top web design company in mumbai,web design company,390,,2.6,LOW,29,commercial,web_design,True,False
best web development company in kolkata,web development company,390,,0.77,LOW,19,commercial,web_design,True,False
web and mobile app development company,web development company,390,,0.74,LOW,53,commercial,other,False,False
drupal web development company,web development company,390,,4.62,LOW,14,commercial,web_design,False,False
web development company in faridabad,web development company,390,,2.04,LOW,49,commercial,web_design,False,False
best web development company in mumbai,web development company,390,,2.6,LOW,27,commercial,web_design,True,False
web application development company,web development company,390,,7.57,LOW,46,commercial,other,False,False
web development company in noida sector 63,web development company,390,,0.49,LOW,0,commercial,web_design,False,False
best web development company kolkata,web development company,390,,0.77,LOW,12,commercial,web_design,True,False
best web development company in lucknow,web development company,390,,0.89,LOW,2,commercial,web_design,True,False
best web development company,web development company,390,,0.97,LOW,43,commercial,web_design,True,False
best web development company mumbai,web development company,390,,2.6,LOW,33,commercial,web_design,True,False
progressive web application development company,web development company,390,,0,LOW,14,navigational,other,False,False
progressive web apps development company,web development company,390,,0,LOW,20,navigational,other,False,False
progressive web app development company,web development company,390,,0,LOW,31,navigational,other,False,False
ecommerce development company in india,ecommerce development company,390,,0.97,LOW,9,commercial,ecommerce,False,False
ecommerce development company india,ecommerce development company,390,,0.97,LOW,14,commercial,ecommerce,False,False
shopify store development,shopify development,390,,1.75,LOW,27,commercial,ecommerce,False,False
development shopify store,shopify development,390,,1.75,LOW,41,navigational,ecommerce,False,False
shopify development store,shopify development,390,,1.75,LOW,2,navigational,ecommerce,False,False
development store shopify,shopify development,390,,1.75,LOW,49,navigational,ecommerce,False,False
conversational ai agency,ai agency,390,,3.18,LOW,44,navigational,ai_agents,False,False
best digital marketing agency in nagpur,digital marketing agency,390,,0.5,LOW,6,commercial,digital_mkt,True,False
digital marketing agency in california,digital marketing agency,390,,4.92,LOW,6,commercial,digital_mkt,False,False
pingmedia digital marketing agency & training institute,digital marketing agency,390,,0.03,LOW,21,commercial,digital_mkt,False,False
best digital marketing agency in malappuram,digital marketing agency,390,,0,LOW,5,commercial,digital_mkt,True,False
digital marketing agency ca,digital marketing agency,390,,4.92,LOW,36,commercial,digital_mkt,False,False
digital marketing agency in ludhiana,digital marketing agency,390,,0.61,LOW,15,commercial,digital_mkt,False,False
marketincrew 360 digital marketing agency,digital marketing agency,390,,0,LOW,34,commercial,digital_mkt,False,False
top digital marketing agency in pune,digital marketing agency,390,,0.68,LOW,70,commercial,digital_mkt,True,False
digital marketing agency california,digital marketing agency,390,,4.92,LOW,27,commercial,digital_mkt,False,False
top digital marketing agency in chennai,digital marketing agency,390,,0.74,MEDIUM,15,commercial,digital_mkt,True,False
best digital marketing agency in usa,digital marketing agency,390,,4.07,MEDIUM,22,commercial,digital_mkt,True,False
digital marketing agency in dwarka,digital marketing agency,390,,0.36,LOW,0,commercial,digital_mkt,False,False
digital marketing agency in vizag,digital marketing agency,390,,0.84,LOW,7,commercial,digital_mkt,False,False
best digital marketing agency mumbai,digital marketing agency,390,,0.94,MEDIUM,42,commercial,digital_mkt,True,False
best digital marketing agency usa,digital marketing agency,390,,4.07,MEDIUM,17,commercial,digital_mkt,True,False
digital marketing agency in gurugram,digital marketing agency,390,,1.28,LOW,34,commercial,digital_mkt,False,False
best digital marketing agency in vijayawada,digital marketing agency,390,,0.77,LOW,48,commercial,digital_mkt,True,False
best digital marketing agency in kannur,digital marketing agency,390,,0.72,LOW,5,commercial,digital_mkt,True,False
top digital marketing agency chennai,digital marketing agency,390,,0.74,MEDIUM,62,commercial,digital_mkt,True,False
best digital marketing agency delhi,digital marketing agency,390,,0.98,LOW,53,commercial,digital_mkt,True,False
digital marketing agency in rohini,digital marketing agency,390,,0.19,LOW,0,commercial,digital_mkt,False,False
digital marketing agency in south delhi,digital marketing agency,390,,0.61,LOW,0,commercial,digital_mkt,False,False
admatazz digital marketing agency in mumbai,digital marketing agency,390,,0,LOW,0,commercial,digital_mkt,False,False
digital marketing agency in andheri,digital marketing agency,390,,0.66,LOW,15,commercial,digital_mkt,False,False
california digital marketing agency,digital marketing agency,390,,4.92,LOW,6,commercial,digital_mkt,False,False
top 10 digital marketing agency in mumbai,digital marketing agency,390,,0.84,MEDIUM,26,commercial,digital_mkt,True,False
generative engine optimization services,generative engine optimization,390,,2.3,LOW,21,commercial,ai_seo,False,False
seo jobs in gurgaon,seo agency,390,,0.03,LOW,0,informational,seo,False,False
best website development company in mumbai,web development company,390,,2.53,LOW,38,commercial,web_design,True,False
software development company in hyderabad,web development company,390,,1.21,LOW,26,commercial,other,False,False
seo agency canada,seo agency,320,,2.73,LOW,16,commercial,seo,False,False
local seo agency,seo agency,320,,1.97,LOW,7,commercial,seo,False,False
best seo agency in kolkata,seo agency,320,,0.6,LOW,3,commercial,seo,True,False
seo agency california,seo agency,320,,8.51,LOW,0,commercial,seo,False,False
seo agency in south delhi,seo agency,320,,0,LOW,0,commercial,seo,False,False
seo agency in san diego,seo agency,320,,2.08,LOW,25,commercial,seo,False,False
seo agency in canada,seo agency,320,,2.73,LOW,33,commercial,seo,False,False
seo agency san diego,seo agency,320,,2.08,LOW,14,commercial,seo,False,False
seo agency in kochi,seo agency,320,,0.48,LOW,0,commercial,seo,False,False
san diego seo agency,seo agency,320,,2.08,LOW,25,commercial,seo,False,False
seo agency in california,seo agency,320,,8.51,LOW,4,commercial,seo,False,False
is global web best seo company,seo company,320,0,0.03,LOW,28,commercial,seo,True,True
seo company london uk,seo company,320,,12.6,MEDIUM,71,commercial,seo,False,False
best seo company in delhi ncr,seo company,320,,3.33,LOW,18,commercial,seo,True,False
seo company varanasi,seo company,320,,0,LOW,0,commercial,seo,False,False
seo company in panchkula,seo company,320,,0.16,LOW,0,commercial,seo,False,False
canada seo company,seo company,320,,2.73,LOW,38,commercial,seo,False,False
seo company in san diego,seo company,320,,2.08,LOW,17,commercial,seo,False,False
seo company in canada,seo company,320,,2.73,LOW,0,commercial,seo,False,False
best seo company in coimbatore,seo company,320,,0.96,LOW,17,commercial,seo,True,False
ai seo company,seo company,320,,3.36,LOW,,commercial,ai_seo,False,False
best seo company hyderabad,seo company,320,,0.88,LOW,1,commercial,seo,True,False
best seo company in hyderabad,seo company,320,,0.88,LOW,1,commercial,seo,True,False
seo company trivandrum,seo company,320,,0.43,LOW,0,commercial,seo,False,False
seo company in london,seo company,320,,12.6,MEDIUM,9,commercial,seo,False,False
seo company in thane,seo company,320,,0.61,LOW,0,commercial,seo,False,False
best seo company in kochi,seo company,320,,1.39,LOW,5,commercial,seo,True,False
ranking by seo company,seo company,320,,1.83,LOW,49,commercial,seo,False,False
seo company san diego ca,seo company,320,,2.08,LOW,17,commercial,seo,False,False
best seo company in calicut,seo company,320,,0,LOW,15,commercial,seo,True,False
seo company san diego,seo company,320,,2.08,LOW,17,commercial,seo,False,False
seo company in california,seo company,320,,8.51,LOW,10,commercial,seo,False,False
top 10 seo company in india,seo company,320,,1.09,LOW,60,commercial,seo,True,False
seo company in madurai,seo company,320,,0.74,LOW,23,commercial,seo,False,False
affordable seo company in delhi,seo company,320,,0,LOW,28,commercial,seo,True,False
london seo company,seo company,320,,12.6,MEDIUM,59,commercial,seo,False,False
seo company california,seo company,320,,8.51,LOW,12,commercial,seo,False,False
seo company london,seo company,320,,12.6,MEDIUM,60,commercial,seo,False,False
seo company thane,seo company,320,,0.61,LOW,0,commercial,seo,False,False
seo company canada,seo company,320,,2.73,LOW,2,commercial,seo,False,False
seo company madurai,seo company,320,,0.74,LOW,24,commercial,seo,False,False
california seo company,seo company,320,,8.51,LOW,51,commercial,seo,False,False
top ten seo company in india,seo company,320,,1.09,LOW,70,commercial,seo,True,False
san diego seo company,seo company,320,,2.08,LOW,22,commercial,seo,False,False
ralecon digital marketing seo ppc company in bangalore india,seo company,320,,0.14,LOW,10,commercial,digital_mkt,False,False
top 10 seo company india,seo company,320,,1.09,LOW,,commercial,seo,True,False
seo company in trivandrum,seo company,320,,0.43,LOW,0,commercial,seo,False,False
seo company in varanasi,seo company,320,,0,LOW,0,commercial,seo,False,False
affordable seo company delhi,seo company,320,,0,LOW,30,commercial,seo,True,False
why is fatrank the best local seo company,seo company,320,0,0,LOW,5,commercial,seo,True,True
seo services in ludhiana,seo services,320,,0,LOW,1,commercial,seo,False,False
seo services site,seo services,320,,1.93,LOW,58,commercial,seo,False,False
seo expert services,seo services,320,,1.61,LOW,51,commercial,seo,False,False
seo services sites,seo services,320,,1.93,LOW,51,commercial,seo,False,False
seo services in san diego,seo services,320,,2.08,LOW,19,commercial,seo,False,False
website and seo services,seo services,320,,1.93,LOW,74,commercial,seo,False,False
seo services websites,seo services,320,,1.93,LOW,60,commercial,seo,False,False
seo services in dehradun,seo services,320,,0.79,LOW,1,commercial,seo,False,False
dental seo services,seo services,320,,0,LOW,0,commercial,seo,False,False
seo provider services,seo services,320,,2.91,LOW,82,commercial,seo,False,False
seo services in panchkula,seo services,320,,0.16,LOW,0,commercial,seo,False,False
seo services website,seo services,320,,1.93,LOW,63,commercial,seo,False,False
a one seo services,seo services,320,,0,LOW,32,commercial,seo,False,False
seo-expert-services,seo services,320,,1.61,LOW,48,commercial,seo,False,False
dentist seo services,seo services,320,,0,LOW,0,commercial,seo,False,False
seo services vadodara,seo services,320,,2.58,LOW,0,commercial,seo,False,False
seo services provider,seo services,320,,2.91,LOW,78,commercial,seo,False,False
expert seo services,seo services,320,,1.61,LOW,57,commercial,seo,False,False
website with seo services,seo services,320,,1.93,LOW,63,commercial,seo,False,False
seo services for website,seo services,320,,1.93,LOW,71,commercial,seo,False,False
seo services in vadodara,seo services,320,,2.58,LOW,0,commercial,seo,False,False
seo services in trivandrum,seo services,320,,0.43,LOW,0,commercial,seo,False,False
seo services ludhiana,seo services,320,,0,LOW,0,commercial,seo,False,False
ai seo optimization,ai seo,320,,1.76,MEDIUM,41,commercial,ai_seo,False,False
what is ai seo,ai seo,320,13,1.21,LOW,49,informational,ai_seo,False,True
ai seo companies,ai seo,320,,3.36,LOW,,commercial,ai_seo,False,False
web design company in ny,web design company,320,,6.41,LOW,63,commercial,web_design,False,False
wordpress web design company,web design company,320,,0.78,LOW,21,commercial,web_design,False,False
top web design company in pune,web design company,320,,0.97,LOW,64,commercial,web_design,True,False
web design company mohali,web design company,320,,0.7,LOW,0,commercial,web_design,False,False
best web design company bangalore,web design company,320,,2.44,LOW,70,commercial,web_design,True,False
us web design company,web design company,320,,3.27,MEDIUM,72,commercial,web_design,False,False
best web design company in kerala,web design company,320,,1.11,LOW,25,commercial,web_design,True,False
usa web design company,web design company,320,,3.27,MEDIUM,31,commercial,web_design,False,False
american web design company,web design company,320,,3.27,MEDIUM,36,commercial,web_design,False,False
web design company america,web design company,320,,3.27,MEDIUM,35,commercial,web_design,False,False
web design company sydney,web design company,320,,2.41,LOW,62,commercial,web_design,False,False
web design company in usa,web design company,320,,3.27,MEDIUM,36,commercial,web_design,False,False
top web design company in india,web design company,320,,2.14,LOW,35,commercial,web_design,True,False
gurgaon web design company,web design company,320,,2.07,LOW,10,commercial,web_design,False,False
web design company in america,web design company,320,,3.27,MEDIUM,37,commercial,web_design,False,False
web design company new york,web design company,320,,6.41,LOW,74,commercial,web_design,False,False
web design company ny,web design company,320,,6.41,LOW,64,commercial,web_design,False,False
web design company wordpress,web design company,320,,0.78,LOW,21,commercial,web_design,False,False
web design company us,web design company,320,,3.27,MEDIUM,65,commercial,web_design,False,False
web design company in agra,web design company,320,,1.18,LOW,5,commercial,web_design,False,False
india top web design company,web design company,320,,2.14,LOW,68,commercial,web_design,True,False
web design company gurgaon,web design company,320,,2.07,LOW,28,commercial,web_design,False,False
best web design company india,web design company,320,,2.14,LOW,17,commercial,web_design,True,False
web design company in mohali,web design company,320,,0.7,LOW,0,commercial,web_design,False,False
web design company in kolhapur,web design company,320,,0.63,LOW,18,commercial,web_design,False,False
new york web design company,web design company,320,,6.41,LOW,43,commercial,web_design,False,False
india best web design company,web design company,320,,2.14,LOW,34,commercial,web_design,True,False
top web design company,web design company,320,,1.07,LOW,25,commercial,web_design,True,False
erode web design company,web design company,320,,0.73,LOW,12,navigational,web_design,False,False
web design company in us,web design company,320,,3.27,MEDIUM,65,commercial,web_design,False,False
web design company usa,web design company,320,,3.27,MEDIUM,34,commercial,web_design,False,False
best company for web design,web design company,320,,1.07,LOW,40,commercial,web_design,True,False
best web design company kerala,web design company,320,,1.11,LOW,32,commercial,web_design,True,False
top web design company india,web design company,320,,2.14,LOW,59,commercial,web_design,True,False
web development company nagpur,web development company,320,,1.01,LOW,20,navigational,web_design,False,False
nagpur web development company,web development company,320,,1.01,LOW,31,navigational,web_design,False,False
best web development company in kerala,web development company,320,,1.11,LOW,31,commercial,web_design,True,False
web development company php,web development company,320,,0,LOW,2,commercial,web_design,False,False
web development company in ludhiana,web development company,320,,0.72,LOW,35,commercial,web_design,False,False
web development company in kanpur,web development company,320,,0.38,LOW,10,commercial,web_design,False,False
top web development company in pune,web development company,320,,0.97,LOW,50,commercial,web_design,True,False
web development company kanpur,web development company,320,,0.38,LOW,28,navigational,web_design,False,False
custom web development company,web development company,320,,1.03,LOW,32,commercial,web_design,False,False
web development company in nagpur,web development company,320,,1.01,LOW,9,commercial,web_design,False,False
php web development company,web development company,320,,0,LOW,19,commercial,web_design,False,False
web development company in udaipur,web development company,320,,0.5,LOW,13,commercial,web_design,False,False
web development company noida,web development company,320,,0.7,LOW,47,commercial,web_design,False,False
best web development company in pune,web development company,320,,0.97,LOW,26,commercial,web_design,True,False
web development company in agra,web development company,320,,1.18,LOW,3,commercial,web_design,False,False
noida web development company,web development company,320,,0.7,LOW,7,commercial,web_design,False,False
best web development company in bangalore,web development company,320,,2.44,LOW,41,commercial,web_design,True,False
joomla web development company,web development company,320,,0,LOW,18,commercial,web_design,False,False
aspira technology website development web designing company in chromepet chennai,web development company,320,,0,LOW,0,navigational,web_design,False,False
web development company ludhiana,web development company,320,,0.72,LOW,61,commercial,web_design,False,False
website design agency in delhi,website design agency,320,,1.27,LOW,100,commercial,web_design,False,False
website design agency near me,website design agency,320,,1.33,MEDIUM,33,commercial,web_design,False,False
wordpress website design agency,website design agency,320,,0.78,LOW,40,commercial,web_design,False,False
website design agency delhi,website design agency,320,,1.27,LOW,99,commercial,web_design,False,False
website design agency usa,website design agency,320,,3.27,MEDIUM,74,commercial,web_design,False,False
ecommerce website development company in chennai,ecommerce development company,320,,0.46,LOW,20,commercial,ecommerce,False,False
elsner technologies ecommerce development company,ecommerce development company,320,,0,LOW,60,commercial,ecommerce,False,False
shopify ecommerce development company,ecommerce development company,320,,0,LOW,37,commercial,ecommerce,False,False
ad agency ecommerce,ecommerce agency,320,,1.46,LOW,39,commercial,ecommerce,False,False
ecommerce ad agency,ecommerce agency,320,,1.46,LOW,0,commercial,ecommerce,False,False
advertising agency ecommerce,ecommerce agency,320,,1.46,LOW,4,commercial,ecommerce,False,False
ecommerce advertising agency,ecommerce agency,320,,1.46,LOW,0,commercial,ecommerce,False,False
ecommerce agency near me,ecommerce agency,320,,0.66,LOW,4,navigational,ecommerce,False,False
shopify development account,shopify development,320,,2.4,LOW,31,navigational,ecommerce,False,False
shopify development login,shopify development,320,,0.89,LOW,61,navigational,ecommerce,False,False
shopify template development,shopify development,320,,0.21,LOW,34,commercial,ecommerce,False,False
shopify ecommerce development,shopify development,320,,0,LOW,24,commercial,ecommerce,False,False
shopify theme development,shopify development,320,,0.21,LOW,8,commercial,ecommerce,False,False
shopify development theme,shopify development,320,,0.21,LOW,32,navigational,ecommerce,False,False
theme development shopify,shopify development,320,,0.21,LOW,8,commercial,ecommerce,False,False
shopify app development company,shopify development,320,,4.12,LOW,39,navigational,ecommerce,False,False
shopify app development companies,shopify development,320,,4.12,LOW,16,commercial,ecommerce,False,False
ai digital marketing agency,ai agency,320,,1.85,LOW,13,commercial,digital_mkt,False,False
ai agency website,ai agency,320,,1.21,MEDIUM,34,navigational,ai_agents,False,False
best digital marketing agency in guwahati,digital marketing agency,320,,1.45,LOW,25,commercial,digital_mkt,True,False
digital marketing agency in greater noida,digital marketing agency,320,,0.8,LOW,0,commercial,digital_mkt,False,False
digital marketing agency in udaipur,digital marketing agency,320,,0.47,LOW,19,commercial,digital_mkt,False,False
best digital marketing agency in bhubaneswar,digital marketing agency,320,,0.47,LOW,10,commercial,digital_mkt,True,False
digital marketing agency in rajkot,digital marketing agency,320,,0.3,LOW,0,commercial,digital_mkt,False,False
best digital marketing agency in thrissur,digital marketing agency,320,,0.4,LOW,6,commercial,digital_mkt,True,False
digital marketing agency in moradabad,digital marketing agency,320,,0,LOW,0,commercial,digital_mkt,False,False
digital marketing agency in kannur,digital marketing agency,320,,0.89,LOW,9,commercial,digital_mkt,False,False
toronto digital marketing agency,digital marketing agency,320,,2.59,LOW,22,commercial,digital_mkt,False,False
digital marketing agency in gorakhpur,digital marketing agency,320,,0.01,LOW,37,commercial,digital_mkt,False,False
near digital marketing agency,digital marketing agency,320,,0.72,LOW,20,commercial,digital_mkt,False,False
digital marketing agency gujarat,digital marketing agency,320,,0.91,LOW,27,commercial,digital_mkt,False,False
best digital marketing agency in navi mumbai,digital marketing agency,320,,0.7,LOW,21,commercial,digital_mkt,True,False
top digital marketing agency dubai,digital marketing agency,320,,1.48,LOW,22,commercial,digital_mkt,True,False
digital marketing agency in siliguri,digital marketing agency,320,,0.27,LOW,46,commercial,digital_mkt,False,False
weboin digital marketing agency,digital marketing agency,320,,0.89,LOW,12,commercial,digital_mkt,False,False
top digital marketing agency in kolkata,digital marketing agency,320,,0.42,LOW,46,commercial,digital_mkt,True,False
optmum digital marketing agency in gurgaon,digital marketing agency,320,,0,LOW,4,commercial,digital_mkt,False,False
digital marketing agency in nsp,digital marketing agency,320,,0.46,LOW,3,commercial,digital_mkt,False,False
digital marketing agency in gujarat,digital marketing agency,320,,0.91,LOW,26,commercial,digital_mkt,False,False
nearby digital marketing agency,digital marketing agency,320,,0.72,LOW,43,commercial,digital_mkt,False,False
digital marketing agency bhopal,digital marketing agency,320,,0.34,LOW,18,commercial,digital_mkt,False,False
best digital marketing agency in mohali,digital marketing agency,320,,0.45,LOW,0,commercial,digital_mkt,True,False
nearest digital marketing agency,digital marketing agency,320,,0.72,LOW,49,commercial,digital_mkt,False,False
best digital marketing agency in faridabad,digital marketing agency,320,,0,LOW,3,commercial,digital_mkt,True,False
digital marketing agency in mangalore,digital marketing agency,320,,0,LOW,18,commercial,digital_mkt,False,False
digital marketing agency in janakpuri,digital marketing agency,320,,0.32,LOW,0,commercial,digital_mkt,False,False
digital marketing agency in hisar,digital marketing agency,320,,0.04,LOW,4,commercial,digital_mkt,False,False
digital marketing agency in toronto,digital marketing agency,320,,2.59,LOW,33,commercial,digital_mkt,False,False
aspire digital media digital marketing agency in kolkata,digital marketing agency,320,,0,LOW,20,commercial,digital_mkt,False,False
digital marketing agency nashik,digital marketing agency,320,,0.77,LOW,10,commercial,digital_mkt,False,False
top digital marketing agency in dubai,digital marketing agency,320,,1.48,LOW,33,commercial,digital_mkt,True,False
top 10 digital marketing agency in hyderabad,digital marketing agency,320,,0.92,LOW,16,commercial,digital_mkt,True,False
digital marketing agency in hubli,digital marketing agency,320,,0.48,LOW,0,commercial,digital_mkt,False,False
digital marketing agency in jodhpur,digital marketing agency,320,,0.74,LOW,0,commercial,digital_mkt,False,False
digistreet media creative & best digital marketing agency in india,digital marketing agency,320,,0,LOW,12,commercial,digital_mkt,True,False
top digital marketing agency kolkata,digital marketing agency,320,,0.42,LOW,99,commercial,digital_mkt,True,False
digital marketing agency toronto,digital marketing agency,320,,2.59,LOW,31,commercial,digital_mkt,False,False
digital marketing agency melbourne,digital marketing agency,320,,7.4,MEDIUM,84,commercial,digital_mkt,False,False
digital marketing agency in melbourne,digital marketing agency,320,,7.4,MEDIUM,86,commercial,digital_mkt,False,False
digital marketing agency rajkot,digital marketing agency,320,,1.1,LOW,1,commercial,digital_mkt,False,False
geo: generative engine optimization,generative engine optimization,320,,2.64,MEDIUM,47,informational,ai_seo,False,False
what is generative engine optimization,generative engine optimization,320,3,0.61,LOW,37,informational,ai_seo,False,True
geo generative engine optimization,generative engine optimization,320,,2.64,MEDIUM,61,informational,ai_seo,False,False
answer engine optimization aeo,answer engine optimization,320,,1.38,LOW,52,informational,ai_seo,False,False
top 10 seo companies in india,seo agency,320,,1.09,LOW,21,commercial,seo,True,False
best website designing company in noida,web development company,320,,1,LOW,49,commercial,web_design,True,False
shopify developer account,shopify development,320,,2.4,LOW,46,navigational,ecommerce,False,False
best marketing agency in hyderabad,digital marketing agency,320,,1.24,MEDIUM,63,commercial,other,True,False
seo agency austin,seo agency,260,,4.22,LOW,11,commercial,seo,False,False
seo agency b2b,seo agency,260,,0.32,LOW,,commercial,seo,False,False
austin seo agency,seo agency,260,,4.22,LOW,0,commercial,seo,False,False
seo agency in coimbatore,seo agency,260,,0.9,LOW,,commercial,seo,False,False
seo agency in melbourne,seo agency,260,,22.41,MEDIUM,54,commercial,seo,False,False
healthcare seo agency,seo agency,260,,2.33,LOW,0,commercial,seo,False,False
seo agency melbourne,seo agency,260,,22.41,MEDIUM,54,commercial,seo,False,False
seo agency for healthcare,seo agency,260,,2.33,LOW,0,commercial,seo,False,False
seo agency in sydney,seo agency,260,,9.84,MEDIUM,17,commercial,seo,False,False
adult seo agency,seo agency,260,,0,LOW,,commercial,seo,False,False
chicago seo agency,seo agency,260,,3.76,MEDIUM,18,commercial,seo,False,False
sydney seo agency,seo agency,260,,9.84,MEDIUM,30,commercial,seo,False,False
melbourne seo agency,seo agency,260,,22.41,MEDIUM,54,commercial,seo,False,False
seo quartz web mobile app development agency,seo agency,260,,0.02,LOW,1,commercial,seo,False,False
seo agency in chicago,seo agency,260,,3.76,MEDIUM,19,commercial,seo,False,False
search engine optimization seo agency,seo agency,260,,0,LOW,54,commercial,seo,False,False
seo agency healthcare,seo agency,260,,2.33,LOW,0,commercial,seo,False,False
seo agency in austin,seo agency,260,,4.22,LOW,9,commercial,seo,False,False
seo agency chicago,seo agency,260,,3.76,MEDIUM,20,commercial,seo,False,False
b2b seo agency,seo agency,260,,0.32,LOW,46,commercial,seo,False,False
seo company in ny,seo company,260,,5.63,LOW,43,commercial,seo,False,False
seo company in sydney,seo company,260,,9.84,MEDIUM,37,commercial,seo,False,False
top seo company,seo company,260,,0.87,LOW,51,commercial,seo,True,False
seo company in chicago,seo company,260,,3.76,MEDIUM,18,commercial,seo,False,False
seo company sydney,seo company,260,,9.84,MEDIUM,32,commercial,seo,False,False
local seo company india,seo company,260,,0.36,LOW,21,commercial,seo,False,False
seo company melbourne,seo company,260,,12.13,LOW,34,commercial,seo,False,False
seo company in nagpur,seo company,260,,0.34,LOW,0,commercial,seo,False,False
seo company austin texas,seo company,260,,4.22,LOW,,commercial,seo,False,False
seo company austin,seo company,260,,4.22,LOW,18,commercial,seo,False,False
seo company in kanpur,seo company,260,,0,LOW,0,commercial,seo,False,False
new york city seo company,seo company,260,,5.63,LOW,24,commercial,seo,False,False
seo company melbourne australia,seo company,260,,12.13,LOW,55,commercial,seo,False,False
best seo company in patna,seo company,260,,0,LOW,0,commercial,seo,True,False
seo company in new york city,seo company,260,,5.63,LOW,35,commercial,seo,False,False
local seo company in india,seo company,260,,0.36,LOW,19,commercial,seo,False,False
seo company new york,seo company,260,,5.63,LOW,22,commercial,seo,False,False
seo company austin tx,seo company,260,,4.22,LOW,19,commercial,seo,False,False
seo company in melbourne,seo company,260,,12.13,LOW,12,commercial,seo,False,False
seo company in austin,seo company,260,,4.22,LOW,4,commercial,seo,False,False
seo services company in india,seo company,260,,0.96,LOW,33,commercial,seo,False,False
seo company in dwarka,seo company,260,,0.2,LOW,0,commercial,seo,False,False
seo services company india,seo company,260,,0.96,LOW,72,commercial,seo,False,False
melbourne seo company,seo company,260,,12.13,LOW,35,commercial,seo,False,False
best seo and smo company in usa,seo company,260,,2.93,LOW,,commercial,seo,True,False
seo company in dwarka delhi,seo company,260,,0.2,LOW,0,commercial,seo,False,False
austin seo company,seo company,260,,4.22,LOW,25,commercial,seo,False,False
nagpur seo company,seo company,260,,0.34,LOW,0,commercial,seo,False,False
seo company dwarka,seo company,260,,0.2,LOW,0,commercial,seo,False,False
nyc seo company,seo company,260,,5.63,LOW,22,commercial,seo,False,False
seo company nagpur,seo company,260,,0.34,LOW,0,commercial,seo,False,False
seo company in nyc,seo company,260,,5.63,LOW,25,commercial,seo,False,False
seo services in mohali,seo services,260,,1.14,LOW,0,commercial,seo,False,False
seo services in patna,seo services,260,,0.72,LOW,0,commercial,seo,False,False
best seo services in mumbai,seo services,260,,2.49,LOW,16,commercial,seo,True,False
local seo optimization services,seo services,260,,1.77,LOW,38,commercial,seo,False,False
seo services in kochi,seo services,260,,1.12,LOW,0,commercial,seo,False,False
seo services in new york,seo services,260,,5.63,LOW,18,commercial,seo,False,False
local seo marketing services,seo services,260,,1.77,LOW,0,commercial,seo,False,False
seo and content writing services,seo services,260,,0,LOW,9,commercial,seo,False,False
amazon seo services,seo services,260,,0.76,LOW,0,commercial,seo,False,False
outsourced seo services,seo services,260,,0,LOW,9,commercial,seo,False,False
seo services amazon,seo services,260,,0.76,LOW,7,commercial,seo,False,False
seo marketing services,seo services,260,,0.68,LOW,71,commercial,seo,False,False
ecommerce seo services india,seo services,260,,0.9,LOW,14,commercial,ecommerce,False,False
organic seo services,seo services,260,,5.67,LOW,0,commercial,seo,False,False
seo services nagpur,seo services,260,,0.34,LOW,0,commercial,seo,False,False
seo services surat,seo services,260,,2.25,LOW,4,commercial,seo,False,False
seo services in indore,seo services,260,,0,LOW,0,commercial,seo,False,False
seo services in surat,seo services,260,,2.25,LOW,14,commercial,seo,False,False
local seo services for small business,seo services,260,,3.37,LOW,37,commercial,seo,False,False
outsourcing seo services,seo services,260,,0,LOW,9,commercial,seo,False,False
local seo services for small businesses,seo services,260,,3.37,LOW,40,commercial,seo,False,False
seo services kochi,seo services,260,,1.12,LOW,0,commercial,seo,False,False
outsource seo services,seo services,260,,0,LOW,4,commercial,seo,False,False
seo content writing services,seo services,260,,0,LOW,0,commercial,seo,False,False
best seo services in jaipur,seo services,260,,1.67,LOW,8,commercial,seo,True,False
ecommerce seo services in india,seo services,260,,0.9,LOW,20,commercial,ecommerce,False,False
ai seo expert,ai seo,260,,2.44,LOW,,commercial,ai_seo,False,False
surfer seo ai detector,ai seo,260,,0.54,LOW,19,commercial,seo,False,False
ai seo course,ai seo,260,,1.06,MEDIUM,,commercial,ai_seo,False,False
ai powered seo tool,ai seo,260,,3.3,LOW,,commercial,seo,False,False
ai powered seo tools,ai seo,260,,3.3,LOW,,commercial,seo,False,False
web design company surat,web design company,260,,0.21,LOW,26,navigational,web_design,False,False
web design construction company,web design company,260,,1.11,LOW,0,commercial,web_design,False,False
best web design company in dubai,web design company,260,,1.47,LOW,51,commercial,web_design,True,False
web design company in surat,web design company,260,,0.21,LOW,50,commercial,web_design,False,False
ecommerce web design company,web design company,260,,1.18,LOW,21,commercial,ecommerce,False,False
best web design company kolkata,web design company,260,,0.86,LOW,28,commercial,web_design,True,False
construction company web design,web design company,260,,1.11,LOW,0,navigational,web_design,False,False
web design company dwarka,web design company,260,,1.12,LOW,0,commercial,web_design,False,False
surat web design company,web design company,260,,0.21,LOW,45,navigational,web_design,False,False
kolkata top web design company,web design company,260,,0.86,LOW,9,navigational,web_design,True,False
e commerce web design company,web design company,260,,1.18,LOW,24,commercial,web_design,False,False
best web design company in kolkata,web design company,260,,0.86,LOW,28,commercial,web_design,True,False
best web design company dubai,web design company,260,,1.47,LOW,51,commercial,web_design,True,False
e-commerce web design company,web design company,260,,1.18,LOW,44,commercial,ecommerce,False,False
web design company ecommerce,web design company,260,,1.18,LOW,45,commercial,ecommerce,False,False
web design for construction company,web design company,260,,1.11,LOW,2,navigational,web_design,False,False
web design company in navi mumbai,web design company,260,,1.47,LOW,14,commercial,web_design,False,False
web design company chandigarh,web design company,260,,1.6,LOW,34,commercial,web_design,False,False
web design company navi mumbai,web design company,260,,0.18,LOW,11,navigational,web_design,False,False
laravel web development company,web development company,260,,3.18,LOW,38,commercial,web_design,False,False
agile infoways llc mobile app and web development company,web development company,260,,0,LOW,,commercial,web_design,False,False
web development company bhopal,web development company,260,,0.72,LOW,41,commercial,web_design,False,False
mindrops web and mobile app development company,web development company,260,,0,LOW,10,navigational,other,False,False
web development company in navi mumbai,web development company,260,,2.05,LOW,25,commercial,web_design,False,False
custom web app development company,web development company,260,,1.1,LOW,26,commercial,other,False,False
web development company websites,web development company,260,,1.95,MEDIUM,60,commercial,web_design,False,False
custom web application development company,web development company,260,,1.1,LOW,32,commercial,other,False,False
techavidus web and mobile app development company,web development company,260,,0,LOW,0,navigational,other,False,False
affordable web development company,web development company,260,,8.28,LOW,44,commercial,web_design,True,False
webclues infotech web & mobile app development company,web development company,260,,0.1,LOW,59,navigational,other,False,False
cheap web development company,web development company,260,,8.28,LOW,39,commercial,web_design,False,False
java web development company,web development company,260,,0,LOW,16,commercial,web_design,False,False
web development company in bhopal,web development company,260,,0.72,LOW,0,commercial,web_design,False,False
web development company navi mumbai,web development company,260,,2.05,LOW,25,navigational,web_design,False,False
web development company in ghaziabad,web development company,260,,0.25,LOW,33,commercial,web_design,False,False
cheapest web development company,web development company,260,,8.28,LOW,33,commercial,web_design,True,False
website design agency in bangalore,website design agency,260,,1.62,LOW,71,commercial,web_design,False,False
ecommerce website development company in delhi ncr,ecommerce development company,260,,2.44,LOW,22,commercial,ecommerce,False,False
ecommerce website development company mumbai,ecommerce development company,260,,1.61,LOW,3,commercial,ecommerce,False,False
ecommerce website development company delhi,ecommerce development company,260,,2.44,LOW,22,commercial,ecommerce,False,False
ecommerce website development company in delhi,ecommerce development company,260,,2.44,LOW,27,commercial,ecommerce,False,False
ecommerce website development company in mumbai,ecommerce development company,260,,1.61,LOW,0,commercial,ecommerce,False,False
shopify ecommerce web development,shopify development,260,,1.68,LOW,,commercial,ecommerce,False,False
shopify website development cost in india,shopify development,260,,1.89,LOW,0,commercial,ecommerce,False,False
shopify ecommerce website development,shopify development,260,,1.68,LOW,,navigational,ecommerce,False,False
ai advertising agency,ai agency,260,,1.07,MEDIUM,,commercial,other,False,False
ai ads agency,ai agency,260,,1.07,MEDIUM,,commercial,other,False,False
ai ad agency,ai agency,260,,1.07,MEDIUM,,commercial,other,False,False
best digital marketing agency in trivandrum,digital marketing agency,260,,0.73,LOW,28,commercial,digital_mkt,True,False
top 10 digital marketing agency in ahmedabad,digital marketing agency,260,,0.56,LOW,14,commercial,digital_mkt,True,False
digital marketing agency in los angeles,digital marketing agency,260,,3.23,LOW,16,commercial,digital_mkt,False,False
digital marketing agency in borivali,digital marketing agency,260,,0.53,LOW,6,commercial,digital_mkt,False,False
digital marketing agency b2b,digital marketing agency,260,,2.62,LOW,14,commercial,digital_mkt,False,False
digital marketing agency malaysia,digital marketing agency,260,,2.37,LOW,13,commercial,digital_mkt,False,False
digital marketing agency in prayagraj,digital marketing agency,260,,0.21,LOW,0,commercial,digital_mkt,False,False
digital marketing agency for startups,digital marketing agency,260,,1.25,LOW,0,commercial,digital_mkt,False,False
quantum spark best digital marketing agency in lucknow,digital marketing agency,260,,0.3,LOW,,commercial,digital_mkt,True,False
florida digital marketing agency,digital marketing agency,260,,8.21,MEDIUM,22,commercial,digital_mkt,False,False
digital marketing agency in meerut,digital marketing agency,260,,0.15,LOW,0,commercial,digital_mkt,False,False
digital marketing agency posters,digital marketing agency,260,,0,LOW,0,commercial,digital_mkt,False,False
webocto solutions pvt ltd digital marketing agency in baner,digital marketing agency,260,,0.02,LOW,,commercial,digital_mkt,False,False
digital marketing agency in malappuram,digital marketing agency,260,,0.35,LOW,0,commercial,digital_mkt,False,False
digital marketing agency in sydney,digital marketing agency,260,,8.91,MEDIUM,55,commercial,digital_mkt,False,False
digital marketing agency in florida,digital marketing agency,260,,8.21,MEDIUM,15,commercial,digital_mkt,False,False
how to start a digital marketing agency,digital marketing agency,260,1,1.19,LOW,13,informational,digital_mkt,False,True
best digital marketing agency in nashik,digital marketing agency,260,,0.48,LOW,29,commercial,digital_mkt,True,False
xebec communications best digital marketing agency in pune,digital marketing agency,260,,0,LOW,,commercial,digital_mkt,True,False
digital marketing agency in malaysia,digital marketing agency,260,,2.37,LOW,49,commercial,digital_mkt,False,False
digital marketing agency la,digital marketing agency,260,,3.23,LOW,18,commercial,digital_mkt,False,False
digital marketing agency real estate,digital marketing agency,260,,2.44,LOW,9,commercial,digital_mkt,False,False
ndm infotech digital marketing agency in noida india,digital marketing agency,260,,0.08,LOW,4,commercial,digital_mkt,False,False
digital marketing agency agra,digital marketing agency,260,,0.57,LOW,8,commercial,digital_mkt,False,False
digital marketing agency for b2b,digital marketing agency,260,,2.62,LOW,43,commercial,digital_mkt,False,False
top digital marketing agency noida,digital marketing agency,260,,0.5,LOW,23,commercial,digital_mkt,True,False
digital marketing agency startups,digital marketing agency,260,,1.25,LOW,39,commercial,digital_mkt,False,False
los angeles digital marketing agency,digital marketing agency,260,,3.23,LOW,22,commercial,digital_mkt,False,False
digital marketing agency for real estate,digital marketing agency,260,,2.44,LOW,0,commercial,digital_mkt,False,False
digital marketing agency in haldwani,digital marketing agency,260,,0.24,LOW,0,commercial,digital_mkt,False,False
how to start digital marketing agency,digital marketing agency,260,1,1.19,LOW,10,commercial,digital_mkt,False,True
top digital marketing agency in noida,digital marketing agency,260,,0.5,LOW,37,commercial,digital_mkt,True,False
digital marketing agency in mysore,digital marketing agency,260,,1.08,LOW,0,commercial,digital_mkt,False,False
small business digital marketing agency,digital marketing agency,260,,1.81,LOW,12,commercial,digital_mkt,False,False
digital marketing agency for startup,digital marketing agency,260,,1.25,LOW,6,commercial,digital_mkt,False,False
digital marketing agency startup,digital marketing agency,260,,1.25,LOW,39,commercial,digital_mkt,False,False
digital marketing agency in abu dhabi,digital marketing agency,260,,0.82,LOW,13,commercial,digital_mkt,False,False
dinero digital marketing agency in kerala,digital marketing agency,260,,0,LOW,,commercial,digital_mkt,False,False
top digital marketing agency in ahmedabad,digital marketing agency,260,,0.47,LOW,36,commercial,digital_mkt,True,False
b2b digital marketing agency,digital marketing agency,260,,2.62,LOW,12,commercial,digital_mkt,False,False
best digital marketing agency in dwarka,digital marketing agency,260,,0,LOW,2,commercial,digital_mkt,True,False
startup digital marketing agency,digital marketing agency,260,,1.25,LOW,10,commercial,digital_mkt,False,False
healthcare digital marketing agency in india,digital marketing agency,260,,0.87,LOW,46,commercial,digital_mkt,False,False
digital marketing agency in jabalpur,digital marketing agency,260,,0.26,LOW,2,commercial,digital_mkt,False,False
digital marketing agency in malad,digital marketing agency,260,,0.35,LOW,7,commercial,digital_mkt,False,False
digital marketing agency small business,digital marketing agency,260,,1.81,LOW,12,commercial,digital_mkt,False,False
digital flavour best digital marketing agency in indore,digital marketing agency,260,,0,LOW,,commercial,digital_mkt,True,False
digital marketing agency faridabad,digital marketing agency,260,,0.38,LOW,6,commercial,digital_mkt,False,False
brrandom digital marketing branding & creative ad agency,digital marketing agency,260,,0,LOW,,commercial,digital_mkt,False,False
digital marketing agency raipur,digital marketing agency,260,,0.28,LOW,23,commercial,digital_mkt,False,False
digital marketing agency in la,digital marketing agency,260,,3.23,LOW,31,commercial,digital_mkt,False,False
digital marketing agency sydney australia,digital marketing agency,260,,8.91,MEDIUM,57,commercial,digital_mkt,False,False
digital marketing agency in trichy,digital marketing agency,260,,0.4,LOW,10,commercial,digital_mkt,False,False
best digital marketing agency in prayagraj,digital marketing agency,260,,0,LOW,0,commercial,digital_mkt,True,False
digital marketing agency for small businesses,digital marketing agency,260,,1.81,LOW,8,commercial,digital_mkt,False,False
best digital marketing agency in perinthalmanna,digital marketing agency,260,,0,LOW,,commercial,digital_mkt,True,False
how to open digital marketing agency,digital marketing agency,260,0,1.19,LOW,37,commercial,digital_mkt,False,True
digital marketing agency for small business,digital marketing agency,260,,1.81,LOW,12,commercial,digital_mkt,False,False
digital marketing agency los angeles,digital marketing agency,260,,3.23,LOW,12,commercial,digital_mkt,False,False
digital marketing agency abu dhabi,digital marketing agency,260,,0.82,LOW,13,commercial,digital_mkt,False,False
digital marketing agency calicut,digital marketing agency,260,,0.93,LOW,57,commercial,digital_mkt,False,False
digital whopper digital marketing agency in jaipur,digital marketing agency,260,,0.08,LOW,,commercial,digital_mkt,False,False
digital marketing agency poster,digital marketing agency,260,,0,LOW,0,commercial,digital_mkt,False,False
digital marketing agency sydney,digital marketing agency,260,,8.91,MEDIUM,58,commercial,digital_mkt,False,False
best digital marketing agency in thane,digital marketing agency,260,,0.72,LOW,29,commercial,digital_mkt,True,False
digital b2b marketing agency,digital marketing agency,260,,2.62,LOW,22,commercial,other,False,False
digital marketing agency florida,digital marketing agency,260,,8.21,MEDIUM,9,commercial,digital_mkt,False,False
website designing company near me,web design company,260,,0.9,LOW,100,commercial,web_design,False,False
name designing website,web development company,260,,0.29,LOW,32,commercial,other,False,False
website development company in navi mumbai,web development company,260,,2.05,LOW,18,commercial,web_design,False,False
web development services in noida,web development company,260,,2.29,LOW,22,commercial,web_design,False,False
ecommerce website developer,ecommerce development company,260,,1.37,MEDIUM,21,commercial,ecommerce,False,False
e commerce website development cost in india,ecommerce development company,260,,0.92,LOW,34,commercial,web_design,False,False
ecommerce website design services,ecommerce development company,260,,1.26,LOW,26,commercial,ecommerce,False,False
best seo agency in gurgaon,seo agency,210,,3.57,LOW,59,commercial,seo,True,False
best seo agency gurgaon,seo agency,210,,3.57,LOW,,commercial,seo,True,False
digital corsel best digital marketing company in bangalore seo agency,seo agency,210,,0.03,LOW,,commercial,digital_mkt,True,False
best seo agency in ahmedabad,seo agency,210,,2.21,MEDIUM,78,commercial,seo,True,False
seo for digital marketing agency,seo agency,210,,0,LOW,100,commercial,digital_mkt,False,False
seo agency uae,seo agency,210,,1.53,LOW,47,commercial,seo,False,False
white label seo agency in india,seo agency,210,,0,LOW,,commercial,seo,False,False
best seo agency in jaipur,seo agency,210,,0.68,LOW,,commercial,seo,True,False
seo agency florida,seo agency,210,,6.11,LOW,51,commercial,seo,False,False
seo ai agency,seo agency,210,,2.12,LOW,,commercial,ai_agents,False,False
seo agency in florida,seo agency,210,,6.11,LOW,51,commercial,seo,False,False
seo agency in uae,seo agency,210,,1.53,LOW,32,commercial,seo,False,False
seo agency noida,seo agency,210,,2.38,LOW,0,commercial,seo,False,False
affordable seo agency india,seo agency,210,,0.22,LOW,31,commercial,seo,True,False
seo agency in dehradun,seo agency,210,,0,LOW,,commercial,seo,False,False
seo digital marketing agency,seo agency,210,,0.88,LOW,72,commercial,digital_mkt,False,False
seo agency in mohali,seo agency,210,,0.31,LOW,,commercial,seo,False,False
best seo agency in chennai,seo agency,210,,1.44,LOW,43,commercial,seo,True,False
florida seo agency,seo agency,210,,6.11,LOW,51,commercial,seo,False,False
best seo company in faridabad,seo company,210,,0,LOW,58,commercial,seo,True,False
top seo company pune,seo company,210,,0,LOW,64,commercial,seo,True,False
seo company in mangalore,seo company,210,,0,LOW,,commercial,seo,False,False
top seo company in pune,seo company,210,,0,LOW,64,commercial,seo,True,False
seo experts company india,seo company,210,,0.66,LOW,42,commercial,seo,False,False
best seo company in indore,seo company,210,,1.04,LOW,48,commercial,seo,True,False
digital marketing seo company,seo company,210,,0.88,LOW,89,commercial,digital_mkt,False,False
top seo company in ahmedabad,seo company,210,,1.6,LOW,50,commercial,seo,True,False
houston seo company,seo company,210,,12.94,LOW,57,commercial,seo,False,False
seo digital marketing company,seo company,210,,0.88,LOW,85,commercial,digital_mkt,False,False
seo expert company in india,seo company,210,,0.66,LOW,42,commercial,seo,False,False
seo company ontario,seo company,210,,0,LOW,,commercial,seo,False,False
seo company nashik,seo company,210,,0.35,LOW,0,commercial,seo,False,False
seo company houston texas,seo company,210,,12.94,LOW,57,commercial,seo,False,False
cheap seo company india,seo company,210,,0.22,LOW,0,commercial,seo,False,False
seo company in florida,seo company,210,,6.11,LOW,62,commercial,seo,False,False
professional seo company in india,seo company,210,,1.55,LOW,69,commercial,seo,False,False
florida seo company,seo company,210,,6.11,LOW,62,commercial,seo,False,False
seo company houston tx,seo company,210,,12.94,LOW,54,commercial,seo,False,False
seo company in houston,seo company,210,,12.94,LOW,55,commercial,seo,False,False
white hat seo company,seo company,210,,0,LOW,,commercial,seo,False,False
professional seo company india,seo company,210,,1.55,LOW,67,commercial,seo,False,False
best seo company in agra,seo company,210,,0,LOW,,commercial,seo,True,False
seo and digital marketing company,seo company,210,,0.88,LOW,84,commercial,digital_mkt,False,False
seo company in nashik,seo company,210,,0.35,LOW,0,commercial,seo,False,False
seo company houston,seo company,210,,12.94,LOW,55,commercial,seo,False,False
affordable seo company india,seo company,210,,0.22,LOW,20,commercial,seo,True,False
seo company in ontario,seo company,210,,0,LOW,,commercial,seo,False,False
seo company in new york,seo company,210,,9.28,MEDIUM,22,commercial,seo,False,False
seo company florida,seo company,210,,6.11,LOW,62,commercial,seo,False,False
are infotech best seo company in ahmedabad,seo company,210,0,0,LOW,16,commercial,seo,True,True
seo company in greater noida,seo company,210,,1.14,LOW,0,commercial,seo,False,False
seo services in england,seo services,210,,3.66,MEDIUM,,commercial,seo,False,False
uk seo services,seo services,210,,3.66,MEDIUM,63,commercial,seo,False,False
seo and ppc services,seo services,210,,0.83,LOW,36,commercial,seo,False,False
seo off-page services,seo services,210,,0.75,LOW,3,commercial,seo,False,False
seo services noida,seo services,210,,2.7,LOW,21,commercial,seo,False,False
seo services visakhapatnam,seo services,210,,0.69,LOW,0,commercial,seo,False,False
seo services in ranchi,seo services,210,,0.06,LOW,47,commercial,seo,False,False
affordable seo services in delhi,seo services,210,,0.7,LOW,,commercial,seo,True,False
seo services definition,seo services,210,,0,LOW,41,informational,seo,False,False
off-page seo services,seo services,210,,0.75,LOW,12,commercial,seo,False,False
best seo services kolkata,seo services,210,,0.72,LOW,48,commercial,seo,True,False
seo services in vizag,seo services,210,,0.69,LOW,0,commercial,seo,False,False
seo services youtube,seo services,210,,1.28,LOW,44,commercial,seo,False,False
seo services outsourcing,seo services,210,,0,LOW,9,commercial,seo,False,False
seo services uae,seo services,210,,1.53,LOW,38,commercial,seo,False,False
seo off page services,seo services,210,,0.75,LOW,3,commercial,seo,False,False
seo services chennai,seo services,210,,1.52,LOW,56,commercial,seo,False,False
seo services in bhopal,seo services,210,,0,LOW,47,commercial,seo,False,False
seo services in uae,seo services,210,,1.53,LOW,41,commercial,seo,False,False
offpage seo services,seo services,210,,0.75,LOW,5,commercial,seo,False,False
seo services meaning,seo services,210,,0,LOW,59,informational,seo,False,False
best seo services in kolkata,seo services,210,,0.72,LOW,16,commercial,seo,True,False
seo services means,seo services,210,,0,LOW,43,informational,seo,False,False
seo services in visakhapatnam,seo services,210,,0.69,LOW,0,commercial,seo,False,False
seo uk services,seo services,210,,3.66,MEDIUM,63,commercial,seo,False,False
best seo services in ahmedabad,seo services,210,,2.12,LOW,78,commercial,seo,True,False
youtube seo services,seo services,210,,1.28,LOW,44,commercial,seo,False,False
seo optimization services uk,seo services,210,,3.66,MEDIUM,,commercial,seo,False,False
affordable seo services delhi,seo services,210,,0.7,LOW,,commercial,seo,True,False
seo outsourcing services,seo services,210,,0,LOW,9,commercial,seo,False,False
seo services in uk,seo services,210,,3.66,MEDIUM,63,commercial,seo,False,False
seo services in nashik,seo services,210,,0.35,LOW,0,commercial,seo,False,False
seo services uk,seo services,210,,3.66,MEDIUM,63,commercial,seo,False,False
off page seo services,seo services,210,,0.75,LOW,0,commercial,seo,False,False
seo services description,seo services,210,,0,LOW,37,commercial,seo,False,False
seo ai agent,ai seo,210,,2.12,LOW,19,commercial,ai_agents,False,False
seo ai agents,ai seo,210,,2.12,LOW,13,commercial,ai_agents,False,False
surfer seo ai,ai seo,210,,4.1,LOW,,commercial,seo,False,False
ai seo platform,ai seo,210,,5.17,LOW,,commercial,ai_seo,False,False
salem web design company,web design company,210,,0.47,LOW,0,commercial,web_design,False,False
australia web design company,web design company,210,,4.06,MEDIUM,65,commercial,web_design,False,False
web design company in amritsar,web design company,210,,1.04,LOW,0,commercial,web_design,False,False
web design company amritsar,web design company,210,,0.48,LOW,19,commercial,web_design,False,False
web design company packages,web design company,210,,0.83,LOW,7,commercial,web_design,False,False
web design company in australia,web design company,210,,4.06,MEDIUM,43,commercial,web_design,False,False
web design company in nashik,web design company,210,,0.74,LOW,47,commercial,web_design,False,False
web design company slogans,web design company,210,,0,LOW,,commercial,web_design,False,False
web design company in ghaziabad,web design company,210,,0.38,LOW,8,commercial,web_design,False,False
web design company in siliguri,web design company,210,,0.34,LOW,27,commercial,web_design,False,False
web design company in visakhapatnam,web design company,210,,1.11,LOW,0,commercial,web_design,False,False
web design company in salem,web design company,210,,0.47,LOW,0,commercial,web_design,False,False
web design company in singapore,web design company,210,,2.18,LOW,42,commercial,web_design,False,False
web design company cheap,web design company,210,,0,LOW,78,commercial,web_design,False,False
cheap web design company,web design company,210,,0,LOW,,commercial,web_design,False,False
web design company in jodhpur,web design company,210,,0.63,LOW,30,commercial,web_design,False,False
web design company in sydney,web design company,210,,1.71,LOW,42,commercial,web_design,False,False
web design company in salem tamilnadu,web design company,210,,0.47,LOW,0,commercial,web_design,False,False
singapore web design company,web design company,210,,2.62,LOW,42,commercial,web_design,False,False
rivulet iq web design & ecommerce development company,web design company,210,,0,LOW,,commercial,ecommerce,False,False
australian web design company,web design company,210,,4.06,MEDIUM,100,commercial,web_design,False,False
cheapest web design company,web design company,210,,0,LOW,,commercial,web_design,True,False
web design company australia,web design company,210,,4.06,MEDIUM,53,commercial,web_design,False,False
web design company slogan,web design company,210,,0,LOW,,commercial,web_design,False,False
web design company lucknow,web design company,210,,0.93,LOW,8,navigational,web_design,False,False
low cost web design company in kolkata,web design company,210,,0.87,LOW,,commercial,web_design,True,False
best web development company in kochi,web development company,210,,1.14,LOW,,commercial,web_design,True,False
web development company in siliguri,web development company,210,,0.34,LOW,52,commercial,web_design,False,False
web development company lucknow,web development company,210,,0.93,LOW,19,navigational,web_design,False,False
web app development company india,web development company,210,,3.25,LOW,27,navigational,other,False,False
ecommerce web development company in bangalore,web development company,210,,0,LOW,32,commercial,ecommerce,False,False
web development company new york,web development company,210,,2.39,LOW,41,commercial,web_design,False,False
web development company in singapore,web development company,210,,2.62,LOW,27,commercial,web_design,False,False
web application development company india,web development company,210,,3.25,LOW,33,commercial,other,False,False
web development company in calicut,web development company,210,,0.84,LOW,18,commercial,web_design,False,False
web development company calicut,web development company,210,,0.84,LOW,30,commercial,web_design,False,False
best web development company in chandigarh,web development company,210,,4.52,LOW,47,commercial,web_design,True,False
web development company in amritsar,web development company,210,,0.48,LOW,11,commercial,web_design,False,False
web development company in varanasi,web development company,210,,0.77,LOW,62,commercial,web_design,False,False
web development company kochi,web development company,210,,0.87,LOW,36,commercial,web_design,False,False
web development company in ernakulam,web development company,210,,0.87,LOW,34,navigational,web_design,False,False
top web development company in gurgaon,web development company,210,,2.07,LOW,,commercial,web_design,True,False
dits remote custom software and web application development company,web development company,210,,0,,6,commercial,other,False,False
web app development company in india,web development company,210,,3.25,LOW,39,commercial,other,False,False
web application development company in india,web development company,210,,3.25,LOW,29,commercial,other,False,False
web development company in noida sector 62,web development company,210,,1,LOW,15,commercial,web_design,False,False
web development company in jodhpur,web development company,210,,0.63,LOW,23,commercial,web_design,False,False
best design agency website,website design agency,210,,1.14,LOW,7,commercial,other,True,False
website design agency sydney,website design agency,210,,1.71,LOW,43,commercial,web_design,False,False
website design agency in sydney,website design agency,210,,1.71,LOW,49,commercial,web_design,False,False
agency design website,website design agency,210,,0.86,LOW,,commercial,other,False,False
best agency website design,website design agency,210,,1.14,LOW,28,commercial,web_design,True,False
web design agency website design,website design agency,210,,0.86,LOW,6,commercial,web_design,False,False
design agency website design,website design agency,210,,0.86,LOW,16,commercial,web_design,False,False
best web design agency website,website design agency,210,,1.14,LOW,,commercial,web_design,True,False
design agency website,website design agency,210,,0.86,LOW,87,navigational,other,False,False
best website design agency,website design agency,210,,1.14,LOW,73,commercial,web_design,True,False
ecommerce website development company in bangalore,ecommerce development company,210,,0,LOW,9,commercial,ecommerce,False,False
ecommerce development company dubai,ecommerce development company,210,,0,LOW,,commercial,ecommerce,False,False
ecommerce development company in dubai,ecommerce development company,210,,0,LOW,50,commercial,ecommerce,False,False
shopify website development agency,shopify development,210,,2.59,LOW,,navigational,ecommerce,False,False
shopify development company in usa,shopify development,210,,2.45,LOW,,commercial,ecommerce,False,False
shopify custom theme development,shopify development,210,,0.18,LOW,7,navigational,ecommerce,False,False
shopify development companies in usa,shopify development,210,,2.45,LOW,,commercial,ecommerce,False,False
shopify web development agency,shopify development,210,,2.59,LOW,,navigational,ecommerce,False,False
ai video agency,ai agency,210,,1.07,LOW,,commercial,other,False,False
top ai agency,ai agency,210,,1.7,MEDIUM,25,navigational,ai_agents,True,False
ai automation agency in india,ai agency,210,,1.23,LOW,,commercial,ai_agents,False,False
inklik digital marketing agency,digital marketing agency,210,,0,LOW,,commercial,digital_mkt,False,False
best digital marketing agency in vizag,digital marketing agency,210,,0.76,LOW,39,commercial,digital_mkt,True,False
digital marketing agency chicago,digital marketing agency,210,,8.8,MEDIUM,52,commercial,digital_mkt,False,False
digital marketing agency in vashi,digital marketing agency,210,,0.25,LOW,0,commercial,digital_mkt,False,False
digital marketing agency in jalandhar,digital marketing agency,210,,0,LOW,,commercial,digital_mkt,False,False
creative digital marketing agency,digital marketing agency,210,,0.57,LOW,65,commercial,digital_mkt,False,False
best digital marketing agency in mysore,digital marketing agency,210,,0.61,LOW,,commercial,digital_mkt,True,False
top digital marketing agency usa,digital marketing agency,210,,4.23,MEDIUM,41,commercial,digital_mkt,True,False
digital marketing agency in texas,digital marketing agency,210,,7.71,MEDIUM,71,commercial,digital_mkt,False,False
digital marketing and creative agency,digital marketing agency,210,,0.57,LOW,49,commercial,digital_mkt,False,False
repindia best digital marketing agency in delhi,digital marketing agency,210,,0,MEDIUM,8,commercial,digital_mkt,True,False
k2 digital marketing agency,digital marketing agency,210,,0,LOW,5,commercial,digital_mkt,False,False
top digital marketing agency in usa,digital marketing agency,210,,4.23,MEDIUM,44,commercial,digital_mkt,True,False
digital marketing agency austin,digital marketing agency,210,,4.55,LOW,37,commercial,digital_mkt,False,False
digital marketing agency in chicago,digital marketing agency,210,,8.8,MEDIUM,43,commercial,digital_mkt,False,False
value vault digital marketing agency in hyderabad,digital marketing agency,210,,0,LOW,,commercial,digital_mkt,False,False
digital marketing agency website template,digital marketing agency,210,,0.39,LOW,0,commercial,digital_mkt,False,False
digital marketing agency in amritsar,digital marketing agency,210,,0.24,LOW,15,commercial,digital_mkt,False,False
styx media digital marketing agency in mumbai,digital marketing agency,210,,0,LOW,,commercial,digital_mkt,False,False
digital marketing agency for doctors,digital marketing agency,210,,2.24,LOW,41,commercial,digital_mkt,False,False
digital marketing agency in tamilnadu,digital marketing agency,210,,0.6,LOW,20,commercial,digital_mkt,False,False
digital marketing agency goa,digital marketing agency,210,,0.75,LOW,54,commercial,digital_mkt,False,False
digital marketing agency in noida sector 63,digital marketing agency,210,,0.24,LOW,,commercial,digital_mkt,False,False
digital asia best digital marketing agency in noida delhi ncr,digital marketing agency,210,,0,LOW,,commercial,digital_mkt,True,False
digital marketing agency vizag,digital marketing agency,210,,0.75,LOW,48,commercial,digital_mkt,False,False
top 10 digital marketing agency,digital marketing agency,210,,0.73,LOW,36,commercial,digital_mkt,True,False
what is digital marketing agency,digital marketing agency,210,76,0,LOW,40,informational,digital_mkt,False,True
web rocz best digital marketing agency in hyderabad,digital marketing agency,210,,0.18,LOW,,commercial,digital_mkt,True,False
best digital marketing agency in vadodara,digital marketing agency,210,,0.47,LOW,,commercial,digital_mkt,True,False
top 10 digital marketing agency in pune,digital marketing agency,210,,0.69,LOW,,commercial,digital_mkt,True,False
digital marketing agency texas,digital marketing agency,210,,7.71,MEDIUM,71,commercial,digital_mkt,False,False
digital marketing agency mohali,digital marketing agency,210,,0.38,LOW,10,commercial,digital_mkt,False,False
best digital marketing agency in ludhiana,digital marketing agency,210,,4.24,LOW,23,commercial,digital_mkt,True,False
top 5 digital marketing agency in india,digital marketing agency,210,,0.63,LOW,0,commercial,digital_mkt,True,False
digital marketing agency in austin,digital marketing agency,210,,4.55,LOW,54,commercial,digital_mkt,False,False
digital marketing agency austin tx,digital marketing agency,210,,4.55,LOW,37,commercial,digital_mkt,False,False
solvobiz pvt ltd digital marketing agency noida,digital marketing agency,210,,0,LOW,,commercial,digital_mkt,False,False
digital marketing agency chicago il,digital marketing agency,210,,8.8,MEDIUM,32,commercial,digital_mkt,False,False
top 10 digital marketing agency in delhi,digital marketing agency,210,,1.19,LOW,21,commercial,digital_mkt,True,False
top 10 digital marketing agency in bangalore,digital marketing agency,210,,1.03,LOW,53,commercial,digital_mkt,True,False
digital marketing agency in pitampura,digital marketing agency,210,,0.2,LOW,,commercial,digital_mkt,False,False
best digital marketing agency in gorakhpur,digital marketing agency,210,,0,LOW,,commercial,digital_mkt,True,False
best digital marketing agency in haldwani,digital marketing agency,210,,0,LOW,,commercial,digital_mkt,True,False
red dash media creative social media & digital marketing agency,digital marketing agency,210,,0,LOW,,navigational,digital_mkt,False,False
denary media pvt ltd digital marketing agency in hyderabad,digital marketing agency,210,,0.08,LOW,,navigational,digital_mkt,False,False
digital marketing creative agency,digital marketing agency,210,,0.57,LOW,82,commercial,digital_mkt,False,False
white label digital marketing agency,digital marketing agency,210,,0.52,LOW,54,commercial,digital_mkt,False,False
digital marketing agency in erode,digital marketing agency,210,,1.84,LOW,11,commercial,digital_mkt,False,False
digital marketing agency kanpur,digital marketing agency,210,,0.39,LOW,5,commercial,digital_mkt,False,False
austin digital marketing agency,digital marketing agency,210,,4.55,LOW,37,commercial,digital_mkt,False,False
digital creative marketing agency,digital marketing agency,210,,0.57,LOW,71,commercial,other,False,False
digital marketing agency madurai,digital marketing agency,210,,1.33,LOW,1,commercial,digital_mkt,False,False
digital marketing agency chicago illinois,digital marketing agency,210,,8.8,MEDIUM,60,commercial,digital_mkt,False,False
digital marketing agency in panchkula,digital marketing agency,210,,0.03,LOW,42,commercial,digital_mkt,False,False
digital marketing agency trivandrum,digital marketing agency,210,,0.68,LOW,44,commercial,digital_mkt,False,False
digital marketing agency thrissur,digital marketing agency,210,,0.91,LOW,0,commercial,digital_mkt,False,False
digital marketing agency austin texas,digital marketing agency,210,,4.55,LOW,,commercial,digital_mkt,False,False
chicago digital marketing agency,digital marketing agency,210,,8.8,MEDIUM,49,commercial,digital_mkt,False,False
digital marketing agency image,digital marketing agency,210,,0,LOW,6,commercial,digital_mkt,False,False
best digital marketing agency in udaipur,digital marketing agency,210,,0.29,LOW,27,commercial,digital_mkt,True,False
digital marketing agency images,digital marketing agency,210,,0,LOW,17,commercial,digital_mkt,False,False
auurum digital digital marketing agency maharashtra pune sangli,digital marketing agency,210,,0,LOW,,commercial,digital_mkt,False,False
generative engine optimization tools,generative engine optimization,210,,1.8,LOW,,informational,ai_seo,False,False
generative engine optimization tool,generative engine optimization,210,,1.8,LOW,,informational,ai_seo,False,False
seo consultant in mumbai,seo agency,210,,0,LOW,13,commercial,seo,False,False
shopify dev dashboard,shopify development,210,,2.32,LOW,,navigational,ecommerce,False,False
seo agency in delhi ncr,seo agency,170,,1.35,LOW,28,commercial,seo,False,False
global seo agency,seo agency,170,,6.34,LOW,0,commercial,seo,False,False
seo agency birmingham,seo agency,170,,7.07,MEDIUM,,commercial,seo,False,False
seo agency in texas,seo agency,170,,4.69,LOW,19,commercial,seo,False,False
birmingham seo agency,seo agency,170,,7.07,MEDIUM,,commercial,seo,False,False
seo agency brisbane,seo agency,170,,9.91,MEDIUM,16,commercial,seo,False,False
seo marketing agency in delhi,seo agency,170,,1.35,LOW,,commercial,seo,False,False
seo agency in denver,seo agency,170,,11.84,LOW,,commercial,seo,False,False
seo agency in san francisco,seo agency,170,,10.03,LOW,24,commercial,seo,False,False
seo agency delhi ncr,seo agency,170,,1.35,LOW,,navigational,seo,False,False
best seo agency uk,seo agency,170,,6.68,MEDIUM,41,commercial,seo,True,False
top seo agency uk,seo agency,170,,6.68,MEDIUM,37,commercial,seo,True,False
best uk seo agency,seo agency,170,,6.68,MEDIUM,45,commercial,seo,True,False
denver seo agency,seo agency,170,,11.84,LOW,,commercial,seo,False,False
seo agency in chandigarh,seo agency,170,,0.41,LOW,8,commercial,seo,False,False
best seo agency in uk,seo agency,170,,6.68,MEDIUM,41,commercial,seo,True,False
seo outsourcing agency,seo agency,170,,0,LOW,1,commercial,seo,False,False
seo agency in vadodara,seo agency,170,,1.46,LOW,,commercial,seo,False,False
international seo agency,seo agency,170,,6.34,LOW,8,commercial,seo,False,False
seo agency in lucknow,seo agency,170,,0.14,LOW,2,commercial,seo,False,False
seo agency in perth,seo agency,170,,2.9,LOW,,commercial,seo,False,False
seo agency in faridabad,seo agency,170,,0.06,LOW,15,commercial,seo,False,False
seo agency singapore,seo agency,170,,10.47,LOW,50,commercial,seo,False,False
best seo agency in the uk,seo agency,170,,6.68,MEDIUM,45,commercial,seo,True,False
seo agency in singapore,seo agency,170,,10.47,LOW,50,commercial,seo,False,False
seo agency pte ltd,seo agency,170,,10.47,LOW,,commercial,seo,False,False
seo agency in brisbane,seo agency,170,,9.91,MEDIUM,20,commercial,seo,False,False
seo agency sg,seo agency,170,,10.47,LOW,,commercial,seo,False,False
seo agency in thane,seo agency,170,,0.84,LOW,43,commercial,seo,False,False
best seo agency united kingdom,seo agency,170,,6.68,MEDIUM,23,commercial,seo,True,False
seo agency in toronto,seo agency,170,,1.4,LOW,52,commercial,seo,False,False
seo agency san francisco,seo agency,170,,10.03,LOW,24,commercial,seo,False,False
seo agency in birmingham,seo agency,170,,7.07,MEDIUM,83,commercial,seo,False,False
top seo company uk,seo company,170,,6.68,MEDIUM,39,commercial,seo,True,False
seo services company delhi,seo company,170,,0,LOW,20,commercial,seo,False,False
chimplab advertising best seo company in ahmedabad india,seo company,170,,0,LOW,,commercial,seo,True,False
website seo company,seo company,170,,1.81,LOW,88,commercial,seo,False,False
seo for company website,seo company,170,,1.81,LOW,88,commercial,seo,False,False
seo company in brisbane,seo company,170,,9.91,MEDIUM,12,commercial,seo,False,False
denver seo company,seo company,170,,11.84,LOW,84,commercial,seo,False,False
seo company in udaipur,seo company,170,,0.32,LOW,17,commercial,seo,False,False
seo business company,seo company,170,,0,LOW,81,commercial,seo,False,False
best seo company uk,seo company,170,,6.68,MEDIUM,39,commercial,seo,True,False
seo company jalandhar,seo company,170,,0.55,LOW,14,commercial,seo,False,False
enterprise seo company,seo company,170,,1.56,LOW,,commercial,seo,False,False
seo company denver,seo company,170,,11.84,LOW,84,commercial,seo,False,False
seo company in denver,seo company,170,,11.84,LOW,84,commercial,seo,False,False
seo web company,seo company,170,,1.81,LOW,,commercial,seo,False,False
seo outsourcing company,seo company,170,,0,LOW,28,commercial,seo,False,False
best seo company in bhubaneswar,seo company,170,,1.81,LOW,0,commercial,seo,True,False
seo company website,seo company,170,,1.81,LOW,88,commercial,seo,False,False
top seo company in uk,seo company,170,,6.68,MEDIUM,39,commercial,seo,True,False
seo company san francisco,seo company,170,,10.03,LOW,40,commercial,seo,False,False
seo company ludhiana,seo company,170,,0.22,LOW,0,commercial,seo,False,False
best seo company in the uk,seo company,170,,6.68,MEDIUM,39,commercial,seo,True,False
seo company in texas,seo company,170,,4.69,LOW,25,commercial,seo,False,False
seo company in jalandhar,seo company,170,,0.55,LOW,14,commercial,seo,False,False
seo-web company,seo company,170,,1.81,LOW,,commercial,seo,False,False
best seo company in uk,seo company,170,,6.68,MEDIUM,23,commercial,seo,True,False
seo company in toronto,seo company,170,,1.4,LOW,54,commercial,seo,False,False
seo company texas,seo company,170,,4.69,LOW,21,commercial,seo,False,False
seo company in perth,seo company,170,,2.9,LOW,68,commercial,seo,False,False
web seo company,seo company,170,,1.81,LOW,,commercial,seo,False,False
seo company in san francisco,seo company,170,,10.03,LOW,40,commercial,seo,False,False
top seo company kolkata,seo company,170,,1.55,LOW,,commercial,seo,True,False
seo company brisbane,seo company,170,,9.91,MEDIUM,16,commercial,seo,False,False
seo company websites,seo company,170,,1.81,LOW,88,commercial,seo,False,False
birmingham seo company,seo company,170,,7.07,MEDIUM,24,commercial,seo,False,False
seo company services in delhi,seo company,170,,0,LOW,33,commercial,seo,False,False
seo website company,seo company,170,,1.81,LOW,88,commercial,seo,False,False
top seo company in kolkata,seo company,170,,1.55,LOW,,commercial,seo,True,False
seo company denver co,seo company,170,,11.84,LOW,,commercial,seo,False,False
best uk seo company,seo company,170,,6.68,MEDIUM,45,commercial,seo,True,False
seo company udaipur,seo company,170,,0.32,LOW,0,commercial,seo,False,False
web and seo company,seo company,170,,1.81,LOW,,commercial,seo,False,False
perth seo company,seo company,170,,2.9,LOW,68,commercial,seo,False,False
seo services company in delhi,seo company,170,,0,LOW,14,commercial,seo,False,False
seo company perth,seo company,170,,2.9,LOW,68,commercial,seo,False,False
best seo uk company,seo company,170,,6.68,MEDIUM,18,commercial,seo,True,False
seo services company in delhi ncr,seo company,170,,0,LOW,29,commercial,seo,False,False
website and seo company,seo company,170,,1.81,LOW,,commercial,seo,False,False
international seo services,seo services,170,,2.76,LOW,44,commercial,seo,False,False
seo services pricing,seo services,170,,0.74,LOW,50,commercial,seo,False,False
seo services for wordpress,seo services,170,,0,LOW,31,commercial,seo,False,False
seo services provider in kolkata,seo services,170,,0.98,LOW,31,commercial,seo,False,False
price seo services,seo services,170,,0.74,LOW,,commercial,seo,False,False
seo services in san francisco,seo services,170,,10.03,LOW,,commercial,seo,False,False
seo reseller services,seo services,170,,0,LOW,67,commercial,seo,False,False
best seo services in chandigarh,seo services,170,,0.42,LOW,62,commercial,seo,True,False
legal seo services,seo services,170,,0,LOW,,commercial,seo,False,False
gmb seo services,seo services,170,,0.58,LOW,,commercial,seo,False,False
local seo services mumbai,seo services,170,,1.12,LOW,,commercial,seo,False,False
local seo services delhi,seo services,170,,0,LOW,20,commercial,seo,False,False
guaranteed seo services,seo services,170,,0,LOW,44,commercial,seo,False,False
seo services guaranteed,seo services,170,,0,LOW,,commercial,seo,False,False
world seo services,seo services,170,,0,LOW,13,commercial,seo,False,False
pricing seo services,seo services,170,,0.74,LOW,46,commercial,seo,False,False
price for seo services,seo services,170,,0.74,LOW,,commercial,seo,False,False
cost of seo services,seo services,170,,0.74,LOW,17,commercial,seo,False,False
saas seo services,seo services,170,,1.01,LOW,,commercial,seo,False,False
lawyer seo services,seo services,170,,0,LOW,,commercial,seo,False,False
prices for seo services,seo services,170,,0.74,LOW,50,commercial,seo,False,False
price of seo services,seo services,170,,0.74,LOW,22,commercial,seo,False,False
ai seo services india,seo services,170,,2.83,LOW,,commercial,ai_seo,False,False
chandigarh seo services,seo services,170,,0.41,LOW,,commercial,seo,False,False
seo services wordpress,seo services,170,,0,LOW,31,commercial,seo,False,False
top seo services uk,seo services,170,,6.68,MEDIUM,,commercial,seo,True,False
seo services fees,seo services,170,,0.74,LOW,,commercial,seo,False,False
seo services rates,seo services,170,,0.74,LOW,13,commercial,seo,False,False
hotel seo services,seo services,170,,0,LOW,,commercial,seo,False,False
seo services prices,seo services,170,,0.74,LOW,,commercial,seo,False,False
specialist seo services,seo services,170,,0,LOW,,commercial,seo,False,False
pricing for seo services,seo services,170,,0.74,LOW,,commercial,seo,False,False
seo services cost,seo services,170,,0.74,LOW,17,commercial,seo,False,False
reseller seo services,seo services,170,,0,LOW,67,commercial,seo,False,False
attorney seo services,seo services,170,,0,LOW,,commercial,seo,False,False
lawyers seo services,seo services,170,,0,LOW,,commercial,seo,False,False
best seo services uk,seo services,170,,6.68,MEDIUM,24,commercial,seo,True,False
cost for seo services,seo services,170,,0.74,LOW,17,commercial,seo,False,False
seo specialist services,seo services,170,,0,LOW,,commercial,seo,False,False
local seo services in mumbai,seo services,170,,1.12,LOW,,commercial,seo,False,False
resell seo services,seo services,170,,0,LOW,67,commercial,seo,False,False
wordpress seo services,seo services,170,,0,LOW,31,commercial,seo,False,False
seo services price,seo services,170,,0.74,LOW,31,commercial,seo,False,False
cost seo services,seo services,170,,0.74,LOW,17,commercial,seo,False,False
best seo services in uk,seo services,170,,6.68,MEDIUM,25,commercial,seo,True,False
seo services reseller,seo services,170,,0,LOW,67,commercial,seo,False,False
seo services for lawyers,seo services,170,,0,LOW,,commercial,seo,False,False
seo ai detector,ai seo,170,,0.11,LOW,55,commercial,seo,False,False
top web design company delhi,web design company,170,,1.75,LOW,28,commercial,web_design,True,False
best web design company in cochin,web design company,170,,1.56,LOW,95,commercial,web_design,True,False
web design company in vijayawada,web design company,170,,0.01,LOW,12,commercial,web_design,False,False
ahmedabad web design company,web design company,170,,0.99,LOW,63,commercial,web_design,False,False
web design it company,web design company,170,,0.74,LOW,99,commercial,web_design,False,False
web design company nyc,web design company,170,,2.86,LOW,65,commercial,web_design,False,False
web design company in trivandrum,web design company,170,,0.75,LOW,64,commercial,web_design,False,False
galaxywing it solutions web design and development company,web design company,170,,0,LOW,,navigational,web_design,False,False
web design company in guwahati,web design company,170,,2.68,LOW,31,commercial,web_design,False,False
top web design company hyderabad,web design company,170,,3.11,LOW,35,commercial,web_design,True,False
calicut web design company,web design company,170,,1.22,LOW,39,navigational,web_design,False,False
web design company in tirupur,web design company,170,,0.58,LOW,11,commercial,web_design,False,False
web design company in karur,web design company,170,,0.26,LOW,,commercial,web_design,False,False
web design and development company in ahmedabad,web design company,170,,0.99,LOW,18,commercial,web_design,False,False
web design company nashik,web design company,170,,1.09,LOW,21,commercial,web_design,False,False
web design company in thrissur,web design company,170,,0.92,LOW,0,commercial,web_design,False,False
web design company in toronto,web design company,170,,2.47,MEDIUM,68,commercial,web_design,False,False
best web design company in kochi,web design company,170,,1.56,LOW,95,commercial,web_design,True,False
web design company in new york,web design company,170,,2.93,LOW,67,commercial,web_design,False,False
web design company austin texas,web design company,170,,0,LOW,,commercial,web_design,False,False
top web design company in hyderabad,web design company,170,,3.11,LOW,58,commercial,web_design,True,False
web design company austin,web design company,170,,0,LOW,,commercial,web_design,False,False
best web design company cochin,web design company,170,,1.56,LOW,95,commercial,web_design,True,False
tirupur web design company,web design company,170,,0.58,LOW,12,navigational,web_design,False,False
best web design company kochi,web design company,170,,1.56,LOW,100,commercial,web_design,True,False
best web design company bhubaneswar,web design company,170,,0.41,LOW,7,commercial,web_design,True,False
austin web design company,web design company,170,,0,LOW,,commercial,web_design,False,False
web design for it company,web design company,170,,0.74,LOW,8,commercial,web_design,False,False
toronto web design company,web design company,170,,2.47,MEDIUM,100,commercial,web_design,False,False
web design company toronto,web design company,170,,2.47,MEDIUM,36,commercial,web_design,False,False
web design toronto company,web design company,170,,2.47,MEDIUM,100,commercial,web_design,False,False
web design company qatar,web design company,170,,0,LOW,25,commercial,web_design,False,False
web design company in vellore,web design company,170,,2.7,LOW,10,commercial,web_design,False,False
best web design company in bhubaneswar,web design company,170,,0.41,LOW,17,commercial,web_design,True,False
it company web design,web design company,170,,0.74,LOW,6,commercial,web_design,False,False
web design company in andheri,web design company,170,,1.29,LOW,47,commercial,web_design,False,False
web design company in meerut,web design company,170,,0.51,LOW,13,commercial,web_design,False,False
web development company in sydney,web development company,170,,4.32,LOW,11,commercial,web_design,False,False
web development company in qatar,web development company,170,,0,LOW,54,commercial,web_design,False,False
web development company toronto,web development company,170,,2.47,MEDIUM,46,commercial,web_design,False,False
web development company in trivandrum,web development company,170,,2.33,LOW,52,commercial,web_design,False,False
web development company in panchkula,web development company,170,,1.06,LOW,46,commercial,web_design,False,False
ahmedabad web development company,web development company,170,,0.99,LOW,44,navigational,web_design,False,False
web development company sydney,web development company,170,,4.32,LOW,9,commercial,web_design,False,False
web development company in assam,web development company,170,,0,LOW,,commercial,web_design,False,False
php web development company chennai,web development company,170,,0,LOW,47,commercial,web_design,False,False
best web development company in chennai,web development company,170,,0.83,LOW,27,commercial,web_design,True,False
web development company in andheri,web development company,170,,1.29,LOW,,commercial,web_design,False,False
web development company nashik,web development company,170,,1.09,LOW,47,navigational,web_design,False,False
web development company in ranchi,web development company,170,,0.58,LOW,54,commercial,web_design,False,False
web development company in nashik,web development company,170,,1.09,LOW,16,commercial,web_design,False,False
singsys mobile & web application development company,web development company,170,,0.03,LOW,,navigational,other,False,False
best web development company in bhubaneswar,web development company,170,,0.41,LOW,4,commercial,web_design,True,False
web development company qatar,web development company,170,,0,LOW,54,commercial,web_design,False,False
php web development company in chennai,web development company,170,,0,LOW,47,commercial,web_design,False,False
idiosys best web & mobile app development company in kolkata,web development company,170,,0,LOW,,commercial,other,True,False
top web development company in jaipur,web development company,170,,1.44,LOW,10,commercial,web_design,True,False
flexsin salesforce consulting mobile apps & web development company,web development company,170,,0,MEDIUM,29,navigational,web_design,False,False
web development company in nashik nashik maharashtra,web development company,170,,1.09,LOW,38,commercial,web_design,False,False
real estate web development company,web development company,170,,0.59,LOW,,commercial,web_design,False,False
web development company in toronto,web development company,170,,2.47,MEDIUM,11,commercial,web_design,False,False
web development company kolkata,web development company,170,,0.88,LOW,22,navigational,web_design,False,False
web development company in raipur,web development company,170,,0.43,LOW,92,commercial,web_design,False,False
best web development company in jaipur,web development company,170,,1.44,LOW,33,commercial,web_design,True,False
website design agency new york,website design agency,170,,2.86,LOW,,commercial,web_design,False,False
website design travel agency,website design agency,170,,0.84,LOW,,commercial,web_design,False,False
website design agency in new york,website design agency,170,,2.86,LOW,,commercial,web_design,False,False
travel agency website design,website design agency,170,,0.84,LOW,50,commercial,web_design,False,False
website design for travel agency,website design agency,170,,0.84,LOW,,commercial,web_design,False,False
website design agency toronto,website design agency,170,,2.47,MEDIUM,100,commercial,web_design,False,False
website design agency nyc,website design agency,170,,2.86,LOW,,commercial,web_design,False,False
magento ecommerce development company,ecommerce development company,170,,0,LOW,52,commercial,ecommerce,False,False
ecommerce website development company coimbatore,ecommerce development company,170,,1,LOW,3,commercial,ecommerce,False,False
ecommerce website development company in coimbatore,ecommerce development company,170,,1,LOW,6,commercial,ecommerce,False,False
ecommerce website development company chennai,ecommerce development company,170,,0,LOW,25,navigational,ecommerce,False,False
digital marketing agency ecommerce,ecommerce agency,170,,1.45,LOW,39,commercial,ecommerce,False,False
ecommerce digital marketing agency,ecommerce agency,170,,1.45,LOW,14,commercial,ecommerce,False,False
shopify store development service,shopify development,170,,1.97,LOW,,navigational,ecommerce,False,False
shopify store development services,shopify development,170,,1.97,LOW,,commercial,ecommerce,False,False
ai powered digital marketing agency,ai agency,170,,0.95,LOW,,commercial,digital_mkt,False,False
ai agency in india,ai agency,170,,1.49,LOW,,commercial,ai_agents,False,False
ai agency automation,ai agency,170,,2.32,MEDIUM,16,navigational,ai_agents,False,False
ai development agency,ai agency,170,,3.03,LOW,,navigational,ai_agents,False,False
ai chatbot agency,ai agency,170,,1.89,MEDIUM,,commercial,other,False,False
ai agency reddit,ai agency,170,,0,LOW,,informational,ai_agents,False,False
ai-powered digital marketing agency,ai agency,170,,0.95,LOW,,commercial,digital_mkt,False,False
agentic ai agency,ai agency,170,,2.61,MEDIUM,,navigational,ai_agents,False,False
gen ai agency,ai agency,170,,1.36,MEDIUM,30,navigational,ai_agents,False,False
ai development agent,ai agent development,170,,3.03,LOW,22,commercial,ai_agents,False,False
digital marketing agency in mira road,digital marketing agency,170,,0.59,LOW,0,commercial,digital_mkt,False,False
digital marketing agency for dentist,digital marketing agency,170,,3.24,LOW,,commercial,digital_mkt,False,False
digital marketing agency san francisco,digital marketing agency,170,,0.92,LOW,3,commercial,digital_mkt,False,False
digital marketing agency names ideas,digital marketing agency,170,,0.23,LOW,0,commercial,digital_mkt,False,False
best digital marketing agency in raipur,digital marketing agency,170,,0.68,LOW,48,commercial,digital_mkt,True,False
papercraft digital marketing agency in mumbai branding agency,digital marketing agency,170,,1.17,LOW,,commercial,digital_mkt,False,False
digital marketing agency dallas tx,digital marketing agency,170,,1.6,LOW,50,commercial,digital_mkt,False,False
brand make roi driven digital marketing agency in pune,digital marketing agency,170,,0.25,LOW,,commercial,digital_mkt,False,False
top digital marketing agency in gurgaon,digital marketing agency,170,,1.16,LOW,73,commercial,digital_mkt,True,False
digital marketing agency in bareilly,digital marketing agency,170,,0.01,LOW,,commercial,digital_mkt,False,False
digital marketing agency in tirunelveli,digital marketing agency,170,,0.54,LOW,,commercial,digital_mkt,False,False
digital marketing agency names,digital marketing agency,170,,0.32,LOW,0,commercial,digital_mkt,False,False
digital marketing agency in dallas,digital marketing agency,170,,1.6,LOW,57,commercial,digital_mkt,False,False
digital marketing agency for hotels,digital marketing agency,170,,3.61,LOW,56,commercial,digital_mkt,False,False
full-service digital marketing agency,digital marketing agency,170,,0,LOW,,commercial,digital_mkt,False,False
sagar tech web development & digital marketing agency in mumbai,digital marketing agency,170,,0,LOW,,commercial,web_design,False,False
best digital marketing agency in madurai,digital marketing agency,170,,0,LOW,,commercial,digital_mkt,True,False
digital marketing agency in san francisco,digital marketing agency,170,,0.92,LOW,0,commercial,digital_mkt,False,False
boutique digital marketing agency,digital marketing agency,170,,1.81,LOW,55,commercial,digital_mkt,False,False
lee & nee softwares exports ltd digital marketing agency kolkata,digital marketing agency,170,,0,LOW,,commercial,digital_mkt,False,False
digital marketing agency in palakkad,digital marketing agency,170,,0,LOW,0,commercial,digital_mkt,False,False
marketing street best digital marketing agency in chandigarh,digital marketing agency,170,,0,LOW,,commercial,digital_mkt,True,False
digital marketing agency in perinthalmanna,digital marketing agency,170,,0.83,LOW,,commercial,digital_mkt,False,False
digital marketing agency in new jersey,digital marketing agency,170,,3.2,LOW,81,commercial,digital_mkt,False,False
digital marketing agency advertising,digital marketing agency,170,,0,LOW,67,commercial,digital_mkt,False,False
digital marketing agency in saudi arabia,digital marketing agency,170,,2.35,LOW,38,commercial,digital_mkt,False,False
miami digital marketing agency,digital marketing agency,170,,5.14,MEDIUM,,commercial,digital_mkt,False,False
e commerce digital marketing agency,digital marketing agency,170,,1.45,LOW,15,commercial,digital_mkt,False,False
digital marketing agency guwahati,digital marketing agency,170,,0.58,LOW,32,commercial,digital_mkt,False,False
digital marketing agency saudi arabia,digital marketing agency,170,,2.35,LOW,43,commercial,digital_mkt,False,False
digital marketing agency kuala lumpur,digital marketing agency,170,,0.44,LOW,,commercial,digital_mkt,False,False
favfly digital marketing agency in kolkata,digital marketing agency,170,,0.08,LOW,,commercial,digital_mkt,False,False
digital marketing agency new jersey,digital marketing agency,170,,3.2,LOW,,commercial,digital_mkt,False,False
top 10 digital marketing agency in usa,digital marketing agency,170,,3.81,HIGH,,commercial,digital_mkt,True,False
sleek digicom digital marketing & advertising agency in ahmedabad gujarat,digital marketing agency,170,,0,LOW,,commercial,digital_mkt,False,False
best digital marketing agency in rohini,digital marketing agency,170,,0.66,LOW,,commercial,digital_mkt,True,False
digital marketing agency in patiala,digital marketing agency,170,,1.35,LOW,,commercial,digital_mkt,False,False
best digital marketing agency in mangalore,digital marketing agency,170,,0.23,LOW,,commercial,digital_mkt,True,False
digital marketing agency andheri,digital marketing agency,170,,1.09,LOW,15,commercial,digital_mkt,False,False
digital marketing agency in kuwait,digital marketing agency,170,,1.14,LOW,,commercial,digital_mkt,False,False
digital marketing agency in west delhi,digital marketing agency,170,,0.31,LOW,,commercial,digital_mkt,False,False
mind mingles digital marketing agency india,digital marketing agency,170,,0,LOW,1,commercial,digital_mkt,False,False
digital marketing agency in riyadh,digital marketing agency,170,,1,LOW,,commercial,digital_mkt,False,False
digital marketing agency in zirakpur,digital marketing agency,170,,0.04,LOW,,commercial,digital_mkt,False,False
hotel digital marketing agency,digital marketing agency,170,,3.61,LOW,56,commercial,digital_mkt,False,False
san francisco digital marketing agency,digital marketing agency,170,,0.92,LOW,17,commercial,digital_mkt,False,False
digital marketing agency in aurangabad,digital marketing agency,170,,0.92,LOW,2,commercial,digital_mkt,False,False
digital marketing agency dallas texas,digital marketing agency,170,,1.6,LOW,36,commercial,digital_mkt,False,False
digital marketing agency ads,digital marketing agency,170,,0,LOW,7,commercial,digital_mkt,False,False
newrise technosys app development & digital marketing agency in bhopal,digital marketing agency,170,,0,,,commercial,digital_mkt,False,False
e-commerce digital marketing agency,digital marketing agency,170,,1.45,LOW,20,commercial,ecommerce,False,False
digital marketing agency in uttarakhand,digital marketing agency,170,,0.27,LOW,,commercial,digital_mkt,False,False
top digital marketing agency in the world,digital marketing agency,170,,0.77,LOW,44,commercial,digital_mkt,True,False
digital marketing agency hotels,digital marketing agency,170,,3.61,LOW,,commercial,digital_mkt,False,False
global digital marketing agency,digital marketing agency,170,,1.12,LOW,,commercial,digital_mkt,False,False
digital marketing agency for hotel,digital marketing agency,170,,3.61,LOW,,commercial,digital_mkt,False,False
digital marketing agency for dentists,digital marketing agency,170,,3.24,LOW,,commercial,digital_mkt,False,False
dallas digital marketing agency,digital marketing agency,170,,1.6,LOW,47,commercial,digital_mkt,False,False
digital marketing agency ghaziabad,digital marketing agency,170,,0.2,LOW,28,commercial,digital_mkt,False,False
digital marketing agency ad,digital marketing agency,170,,0,LOW,33,commercial,digital_mkt,False,False
digital marketing agency in gandhinagar,digital marketing agency,170,,0.14,LOW,0,commercial,digital_mkt,False,False
smartsites digital marketing agency,digital marketing agency,170,,1.79,LOW,,commercial,digital_mkt,False,False
digidir best digital marketing agency in noida delhi ncr,digital marketing agency,170,,0.07,LOW,,commercial,digital_mkt,True,False
affordable digital marketing agency,digital marketing agency,170,,0.89,LOW,72,commercial,digital_mkt,True,False
digital marketing agency dallas,digital marketing agency,170,,1.6,LOW,46,commercial,digital_mkt,False,False
digital your business best digital marketing company agency in patna,digital marketing agency,170,,1.88,LOW,,commercial,digital_mkt,True,False
yv digital marketing institute & agency,digital marketing agency,170,,0.06,LOW,,commercial,digital_mkt,False,False
digital marketing agency portfolio,digital marketing agency,170,,1,LOW,,commercial,digital_mkt,False,False
digital marketing agency in miami,digital marketing agency,170,,5.14,MEDIUM,,commercial,digital_mkt,False,False
bloom digital marketing agency,digital marketing agency,170,,0.88,LOW,30,commercial,digital_mkt,False,False
digital marketing agency in laxmi nagar,digital marketing agency,170,,0,LOW,,commercial,digital_mkt,False,False
cheapest digital marketing agency,digital marketing agency,170,,0.89,LOW,,commercial,digital_mkt,True,False
digital marketing agency nj,digital marketing agency,170,,3.2,LOW,72,commercial,digital_mkt,False,False
webalpha technosoft best digital marketing agency in noida delhi ncr,digital marketing agency,170,,0.43,LOW,,commercial,digital_mkt,True,False
grow medico healthcare digital marketing agency chennai,digital marketing agency,170,,0.69,LOW,,commercial,digital_mkt,False,False
full service digital marketing agency,digital marketing agency,170,,0,LOW,58,commercial,digital_mkt,False,False
digital marketing agency e commerce,digital marketing agency,170,,1.45,LOW,41,commercial,digital_mkt,False,False
brixads digital marketing agency kochi,digital marketing agency,170,,0,LOW,,commercial,digital_mkt,False,False
squareit solutions best digital marketing agency in lucknow,digital marketing agency,170,,0,LOW,,commercial,digital_mkt,True,False
digital marketing agency miami,digital marketing agency,170,,5.14,MEDIUM,55,commercial,digital_mkt,False,False
digital marketing agency kuwait,digital marketing agency,170,,1.14,LOW,,commercial,digital_mkt,False,False
digital marketing agency in karnal,digital marketing agency,170,,0.02,LOW,,commercial,digital_mkt,False,False
best digital marketing agency in hisar,digital marketing agency,170,,0.01,LOW,26,commercial,digital_mkt,True,False
digital marketing agency name,digital marketing agency,170,,0.32,LOW,18,commercial,digital_mkt,False,False
cheap digital marketing agency,digital marketing agency,170,,0.89,LOW,,commercial,digital_mkt,False,False
digital marketing agency global,digital marketing agency,170,,1.12,LOW,,commercial,digital_mkt,False,False
techinfinity best digital creative marketing agency in mumbai,digital marketing agency,170,,0,LOW,,commercial,other,True,False
digital marketing agency name ideas,digital marketing agency,170,,0.23,LOW,0,commercial,digital_mkt,False,False
digichefs digital marketing agency,digital marketing agency,170,,0,LOW,,commercial,digital_mkt,False,False
answer engine optimization services,answer engine optimization,170,,6.2,LOW,,informational,ai_seo,False,False
aeo answer engine optimization,answer engine optimization,170,,1.07,LOW,,informational,ai_seo,False,False
what is answer engine optimization,answer engine optimization,170,0,0.05,LOW,,informational,ai_seo,False,True
ai token development company,ai agent development,170,,0,LOW,,commercial,other,False,False
dentist seo agency,seo agency,140,,0,LOW,,commercial,seo,False,False
seo agency in vancouver,seo agency,140,,5.26,MEDIUM,,commercial,seo,False,False
seo singapore agency,seo agency,140,,4.82,LOW,,commercial,seo,False,False
philadelphia seo agency,seo agency,140,,3.57,LOW,52,commercial,seo,False,False
seo agency ontario,seo agency,140,,0,LOW,,commercial,seo,False,False
seo agency in bhopal,seo agency,140,,0,LOW,,commercial,seo,False,False
dental seo agency,seo agency,140,,0,LOW,,commercial,seo,False,False
ai seo agency in india,seo agency,140,,1.1,LOW,,commercial,ai_seo,False,False
best local seo agency,seo agency,140,,6.47,LOW,,commercial,seo,True,False
seo agency in indore,seo agency,140,,0,LOW,,commercial,seo,False,False
enterprise seo agency,seo agency,140,,0,LOW,,commercial,seo,False,False
seo agency services,seo agency,140,,0,LOW,87,commercial,seo,False,False
the scribblers digital marketing agency in pune seo agency,seo agency,140,,0,,,commercial,digital_mkt,False,False
best seo agency in canada,seo agency,140,,6.56,LOW,,commercial,seo,True,False
best seo agency in usa,seo agency,140,,4.74,MEDIUM,57,commercial,seo,True,False
best saas seo agency,seo agency,140,,3.06,LOW,,commercial,seo,True,False
seo agency phoenix,seo agency,140,,15.96,MEDIUM,30,navigational,seo,False,False
best seo agency canada,seo agency,140,,6.56,LOW,,commercial,seo,True,False
seo agency philadelphia,seo agency,140,,3.57,LOW,52,commercial,seo,False,False
seo agency service,seo agency,140,,0,LOW,87,commercial,seo,False,False
seo agency edinburgh,seo agency,140,,5.43,MEDIUM,,commercial,seo,False,False
best seo agency in delhi/ncr,seo agency,140,,0,LOW,,commercial,seo,True,False
best seo agency in dehradun,seo agency,140,,0.45,LOW,,commercial,seo,True,False
casino seo agency,seo agency,140,,0,LOW,,commercial,seo,False,False
seo agency in nagpur,seo agency,140,,0.08,LOW,,commercial,seo,False,False
best seo agency in delhi ncr,seo agency,140,,0,LOW,,commercial,seo,True,False
bricks media digital marketing agency in mumbai seo agency,seo agency,140,,0,LOW,,commercial,digital_mkt,False,False
seo agency in surat,seo agency,140,,3.02,LOW,,commercial,seo,False,False
seo marketing agency singapore,seo agency,140,,4.82,LOW,19,commercial,seo,False,False
best seo company canada,seo company,140,,6.56,LOW,58,commercial,seo,True,False
calgary seo company,seo company,140,,0.19,LOW,89,commercial,seo,False,False
phoenix seo company,seo company,140,,15.96,MEDIUM,15,commercial,seo,False,False
seo company singapore,seo company,140,,4.82,LOW,31,commercial,seo,False,False
singapore seo company,seo company,140,,4.82,LOW,56,commercial,seo,False,False
seo company vancouver,seo company,140,,5.26,MEDIUM,100,commercial,seo,False,False
seo company in jodhpur,seo company,140,,0,LOW,46,commercial,seo,False,False
seo services company in mumbai,seo company,140,,2.54,LOW,37,commercial,seo,False,False
seo company in phoenix arizona,seo company,140,,15.96,MEDIUM,7,commercial,seo,False,False
seo company phoenix az,seo company,140,,15.96,MEDIUM,13,commercial,seo,False,False
seo company birmingham,seo company,140,,3.92,MEDIUM,24,commercial,seo,False,False
seo company in phoenix,seo company,140,,15.96,MEDIUM,16,commercial,seo,False,False
dental seo company,seo company,140,,0,LOW,51,commercial,seo,False,False
seo company in singapore,seo company,140,,4.82,LOW,13,commercial,seo,False,False
seo company manchester,seo company,140,,3.07,MEDIUM,47,commercial,seo,False,False
seo company in philadelphia,seo company,140,,3.57,LOW,50,commercial,seo,False,False
seo company in edinburgh,seo company,140,,5.43,MEDIUM,64,commercial,seo,False,False
profito interactive best seo company in noida,seo company,140,,0,LOW,,commercial,seo,True,False
seo singapore company,seo company,140,,4.82,LOW,56,commercial,seo,False,False
seo company in sacramento,seo company,140,,0,LOW,,commercial,seo,False,False
seo company in janakpuri,seo company,140,,1.17,LOW,,commercial,seo,False,False
best seo company vadodara,seo company,140,,2.17,LOW,46,commercial,seo,True,False
seo company in manchester,seo company,140,,3.07,MEDIUM,47,commercial,seo,False,False
seo vancouver company,seo company,140,,5.26,MEDIUM,100,commercial,seo,False,False
seo company in noida sector 63,seo company,140,,0.82,LOW,44,commercial,seo,False,False
seo company edinburgh,seo company,140,,5.43,MEDIUM,64,commercial,seo,False,False
best seo company near me,seo company,140,,0.58,LOW,52,commercial,seo,True,False
philadelphia seo company,seo company,140,,3.57,LOW,,commercial,seo,False,False
seo company in janakpuri delhi,seo company,140,,1.17,LOW,,commercial,seo,False,False
seo company in trichy,seo company,140,,0,LOW,10,commercial,seo,False,False
best seo company in canada,seo company,140,,6.56,LOW,58,commercial,seo,True,False
affordable seo company in usa,seo company,140,,3.14,LOW,,commercial,seo,True,False
seo company full form,seo company,140,,1.05,LOW,34,commercial,seo,False,False
seo company calgary,seo company,140,,0.19,LOW,89,commercial,seo,False,False
seo company in birmingham,seo company,140,,3.92,MEDIUM,24,commercial,seo,False,False
seo company amritsar,seo company,140,,0,LOW,15,commercial,seo,False,False
seo company in meerut,seo company,140,,0,LOW,43,commercial,seo,False,False
seo full form in company,seo company,140,,1.05,LOW,33,commercial,seo,False,False
vancouver seo company,seo company,140,,5.26,MEDIUM,100,commercial,seo,False,False
shopify seo company,seo company,140,,1.1,LOW,,commercial,ecommerce,False,False
seo company in calgary,seo company,140,,0.19,LOW,89,commercial,seo,False,False
best seo company in jalandhar,seo company,140,,0,LOW,44,commercial,seo,True,False
best seo company in vadodara,seo company,140,,2.17,LOW,46,commercial,seo,True,False
top seo company in noida,seo company,140,,0.92,LOW,50,commercial,seo,True,False
seo company noida sector 63,seo company,140,,0.82,LOW,44,commercial,seo,False,False
seo company phoenix,seo company,140,,15.96,MEDIUM,10,commercial,seo,False,False
seo company in vancouver,seo company,140,,5.26,MEDIUM,100,commercial,seo,False,False
ai seo company coalition,seo company,140,,4.73,LOW,,commercial,ai_seo,False,False
seo company philadelphia,seo company,140,,3.57,LOW,54,commercial,seo,False,False
llm seo company coalition,seo company,140,,0.84,LOW,,commercial,seo,False,False
best local seo company,seo company,140,,6.47,LOW,67,commercial,seo,True,False
sacramento seo company,seo company,140,,0,LOW,59,commercial,seo,False,False
dentist seo company,seo company,140,,0,LOW,,commercial,seo,False,False
best seo company in rajkot,seo company,140,,0,LOW,,commercial,seo,True,False
v2infotech best seo company in ahmedabad,seo company,140,,0,LOW,,commercial,seo,True,False
seo company in amritsar,seo company,140,,0,LOW,15,commercial,seo,False,False
seo company jodhpur,seo company,140,,0,LOW,46,commercial,seo,False,False
seo services in rajkot,seo services,140,,3.87,LOW,,commercial,seo,False,False
b2b seo services,seo services,140,,0.46,LOW,46,commercial,seo,False,False
local seo services in ahmedabad,seo services,140,,2.81,LOW,47,commercial,seo,False,False
outsource seo services in india,seo services,140,,0,LOW,50,commercial,seo,False,False
seo services jaipur,seo services,140,,0.4,LOW,9,commercial,seo,False,False
seo services link building,seo services,140,,2.36,LOW,,commercial,seo,False,False
seo services punjab,seo services,140,,0,LOW,46,commercial,seo,False,False
australian seo services,seo services,140,,3.06,LOW,85,commercial,seo,False,False
outsource seo services india,seo services,140,,0,LOW,50,commercial,seo,False,False
seo copywriting services,seo services,140,,0.67,LOW,43,commercial,seo,False,False
seo services for dentist,seo services,140,,0,LOW,14,commercial,seo,False,False
seo services for dentists,seo services,140,,0,LOW,14,commercial,seo,False,False
cheapest seo services india,seo services,140,,3.17,LOW,39,commercial,seo,True,False
seo link building services,seo services,140,,2.36,LOW,63,commercial,seo,False,False
best seo services in lucknow,seo services,140,,0.46,LOW,51,commercial,seo,True,False
seo services in punjab,seo services,140,,0,LOW,46,commercial,seo,False,False
australia seo services,seo services,140,,3.06,LOW,75,commercial,seo,False,False
elysian digital services seo services in delhi,seo services,140,,0,,,commercial,seo,False,False
calgary seo services,seo services,140,,0.19,LOW,76,commercial,seo,False,False
outsourcing seo services india,seo services,140,,0,LOW,50,commercial,seo,False,False
cheap seo services in india,seo services,140,,3.17,LOW,39,commercial,seo,False,False
seo services in australia,seo services,140,,3.06,LOW,75,commercial,seo,False,False
low cost seo services india,seo services,140,,3.17,LOW,39,commercial,seo,True,False
seo services navi mumbai,seo services,140,,2.48,LOW,43,commercial,seo,False,False
freelancer seo services,seo services,140,,0,LOW,63,commercial,seo,False,False
link building seo services,seo services,140,,2.36,LOW,,commercial,seo,False,False
travel seo services,seo services,140,,0,LOW,,commercial,seo,False,False
what are seo services,seo services,140,51,0.31,LOW,47,informational,seo,False,True
seo services in nagpur,seo services,140,,0.08,LOW,0,commercial,seo,False,False
seo services in navi mumbai,seo services,140,,2.48,LOW,43,commercial,seo,False,False
what are the seo services,seo services,140,51,0.31,LOW,55,informational,seo,False,True
cheap seo services india,seo services,140,,3.17,LOW,38,commercial,seo,False,False
seo services in jalandhar,seo services,140,,0,LOW,38,commercial,seo,False,False
seo services what is,seo services,140,,0.31,LOW,62,informational,seo,False,False
seo services in manchester,seo services,140,,3.07,MEDIUM,58,commercial,seo,False,False
seo services australia,seo services,140,,3.06,LOW,75,commercial,seo,False,False
seo services in calgary,seo services,140,,0.19,LOW,76,commercial,seo,False,False
seo services in varanasi,seo services,140,,0,LOW,44,commercial,seo,False,False
what is seo services,seo services,140,51,0.31,LOW,59,informational,seo,False,True
freelance seo services,seo services,140,,0,LOW,63,commercial,seo,False,False
seo services in rohini,seo services,140,,0.11,LOW,46,commercial,seo,False,False
seo freelance services,seo services,140,,0,LOW,63,commercial,seo,False,False
seo with ai,ai seo,140,,2.03,MEDIUM,40,commercial,seo,False,False
ai-powered seo,ai seo,140,,4.67,LOW,,commercial,seo,False,False
seo for ai,ai seo,140,,4.51,LOW,40,commercial,seo,False,False
best ai seo tools,ai seo,140,,3.36,LOW,,commercial,ai_seo,True,False
ai powered seo,ai seo,140,,4.67,LOW,,commercial,seo,False,False
ai driven seo,ai seo,140,,1.5,LOW,,informational,seo,False,False
ai-driven seo,ai seo,140,,1.5,LOW,,commercial,seo,False,False
seo tool ai,ai seo,140,,1.35,MEDIUM,24,commercial,seo,False,False
best ai seo tool,ai seo,140,,3.36,LOW,,commercial,ai_seo,True,False
seo tools ai,ai seo,140,,1.35,MEDIUM,24,commercial,seo,False,False
pixel street branding & web design company,web design company,140,,0,LOW,,navigational,web_design,False,False
web design company in mysore,web design company,140,,0.64,LOW,44,commercial,web_design,False,False
web design company in kuwait,web design company,140,,1.47,LOW,19,commercial,web_design,False,False
web design company in united kingdom,web design company,140,,5.08,MEDIUM,54,commercial,web_design,False,False
uk web design company,web design company,140,,5.08,MEDIUM,58,commercial,web_design,False,False
web design company in nagercoil,web design company,140,,0,LOW,0,commercial,web_design,False,False
web design company in united states,web design company,140,,2.67,MEDIUM,84,commercial,web_design,False,False
best web design company in chandigarh,web design company,140,,0,LOW,65,commercial,web_design,True,False
web design company sharjah,web design company,140,,0.48,LOW,50,commercial,web_design,False,False
low cost web design company in india,web design company,140,,1.28,LOW,20,commercial,web_design,True,False
web design company uk,web design company,140,,5.08,MEDIUM,72,commercial,web_design,False,False
web design company canada,web design company,140,,2.04,LOW,46,commercial,web_design,False,False
web design and development company chennai,web design company,140,,1.61,LOW,88,navigational,web_design,False,False
web design company delhi ncr,web design company,140,,2.88,LOW,100,commercial,web_design,False,False
web design company in uk,web design company,140,,5.08,MEDIUM,42,commercial,web_design,False,False
web design company in austin,web design company,140,,1.5,LOW,,commercial,web_design,False,False
web design company mysore,web design company,140,,0.64,LOW,44,commercial,web_design,False,False
web design company in england,web design company,140,,5.08,MEDIUM,,commercial,web_design,False,False
top 10 web design company in chennai,web design company,140,,0.81,MEDIUM,48,commercial,web_design,True,False
wibits web solutions web design & development company,web design company,140,,0,LOW,8,navigational,web_design,False,False
web design company in hsr layout,web design company,140,,0.53,LOW,,navigational,web_design,False,False
web design company in sharjah,web design company,140,,0.48,LOW,50,commercial,web_design,False,False
web design company london,web design company,140,,6.74,HIGH,100,commercial,web_design,False,False
web design company in canada,web design company,140,,2.04,LOW,64,commercial,web_design,False,False
web design company in delhi ncr,web design company,140,,2.88,LOW,62,commercial,web_design,False,False
web design company in tirunelveli,web design company,140,,0,LOW,48,commercial,web_design,False,False
top web development company in delhi,web development company,140,,1,LOW,5,commercial,web_design,True,False
angular web development company,web development company,140,,0,LOW,54,commercial,web_design,False,False
web app development company in bangalore,web development company,140,,1.79,LOW,17,commercial,other,False,False
services of web development company,web development company,140,,0.56,LOW,87,commercial,web_design,False,False
web development company in saudi arabia,web development company,140,,0,LOW,48,commercial,web_design,False,False
web and software development company,web development company,140,,1,LOW,100,commercial,other,False,False
web development company in guwahati,web development company,140,,1.85,LOW,24,commercial,web_design,False,False
bpointer custom software mobile app development & web development company,web development company,140,,0.02,LOW,,commercial,web_design,False,False
web development company in kolhapur,web development company,140,,0.8,LOW,36,commercial,web_design,False,False
canada web development company,web development company,140,,2.04,LOW,14,commercial,web_design,False,False
business web development company,web development company,140,,0.29,LOW,,commercial,web_design,False,False
web development company canada,web development company,140,,2.04,LOW,24,commercial,web_design,False,False
eitbiz software mobile app & web development company,web development company,140,,0,LOW,10,navigational,web_design,False,False
best web development company in dehradun,web development company,140,,0.46,LOW,100,commercial,web_design,True,False
best web development company in dubai,web development company,140,,1.36,LOW,20,commercial,web_design,True,False
angularjs web development company,web development company,140,,0,LOW,54,commercial,web_design,False,False
sapphire software solutions web & mobile app development company,web development company,140,,0.07,LOW,26,navigational,other,False,False
web designing and development company in chennai,web development company,140,,1.61,LOW,100,commercial,web_design,False,False
web development company in mysore,web development company,140,,0.64,LOW,67,commercial,web_design,False,False
web development company dehradun,web development company,140,,0.74,LOW,96,navigational,web_design,False,False
kistechnosoftware software web mobile app custom software development company,web development company,140,,0,LOW,,commercial,other,False,False
best web development company dehradun,web development company,140,,0.46,LOW,100,commercial,web_design,True,False
web-development-company-services,web development company,140,,0.56,LOW,,commercial,other,False,False
best web development company dubai,web development company,140,,1.36,LOW,30,commercial,web_design,True,False
best web development company hyderabad,web development company,140,,6.83,LOW,27,commercial,web_design,True,False
best web development company in new york,web development company,140,,7.36,LOW,,commercial,web_design,True,False
web development company in meerut,web development company,140,,1.37,LOW,18,commercial,web_design,False,False
web-development-service-company,web development company,140,,0.56,LOW,,commercial,other,False,False
web development company services,web development company,140,,0.56,LOW,87,commercial,web_design,False,False
web development services company,web development company,140,,0.56,LOW,87,commercial,web_design,False,False
web application development company in bangalore,web development company,140,,1.79,LOW,47,commercial,other,False,False
best web development company in hyderabad,web development company,140,,6.83,LOW,27,commercial,web_design,True,False
python web development company,web development company,140,,0,LOW,63,commercial,web_design,False,False
web development company in kannur,web development company,140,,1.29,LOW,,commercial,web_design,False,False
web application development company bangalore,web development company,140,,1.79,LOW,,commercial,other,False,False
web development company in greater noida,web development company,140,,0.16,LOW,0,commercial,web_design,False,False
wordpress web development company india,web development company,140,,0.41,LOW,21,commercial,web_design,False,False
wordpress web development company in india,web development company,140,,0.41,LOW,21,commercial,web_design,False,False
top 10 web development company in india,web development company,140,,1.36,LOW,39,commercial,web_design,True,False
restaurant website design agency,website design agency,140,,0,LOW,,commercial,web_design,False,False
london website design agency,website design agency,140,,6.74,HIGH,100,commercial,web_design,False,False
website design agency in london,website design agency,140,,6.74,HIGH,100,commercial,web_design,False,False
website design agency london,website design agency,140,,6.74,HIGH,100,commercial,web_design,False,False
ecommerce website development company noida,ecommerce development company,140,,0,LOW,47,commercial,ecommerce,False,False
ecommerce website development company in jaipur,ecommerce development company,140,,0,LOW,50,commercial,ecommerce,False,False
ecommerce website development company in noida,ecommerce development company,140,,0,LOW,47,commercial,ecommerce,False,False
ecommerce development company in delhi ncr,ecommerce development company,140,,0,LOW,,commercial,ecommerce,False,False
ecommerce development company in delhi,ecommerce development company,140,,0,LOW,55,commercial,ecommerce,False,False
ecommerce development company delhi,ecommerce development company,140,,0,LOW,55,commercial,ecommerce,False,False
wordpress ecommerce development company,ecommerce development company,140,,0,LOW,,commercial,ecommerce,False,False
hrl infotechs pvt ltd best ecommerce marketing agency,ecommerce agency,140,,0.07,LOW,,commercial,ecommerce,True,False
ecommerce marketing agency india,ecommerce agency,140,,1.48,LOW,26,commercial,ecommerce,False,False
ecommerce website development agency,ecommerce agency,140,,2.91,LOW,,commercial,ecommerce,False,False
ecommerce web development agency,ecommerce agency,140,,2.91,LOW,,commercial,ecommerce,False,False
best shopify development company,shopify development,140,,0.59,LOW,,commercial,ecommerce,True,False
shopify development company in delhi,shopify development,140,,0,LOW,,commercial,ecommerce,False,False
best shopify development companies,shopify development,140,,0.59,LOW,,commercial,ecommerce,True,False
ai creative agency,ai agency,140,,1.01,LOW,,commercial,other,False,False
what is ai automation agency,ai agency,140,1,1.61,LOW,,informational,ai_agents,False,True
assam digital #1 ai marketing agency guwahati,ai agency,140,,0,LOW,,commercial,other,False,False
ai recruiting agency,ai agency,140,,1.92,LOW,,commercial,other,False,False
assam digital 1 ai marketing agency guwahati,ai agency,140,,0,LOW,,commercial,other,False,False
ai recruitment agency,ai agency,140,,1.92,LOW,,commercial,other,False,False
ai automation agency services,ai agency,140,,1.8,LOW,,navigational,ai_agents,False,False
marketing ai agency,ai agency,140,,1.6,MEDIUM,16,commercial,ai_agents,False,False
ai agent development tools,ai agent development,140,,1.4,LOW,,commercial,ai_agents,False,False
digital marketing agency list,digital marketing agency,140,,0.58,LOW,29,commercial,digital_mkt,False,False
digital marketing agency new zealand,digital marketing agency,140,,3.01,LOW,37,commercial,digital_mkt,False,False
digital marketing agency in dhanbad,digital marketing agency,140,,0,LOW,,commercial,digital_mkt,False,False
best digital marketing agency in meerut,digital marketing agency,140,,0.52,LOW,1,commercial,digital_mkt,True,False
notion graffiti creative digital marketing agency chennai,digital marketing agency,140,,0.01,LOW,,commercial,digital_mkt,False,False
digital marketing agency in new zealand,digital marketing agency,140,,3.01,LOW,38,commercial,digital_mkt,False,False
digital marketing agency in bilaspur,digital marketing agency,140,,0.31,LOW,,commercial,digital_mkt,False,False
top 10 digital marketing agency in dubai,digital marketing agency,140,,1.7,MEDIUM,,commercial,digital_mkt,True,False
top digital marketing agency in kerala,digital marketing agency,140,,0.37,LOW,,commercial,digital_mkt,True,False
digital marketing agency for startups in bangalore,digital marketing agency,140,,1.95,LOW,42,commercial,digital_mkt,False,False
list of digital marketing agency,digital marketing agency,140,,0.58,LOW,44,commercial,digital_mkt,False,False
aspire digital media digital marketing agency company in kolkata india,digital marketing agency,140,,0.62,LOW,,commercial,digital_mkt,False,False
succeedo digital marketing best digital marketing agency in vijayawada,digital marketing agency,140,,2.9,LOW,,commercial,digital_mkt,True,False
senate marketing digital marketing agency mumbai,digital marketing agency,140,,0,LOW,,commercial,digital_mkt,False,False
sage gfx digital solutions best digital marketing agency in chennai,digital marketing agency,140,,0,LOW,,commercial,digital_mkt,True,False
best digital marketing agency in siliguri,digital marketing agency,140,,0.36,LOW,,commercial,digital_mkt,True,False
best digital marketing agency ahmedabad,digital marketing agency,140,,0.77,LOW,51,commercial,digital_mkt,True,False
digital marketing agency in bihar,digital marketing agency,140,,0.53,LOW,48,commercial,digital_mkt,False,False
near by digital marketing agency,digital marketing agency,140,,0.67,MEDIUM,20,commercial,digital_mkt,False,False
best digital marketing agency in uae,digital marketing agency,140,,1.73,LOW,,commercial,digital_mkt,True,False
digital marketing agency in dwarka mor,digital marketing agency,140,,0.1,LOW,,commercial,digital_mkt,False,False
digital marketing agency gwalior,digital marketing agency,140,,0.72,LOW,13,commercial,digital_mkt,False,False
digital marketing agency ludhiana,digital marketing agency,140,,0.6,LOW,15,commercial,digital_mkt,False,False
digital marketing agency in birmingham,digital marketing agency,140,,4.32,LOW,77,commercial,digital_mkt,False,False
digital marketing agency post,digital marketing agency,140,,0,LOW,,commercial,digital_mkt,False,False
juntoz digital marketing agency mumbai,digital marketing agency,140,,0.75,LOW,,commercial,digital_mkt,False,False
digital marketing agency job,digital marketing agency,140,,0.06,LOW,51,commercial,digital_mkt,False,False
best digital marketing agency in ghaziabad,digital marketing agency,140,,0.36,LOW,,commercial,digital_mkt,True,False
digital marketing agency ernakulam,digital marketing agency,140,,0.81,LOW,,commercial,digital_mkt,False,False
techmagnate digital marketing agency,digital marketing agency,140,,0.32,LOW,20,commercial,digital_mkt,False,False
digital marketing agency in rajouri garden,digital marketing agency,140,,0.18,LOW,,commercial,digital_mkt,False,False
digital marketing agency in aligarh,digital marketing agency,140,,2.86,LOW,,commercial,digital_mkt,False,False
hook india digital marketing agency performance marketing experts,digital marketing agency,140,,0,LOW,,commercial,digital_mkt,False,False
best digital marketing agency in sonipat,digital marketing agency,140,,0,LOW,,commercial,digital_mkt,True,False
digital marketing agency dwarka,digital marketing agency,140,,0.62,LOW,0,commercial,digital_mkt,False,False
digital marketing agency in wayanad,digital marketing agency,140,,0,LOW,0,commercial,digital_mkt,False,False
digital marketing agency jobs,digital marketing agency,140,,0.06,LOW,51,commercial,digital_mkt,False,False
health care digital marketing agency in hyderabad,digital marketing agency,140,,1.27,LOW,,commercial,digital_mkt,False,False
digital marketing agency in tirupur,digital marketing agency,140,,0.08,LOW,14,commercial,digital_mkt,False,False
digital marketing agency new delhi,digital marketing agency,140,,1.12,LOW,,commercial,digital_mkt,False,False
healthcare digital marketing agency in hyderabad,digital marketing agency,140,,1.27,LOW,15,commercial,digital_mkt,False,False
digital marketing agency kannur,digital marketing agency,140,,0.58,LOW,13,commercial,digital_mkt,False,False
best digital marketing agency in uttarakhand,digital marketing agency,140,,0.4,LOW,,commercial,digital_mkt,True,False
magical balloons digital marketing agency in borivali mumbai,digital marketing agency,140,,0,LOW,,commercial,digital_mkt,False,False
digital marketing agency in mulund,digital marketing agency,140,,0.28,LOW,43,commercial,digital_mkt,False,False
top 10 digital marketing agency in kerala,digital marketing agency,140,,0.62,LOW,,commercial,digital_mkt,True,False
digital marketing agency in uttam nagar,digital marketing agency,140,,0.33,LOW,,commercial,digital_mkt,False,False
digital marketing agency in kozhikode,digital marketing agency,140,,0,LOW,,commercial,digital_mkt,False,False
digital marketing agency in rajasthan,digital marketing agency,140,,0.25,LOW,,commercial,digital_mkt,False,False
digitalcatalyst digital marketing agency in hyderabad,digital marketing agency,140,,0.09,LOW,,commercial,digital_mkt,False,False
techmagnate: digital marketing agency,digital marketing agency,140,,0.32,LOW,14,commercial,digital_mkt,False,False
digital ally best digital marketing agency in delhi,digital marketing agency,140,,0,LOW,,commercial,digital_mkt,True,False
digital marketing agency in goregaon,digital marketing agency,140,,0.2,LOW,43,commercial,digital_mkt,False,False
advertis india website designing & digital marketing agency in gurgaon,digital marketing agency,140,,0,,,commercial,web_design,False,False
digital marketing agency posts,digital marketing agency,140,,0,LOW,,commercial,digital_mkt,False,False
digital marketing agency birmingham,digital marketing agency,140,,4.32,LOW,84,commercial,digital_mkt,False,False
wordpress themes for digital marketing agency,digital marketing agency,140,,0.2,LOW,55,commercial,digital_mkt,False,False
digital marketing agency in kota,digital marketing agency,140,,0.36,LOW,,commercial,digital_mkt,False,False
digital marketing agency siliguri,digital marketing agency,140,,0.37,LOW,46,commercial,digital_mkt,False,False
best digital marketing agency in the world,digital marketing agency,140,,0.54,LOW,80,commercial,digital_mkt,True,False
birmingham digital marketing agency,digital marketing agency,140,,4.32,LOW,,commercial,digital_mkt,False,False
digital marketing agency wordpress theme,digital marketing agency,140,,0.2,LOW,55,commercial,digital_mkt,False,False
ms digital marketing agency,digital marketing agency,140,,0,LOW,,commercial,digital_mkt,False,False
digital marketing agency banner,digital marketing agency,140,,0,LOW,50,commercial,digital_mkt,False,False
digital marketing job agency,digital marketing agency,140,,0.06,LOW,51,commercial,digital_mkt,False,False
digital marketing agency in qatar,digital marketing agency,140,,4.14,LOW,24,commercial,digital_mkt,False,False
wordpress theme for digital marketing agency,digital marketing agency,140,,0.2,LOW,55,commercial,digital_mkt,False,False
digital marketing agency varanasi,digital marketing agency,140,,0.24,LOW,6,commercial,digital_mkt,False,False
digitech tree best digital marketing agency in ghaziabad,digital marketing agency,140,,0,LOW,,commercial,digital_mkt,True,False
digital marketing agency in kolhapur,digital marketing agency,140,,0.99,LOW,47,commercial,digital_mkt,False,False
beyond digital marketing agency,digital marketing agency,140,,0,LOW,,commercial,digital_mkt,False,False
best digital marketing agency in gwalior,digital marketing agency,140,,0.11,LOW,,commercial,digital_mkt,True,False
marketing street best digital marketing agency in chandigarh reviews,digital marketing agency,140,,0,LOW,,commercial,digital_mkt,True,False
generative engine optimization course,generative engine optimization,140,,1.42,MEDIUM,,informational,ai_seo,False,False
low cost web design in hyderabad,web design company,140,,0.79,LOW,8,commercial,web_design,True,False
ai copilot development company,ai agent development,140,,0,LOW,,navigational,other,False,False
seo agency in las vegas,seo agency,110,,1.79,LOW,,commercial,seo,False,False
seo services agency,seo agency,110,,1.92,LOW,87,commercial,seo,False,False
chatgpt seo agency,seo agency,110,,0,LOW,,commercial,seo,False,False
revsoc digital marketing agency in hyderabad seo services,seo agency,110,,0,,,commercial,digital_mkt,False,False
seo agency in manchester,seo agency,110,,3.52,MEDIUM,,commercial,seo,False,False
seo agency kolkata,seo agency,110,,0.46,LOW,6,commercial,seo,False,False
seo agency manchester,seo agency,110,,3.52,MEDIUM,,commercial,seo,False,False
seo agency houston,seo agency,110,,3.87,LOW,,commercial,seo,False,False
manchester seo agency,seo agency,110,,3.52,MEDIUM,,commercial,seo,False,False
seo agency charlotte nc,seo agency,110,,0.05,LOW,,commercial,seo,False,False
best seo agency in kerala,seo agency,110,,0,LOW,,commercial,seo,True,False
seo agency adelaide,seo agency,110,,0,LOW,,commercial,seo,False,False
digital marketing seo agency,seo agency,110,,2.06,LOW,100,commercial,digital_mkt,False,False
seo agency in houston,seo agency,110,,3.87,LOW,64,commercial,seo,False,False
google seo agency,seo agency,110,,4.96,LOW,,commercial,seo,False,False
best seo agency in lucknow,seo agency,110,,0,LOW,11,commercial,seo,True,False
best ecommerce seo agency,seo agency,110,,0,LOW,,commercial,ecommerce,True,False
seo agency toronto,seo agency,110,,1.48,LOW,35,commercial,seo,False,False
seo agency charlotte,seo agency,110,,0.05,LOW,,commercial,seo,False,False
best seo agency in navi mumbai,seo agency,110,,0,LOW,,commercial,seo,True,False
top seo agency,seo agency,110,,2.03,LOW,84,commercial,seo,True,False
digital marketing agency seo,seo agency,110,,2.06,LOW,100,commercial,digital_mkt,False,False
toronto seo agency,seo agency,110,,1.48,LOW,50,commercial,seo,False,False
seo agency miami,seo agency,110,,4.98,LOW,,commercial,seo,False,False
seo agency in calicut,seo agency,110,,1.25,LOW,,commercial,seo,False,False
seo and digital marketing agency,seo agency,110,,2.06,LOW,,commercial,digital_mkt,False,False
technical seo agency,seo agency,110,,2.14,LOW,,commercial,seo,False,False
san antonio seo company,seo company,110,,3.18,LOW,,commercial,seo,False,False
seo company adelaide,seo company,110,,0,LOW,71,navigational,seo,False,False
real-estate seo company,seo company,110,,0,LOW,,commercial,seo,False,False
seo company in hisar,seo company,110,,0,LOW,,commercial,seo,False,False
best seo company in ludhiana,seo company,110,,0.56,LOW,46,commercial,seo,True,False
best seo company jalandhar,seo company,110,,0,LOW,,commercial,seo,True,False
best seo services company,seo company,110,,0.37,LOW,84,commercial,seo,True,False
technical seo company,seo company,110,,1.64,LOW,,commercial,seo,False,False
seo company in adelaide,seo company,110,,0,LOW,71,commercial,seo,False,False
professional seo company,seo company,110,,0,LOW,71,commercial,seo,False,False
seo company dallas tx,seo company,110,,3.29,LOW,,commercial,seo,False,False
best seo company in madurai,seo company,110,,0,LOW,46,commercial,seo,True,False
seo company charlotte,seo company,110,,0.05,LOW,,commercial,seo,False,False
seo company goa,seo company,110,,0,LOW,,commercial,seo,False,False
seo company saudi arabia,seo company,110,,1.5,LOW,,commercial,seo,False,False
seo company in abu dhabi,seo company,110,,1.43,LOW,13,commercial,seo,False,False
seo company in gujarat,seo company,110,,1.47,LOW,55,commercial,seo,False,False
seo company gujarat,seo company,110,,1.47,LOW,55,commercial,seo,False,False
charlotte seo company,seo company,110,,0.05,LOW,,commercial,seo,False,False
seo company san antonio,seo company,110,,3.18,LOW,,commercial,seo,False,False
seo company toronto,seo company,110,,1.48,LOW,46,commercial,seo,False,False
real estate company seo,seo company,110,,0,LOW,,commercial,seo,False,False
top seo company in gurgaon,seo company,110,,6.55,LOW,50,commercial,seo,True,False
seo company in san antonio,seo company,110,,3.18,LOW,,commercial,seo,False,False
seo professional company,seo company,110,,0,LOW,,commercial,seo,False,False
seo company in miami,seo company,110,,4.98,LOW,,commercial,seo,False,False
seo company dallas,seo company,110,,3.29,LOW,75,commercial,seo,False,False
best seo company services,seo company,110,,0.37,LOW,,commercial,seo,True,False
local seo company in kolkata,seo company,110,,0.44,LOW,,commercial,seo,False,False
local seo company in ahmedabad,seo company,110,,0.1,LOW,,commercial,seo,False,False
adelaide seo company,seo company,110,,0,LOW,71,commercial,seo,False,False
seo company in saudi arabia,seo company,110,,1.5,LOW,,commercial,seo,False,False
best seo company noida,seo company,110,,0.36,LOW,17,commercial,seo,True,False
brainmine web solutions digital marketing and seo company pune,seo company,110,,0.05,LOW,,commercial,digital_mkt,False,False
seo company charlotte nc,seo company,110,,0.05,LOW,,commercial,seo,False,False
top seo company gurgaon,seo company,110,,6.55,LOW,50,commercial,seo,True,False
las vegas seo company,seo company,110,,1.79,LOW,,commercial,seo,False,False
google seo company,seo company,110,,4.96,LOW,,commercial,seo,False,False
seo provider company,seo company,110,,2.88,LOW,,commercial,seo,False,False
seo company gurugram,seo company,110,,4.87,LOW,,commercial,seo,False,False
real estate seo company,seo company,110,,0,LOW,,commercial,seo,False,False
seo company in las vegas,seo company,110,,1.79,LOW,,commercial,seo,False,False
affordable seo company in kolkata,seo company,110,,0.47,LOW,,commercial,seo,True,False
seo company in gurugram,seo company,110,,4.87,LOW,39,commercial,seo,False,False
seo company las vegas,seo company,110,,1.79,LOW,,commercial,seo,False,False
seo company abu dhabi,seo company,110,,1.43,LOW,14,commercial,seo,False,False
seo company in gorakhpur,seo company,110,,0,LOW,43,commercial,seo,False,False
seo company in dallas,seo company,110,,3.29,LOW,75,commercial,seo,False,False
seo company in goa,seo company,110,,0,LOW,42,commercial,seo,False,False
seo company miami fl,seo company,110,,4.98,LOW,,commercial,seo,False,False
seo services best company,seo company,110,,0.37,LOW,,commercial,seo,True,False
seo company in charlotte,seo company,110,,0.05,LOW,,commercial,seo,False,False
seo company dallas texas,seo company,110,,3.29,LOW,,commercial,seo,False,False
low cost seo services,seo services,110,,0.7,LOW,68,commercial,seo,True,False
seo services in saudi arabia,seo services,110,,1.5,LOW,,commercial,seo,False,False
affordable seo services in india,seo services,110,,0,LOW,51,commercial,seo,True,False
top seo services,seo services,110,,1.3,LOW,70,commercial,seo,True,False
seo services for doctor,seo services,110,,3.28,LOW,,commercial,seo,False,False
professional seo services india,seo services,110,,0,LOW,72,commercial,seo,False,False
seo services in dwarka,seo services,110,,6.39,LOW,43,commercial,seo,False,False
techmagnate seo services,seo services,110,,0,LOW,,commercial,seo,False,False
best seo services chennai,seo services,110,,0.31,LOW,65,commercial,seo,True,False
google seo optimization services,seo services,110,,2.3,LOW,,commercial,seo,False,False
google seo services,seo services,110,,2.3,LOW,100,commercial,seo,False,False
seo package services,seo services,110,,1.33,LOW,67,commercial,seo,False,False
seo services san antonio,seo services,110,,3.18,LOW,,commercial,seo,False,False
seo services low cost,seo services,110,,0.7,LOW,68,commercial,seo,True,False
seo services for doctors,seo services,110,,3.28,LOW,,commercial,seo,False,False
seo services in bhubaneswar,seo services,110,,0,LOW,47,commercial,seo,False,False
web seo services,seo services,110,,2.01,LOW,53,commercial,seo,False,False
seo services agencies,seo services,110,,1.92,LOW,87,commercial,seo,False,False
cheap local seo services,seo services,110,,0,LOW,,commercial,seo,False,False
seo services miami,seo services,110,,4.98,LOW,,commercial,seo,False,False
seo services in las vegas,seo services,110,,1.79,LOW,,commercial,seo,False,False
best seo services near me,seo services,110,,0.36,LOW,,commercial,seo,True,False
affordable local seo services,seo services,110,,0,LOW,54,commercial,seo,True,False
low price seo services,seo services,110,,0.7,LOW,,commercial,seo,False,False
seo services for local businesses,seo services,110,,1.04,LOW,,commercial,seo,False,False
seo services in miami,seo services,110,,4.98,LOW,,commercial,seo,False,False
seo services toronto,seo services,110,,4.04,LOW,48,commercial,seo,False,False
seo services in jodhpur,seo services,110,,0,LOW,42,commercial,seo,False,False
local seo services near me,seo services,110,,0.36,LOW,,commercial,seo,False,False
seo services cheap,seo services,110,,0.7,LOW,55,commercial,seo,False,False
seo and website services,seo services,110,,2.01,LOW,83,commercial,seo,False,False
affordable seo services in kolkata,seo services,110,,0.54,LOW,,commercial,seo,True,False
seo services for law firm,seo services,110,,0,LOW,,commercial,seo,False,False
seo services packages,seo services,110,,1.33,LOW,67,commercial,seo,False,False
toronto seo services,seo services,110,,4.04,LOW,49,commercial,seo,False,False
seo services in canada,seo services,110,,1.94,LOW,55,commercial,seo,False,False
mobile seo services,seo services,110,,0,LOW,46,commercial,seo,False,False
seo services for local business,seo services,110,,1.04,LOW,,commercial,seo,False,False
cheap seo services,seo services,110,,0.7,LOW,55,commercial,seo,False,False
law firm seo services,seo services,110,,0,LOW,,commercial,seo,False,False
professional seo services in india,seo services,110,,0,LOW,,commercial,seo,False,False
seo services by google,seo services,110,,2.3,LOW,100,commercial,seo,False,False
website seo services,seo services,110,,2.01,LOW,58,commercial,seo,False,False
best seo services in chennai,seo services,110,,0.31,LOW,65,commercial,seo,True,False
doctor seo services,seo services,110,,3.28,LOW,,commercial,seo,False,False
seo services for law firms,seo services,110,,0,LOW,,commercial,seo,False,False
cheapest seo services,seo services,110,,0.7,LOW,55,commercial,seo,True,False
seo services in toronto,seo services,110,,4.04,LOW,49,commercial,seo,False,False
seo services google,seo services,110,,2.3,LOW,100,commercial,seo,False,False
google my business seo services,seo services,110,,4.07,LOW,,commercial,seo,False,False
seo toronto services,seo services,110,,4.04,LOW,44,commercial,seo,False,False
seo services for google,seo services,110,,2.3,LOW,,commercial,seo,False,False
hvac seo services,seo services,110,,0,LOW,,commercial,seo,False,False
affordable seo services india,seo services,110,,0,LOW,51,commercial,seo,True,False
seo services package,seo services,110,,1.33,LOW,67,commercial,seo,False,False
technical seo audit services,seo services,110,,0,LOW,,commercial,seo,False,False
seo services affordable,seo services,110,,0.7,LOW,0,commercial,seo,True,False
local seo services in kolkata,seo services,110,,0.32,LOW,,commercial,seo,False,False
onebox hub e commerce seo services amazon ebay walmart,seo services,110,,0,LOW,,commercial,seo,False,False
seo services for hotels,seo services,110,,2.24,LOW,,commercial,seo,False,False
best seo services companies,seo services,110,,0.37,LOW,,commercial,seo,True,False
inexpensive seo services,seo services,110,,0.7,LOW,,commercial,seo,False,False
ai seo strategies,ai seo,110,,6.09,LOW,,commercial,ai_seo,False,False
best ai tool for seo,ai seo,110,,3.02,LOW,,commercial,seo,True,False
free ai seo tool,ai seo,110,,2.1,MEDIUM,,commercial,ai_seo,False,False
ai seo strategy,ai seo,110,,6.09,LOW,,commercial,ai_seo,False,False
supercharge youtube seo with ai keyword generator,ai seo,110,,1.35,LOW,,commercial,seo,False,False
ai seo agents,ai seo,110,,0.54,LOW,13,commercial,ai_seo,False,False
seo for ai search,ai seo,110,,2.76,LOW,,commercial,ai_seo,False,False
ai seo agent,ai seo,110,,0.54,LOW,13,commercial,ai_seo,False,False
best ai tools for seo,ai seo,110,,3.02,LOW,,commercial,seo,True,False
free ai seo tools,ai seo,110,,2.1,MEDIUM,,commercial,ai_seo,False,False
top rated web design company,web design company,110,,0.98,LOW,,commercial,web_design,True,False
ecommerce web design company in bangalore,web design company,110,,5.07,LOW,,commercial,ecommerce,False,False
web design & development company in kolkata,web design company,110,,0.6,LOW,,commercial,web_design,False,False
web design and development company kolkata,web design company,110,,0.6,LOW,,navigational,web_design,False,False
top-rated web design company,web design company,110,,0.98,LOW,,commercial,web_design,True,False
web design company faq,web design company,110,,1.23,LOW,,informational,web_design,False,False
affordable web design company in india,web design company,110,,2.07,LOW,,commercial,web_design,True,False
mumbai pixels web design company in mumbai,web design company,110,,0,LOW,,navigational,web_design,False,False
real estate web design company,web design company,110,,0.91,LOW,,commercial,web_design,False,False
web design company in zirakpur,web design company,110,,0.05,LOW,,navigational,web_design,False,False
web design company in tamilnadu,web design company,110,,0,LOW,85,commercial,web_design,False,False
web design company in ambala,web design company,110,,0.59,LOW,47,commercial,web_design,False,False
gwalior web design company,web design company,110,,0,LOW,,commercial,web_design,False,False
web design company tirupur,web design company,110,,0,LOW,13,navigational,web_design,False,False
best web design company in trivandrum,web design company,110,,0.43,LOW,72,commercial,web_design,True,False
web design company in abu dhabi,web design company,110,,0.88,LOW,11,commercial,web_design,False,False
ecommerce web design company bangalore,web design company,110,,5.07,LOW,,commercial,ecommerce,False,False
web design and development company in kolkata,web design company,110,,0.6,LOW,100,commercial,web_design,False,False
web design company rajkot,web design company,110,,1.33,MEDIUM,19,navigational,web_design,False,False
web design and web development company in chennai,web design company,110,,0.65,LOW,88,commercial,web_design,False,False
web design company in bareilly,web design company,110,,0,LOW,48,navigational,web_design,False,False
web design company in pondicherry,web design company,110,,0,LOW,33,commercial,web_design,False,False
florida web design company,web design company,110,,3.76,LOW,24,commercial,web_design,False,False
web design company florida,web design company,110,,3.76,LOW,22,commercial,web_design,False,False
web design and development company in singapore,web design company,110,,3.03,LOW,,commercial,web_design,False,False
ecommerce web design company in dubai,web design company,110,,0,LOW,,commercial,ecommerce,False,False
web design company in florida,web design company,110,,3.76,LOW,19,commercial,web_design,False,False
low cost web design company,web design company,110,,0.34,LOW,,commercial,web_design,True,False
best web design company in noida,web design company,110,,0.49,LOW,47,commercial,web_design,True,False
web development company singapore,web development company,110,,3.03,LOW,27,commercial,web_design,False,False
top web development company usa,web development company,110,,4.88,LOW,64,commercial,web_design,True,False
online web development company,web development company,110,,0,MEDIUM,,commercial,web_design,False,False
front end web development company,web development company,110,,0,LOW,51,commercial,web_design,False,False
web app development company in chennai,web development company,110,,2.13,LOW,,commercial,other,False,False
web development company in gujarat,web development company,110,,0,LOW,63,commercial,web_design,False,False
best web development company in trivandrum,web development company,110,,0.43,LOW,,commercial,web_design,True,False
web development company abu dhabi,web development company,110,,0.88,LOW,11,commercial,web_design,False,False
front-end web development company,web development company,110,,0,LOW,,commercial,web_design,False,False
cms web development company,web development company,110,,0,LOW,,commercial,web_design,False,False
top web development company in kolkata,web development company,110,,0.78,LOW,47,commercial,web_design,True,False
web development company gurgaon,web development company,110,,2.98,LOW,13,commercial,web_design,False,False
web application development company in chennai,web development company,110,,2.13,LOW,12,commercial,other,False,False
web software development company,web development company,110,,7.23,LOW,100,commercial,other,False,False
web application development company chennai,web development company,110,,2.13,LOW,12,navigational,other,False,False
web development company in gujrat,web development company,110,,0,LOW,,commercial,web_design,False,False
web and mobile application development company,web development company,110,,0,LOW,85,commercial,other,False,False
web development company in hsr layout,web development company,110,,0,LOW,,navigational,web_design,False,False
frontend web development company,web development company,110,,0,LOW,,commercial,web_design,False,False
web development company in gwalior,web development company,110,,0,LOW,15,commercial,web_design,False,False
top web development company in ahmedabad,web development company,110,,0,LOW,24,commercial,web_design,True,False
wordpress web development company in bangalore,web development company,110,,1.86,LOW,47,commercial,web_design,False,False
best web development company in mohali,web development company,110,,1.61,LOW,44,commercial,web_design,True,False
shopify web development company in india,web development company,110,,0,LOW,,navigational,ecommerce,False,False
travel web development company,web development company,110,,1.16,LOW,,commercial,web_design,False,False
codeaegis app & web development company,web development company,110,,0,LOW,,navigational,web_design,False,False
gtc best web and mobile app development company,web development company,110,,0,LOW,,commercial,other,True,False
web development company coimbatore,web development company,110,,0.21,LOW,14,navigational,web_design,False,False
local web development company,web development company,110,,0,LOW,,commercial,web_design,False,False
best web development company usa,web development company,110,,4.88,LOW,71,commercial,web_design,True,False
best web development company in gurgaon,web development company,110,,0,LOW,50,commercial,web_design,True,False
web development company gurugram,web development company,110,,2.98,LOW,,commercial,web_design,False,False
web development company in tamilnadu,web development company,110,,0,LOW,100,commercial,web_design,False,False
mobile web development company,web development company,110,,0,LOW,,commercial,web_design,False,False
web development company in haldwani,web development company,110,,0,LOW,51,commercial,web_design,False,False
singapore web development company,web development company,110,,3.03,LOW,27,navigational,web_design,False,False
best web development company gurgaon,web development company,110,,0,LOW,50,commercial,web_design,True,False
digital marketing agency website design,website design agency,110,,0.79,LOW,,commercial,web_design,False,False
best ecommerce website development company india,ecommerce development company,110,,1.96,LOW,55,commercial,ecommerce,True,False
opencart ecommerce development company,ecommerce development company,110,,0,LOW,,commercial,ecommerce,False,False
custom ecommerce development company,ecommerce development company,110,,0,LOW,,commercial,ecommerce,False,False
elsner technologies ecommerce development company shivranjani ayojan nagar,ecommerce development company,110,,0,,,commercial,ecommerce,False,False
best ecommerce website development company in india,ecommerce development company,110,,1.96,LOW,55,commercial,ecommerce,True,False
arham technosoft an ecommerce development company,ecommerce development company,110,,0,LOW,,navigational,ecommerce,False,False
ecommerce development company chennai,ecommerce development company,110,,0,LOW,50,commercial,ecommerce,False,False
ecommerce development company in chennai,ecommerce development company,110,,0,LOW,50,commercial,ecommerce,False,False
ecommerce development agency,ecommerce agency,110,,1.84,LOW,65,commercial,ecommerce,False,False
ecommerce agency in delhi,ecommerce agency,110,,1.55,MEDIUM,,commercial,ecommerce,False,False
digital marketing agency for ecommerce,ecommerce agency,110,,1.56,LOW,41,commercial,ecommerce,False,False
top shopify development companies in india,shopify development,110,,3.87,LOW,,commercial,ecommerce,True,False
shopify development agency in usa,shopify development,110,,5.84,LOW,,commercial,ecommerce,False,False
shopify app development service,shopify development,110,,0.97,LOW,,commercial,ecommerce,False,False
shopify website development company in india,shopify development,110,,0,LOW,,navigational,ecommerce,False,False
shopify plus development company,shopify development,110,,0,LOW,,navigational,ecommerce,False,False
shopify app development services,shopify development,110,,0.97,LOW,14,commercial,ecommerce,False,False
shopify development company in mumbai,shopify development,110,,0,LOW,,navigational,ecommerce,False,False
top shopify development company in india,shopify development,110,,3.87,LOW,,commercial,ecommerce,True,False
shopify plus development services,shopify development,110,,0,LOW,,commercial,ecommerce,False,False
shopify plus development agency,shopify development,110,,3.64,LOW,,navigational,ecommerce,False,False
what is a ai agency,ai agency,110,4,0.31,LOW,,informational,ai_agents,False,True
ai digital marketing agency in india,ai agency,110,,2.01,LOW,,commercial,digital_mkt,False,False
ai agency near me,ai agency,110,,0.67,LOW,,commercial,ai_agents,False,False
ai agent development company in india,ai agent development,110,,1.85,LOW,,commercial,ai_agents,False,False
ai agent development proposal,ai agent development,110,,2.81,MEDIUM,,commercial,ai_agents,False,False
custom ai agent development,ai agent development,110,,3.81,LOW,,commercial,ai_agents,False,False
ai agent development course,ai agent development,110,,1.61,MEDIUM,,informational,ai_agents,False,False
best digital marketing agency in palakkad,digital marketing agency,110,,0.58,LOW,,commercial,digital_mkt,True,False
digital marketing agency vancouver,digital marketing agency,110,,2.63,MEDIUM,58,commercial,digital_mkt,False,False
digital marketing agency business plan,digital marketing agency,110,,0.3,LOW,,commercial,digital_mkt,False,False
digital marketing agency ranchi,digital marketing agency,110,,0.42,LOW,10,commercial,digital_mkt,False,False
digital marketing agency mangalore,digital marketing agency,110,,0.3,LOW,18,commercial,digital_mkt,False,False
digital marketing agency for hospitals,digital marketing agency,110,,3.79,LOW,,commercial,digital_mkt,False,False
digital marketing agency trichy,digital marketing agency,110,,0.34,LOW,9,commercial,digital_mkt,False,False
growth digital marketing agency,digital marketing agency,110,,0,LOW,,commercial,digital_mkt,False,False
digital marketing agency social media,digital marketing agency,110,,1.21,LOW,,commercial,digital_mkt,False,False
manchester digital marketing agency,digital marketing agency,110,,3.21,MEDIUM,,commercial,digital_mkt,False,False
digital marketing agency in anand,digital marketing agency,110,,0.09,LOW,0,commercial,digital_mkt,False,False
business plan for digital marketing agency,digital marketing agency,110,,0.3,LOW,,commercial,digital_mkt,False,False
digital marketing agency cost,digital marketing agency,110,,0.73,LOW,,commercial,digital_mkt,False,False
digital marketing agency in vancouver,digital marketing agency,110,,2.63,MEDIUM,58,commercial,digital_mkt,False,False
pulse promote best digital marketing agency in noida delhi ncr,digital marketing agency,110,,0,LOW,0,commercial,digital_mkt,True,False
digital marketing agency in muzaffarpur,digital marketing agency,110,,0.11,LOW,,commercial,digital_mkt,False,False
gm media digital marketing agency,digital marketing agency,110,,0,LOW,,commercial,digital_mkt,False,False
digital marketing agency price,digital marketing agency,110,,0.73,LOW,62,commercial,digital_mkt,False,False
digital marketing agency in san diego,digital marketing agency,110,,1.82,LOW,76,commercial,digital_mkt,False,False
techinfinity hq best creative & digital marketing agency in mumbai,digital marketing agency,110,,0,LOW,,commercial,digital_mkt,True,False
houston digital marketing agency,digital marketing agency,110,,11.39,LOW,,commercial,digital_mkt,False,False
digital marketing agency in warangal,digital marketing agency,110,,0.02,LOW,,commercial,digital_mkt,False,False
social digital marketing agency,digital marketing agency,110,,1.21,LOW,,commercial,digital_mkt,False,False
digital marketing agency costs,digital marketing agency,110,,0.73,LOW,,commercial,digital_mkt,False,False
digital marketing agency in dombivli,digital marketing agency,110,,0.28,LOW,47,commercial,digital_mkt,False,False
best digital marketing agency in jabalpur,digital marketing agency,110,,0,LOW,,commercial,digital_mkt,True,False
digital marketing agency manchester,digital marketing agency,110,,3.21,MEDIUM,68,commercial,digital_mkt,False,False
digital marketing agency phoenix az,digital marketing agency,110,,4.61,LOW,,commercial,digital_mkt,False,False
digital marketing agency instagram,digital marketing agency,110,,0.91,LOW,,commercial,digital_mkt,False,False
digital marketing agency in yamunanagar,digital marketing agency,110,,0.2,LOW,,commercial,digital_mkt,False,False
digital marketing agency in punjab,digital marketing agency,110,,0.25,LOW,48,commercial,digital_mkt,False,False
digital marketing agency san diego,digital marketing agency,110,,1.82,LOW,62,commercial,digital_mkt,False,False
brisbane digital marketing agency,digital marketing agency,110,,2.85,LOW,,commercial,digital_mkt,False,False
digital marketing agency phoenix,digital marketing agency,110,,4.61,LOW,69,commercial,digital_mkt,False,False
digital marketing agency in kalyan,digital marketing agency,110,,0.28,LOW,,commercial,digital_mkt,False,False
digital marketing agency web design,digital marketing agency,110,,0.79,LOW,,commercial,web_design,False,False
best digital marketing agency in pondicherry,digital marketing agency,110,,0.65,LOW,,commercial,digital_mkt,True,False
best digital marketing agency in hubli,digital marketing agency,110,,0,LOW,,commercial,digital_mkt,True,False
digital marketing agency boston,digital marketing agency,110,,4.55,LOW,58,commercial,digital_mkt,False,False
digital marketing agency pricing,digital marketing agency,110,,0.73,LOW,62,commercial,digital_mkt,False,False
digital marketing agency in jhansi,digital marketing agency,110,,0.18,LOW,,commercial,digital_mkt,False,False
digital marketing agency in houston,digital marketing agency,110,,11.39,LOW,71,commercial,digital_mkt,False,False
digital marketing agency in saket,digital marketing agency,110,,0.14,LOW,,commercial,digital_mkt,False,False
social media and digital marketing agency,digital marketing agency,110,,1.21,LOW,,commercial,digital_mkt,False,False
digital marketing agency templates,digital marketing agency,110,,0.9,LOW,54,commercial,digital_mkt,False,False
best digital marketing agency in rajkot,digital marketing agency,110,,0,LOW,,commercial,digital_mkt,True,False
digital marketing agency for e commerce,digital marketing agency,110,,1.56,LOW,,commercial,digital_mkt,False,False
dentist digital marketing agency,digital marketing agency,110,,0,LOW,,commercial,digital_mkt,False,False
digital marketing agency in ireland,digital marketing agency,110,,1.61,LOW,,commercial,digital_mkt,False,False
hospital digital marketing agency,digital marketing agency,110,,3.79,LOW,,commercial,digital_mkt,False,False
digital marketing agency rates,digital marketing agency,110,,0.73,LOW,,commercial,digital_mkt,False,False
digital marketing agency for schools,digital marketing agency,110,,1.5,LOW,,commercial,digital_mkt,False,False
digital marketing agency gorakhpur,digital marketing agency,110,,1.47,LOW,37,commercial,digital_mkt,False,False
digital marketing agency in ajmer,digital marketing agency,110,,0,LOW,,commercial,digital_mkt,False,False
atlanta digital marketing agency,digital marketing agency,110,,5.71,MEDIUM,73,commercial,digital_mkt,False,False
digital marketing agency atlanta ga,digital marketing agency,110,,5.71,MEDIUM,,commercial,digital_mkt,False,False
real estate digital marketing agency in mumbai,digital marketing agency,110,,2.01,LOW,48,commercial,digital_mkt,False,False
digital marketing agency visiting card,digital marketing agency,110,,0.46,MEDIUM,48,commercial,digital_mkt,False,False
goup digital marketing agency,digital marketing agency,110,,0,LOW,,commercial,digital_mkt,False,False
shootorder digital marketing agency,digital marketing agency,110,,0.33,LOW,52,commercial,digital_mkt,False,False
digital marketing agency meerut,digital marketing agency,110,,0.13,LOW,0,commercial,digital_mkt,False,False
digital marketing agency houston tx,digital marketing agency,110,,11.39,LOW,,commercial,digital_mkt,False,False
top digital marketing agency in jaipur,digital marketing agency,110,,0.23,LOW,,commercial,digital_mkt,True,False
digital marketing agency for education industry,digital marketing agency,110,,1.49,LOW,,commercial,digital_mkt,False,False
digital social media marketing agency,digital marketing agency,110,,1.21,LOW,,commercial,other,False,False
digital marketing agency prices,digital marketing agency,110,,0.73,LOW,62,commercial,digital_mkt,False,False
digital marketing agency gandhinagar,digital marketing agency,110,,0.27,LOW,,commercial,digital_mkt,False,False
best digital marketing agency in janakpuri,digital marketing agency,110,,0.53,LOW,,commercial,digital_mkt,True,False
digital marketing agency ireland,digital marketing agency,110,,1.61,LOW,,commercial,digital_mkt,False,False
digital marketing agency in baner,digital marketing agency,110,,0.08,LOW,,commercial,digital_mkt,False,False
digital marketing agency in sonipat,digital marketing agency,110,,2.35,LOW,,commercial,digital_mkt,False,False
digital marketing agency in rohtak,digital marketing agency,110,,0.08,LOW,,commercial,digital_mkt,False,False
digital marketing agency in phoenix,digital marketing agency,110,,4.61,LOW,69,commercial,digital_mkt,False,False
intellistall pvt ltd digital marketing agency in india,digital marketing agency,110,,0,LOW,,navigational,digital_mkt,False,False
symphony infotech trusted digital marketing agency in jaipur,digital marketing agency,110,,0,,,commercial,digital_mkt,False,False
business plan digital marketing agency,digital marketing agency,110,,0.3,LOW,,commercial,digital_mkt,False,False
digital marketing agency in atlanta,digital marketing agency,110,,5.71,MEDIUM,73,commercial,digital_mkt,False,False
digital marketing agency for hospital,digital marketing agency,110,,3.79,LOW,,commercial,digital_mkt,False,False
digital marketing agency in brisbane,digital marketing agency,110,,2.85,LOW,88,commercial,digital_mkt,False,False
san diego digital marketing agency,digital marketing agency,110,,1.82,LOW,,commercial,digital_mkt,False,False
digital marketing agency boston ma,digital marketing agency,110,,4.55,LOW,,commercial,digital_mkt,False,False
digital marketing agency template,digital marketing agency,110,,0.9,LOW,54,commercial,digital_mkt,False,False
watconsult digital marketing agency,digital marketing agency,110,,1.38,LOW,,commercial,digital_mkt,False,False
digital marketing agency in vapi,digital marketing agency,110,,0.92,LOW,47,commercial,digital_mkt,False,False
digital marketing agency in manchester,digital marketing agency,110,,3.21,MEDIUM,,commercial,digital_mkt,False,False
dental digital marketing agency,digital marketing agency,110,,0,LOW,,commercial,digital_mkt,False,False
ira digital marketing agency best digital marketing agency in nashik,digital marketing agency,110,,0,LOW,,commercial,digital_mkt,True,False
top digital marketing agency in lucknow,digital marketing agency,110,,0.51,LOW,,commercial,digital_mkt,True,False
digital marketing agency in bandra,digital marketing agency,110,,0.16,LOW,43,commercial,digital_mkt,False,False
social media digital marketing agency,digital marketing agency,110,,1.21,LOW,,commercial,digital_mkt,False,False
grow digital marketing agency,digital marketing agency,110,,0,LOW,,commercial,digital_mkt,False,False
digital marketing agency for e-commerce,digital marketing agency,110,,1.56,LOW,,commercial,ecommerce,False,False
digital marketing agency in salem,digital marketing agency,110,,0,LOW,,commercial,digital_mkt,False,False
digital marketing agency houston,digital marketing agency,110,,11.39,LOW,,commercial,digital_mkt,False,False
digital marketing agency in boston,digital marketing agency,110,,4.55,LOW,58,commercial,digital_mkt,False,False
dr graphical digital marketing & video production and podcast agency,digital marketing agency,110,,0,LOW,,commercial,digital_mkt,False,False
digital marketing agency atlanta,digital marketing agency,110,,5.71,MEDIUM,73,commercial,digital_mkt,False,False
niksh digital marketing agency & training institute,digital marketing agency,110,,0,LOW,,navigational,digital_mkt,False,False
digital marketing agency in jamshedpur,digital marketing agency,110,,0,LOW,,commercial,digital_mkt,False,False
digital marketing agency brisbane,digital marketing agency,110,,2.85,LOW,100,commercial,digital_mkt,False,False
digital marketing agency in visakhapatnam,digital marketing agency,110,,0.56,LOW,,commercial,digital_mkt,False,False
boston digital marketing agency,digital marketing agency,110,,4.55,LOW,58,commercial,digital_mkt,False,False
business plan for a digital marketing agency,digital marketing agency,110,,0.3,LOW,,commercial,digital_mkt,False,False
digital marketing agency in pondicherry,digital marketing agency,110,,0,LOW,34,commercial,digital_mkt,False,False
phoenix digital marketing agency,digital marketing agency,110,,4.61,LOW,69,commercial,digital_mkt,False,False
vancouver digital marketing agency,digital marketing agency,110,,2.63,MEDIUM,58,commercial,digital_mkt,False,False
digital marketing agency in madhapur,digital marketing agency,110,,1.38,LOW,,commercial,digital_mkt,False,False
digital marketing agency in kandivali,digital marketing agency,110,,0.55,LOW,46,commercial,digital_mkt,False,False
digital marketing agency in okhla,digital marketing agency,110,,0.75,LOW,,commercial,digital_mkt,False,False
website designers in hyderabad cost,web design company,110,,1.27,LOW,,commercial,web_design,False,False
seo agency in dallas,seo agency,90,,3.04,LOW,,commercial,seo,False,False
seo agency canberra,seo agency,90,,0,LOW,,commercial,seo,False,False
top seo agency in mumbai,seo agency,90,,0.48,LOW,,commercial,seo,True,False
dallas seo agency,seo agency,90,,3.04,LOW,,commercial,seo,False,False
seo agency in agra,seo agency,90,,0.32,LOW,,commercial,seo,False,False
what is seo agency,seo agency,90,12,0.05,LOW,,informational,seo,False,True
seo agency edmonton,seo agency,90,,7.24,MEDIUM,,commercial,seo,False,False
seo agency in thrissur,seo agency,90,,2.18,LOW,,commercial,seo,False,False
best seo agency in faridabad,seo agency,90,,0.97,LOW,,commercial,seo,True,False
top seo agency usa,seo agency,90,,8.13,MEDIUM,,commercial,seo,True,False
seo agency sydney,seo agency,90,,10.67,MEDIUM,30,commercial,seo,False,False
what is an seo agency,seo agency,90,12,0.05,LOW,,informational,seo,False,True
seo agency for hotel,seo agency,90,,1.23,LOW,,commercial,seo,False,False
seo agency surat,seo agency,90,,0,LOW,,commercial,seo,False,False
seo agency in patna,seo agency,90,,0.02,LOW,,commercial,seo,False,False
travel seo agency,seo agency,90,,0,LOW,,commercial,seo,False,False
igaming seo agency,seo agency,90,,3.13,LOW,,commercial,seo,False,False
seo agency for hotels,seo agency,90,,1.23,LOW,,commercial,seo,False,False
seo agency auckland,seo agency,90,,0,LOW,65,commercial,seo,False,False
seo agency in san jose,seo agency,90,,5.85,LOW,,commercial,seo,False,False
best seo agency near me,seo agency,90,,1.59,MEDIUM,,commercial,seo,True,False
seo agency dallas texas,seo agency,90,,3.04,LOW,,navigational,seo,False,False
seo agency dallas,seo agency,90,,3.04,LOW,,commercial,seo,False,False
small business seo agency,seo agency,90,,0,LOW,63,commercial,seo,False,False
seo agency in leeds,seo agency,90,,6.93,LOW,,commercial,seo,False,False
seo agency leeds,seo agency,90,,6.93,LOW,,commercial,seo,False,False
hotel seo agency,seo agency,90,,1.23,LOW,,commercial,seo,False,False
seo agency in new zealand,seo agency,90,,3.19,LOW,,commercial,seo,False,False
seo agency in rajkot,seo agency,90,,3.19,LOW,,commercial,seo,False,False
seo agency chennai,seo agency,90,,0.98,LOW,24,commercial,seo,False,False
best ai seo agency,seo agency,90,,4.4,LOW,,commercial,ai_seo,True,False
llm seo agency,seo agency,90,,10.62,LOW,,commercial,seo,False,False
edmonton seo agency,seo agency,90,,7.24,MEDIUM,,commercial,seo,False,False
seo company in qatar,seo company,90,,2.26,LOW,,commercial,seo,False,False
seo company ny,seo company,90,,21.08,LOW,44,commercial,seo,False,False
top seo company usa,seo company,90,,8.13,MEDIUM,84,commercial,seo,True,False
best seo services company in kolkata,seo company,90,,0.46,LOW,,commercial,seo,True,False
ai seo company india,seo company,90,,0,LOW,,navigational,ai_seo,False,False
seo company san jose,seo company,90,,5.85,LOW,,commercial,seo,False,False
seo company new zealand,seo company,90,,3.19,LOW,85,commercial,seo,False,False
seo company auckland,seo company,90,,0,LOW,96,commercial,seo,False,False
seo company atlanta ga,seo company,90,,0,LOW,,commercial,seo,False,False
pagetraffic seo company,seo company,90,,0,LOW,,commercial,seo,False,False
seo for construction company,seo company,90,,0,LOW,,commercial,seo,False,False
seo for cleaning company,seo company,90,,0,LOW,,commercial,seo,False,False
what is seo company,seo company,90,26,0.05,LOW,72,informational,seo,False,True
affordable seo company in india,seo company,90,,0.44,LOW,21,commercial,seo,True,False
seo services company in kolkata,seo company,90,,0.99,LOW,,commercial,seo,False,False
seo company new jersey,seo company,90,,0,LOW,56,commercial,seo,False,False
best seo company for small businesses,seo company,90,,0.94,LOW,54,commercial,seo,True,False
seo company in erode,seo company,90,,0.48,LOW,,commercial,seo,False,False
seo company in siliguri,seo company,90,,0.13,LOW,,commercial,seo,False,False
what company is seo,seo company,90,26,0.05,LOW,72,informational,seo,False,True
atlanta seo company,seo company,90,,0,LOW,,commercial,seo,False,False
page traffic seo company,seo company,90,,0,LOW,,commercial,seo,False,False
best seo company for small business,seo company,90,,0.94,LOW,,commercial,seo,True,False
nj seo company,seo company,90,,0,LOW,40,commercial,seo,False,False
best seo services company india,seo company,90,,0.41,LOW,60,commercial,seo,True,False
best seo services company in india,seo company,90,,0.41,LOW,60,commercial,seo,True,False
seo company in nj,seo company,90,,0,LOW,40,commercial,seo,False,False
seo company in laxmi nagar,seo company,90,,0,LOW,0,commercial,seo,False,False
moving company seo,seo company,90,,0,LOW,,commercial,seo,False,False
seo company in laxmi nagar delhi,seo company,90,,0,LOW,6,commercial,seo,False,False
top seo company in america,seo company,90,,8.13,MEDIUM,,commercial,seo,True,False
seo company in edmonton,seo company,90,,7.24,MEDIUM,,commercial,seo,False,False
healthcare seo company,seo company,90,,1.03,LOW,,commercial,seo,False,False
small business seo company,seo company,90,,0,LOW,38,commercial,seo,False,False
seo service company in kolkata,seo company,90,,0.99,LOW,,commercial,seo,False,False
edmonton seo company,seo company,90,,7.24,MEDIUM,65,commercial,seo,False,False
seo company atlanta,seo company,90,,0,LOW,67,commercial,seo,False,False
new york seo company,seo company,90,,21.08,LOW,35,commercial,seo,False,False
best seo company in udaipur,seo company,90,,0,LOW,46,commercial,seo,True,False
valuehits best digital marketing company in mumbai seo ppc,seo company,90,,0,LOW,,commercial,digital_mkt,True,False
what is an seo company,seo company,90,26,0.05,LOW,72,informational,seo,False,True
seo company in atlanta,seo company,90,,0,LOW,65,commercial,seo,False,False
seo for moving company,seo company,90,,0,LOW,,commercial,seo,False,False
seo company canberra,seo company,90,,0,LOW,,commercial,seo,False,False
search engine optimization seo company,seo company,90,,0,LOW,,commercial,seo,False,False
affordable seo company,seo company,90,,0,LOW,56,commercial,seo,True,False
best seo company in ghaziabad,seo company,90,,0,LOW,44,commercial,seo,True,False
san jose seo company,seo company,90,,5.85,LOW,,commercial,seo,False,False
seo services company in noida,seo company,90,,0,LOW,50,commercial,seo,False,False
b2b seo company,seo company,90,,0.41,LOW,47,commercial,seo,False,False
seo company in new zealand,seo company,90,,3.19,LOW,85,commercial,seo,False,False
new jersey seo company,seo company,90,,0,LOW,19,commercial,seo,False,False
seo jobs in google company,seo company,90,,0.03,LOW,,commercial,seo,False,False
seo company nz,seo company,90,,3.19,LOW,,commercial,seo,False,False
best seo service company in india,seo company,90,,0.41,LOW,,commercial,seo,True,False
seo company in san jose,seo company,90,,5.85,LOW,,commercial,seo,False,False
indeedseo top seo company in india,seo company,90,,0,LOW,,commercial,seo,True,False
hotel seo company,seo company,90,,0,LOW,,commercial,seo,False,False
seo company in noida sector 62,seo company,90,,0.46,LOW,0,commercial,seo,False,False
seo company in canberra,seo company,90,,0,LOW,,commercial,seo,False,False
seo company new york city,seo company,90,,21.08,LOW,24,commercial,seo,False,False
seo company nj,seo company,90,,0,LOW,40,commercial,seo,False,False
seo company in andheri,seo company,90,,1.16,LOW,,commercial,seo,False,False
seo company nyc,seo company,90,,21.08,LOW,22,commercial,seo,False,False
seo company in new jersey,seo company,90,,0,LOW,18,commercial,seo,False,False
best seo company in meerut,seo company,90,,0,LOW,,commercial,seo,True,False
best seo company in varanasi,seo company,90,,0.28,LOW,0,commercial,seo,True,False
seo company edmonton,seo company,90,,7.24,MEDIUM,,commercial,seo,False,False
best seo company in kanpur,seo company,90,,0,LOW,,commercial,seo,True,False
white label seo company,seo company,90,,0,LOW,59,commercial,seo,False,False
best seo service company in kolkata,seo company,90,,0.46,LOW,,commercial,seo,True,False
seo services california,seo services,90,,9.08,LOW,50,commercial,seo,False,False
ai seo services in india,seo services,90,,0,LOW,,commercial,ai_seo,False,False
ai powered seo services,seo services,90,,0,LOW,,commercial,seo,False,False
seo services thane,seo services,90,,1.17,LOW,,commercial,seo,False,False
plumbing seo services,seo services,90,,0,LOW,,commercial,seo,False,False
digital marketing seo services,seo services,90,,2.49,LOW,84,commercial,digital_mkt,False,False
seo services kolkata,seo services,90,,0,LOW,16,commercial,seo,False,False
seo services in kolhapur,seo services,90,,0.53,LOW,,commercial,seo,False,False
seo services in california,seo services,90,,9.08,LOW,50,commercial,seo,False,False
digital marketing and seo services,seo services,90,,2.49,LOW,69,commercial,digital_mkt,False,False
seo services in thane,seo services,90,,1.17,LOW,42,commercial,seo,False,False
seo services in agra,seo services,90,,0.75,LOW,,commercial,seo,False,False
seo services washington dc,seo services,90,,0,LOW,,commercial,seo,False,False
utah seo services,seo services,90,,0,MEDIUM,,commercial,seo,False,False
seo services in qatar,seo services,90,,2.26,LOW,,commercial,seo,False,False
best seo services in kochi,seo services,90,,0,LOW,,commercial,seo,True,False
seo services rankstar io,seo services,90,,0,,33,commercial,seo,False,False
seo services dc,seo services,90,,0,LOW,,commercial,seo,False,False
seo services provider in india,seo services,90,,1.65,LOW,83,commercial,seo,False,False
plumber seo services,seo services,90,,0,LOW,,commercial,seo,False,False
seo services in san jose,seo services,90,,5.85,LOW,,commercial,seo,False,False
seo technical audit services,seo services,90,,0,LOW,,commercial,seo,False,False
seo services in kanpur,seo services,90,,0,LOW,,commercial,seo,False,False
seo services in new zealand,seo services,90,,3.19,LOW,,commercial,seo,False,False
top seo services usa,seo services,90,,8.13,MEDIUM,,commercial,seo,True,False
local seo services in hyderabad,seo services,90,,0.88,LOW,,commercial,seo,False,False
seo for cleaning services,seo services,90,,0,LOW,,commercial,seo,False,False
seo and digital marketing services,seo services,90,,2.49,LOW,69,commercial,digital_mkt,False,False
seo services for startup,seo services,90,,0,LOW,,commercial,seo,False,False
seo services udaipur,seo services,90,,0,LOW,,commercial,seo,False,False
startup seo services,seo services,90,,0,LOW,,commercial,seo,False,False
professional seo services in mumbai,seo services,90,,0,LOW,,commercial,seo,False,False
seo services in udaipur,seo services,90,,0,LOW,12,commercial,seo,False,False
seo services for startups,seo services,90,,0,LOW,46,commercial,seo,False,False
seo services image,seo services,90,,0,LOW,56,commercial,seo,False,False
professional seo services mumbai,seo services,90,,0,LOW,,commercial,seo,False,False
seo services images,seo services,90,,0,LOW,56,commercial,seo,False,False
local seo services in chennai,seo services,90,,1.27,LOW,,commercial,seo,False,False
webfx seo services,seo services,90,,0,LOW,,commercial,seo,False,False
small seo tools ai checker,ai seo,90,,0.14,LOW,,commercial,seo,False,False
seo ai tool free,ai seo,90,,1.22,MEDIUM,60,commercial,seo,False,False
ai seo expert in delhi,ai seo,90,,0,LOW,,commercial,ai_seo,False,False
small seo ai detector,ai seo,90,,0.54,LOW,,commercial,seo,False,False
ai seo check,ai seo,90,,2.96,MEDIUM,,commercial,ai_seo,False,False
ai seo audit,ai seo,90,,1.51,LOW,,commercial,ai_seo,False,False
semrush ai seo,ai seo,90,,4.11,LOW,,informational,ai_seo,False,False
how to use ai for seo,ai seo,90,8,0.01,MEDIUM,,informational,seo,False,True
ai seo checker,ai seo,90,,2.96,MEDIUM,,commercial,ai_seo,False,False
seo ai tools free,ai seo,90,,1.22,MEDIUM,60,commercial,seo,False,False
best web design company in vadodara,web design company,90,,1.31,LOW,,commercial,web_design,True,False
web design company oman,web design company,90,,1.09,LOW,,commercial,web_design,False,False
web design company services,web design company,90,,0,LOW,84,commercial,web_design,False,False
web design company in gandhinagar,web design company,90,,0.93,LOW,,commercial,web_design,False,False
web design company los angeles,web design company,90,,6.41,MEDIUM,60,commercial,web_design,False,False
web design company in new york city,web design company,90,,5.43,LOW,60,commercial,web_design,False,False
web design company faridabad,web design company,90,,1.41,LOW,29,navigational,web_design,False,False
web design company pondicherry,web design company,90,,0,LOW,48,navigational,web_design,False,False
web design company los angeles ca,web design company,90,,6.41,MEDIUM,,commercial,web_design,False,False
web design company in melbourne,web design company,90,,12.98,LOW,100,commercial,web_design,False,False
web design company new york city,web design company,90,,5.43,LOW,85,commercial,web_design,False,False
web design company in kottayam,web design company,90,,0,LOW,11,commercial,web_design,False,False
web design company brampton,web design company,90,,0,LOW,,commercial,web_design,False,False
pondicherry web design company,web design company,90,,0,LOW,48,navigational,web_design,False,False
web design company in qatar,web design company,90,,0,LOW,86,commercial,web_design,False,False
custom web design company,web design company,90,,0,LOW,79,commercial,web_design,False,False
web design company vancouver,web design company,90,,2.32,LOW,67,commercial,web_design,False,False
web design company in gwalior,web design company,90,,0.7,LOW,47,commercial,web_design,False,False
web design company dallas,web design company,90,,2.17,LOW,,commercial,web_design,False,False
web design company in ludhiana,web design company,90,,0.59,LOW,35,commercial,web_design,False,False
web design services company,web design company,90,,0,LOW,84,commercial,web_design,False,False
web design company in nyc,web design company,90,,5.43,LOW,65,commercial,web_design,False,False
top 10 web design company in kolkata,web design company,90,,1.58,MEDIUM,14,commercial,web_design,True,False
web design company in calgary,web design company,90,,2.23,LOW,15,commercial,web_design,False,False
web design company melbourne,web design company,90,,12.98,LOW,43,commercial,web_design,False,False
dental web design company,web design company,90,,0,LOW,,commercial,web_design,False,False
web design company services page,web design company,90,,0,LOW,,navigational,web_design,False,False
web design company in dwarka,web design company,90,,0.83,LOW,0,commercial,web_design,False,False
aswebworks llp best web design company in ludhiana,web design company,90,,0,LOW,,commercial,web_design,True,False
web design company in dallas,web design company,90,,2.17,LOW,,commercial,web_design,False,False
professional web design company,web design company,90,,1.42,LOW,97,commercial,web_design,False,False
web design company in uttam nagar,web design company,90,,0,LOW,44,commercial,web_design,False,False
los angeles web design company,web design company,90,,6.41,MEDIUM,65,commercial,web_design,False,False
web design company kottayam,web design company,90,,0,LOW,14,navigational,web_design,False,False
web design company in brampton,web design company,90,,0,LOW,,commercial,web_design,False,False
faridabad web design company,web design company,90,,1.41,LOW,29,navigational,web_design,False,False
web design company in boston,web design company,90,,2.42,LOW,,commercial,web_design,False,False
web design company in chicago,web design company,90,,4.99,LOW,95,commercial,web_design,False,False
best web design company near me,web design company,90,,1.18,LOW,,commercial,web_design,True,False
web design company phoenix,web design company,90,,2.74,LOW,,navigational,web_design,False,False
melbourne web design company,web design company,90,,12.98,LOW,100,commercial,web_design,False,False
web design company in phoenix,web design company,90,,2.74,LOW,,commercial,web_design,False,False
web design company in oman,web design company,90,,1.09,LOW,,commercial,web_design,False,False
web design company california,web design company,90,,3.44,LOW,30,commercial,web_design,False,False
web design company jaipur,web design company,90,,1.04,LOW,8,commercial,web_design,False,False
web design company in panchkula,web design company,90,,0.35,LOW,,commercial,web_design,False,False
direct leadz web design web development company ahmedabad,web design company,90,,0,LOW,,navigational,web_design,False,False
web design company in vancouver,web design company,90,,2.32,LOW,67,commercial,web_design,False,False
top web design company bangalore,web design company,90,,1.07,LOW,59,commercial,web_design,True,False
web design and development company in delhi,web design company,90,,1.91,LOW,100,commercial,web_design,False,False
web design company in los angeles,web design company,90,,6.41,MEDIUM,65,commercial,web_design,False,False
top web design company in bangalore,web design company,90,,1.07,LOW,23,commercial,web_design,True,False
top 10 web development company in kolkata,web development company,90,,1.58,MEDIUM,,commercial,web_design,True,False
web application development company mumbai,web development company,90,,1.19,LOW,,navigational,other,False,False
web development company in salem,web development company,90,,0,LOW,65,commercial,web_design,False,False
web development company in canada,web development company,90,,1.81,MEDIUM,28,commercial,web_design,False,False
magento web development company,web development company,90,,0,LOW,56,commercial,ecommerce,False,False
austin web development company,web development company,90,,10.76,LOW,52,commercial,web_design,False,False
web and mobile development company,web development company,90,,0,LOW,84,commercial,other,False,False
web development company in oman,web development company,90,,1.09,LOW,,commercial,web_design,False,False
oman web development company,web development company,90,,1.09,LOW,,commercial,web_design,False,False
mobile and web development company,web development company,90,,0,LOW,84,commercial,web_design,False,False
web development company in thrissur,web development company,90,,1.55,LOW,22,commercial,web_design,False,False
web development company in zirakpur,web development company,90,,0.01,LOW,,commercial,web_design,False,False
web development company austin,web development company,90,,10.76,LOW,52,commercial,web_design,False,False
web application development company in mumbai,web development company,90,,1.19,LOW,,commercial,other,False,False
sai technologies web and mobile app development company,web development company,90,,0,LOW,,navigational,other,False,False
web development company patna,web development company,90,,0,LOW,45,commercial,web_design,False,False
web development company in jalandhar,web development company,90,,0,LOW,10,commercial,web_design,False,False
web development company in gandhinagar,web development company,90,,0.93,LOW,47,commercial,web_design,False,False
web app development company in mumbai,web development company,90,,1.19,LOW,,commercial,other,False,False
web development company in ny,web development company,90,,5.43,LOW,,commercial,web_design,False,False
web development company in austin,web development company,90,,10.76,LOW,52,commercial,web_design,False,False
web development company jalandhar,web development company,90,,0,LOW,10,navigational,web_design,False,False
promact top product engineering & web development company,web development company,90,,0,LOW,0,navigational,web_design,True,False
web development company chandigarh,web development company,90,,0.64,LOW,39,commercial,web_design,False,False
california web development company,web development company,90,,3.44,LOW,52,commercial,web_design,False,False
golang web development company,web development company,90,,0,LOW,,navigational,web_design,False,False
top 10 web development company india,web development company,90,,2.72,LOW,47,commercial,web_design,True,False
web development company california,web development company,90,,3.44,LOW,52,commercial,web_design,False,False
web designing and development company in delhi,web development company,90,,1.91,LOW,100,commercial,web_design,False,False
web development company pondicherry,web development company,90,,0,LOW,,navigational,web_design,False,False
professional web development company,web development company,90,,0,LOW,100,commercial,web_design,False,False
web development company in bareilly,web development company,90,,0,LOW,,commercial,web_design,False,False
web development company in california,web development company,90,,3.44,LOW,52,commercial,web_design,False,False
charu mindworks india pvt ltd web development company in jaipur,web development company,90,,0,LOW,,commercial,web_design,False,False
top web development company in noida,web development company,90,,0.4,LOW,17,commercial,web_design,True,False
top web development company in mumbai,web development company,90,,1,LOW,,commercial,web_design,True,False
web development company in aurangabad,web development company,90,,1.13,LOW,10,commercial,web_design,False,False
web development company austin tx,web development company,90,,10.76,LOW,54,commercial,web_design,False,False
near web development company,web development company,90,,1.06,LOW,,commercial,web_design,False,False
web development company in gorakhpur,web development company,90,,0.43,LOW,51,navigational,web_design,False,False
web development company in pondicherry,web development company,90,,0,LOW,99,commercial,web_design,False,False
web development company in london,web development company,90,,7.13,MEDIUM,43,commercial,web_design,False,False
ecommerce website design agency,website design agency,90,,1.08,LOW,,commercial,ecommerce,False,False
e commerce website design agency,website design agency,90,,1.08,LOW,,commercial,web_design,False,False
uk website design agency,website design agency,90,,3.85,MEDIUM,,commercial,web_design,False,False
custom website design agency,website design agency,90,,0,LOW,,commercial,web_design,False,False
website design agency uk,website design agency,90,,3.85,MEDIUM,100,commercial,web_design,False,False
website design agency in uk,website design agency,90,,3.85,MEDIUM,,commercial,web_design,False,False
e-commerce website design agency,website design agency,90,,1.08,LOW,,commercial,ecommerce,False,False
website design agency chicago,website design agency,90,,4.99,LOW,,commercial,web_design,False,False
ecommerce application development company,ecommerce development company,90,,30.97,LOW,52,commercial,ecommerce,False,False
ecommerce development company in usa,ecommerce development company,90,,5.11,LOW,64,commercial,ecommerce,False,False
ecommerce development company usa,ecommerce development company,90,,5.11,LOW,64,commercial,ecommerce,False,False
custom ecommerce website development company,ecommerce development company,90,,0,LOW,,commercial,ecommerce,False,False
meetanshi technologies full service ecommerce agency,ecommerce agency,90,,0,LOW,,navigational,ecommerce,False,False
ppc ecommerce agency,ecommerce agency,90,,0.87,LOW,,commercial,ecommerce,False,False
b2b ecommerce agency coalition,ecommerce agency,90,,0.92,LOW,,commercial,ecommerce,False,False
ecommerce website designing agency,ecommerce agency,90,,1.08,LOW,,commercial,ecommerce,False,False
ecommerce ppc agency,ecommerce agency,90,,0.87,LOW,,commercial,ecommerce,False,False
ppc agency for ecommerce,ecommerce agency,90,,0.87,LOW,,commercial,ecommerce,False,False
ecommerce web design agency,ecommerce agency,90,,1.08,LOW,,commercial,ecommerce,False,False
top shopify development companies,shopify development,90,,0,LOW,,commercial,ecommerce,True,False
shopify development courses,shopify development,90,,0.45,LOW,,commercial,ecommerce,False,False
shopify website development cost,shopify development,90,,0.3,LOW,54,commercial,ecommerce,False,False
shopify development company in ahmedabad,shopify development,90,,0.96,LOW,,informational,ecommerce,False,False
shopify development coalition,shopify development,90,,0.66,LOW,,navigational,ecommerce,False,False
top shopify development company,shopify development,90,,0,LOW,,commercial,ecommerce,True,False
shopify development course,shopify development,90,,0.45,LOW,51,informational,ecommerce,False,False
neuramonks ai machine learning web app development agency,ai agency,90,,0,LOW,,commercial,other,False,False
ai agency business,ai agency,90,,1.63,MEDIUM,,commercial,ai_agents,False,False
generative ai agency,ai agency,90,,2.3,LOW,,commercial,ai_agents,False,False
ai automation agency india,ai agency,90,,4.85,LOW,,navigational,ai_agents,False,False
ai agency template,ai agency,90,,0.58,LOW,,commercial,ai_agents,False,False
ai automation agency near me,ai agency,90,,0.94,MEDIUM,,commercial,ai_agents,False,False
ai agent development solutions,ai agent development,90,,0,LOW,,commercial,ai_agents,False,False
ai powered web development agent,ai agent development,90,,0,LOW,,commercial,web_design,False,False
digital marketing agency mysore,digital marketing agency,90,,0.61,LOW,0,commercial,digital_mkt,False,False
digital marketing agency in pimpri chinchwad,digital marketing agency,90,,0.92,LOW,,commercial,digital_mkt,False,False
digital marketing agency brochure pdf,digital marketing agency,90,,0.62,LOW,43,commercial,digital_mkt,False,False
digital marketing agency in guntur,digital marketing agency,90,,0,LOW,,commercial,digital_mkt,False,False
top digital marketing agency london,digital marketing agency,90,,5.56,HIGH,,commercial,digital_mkt,True,False
digital marketing agency denver,digital marketing agency,90,,7.93,LOW,75,commercial,digital_mkt,False,False
digital marketing agency in germany,digital marketing agency,90,,3.14,MEDIUM,,commercial,digital_mkt,False,False
digital marketing agency philadelphia,digital marketing agency,90,,1.3,LOW,75,commercial,digital_mkt,False,False
philadelphia digital marketing agency,digital marketing agency,90,,1.3,LOW,,commercial,digital_mkt,False,False
digital marketing agency in belapur,digital marketing agency,90,,0.84,LOW,,commercial,digital_mkt,False,False
digital marketing agency in hsr layout,digital marketing agency,90,,0.61,LOW,,navigational,digital_mkt,False,False
digital marketing agency tagline,digital marketing agency,90,,0,LOW,43,commercial,digital_mkt,False,False
digital marketing agency aurangabad,digital marketing agency,90,,0.29,LOW,3,commercial,digital_mkt,False,False
softsolvate best digital marketing agency in delhi,digital marketing agency,90,,1.04,LOW,,commercial,digital_mkt,True,False
digital marketing for travel agency,digital marketing agency,90,,1.12,LOW,,commercial,digital_mkt,False,False
what do digital marketing agency do,digital marketing agency,90,9,0,LOW,34,informational,digital_mkt,False,True
doors studio creative digital marketing agency in gurgaon & delhi,digital marketing agency,90,,0,,35,commercial,digital_mkt,False,False
best digital marketing agency in london,digital marketing agency,90,,5.56,HIGH,67,commercial,digital_mkt,True,False
digital marketing agency malappuram,digital marketing agency,90,,0,LOW,13,commercial,digital_mkt,False,False
best digital marketing agency in wayanad,digital marketing agency,90,,0,LOW,,commercial,digital_mkt,True,False
vui live digital marketing agency,digital marketing agency,90,,0,LOW,,commercial,digital_mkt,False,False
jaipur digital marketing agency,digital marketing agency,90,,0.31,LOW,24,commercial,digital_mkt,False,False
best digital marketing agency in gurugram,digital marketing agency,90,,0.37,LOW,,commercial,digital_mkt,True,False
right educate digital marketing agency chennai,digital marketing agency,90,,0,LOW,,commercial,digital_mkt,False,False
trikona digital digital marketing training institute & agency,digital marketing agency,90,,0,LOW,,commercial,digital_mkt,False,False
3bf digital marketing agency,digital marketing agency,90,,0,LOW,,commercial,digital_mkt,False,False
digital marketing agency in lower parel,digital marketing agency,90,,0.5,LOW,46,commercial,digital_mkt,False,False
top 10 digital marketing agency in the world,digital marketing agency,90,,0.62,LOW,48,commercial,digital_mkt,True,False
what digital marketing agency do,digital marketing agency,90,9,0,LOW,34,informational,digital_mkt,False,True
digital marketing agency in netaji subhash place,digital marketing agency,90,,0.54,LOW,,commercial,digital_mkt,False,False
digital marketing agency leeds,digital marketing agency,90,,1.22,MEDIUM,87,commercial,digital_mkt,False,False
digital marketing agency brochure,digital marketing agency,90,,0.47,LOW,50,commercial,digital_mkt,False,False
best digital marketing agency in thalassery,digital marketing agency,90,,0,LOW,,commercial,digital_mkt,True,False
digital marketing agency in philadelphia,digital marketing agency,90,,1.3,LOW,,commercial,digital_mkt,False,False
mumbai digital marketing agency,digital marketing agency,90,,0.76,MEDIUM,28,commercial,digital_mkt,False,False
digital marketing agency in leeds,digital marketing agency,90,,1.22,MEDIUM,87,commercial,digital_mkt,False,False
impreza technologies best digital marketing agency in kochi kerala,digital marketing agency,90,,0,,,commercial,digital_mkt,True,False
247 digital marketing agency,digital marketing agency,90,,0,LOW,,commercial,digital_mkt,False,False
digital marketing agency in kottayam,digital marketing agency,90,,0.5,LOW,,commercial,digital_mkt,False,False
anvaya digital marketing agency,digital marketing agency,90,,4.23,LOW,,commercial,digital_mkt,False,False
real estate digital marketing agency in hyderabad,digital marketing agency,90,,0,LOW,,commercial,digital_mkt,False,False
hesh media digital marketing agency in amritsar punjab,digital marketing agency,90,,1.25,LOW,,commercial,digital_mkt,False,False
digital marketing agency in jharkhand,digital marketing agency,90,,0.01,LOW,40,commercial,digital_mkt,False,False
digital marketing travel agency,digital marketing agency,90,,1.12,LOW,,commercial,digital_mkt,False,False
dinero digital marketing agency in kerala kakkanad,digital marketing agency,90,,0,LOW,,commercial,digital_mkt,False,False
digital marketing agency in nashville,digital marketing agency,90,,0,LOW,,commercial,digital_mkt,False,False
digilinkers best digital marketing agency in delhi website development,digital marketing agency,90,,0,LOW,,commercial,web_design,True,False
best digital marketing agency in gujarat,digital marketing agency,90,,1.78,LOW,,commercial,digital_mkt,True,False
leeds digital marketing agency,digital marketing agency,90,,1.22,MEDIUM,87,commercial,digital_mkt,False,False
what does a digital marketing agency do,digital marketing agency,90,9,0,LOW,34,informational,digital_mkt,False,True
best digital marketing agency in west delhi,digital marketing agency,90,,0,LOW,,commercial,digital_mkt,True,False
digital marketing agency borivali,digital marketing agency,90,,0.27,LOW,22,commercial,digital_mkt,False,False
the patterns company best digital marketing agency in hyderabad,digital marketing agency,90,,0,LOW,,commercial,digital_mkt,True,False
digital marketing and web design agency,digital marketing agency,90,,0,LOW,,commercial,web_design,False,False
best digital marketing agency in uk,digital marketing agency,90,,3.81,MEDIUM,,commercial,digital_mkt,True,False
seowp digital marketing agency,digital marketing agency,90,,0.15,LOW,,commercial,digital_mkt,False,False
digital marketing agency in virar,digital marketing agency,90,,0.22,LOW,,commercial,digital_mkt,False,False
digital marketing agency in kukatpally,digital marketing agency,90,,1.23,LOW,,commercial,digital_mkt,False,False
digital marketing agency nearby,digital marketing agency,90,,0.69,LOW,49,commercial,digital_mkt,False,False
performance digital marketing agency,digital marketing agency,90,,2.91,LOW,48,commercial,digital_mkt,False,False
digital marketing agency in panipat,digital marketing agency,90,,0.11,LOW,,commercial,digital_mkt,False,False
best digital marketing agency in jodhpur,digital marketing agency,90,,0.5,LOW,,commercial,digital_mkt,True,False
digital marketing agency in siwan,digital marketing agency,90,,0,LOW,,commercial,digital_mkt,False,False
top digital marketing agency in london,digital marketing agency,90,,5.56,HIGH,,commercial,digital_mkt,True,False
best digital marketing agency website,digital marketing agency,90,,0.72,LOW,55,commercial,digital_mkt,True,False
best digital marketing agency in canada,digital marketing agency,90,,2.2,MEDIUM,,commercial,digital_mkt,True,False
best digital marketing agency in jhansi,digital marketing agency,90,,0.07,LOW,,commercial,digital_mkt,True,False
digital marketing agency in bathinda,digital marketing agency,90,,0,LOW,,commercial,digital_mkt,False,False
busfam branding & creative digital marketing agency in kolkata,digital marketing agency,90,,0,,,commercial,digital_mkt,False,False
digital marketing agency taglines,digital marketing agency,90,,0,LOW,43,commercial,digital_mkt,False,False
haviik adtech digital marketing agency & training institute ujjain,digital marketing agency,90,,0,LOW,,commercial,digital_mkt,False,False
digital marketing agency in vasai,digital marketing agency,90,,1.88,LOW,47,commercial,digital_mkt,False,False
nashville digital marketing agency,digital marketing agency,90,,0,LOW,,commercial,digital_mkt,False,False
digital performance marketing agency,digital marketing agency,90,,2.91,LOW,,commercial,other,False,False
digicrocs com best digital marketing agency in noida delhi ncr,digital marketing agency,90,,0,LOW,,commercial,digital_mkt,True,False
kolkata digital marketing agency,digital marketing agency,90,,0.46,LOW,81,commercial,digital_mkt,False,False
best digital marketing agency london,digital marketing agency,90,,5.56,HIGH,67,commercial,digital_mkt,True,False
digital marketing agency in andheri west,digital marketing agency,90,,0.34,LOW,43,commercial,digital_mkt,False,False
digital marketing agency in maharashtra,digital marketing agency,90,,0,LOW,,commercial,digital_mkt,False,False
digital marketing agency blogs,digital marketing agency,90,,4.37,LOW,56,commercial,digital_mkt,False,False
digital marketing agency malad,digital marketing agency,90,,0.69,LOW,42,commercial,digital_mkt,False,False
deasy solution digital marketing agency & career academy,digital marketing agency,90,,0,,,navigational,digital_mkt,False,False
digital marketing agency near by me,digital marketing agency,90,,0.6,LOW,0,commercial,digital_mkt,False,False
digital marketing agency in alwar,digital marketing agency,90,,0,LOW,,commercial,digital_mkt,False,False
digital marketing agency in mathura,digital marketing agency,90,,0,LOW,,commercial,digital_mkt,False,False
digital marketing agency in uttar pradesh,digital marketing agency,90,,0,LOW,,commercial,digital_mkt,False,False
digital vasai best digital marketing agency in india,digital marketing agency,90,,0,LOW,,commercial,digital_mkt,True,False
denver digital marketing agency,digital marketing agency,90,,7.93,LOW,,commercial,digital_mkt,False,False
digital marketing agency blog,digital marketing agency,90,,4.37,LOW,56,commercial,digital_mkt,False,False
digiworld solution professional digital marketing agency noida,digital marketing agency,90,,0.01,LOW,,commercial,digital_mkt,False,False
digital marketing agency nashville tn,digital marketing agency,90,,0,LOW,,commercial,digital_mkt,False,False
digital marketing agency in west bengal,digital marketing agency,90,,0.09,LOW,,commercial,digital_mkt,False,False
digital marketing agency kota,digital marketing agency,90,,0,LOW,,commercial,digital_mkt,False,False
digital marketing agency jodhpur,digital marketing agency,90,,0.62,LOW,0,commercial,digital_mkt,False,False
digital marketing agency amritsar,digital marketing agency,90,,1.95,LOW,,commercial,digital_mkt,False,False
digital marketing agency in palam,digital marketing agency,90,,0.16,LOW,,commercial,digital_mkt,False,False
digital marketing agency in tirupati,digital marketing agency,90,,0,LOW,,commercial,digital_mkt,False,False
best digital marketing agency in goa,digital marketing agency,90,,0,LOW,,commercial,digital_mkt,True,False
digital marketing agency in denver,digital marketing agency,90,,7.93,LOW,75,commercial,digital_mkt,False,False
360 digital marketing agency,digital marketing agency,90,,1.59,LOW,,commercial,digital_mkt,False,False
creative chacha branding & digital marketing agency,digital marketing agency,90,,0,LOW,,commercial,digital_mkt,False,False
digital marketing agency greater noida,digital marketing agency,90,,0.62,MEDIUM,0,commercial,digital_mkt,False,False
best digital marketing agency in kollam,digital marketing agency,90,,1.04,LOW,,commercial,digital_mkt,True,False
dev digital marketing agency,digital marketing agency,90,,0,LOW,,commercial,digital_mkt,False,False
digital marketing agency salem,digital marketing agency,90,,0.43,LOW,,commercial,digital_mkt,False,False
digital marketing agency in bhavnagar,digital marketing agency,90,,0.58,LOW,,commercial,digital_mkt,False,False
digital marketing agency nashville,digital marketing agency,90,,0,LOW,,commercial,digital_mkt,False,False
digital marketing agency denver co,digital marketing agency,90,,7.93,LOW,,commercial,digital_mkt,False,False
zig zag digital marketing agency manjeri malappuram,digital marketing agency,90,,0,LOW,,commercial,digital_mkt,False,False
nexgen best digital marketing agency in chennai,digital marketing agency,90,,0.62,LOW,,commercial,digital_mkt,True,False
digital marketing agency near,digital marketing agency,90,,0.69,LOW,20,commercial,digital_mkt,False,False
digital marketing agency in haryana,digital marketing agency,90,,1.35,LOW,,commercial,digital_mkt,False,False
best digital marketing agency in greater noida,digital marketing agency,90,,0.68,LOW,,commercial,digital_mkt,True,False
expanse digital performance marketing agency,digital marketing agency,90,,0,LOW,,commercial,other,False,False
best digital marketing agency uk,digital marketing agency,90,,3.81,MEDIUM,,commercial,digital_mkt,True,False
ahmedabad digital marketing agency,digital marketing agency,90,,1.04,MEDIUM,40,commercial,digital_mkt,False,False
digital marketing agency in ambala,digital marketing agency,90,,0.26,LOW,,commercial,digital_mkt,False,False
digital marketing agency jabalpur,digital marketing agency,90,,1.4,LOW,,commercial,digital_mkt,False,False
skiez digital marketing agency,digital marketing agency,90,,0,LOW,,commercial,digital_mkt,False,False
k2 digital marketing agency dehradun,digital marketing agency,90,,0.09,LOW,,commercial,digital_mkt,False,False
what is generative engine optimization geo,generative engine optimization,90,2,0.78,LOW,,informational,ai_seo,False,True
generative engine optimization agency,generative engine optimization,90,,5.23,LOW,,commercial,ai_seo,False,False
answer engine optimization tools,answer engine optimization,90,,2.64,LOW,,informational,ai_seo,False,False
website designing company in delhi with price,web design company,90,,1.4,LOW,18,commercial,web_design,False,False
ai agent developer salary,ai agent development,90,,0.58,LOW,,informational,ai_agents,False,False
top 50 digital marketing companies in india,digital marketing agency,90,,0.55,LOW,26,commercial,digital_mkt,True,False
top 10 digital marketing agencies in the world,digital marketing agency,90,,0.62,LOW,48,commercial,digital_mkt,True,False
seo agency in ranchi,seo agency,70,,0.34,LOW,,commercial,seo,False,False
travel agency seo,seo agency,70,,0.74,LOW,,commercial,seo,False,False
seo agency bristol,seo agency,70,,0,MEDIUM,,commercial,seo,False,False
seo agency in bristol,seo agency,70,,0,MEDIUM,,commercial,seo,False,False
dubai seo agency,seo agency,70,,1.36,MEDIUM,24,commercial,seo,False,False
law firm seo agency,seo agency,70,,0.95,LOW,,commercial,seo,False,False
top seo agency in noida,seo agency,70,,0,LOW,,commercial,seo,True,False
best seo agency in surat,seo agency,70,,3.53,LOW,,commercial,seo,True,False
best seo agency in london,seo agency,70,,2.51,LOW,,commercial,seo,True,False
seo agency in adelaide,seo agency,70,,0,LOW,,commercial,seo,False,False
best seo agency australia,seo agency,70,,15.1,LOW,,commercial,seo,True,False
seo agency in abu dhabi,seo agency,70,,0.71,LOW,,commercial,seo,False,False
amazon seo agency,seo agency,70,,1.14,LOW,,commercial,seo,False,False
top 10 seo agency,seo agency,70,,0,LOW,,commercial,seo,True,False
all seo agency in london,seo agency,70,,8.13,HIGH,71,commercial,seo,False,False
best seo agency rankstar,seo agency,70,,0,LOW,52,commercial,seo,True,False
seo outreach agency,seo agency,70,,2.6,LOW,,commercial,seo,False,False
seo agency in arizona,seo agency,70,,0,LOW,,commercial,seo,False,False
biggest seo agency,seo agency,70,,0.33,LOW,,commercial,seo,True,False
jacksonville seo agency,seo agency,70,,0.05,LOW,,commercial,seo,False,False
seo agency in ontario,seo agency,70,,0,LOW,,commercial,seo,False,False
seo agency in madurai,seo agency,70,,0,LOW,,commercial,seo,False,False
best seo agency in kochi,seo agency,70,,0,LOW,,commercial,seo,True,False
seo agency boston,seo agency,70,,0,LOW,,commercial,seo,False,False
local seo agency in delhi,seo agency,70,,0,LOW,,commercial,seo,False,False
bristol seo agency,seo agency,70,,0,MEDIUM,,commercial,seo,False,False
real estate seo agency,seo agency,70,,0,LOW,,commercial,seo,False,False
seo for travel agency,seo agency,70,,0.74,LOW,,commercial,seo,False,False
bizinnovision pvt ltd best seo agency in delhi,seo agency,70,,0,,,commercial,seo,True,False
seo agency in andheri,seo agency,70,,0,LOW,,commercial,seo,False,False
seo agency in boston,seo agency,70,,0,LOW,,commercial,seo,False,False
top seo agency in delhi,seo agency,70,,1,LOW,56,commercial,seo,True,False
best seo agency in the world,seo agency,70,,0.62,LOW,,commercial,seo,True,False
seo agency in rohini,seo agency,70,,0,LOW,,commercial,seo,False,False
best seo agency in mohali,seo agency,70,,0.27,LOW,,commercial,seo,True,False
white label seo agency india,seo agency,70,,0,LOW,,commercial,seo,False,False
seo and web design agency,seo agency,70,,2.01,LOW,,commercial,web_design,False,False
boston seo agency,seo agency,70,,0,LOW,,commercial,seo,False,False
best seo agency london,seo agency,70,,2.51,LOW,54,commercial,seo,True,False
seo agency perth,seo agency,70,,8.49,LOW,,commercial,seo,False,False
seo agency in ghaziabad,seo agency,70,,0,LOW,,commercial,seo,False,False
seo company seattle,seo company,70,,0.69,LOW,,commercial,seo,False,False
website designing seo company,seo company,70,,2.01,LOW,,commercial,web_design,False,False
seo company in thrissur,seo company,70,,0,LOW,44,commercial,seo,False,False
seo company in auckland,seo company,70,,5.82,LOW,96,commercial,seo,False,False
seo service company in usa,seo company,70,,0,MEDIUM,71,commercial,seo,False,False
seo and website design company,seo company,70,,2.01,LOW,,commercial,web_design,False,False
seo company in bristol,seo company,70,,21.1,MEDIUM,50,commercial,seo,False,False
top seo company in delhi ncr,seo company,70,,1.34,LOW,,commercial,seo,True,False
wordpress seo company,seo company,70,,0,LOW,,commercial,seo,False,False
web design and seo company,seo company,70,,2.01,LOW,,commercial,web_design,False,False
world best seo company,seo company,70,,0.62,LOW,,commercial,seo,True,False
seo services company hyderabad,seo company,70,,0,LOW,47,commercial,seo,False,False
seo service company in bangalore,seo company,70,,5.35,LOW,59,commercial,seo,False,False
best seo outsourcing company,seo company,70,,0,LOW,,commercial,seo,True,False
seo smo company,seo company,70,,2.18,LOW,,commercial,seo,False,False
seo company in nottingham,seo company,70,,6.88,HIGH,,commercial,seo,False,False
best seo company london,seo company,70,,2.51,LOW,62,commercial,seo,True,False
riofos seo company & website development,seo company,70,,0,LOW,,commercial,web_design,False,False
web design seo company,seo company,70,,2.01,LOW,,commercial,web_design,False,False
brampton seo company,seo company,70,,0,LOW,,commercial,seo,False,False
seo company salem,seo company,70,,0.62,LOW,,commercial,seo,False,False
seo services company in usa,seo company,70,,0,MEDIUM,,commercial,seo,False,False
seo consultant company,seo company,70,,0.52,LOW,,commercial,seo,False,False
seo company in kuwait,seo company,70,,1.38,LOW,,commercial,seo,False,False
best seo company in australia,seo company,70,,15.1,LOW,,commercial,seo,True,False
capsicum mediaworks seo company in mumbai,seo company,70,,0,,,commercial,seo,False,False
arizona seo company,seo company,70,,0,LOW,54,commercial,seo,False,False
top austin seo company,seo company,70,,0,LOW,,commercial,seo,True,False
leeds seo company,seo company,70,,3.23,LOW,50,commercial,seo,False,False
sunlight digital tech digital marketing surat seo company website design,seo company,70,,0,LOW,,commercial,web_design,False,False
best seo company in world,seo company,70,,0.62,LOW,,commercial,seo,True,False
seo company in patiala,seo company,70,,0.16,LOW,32,commercial,seo,False,False
seo company in rohini,seo company,70,,1.02,LOW,43,commercial,seo,False,False
seo company in rishikesh,seo company,70,,0,LOW,47,commercial,seo,False,False
biggest seo company,seo company,70,,0.33,LOW,,commercial,seo,True,False
best seo company worldwide,seo company,70,,0.62,LOW,,commercial,seo,True,False
worlds best seo company,seo company,70,,0.62,LOW,,commercial,seo,True,False
gap infotech best seo company in gurgaon,seo company,70,,0,LOW,,commercial,seo,True,False
seo company in leeds,seo company,70,,3.23,LOW,50,commercial,seo,False,False
seo company arizona,seo company,70,,0,LOW,54,commercial,seo,False,False
seo company in brampton,seo company,70,,0,LOW,,commercial,seo,False,False
seo company in salem,seo company,70,,0.62,LOW,43,commercial,seo,False,False
seo service provider company,seo company,70,,0,LOW,85,commercial,seo,False,False
seo services company in chennai,seo company,70,,0,LOW,65,commercial,seo,False,False
seo services company usa,seo company,70,,0,MEDIUM,,commercial,seo,False,False
seo and web design company,seo company,70,,2.01,LOW,,commercial,web_design,False,False
professional seo company mumbai,seo company,70,,0,LOW,,commercial,seo,False,False
top seo company delhi,seo company,70,,1.34,LOW,29,commercial,seo,True,False
seo company brampton,seo company,70,,0,LOW,,commercial,seo,False,False
seo company kuwait,seo company,70,,1.38,LOW,,commercial,seo,False,False
seo company in jacksonville,seo company,70,,0.05,LOW,,commercial,seo,False,False
seo company jacksonville,seo company,70,,0.05,LOW,,commercial,seo,False,False
wit solution website development & best seo company,seo company,70,,0,LOW,,commercial,web_design,True,False
best seo company in the world,seo company,70,,0.62,LOW,83,commercial,seo,True,False
seo web design company,seo company,70,,2.01,LOW,,commercial,web_design,False,False
top ten seo company,seo company,70,,0,LOW,,commercial,seo,True,False
organic seo company,seo company,70,,0,LOW,50,commercial,seo,False,False
local seo company in jaipur,seo company,70,,0.07,LOW,,commercial,seo,False,False
best seo company in dwarka,seo company,70,,0,LOW,,commercial,seo,True,False
seo services company in bangalore,seo company,70,,5.35,LOW,59,commercial,seo,False,False
all seo company in london,seo company,70,,9.99,HIGH,42,commercial,seo,False,False
seo services company in hyderabad,seo company,70,,0,LOW,47,commercial,seo,False,False
seattle seo company,seo company,70,,0.69,LOW,,commercial,seo,False,False
top 10 seo company,seo company,70,,0,LOW,83,commercial,seo,True,False
seo services provider company,seo company,70,,0,LOW,60,commercial,seo,False,False
local seo company in noida,seo company,70,,0.62,LOW,,commercial,seo,False,False
boston seo company,seo company,70,,0,LOW,,commercial,seo,False,False
seo company ranchi,seo company,70,,0,LOW,47,commercial,seo,False,False
seo company in seattle,seo company,70,,0.69,LOW,,commercial,seo,False,False
jacksonville seo company,seo company,70,,0.05,LOW,,commercial,seo,False,False
seo company for schools,seo company,70,,0,LOW,,commercial,seo,False,False
seo consulting company,seo company,70,,0.52,LOW,,commercial,seo,False,False
website design and seo company,seo company,70,,2.01,LOW,,commercial,web_design,False,False
lets digital marketing best seo company in delhi ncr,seo company,70,,0,LOW,,commercial,digital_mkt,True,False
roofing seo company,seo company,70,,0,LOW,,commercial,seo,False,False
esearch logix top seo company in india,seo company,70,,0,,,commercial,seo,True,False
seo company in liverpool,seo company,70,,0.63,MEDIUM,48,commercial,seo,False,False
seo company jacksonville fl,seo company,70,,0.05,LOW,,commercial,seo,False,False
seo company liverpool,seo company,70,,0.63,MEDIUM,48,commercial,seo,False,False
best seo company in ahmedabad india,seo company,70,,0,LOW,,commercial,seo,True,False
professional seo company in mumbai,seo company,70,,0,LOW,,commercial,seo,False,False
best seo company in london,seo company,70,,2.51,LOW,62,commercial,seo,True,False
seo company in ranchi,seo company,70,,0,LOW,47,commercial,seo,False,False
seo website design company,seo company,70,,2.01,LOW,,commercial,web_design,False,False
seo company leeds,seo company,70,,3.23,LOW,50,commercial,seo,False,False
seo service company in hyderabad,seo company,70,,0,LOW,47,commercial,seo,False,False
seo service company in chennai,seo company,70,,0,LOW,65,commercial,seo,False,False
outsource seo company,seo company,70,,1.81,LOW,9,commercial,seo,False,False
seo company nottingham,seo company,70,,6.88,HIGH,,commercial,seo,False,False
seo company oman,seo company,70,,0,LOW,,commercial,seo,False,False
seo company in arizona,seo company,70,,0,LOW,54,commercial,seo,False,False
seo company in jacksonville fl,seo company,70,,0.05,LOW,,commercial,seo,False,False
seo company in oman,seo company,70,,0,LOW,,commercial,seo,False,False
outsourcing seo company,seo company,70,,1.81,LOW,4,commercial,seo,False,False
best seo company australia,seo company,70,,15.1,LOW,60,commercial,seo,True,False
seo services in sydney,seo services,70,,3.55,LOW,95,commercial,seo,False,False
best seo services australia,seo services,70,,15.1,LOW,,commercial,seo,True,False
seo and web design services,seo services,70,,0.57,LOW,,commercial,web_design,False,False
affordable seo services mumbai,seo services,70,,0,LOW,,commercial,seo,True,False
best seo services in ghaziabad,seo services,70,,0,LOW,,commercial,seo,True,False
seo services in la,seo services,70,,3.13,LOW,,commercial,seo,False,False
multilingual seo services,seo services,70,,0,LOW,44,commercial,seo,False,False
seo services perth,seo services,70,,8.49,LOW,,commercial,seo,False,False
white hat seo services,seo services,70,,0,LOW,,commercial,seo,False,False
web design and seo services,seo services,70,,0.57,LOW,,commercial,web_design,False,False
rank seo services,seo services,70,,0.94,LOW,,commercial,seo,False,False
seo services in vijayawada,seo services,70,,0,LOW,28,commercial,seo,False,False
white label seo services for agencies,seo services,70,,0,LOW,,commercial,seo,False,False
seo services singapore,seo services,70,,1.26,LOW,52,commercial,seo,False,False
new york seo services,seo services,70,,5.02,LOW,18,commercial,seo,False,False
whitehat seo services,seo services,70,,0,LOW,,commercial,seo,False,False
google maps seo services,seo services,70,,0,LOW,,commercial,seo,False,False
google map seo services,seo services,70,,0,LOW,,commercial,seo,False,False
los angeles seo services,seo services,70,,3.13,LOW,34,commercial,seo,False,False
fiverr seo services,seo services,70,,0.75,LOW,,commercial,seo,False,False
automated seo services,seo services,70,,0,LOW,,commercial,seo,False,False
london seo services,seo services,70,,3.75,LOW,71,commercial,seo,False,False
seo services in london,seo services,70,,6.76,MEDIUM,75,commercial,seo,False,False
website design and seo services,seo services,70,,0.57,LOW,,commercial,web_design,False,False
seo services la,seo services,70,,3.13,LOW,,commercial,seo,False,False
seo services provider in ahmedabad,seo services,70,,6.45,LOW,100,commercial,seo,False,False
local seo services in jaipur,seo services,70,,0,LOW,9,commercial,seo,False,False
seo services in la ca,seo services,70,,3.13,LOW,,commercial,seo,False,False
affordable seo services in mumbai,seo services,70,,0,LOW,,commercial,seo,True,False
auto seo services,seo services,70,,0,LOW,,commercial,seo,False,False
website design seo services,seo services,70,,0.57,LOW,,commercial,web_design,False,False
seo for financial services,seo services,70,,0,LOW,,commercial,seo,False,False
best seo services in delhi ncr,seo services,70,,0,LOW,54,commercial,seo,True,False
freelance seo services in delhi,seo services,70,,0,LOW,,commercial,seo,False,False
best seo services providers,seo services,70,,3.72,LOW,68,commercial,seo,True,False
seo services guwahati,seo services,70,,0,LOW,46,commercial,seo,False,False
affordable seo services in noida,seo services,70,,0,LOW,,commercial,seo,True,False
affordable seo services in usa,seo services,70,,0,LOW,,commercial,seo,True,False
local seo services in noida,seo services,70,,0,LOW,,commercial,seo,False,False
magento seo services,seo services,70,,0,LOW,,commercial,ecommerce,False,False
ai driven seo services,seo services,70,,5.1,LOW,,commercial,seo,False,False
seo services for ecommerce website,seo services,70,,0.84,LOW,,commercial,ecommerce,False,False
seo services los angeles ca,seo services,70,,3.13,LOW,,commercial,seo,False,False
seo services in thrissur,seo services,70,,0,LOW,,commercial,seo,False,False
woocommerce seo services,seo services,70,,0,LOW,,commercial,ecommerce,False,False
best seo services in faridabad,seo services,70,,0,LOW,,commercial,seo,True,False
best seo services in usa,seo services,70,,6.37,LOW,72,commercial,seo,True,False
seo services in guwahati,seo services,70,,0,LOW,46,commercial,seo,False,False
finance seo services,seo services,70,,0,LOW,,commercial,seo,False,False
seo ranking services,seo services,70,,0.94,LOW,,commercial,seo,False,False
best seo services in gurgaon,seo services,70,,3.36,LOW,58,commercial,seo,True,False
seo services fiverr,seo services,70,,0.75,LOW,,commercial,seo,False,False
seo services on fiverr,seo services,70,,0.75,LOW,,commercial,seo,False,False
seo services ranked,seo services,70,,0.94,LOW,79,commercial,seo,False,False
seo financial services,seo services,70,,0,LOW,,commercial,seo,False,False
seo services sydney,seo services,70,,3.55,LOW,95,commercial,seo,False,False
seo services for ecommerce websites,seo services,70,,0.84,LOW,,commercial,ecommerce,False,False
local seo services in pune,seo services,70,,0,LOW,,commercial,seo,False,False
best seo services in agra,seo services,70,,0.44,LOW,,commercial,seo,True,False
top 10 seo services,seo services,70,,0,LOW,,commercial,seo,True,False
seo services london,seo services,70,,3.75,LOW,75,commercial,seo,False,False
seo services in los angeles,seo services,70,,3.13,LOW,71,commercial,seo,False,False
seo services in meerut,seo services,70,,0,LOW,,commercial,seo,False,False
best seo services in united states,seo services,70,,6.37,LOW,,commercial,seo,True,False
seo services thrissur,seo services,70,,0,LOW,,commercial,seo,False,False
web design seo services,seo services,70,,0.57,LOW,,commercial,web_design,False,False
seo content creation services,seo services,70,,0,LOW,,commercial,seo,False,False
sim shis seo services,seo services,70,,0,LOW,,commercial,seo,False,False
local seo services singapore,seo services,70,,0,LOW,,commercial,seo,False,False
seo services in calicut,seo services,70,,0,LOW,,commercial,seo,False,False
affordable seo services usa,seo services,70,,0,LOW,,commercial,seo,True,False
chatgpt seo services,seo services,70,,3.3,LOW,,commercial,seo,False,False
best seo services provider,seo services,70,,3.72,LOW,58,commercial,seo,True,False
godaddy seo services,seo services,70,,2.42,LOW,,commercial,seo,False,False
seo services full form,seo services,70,,0,LOW,,commercial,seo,False,False
seo services in gorakhpur,seo services,70,,0,LOW,43,commercial,seo,False,False
best seo services in mohali,seo services,70,,0.74,LOW,,commercial,seo,True,False
seo services new york,seo services,70,,5.02,LOW,18,commercial,seo,False,False
seo outsourcing services india,seo services,70,,0,LOW,50,commercial,seo,False,False
seo services vijayawada,seo services,70,,0,LOW,28,commercial,seo,False,False
financial services seo,seo services,70,,0,LOW,,commercial,seo,False,False
ecommerce seo services in mumbai,seo services,70,,1.53,LOW,,commercial,ecommerce,False,False
seo services companies in bangalore,seo services,70,,5.35,LOW,59,commercial,seo,False,False
seo rank services,seo services,70,,0.94,LOW,,commercial,seo,False,False
seo web design services,seo services,70,,0.57,LOW,,commercial,web_design,False,False
automotive seo services,seo services,70,,0,LOW,,commercial,seo,False,False
seo services gorakhpur,seo services,70,,0,LOW,,commercial,seo,False,False
best seo services in london,seo services,70,,2.51,LOW,,commercial,seo,True,False
seo services in kuwait,seo services,70,,1.38,LOW,,commercial,seo,False,False
ai overviews seo,ai seo,70,,3.06,LOW,,commercial,seo,False,False
surfer seo ai content detector,ai seo,70,,0,LOW,,commercial,seo,False,False
seo in ai,ai seo,70,,1.47,LOW,40,informational,seo,False,False
ai overview seo,ai seo,70,,3.06,LOW,,commercial,seo,False,False
ai driven seo tool,ai seo,70,,0,LOW,,commercial,seo,False,False
youtube seo ai,ai seo,70,,1.64,MEDIUM,2,commercial,seo,False,False
ai seo marketing,ai seo,70,,4.84,LOW,,commercial,ai_seo,False,False
seo studio tools ai,ai seo,70,,2.08,MEDIUM,,commercial,seo,False,False
seo in the age of ai,ai seo,70,,0,LOW,,informational,seo,False,False
ai based seo,ai seo,70,,4.54,MEDIUM,,commercial,seo,False,False
ai driven seo tools,ai seo,70,,0,LOW,,commercial,seo,False,False
seo writing ai free,ai seo,70,,0.64,LOW,,commercial,seo,False,False
seo tools ai detector,ai seo,70,,0.42,LOW,,commercial,seo,False,False
seo ai keyword rank checker,ai seo,70,,1.13,LOW,,commercial,seo,False,False
ai detector small seo tools,ai seo,70,,0,LOW,53,commercial,seo,False,False
ai seo analyzer,ai seo,70,,2.95,LOW,,commercial,ai_seo,False,False
seo writer ai free,ai seo,70,,0.64,LOW,,commercial,seo,False,False
seo ai generator,ai seo,70,,0.74,HIGH,,commercial,seo,False,False
ai seo consultant,ai seo,70,,0,LOW,,commercial,ai_seo,False,False
web design software company,web design company,70,,0.56,LOW,,commercial,web_design,False,False
slogan for web design company,web design company,70,,0,LOW,44,commercial,web_design,False,False
web design company in anand,web design company,70,,0.5,LOW,0,commercial,web_design,False,False
web design company in south africa,web design company,70,,0,LOW,,commercial,web_design,False,False
web design for software company,web design company,70,,0.56,LOW,,commercial,web_design,False,False
website grow best web design company jamshedpur,web design company,70,,0,LOW,,commercial,web_design,True,False
web design company in vasai,web design company,70,,0,LOW,0,commercial,web_design,False,False
best web design company in pune,web design company,70,,0.34,LOW,96,commercial,web_design,True,False
best web design company in trichy,web design company,70,,0.05,LOW,47,commercial,web_design,True,False
software company web design,web design company,70,,0.56,LOW,,commercial,web_design,False,False
web design company in brisbane,web design company,70,,2.96,LOW,100,commercial,web_design,False,False
web design company in mississauga,web design company,70,,0,LOW,,commercial,web_design,False,False
best web design company in patna,web design company,70,,0.3,LOW,21,commercial,web_design,True,False
web design company website templates,web design company,70,,1.16,LOW,,commercial,web_design,False,False
dublin web design company,web design company,70,,2.97,LOW,,commercial,web_design,False,False
template for web design company,web design company,70,,1.16,LOW,60,navigational,web_design,False,False
web design company website template,web design company,70,,1.16,LOW,60,navigational,web_design,False,False
drupal web design company,web design company,70,,0,LOW,,commercial,web_design,False,False
web design company in texas,web design company,70,,5.81,LOW,51,commercial,web_design,False,False
website template for web design company,web design company,70,,1.16,LOW,,navigational,web_design,False,False
web design company in delhi pitampura,web design company,70,,0.06,LOW,,commercial,web_design,False,False
best web design company singapore,web design company,70,,2.82,LOW,,commercial,web_design,True,False
best web design company in singapore,web design company,70,,2.82,LOW,,commercial,web_design,True,False
web design company templates,web design company,70,,1.16,LOW,60,commercial,web_design,False,False
web design company in houston texas,web design company,70,,2.66,LOW,81,commercial,web_design,False,False
eazybyts digital marketing and web design development company in meerut,web design company,70,,0,LOW,,commercial,web_design,False,False
web design company template,web design company,70,,1.16,LOW,60,navigational,web_design,False,False
best web design company pune,web design company,70,,0.34,LOW,,commercial,web_design,True,False
web design company brisbane,web design company,70,,2.96,LOW,100,commercial,web_design,False,False
web design company in thanjavur,web design company,70,,0.15,LOW,,commercial,web_design,False,False
web design company in jamshedpur,web design company,70,,0.77,LOW,,commercial,web_design,False,False
web design company texas,web design company,70,,5.81,LOW,,commercial,web_design,False,False
top ten web design company,web design company,70,,3.3,MEDIUM,,commercial,web_design,True,False
ais innovate graphic design web design branding company in ahmedabad,web design company,70,,0,LOW,,commercial,web_design,False,False
web design company in south delhi,web design company,70,,0.22,LOW,54,commercial,web_design,False,False
company web design template,web design company,70,,1.16,LOW,60,navigational,web_design,False,False
web design company in rohini,web design company,70,,0.43,LOW,,commercial,web_design,False,False
business web design company,web design company,70,,0.38,LOW,,commercial,web_design,False,False
web design company thrissur,web design company,70,,0.87,LOW,0,navigational,web_design,False,False
best web design company in gurgaon,web design company,70,,0.77,LOW,,commercial,web_design,True,False
slogans for web design company,web design company,70,,0,LOW,,commercial,web_design,False,False
web design company vadodara,web design company,70,,0.1,LOW,6,navigational,web_design,False,False
web design company in hosur,web design company,70,,0,LOW,47,navigational,web_design,False,False
web design company in janakpuri,web design company,70,,1.69,LOW,,commercial,web_design,False,False
best company web design,web design company,70,,0.82,LOW,40,commercial,web_design,True,False
ozosoft website design web & mobile app development company,web design company,70,,0,LOW,,navigational,web_design,False,False
web design company in hyderabad india,web design company,70,,1.97,LOW,,commercial,web_design,False,False
responsive web design company in india,web design company,70,,0,LOW,,commercial,web_design,False,False
top 10 web design company in india,web design company,70,,1.22,MEDIUM,,commercial,web_design,True,False
web design company abu dhabi,web design company,70,,0,LOW,18,commercial,web_design,False,False
web design company in liverpool,web design company,70,,5.47,LOW,100,commercial,web_design,False,False
web design company rohini,web design company,70,,0.43,LOW,,navigational,web_design,False,False
node.js web development company,web development company,70,,0,LOW,51,commercial,web_design,False,False
web development company in punjab,web development company,70,,0,LOW,72,commercial,web_design,False,False
web development company in erode,web development company,70,,0.6,LOW,,navigational,web_design,False,False
react web development company,web development company,70,,0,LOW,,commercial,web_design,False,False
web development company vadodara,web development company,70,,0.1,LOW,15,navigational,web_design,False,False
vivo professional services private limited web application development company,web development company,70,,0,LOW,,navigational,other,False,False
web development company in spain,web development company,70,,0,LOW,,commercial,web_design,False,False
java web application development company,web development company,70,,0,LOW,,commercial,other,False,False
web development company mohali,web development company,70,,1.6,LOW,0,commercial,web_design,False,False
web-development-company-hyderabad,web development company,70,,2.1,LOW,,navigational,other,False,False
php web development company in india,web development company,70,,0,LOW,50,commercial,web_design,False,False
web development company in dwarka,web development company,70,,1.37,LOW,,commercial,web_design,False,False
coimbatore web development company,web development company,70,,0.9,LOW,14,navigational,web_design,False,False
codemantra solutions web & mobile development company,web development company,70,,0,LOW,,commercial,other,False,False
ecommerce web development company in jaipur,web development company,70,,0,LOW,,commercial,ecommerce,False,False
website template for web development company,web development company,70,,0.36,LOW,,navigational,web_design,False,False
florida web development company,web development company,70,,27.8,MEDIUM,38,commercial,web_design,False,False
web development company in goa,web development company,70,,0.45,LOW,47,commercial,web_design,False,False
webmasters infotech top custom software & web development company,web development company,70,,0,LOW,,commercial,web_design,True,False
web development and digital marketing company,web development company,70,,3.98,MEDIUM,100,commercial,web_design,False,False
node js web development company,web development company,70,,0,LOW,51,commercial,web_design,False,False
web development company in vasai,web development company,70,,0,LOW,0,commercial,web_design,False,False
website templates for web development company,web development company,70,,0.36,LOW,,navigational,web_design,False,False
web development company in st louis,web development company,70,,0,LOW,,commercial,web_design,False,False
web development company florida,web development company,70,,27.8,MEDIUM,38,commercial,web_design,False,False
web development company in melbourne,web development company,70,,3.62,LOW,43,commercial,web_design,False,False
web development company templates,web development company,70,,0.36,LOW,56,commercial,web_design,False,False
php web development company india,web development company,70,,0,LOW,50,commercial,web_design,False,False
web development company melbourne,web development company,70,,3.62,LOW,43,commercial,web_design,False,False
full stack web development company,web development company,70,,0,LOW,,commercial,web_design,False,False
web development company website template,web development company,70,,0.36,LOW,52,navigational,web_design,False,False
web development company in florida,web development company,70,,27.8,MEDIUM,6,commercial,web_design,False,False
web development company london,web development company,70,,2.97,HIGH,28,commercial,web_design,False,False
web development company hyderabad,web development company,70,,2.1,LOW,37,commercial,web_design,False,False
web development company in kota,web development company,70,,0.39,LOW,44,commercial,web_design,False,False
web development company in anand,web development company,70,,0.5,LOW,0,commercial,web_design,False,False
near me web development company,web development company,70,,1.23,MEDIUM,100,commercial,web_design,False,False
backend web development company,web development company,70,,0,LOW,,commercial,web_design,False,False
web development company kota,web development company,70,,0.39,LOW,,commercial,web_design,False,False
web idea solution website and app development company in kolkata,web development company,70,,0,LOW,,commercial,other,False,False
web development company startup,web development company,70,,0.8,MEDIUM,51,commercial,web_design,False,False
web development company dublin,web development company,70,,2.97,LOW,,commercial,web_design,False,False
zop kodai web development company,web development company,70,,0,LOW,,navigational,web_design,False,False
web application development company in usa,web development company,70,,0,LOW,59,commercial,other,False,False
web development company in south africa,web development company,70,,0,LOW,50,commercial,web_design,False,False
web app development company in usa,web development company,70,,0,LOW,,commercial,other,False,False
web development company template,web development company,70,,0.36,LOW,56,navigational,web_design,False,False
best web development company in rajkot,web development company,70,,1.35,LOW,,commercial,web_design,True,False
healthcare web development company,web development company,70,,0,LOW,,commercial,web_design,False,False
healthcare website design agency,website design agency,70,,0,LOW,,commercial,web_design,False,False
website design agency in singapore,website design agency,70,,0,LOW,,commercial,web_design,False,False
website design agency in usa,website design agency,70,,3.48,MEDIUM,74,commercial,web_design,False,False
creative website design agency,website design agency,70,,0.51,LOW,,commercial,web_design,False,False
professional website design agency,website design agency,70,,0,LOW,,commercial,web_design,False,False
singapore website design agency,website design agency,70,,0,LOW,,commercial,web_design,False,False
website design agency mumbai,website design agency,70,,0.87,LOW,52,commercial,web_design,False,False
website design agency in ahmedabad,website design agency,70,,1.7,LOW,100,commercial,web_design,False,False
creative design agency website,website design agency,70,,0.51,LOW,,navigational,other,False,False
b2b website design agency,website design agency,70,,2.04,LOW,,commercial,web_design,False,False
creative agency website design,website design agency,70,,0.51,LOW,,commercial,web_design,False,False
website design agency singapore,website design agency,70,,0,LOW,,commercial,web_design,False,False
website design agency in pune,website design agency,70,,1.53,MEDIUM,,commercial,web_design,False,False
website design agency dublin,website design agency,70,,2.97,LOW,,commercial,web_design,False,False
ecommerce website development company in kolkata,ecommerce development company,70,,0,LOW,2,commercial,ecommerce,False,False
ecommerce development company in noida,ecommerce development company,70,,0,LOW,46,commercial,ecommerce,False,False
ecommerce development company in kochi,ecommerce development company,70,,0,LOW,,commercial,ecommerce,False,False
ecommerce app development company in india,ecommerce development company,70,,2.59,LOW,,commercial,ecommerce,False,False
ecommerce development company mumbai,ecommerce development company,70,,0,MEDIUM,44,commercial,ecommerce,False,False
ecommerce development company in jaipur,ecommerce development company,70,,0,LOW,,commercial,ecommerce,False,False
top ecommerce development company,ecommerce development company,70,,0,LOW,85,commercial,ecommerce,True,False
ecommerce website development company in pune,ecommerce development company,70,,0,LOW,12,commercial,ecommerce,False,False
ecommerce development company in mumbai,ecommerce development company,70,,0,MEDIUM,44,commercial,ecommerce,False,False
ecommerce website development company in gurgaon,ecommerce development company,70,,0,LOW,,commercial,ecommerce,False,False
best ecommerce website development company,ecommerce development company,70,,0,LOW,79,commercial,ecommerce,True,False
ecommerce development company in kerala,ecommerce development company,70,,1.38,LOW,,commercial,ecommerce,False,False
shopify development language,shopify development,70,,0,LOW,,informational,ecommerce,False,False
shopify ecommerce development services,shopify development,70,,0,LOW,,commercial,ecommerce,False,False
shopify development company in dubai,shopify development,70,,0.36,LOW,,commercial,ecommerce,False,False
shopify extension development,shopify development,70,,0,LOW,,commercial,ecommerce,False,False
shopify plugin development,shopify development,70,,0,LOW,51,commercial,ecommerce,False,False
shopify plugins development,shopify development,70,,0,LOW,51,commercial,ecommerce,False,False
shopify website development company in delhi,shopify development,70,,0.28,LOW,,commercial,ecommerce,False,False
shopify mobile app development company,shopify development,70,,0,LOW,,navigational,ecommerce,False,False
best shopify development company in india,shopify development,70,,1.6,LOW,,commercial,ecommerce,True,False
ai agency india,ai agency,70,,2.36,LOW,,commercial,ai_agents,False,False
ai native agency,ai agency,70,,1.18,LOW,,informational,other,False,False
ai content agency,ai agency,70,,1.39,MEDIUM,,commercial,other,False,False
ai automation agency course free,ai agency,70,,0.35,MEDIUM,,informational,ai_agents,False,False
ai automation agency course,ai agency,70,,1.27,MEDIUM,,navigational,ai_agents,False,False
ai marketing agency in india,ai agency,70,,2.2,LOW,,commercial,other,False,False
ai agent agency,ai agency,70,,2.59,MEDIUM,,navigational,ai_agents,False,False
ai agency model,ai agency,70,,0.36,LOW,,commercial,ai_agents,False,False
ai automation agency in bangalore,ai agency,70,,0.92,LOW,,commercial,ai_agents,False,False
custom ai agent development services,ai agent development,70,,0,LOW,,navigational,ai_agents,False,False
ai agent development platform,ai agent development,70,,0,LOW,,commercial,ai_agents,False,False
digital marketing and pr agency,digital marketing agency,70,,0.82,LOW,,commercial,digital_mkt,False,False
digital marketing agency in pcmc,digital marketing agency,70,,0,LOW,,commercial,digital_mkt,False,False
digital marketing agency in mumbai list,digital marketing agency,70,,0.74,MEDIUM,,commercial,digital_mkt,False,False
digital marketing agency photos,digital marketing agency,70,,0,LOW,,commercial,digital_mkt,False,False
top digital marketing agency in surat,digital marketing agency,70,,0.58,LOW,,commercial,digital_mkt,True,False
pr and digital marketing agency,digital marketing agency,70,,0.82,LOW,,commercial,digital_mkt,False,False
digital marketing agency in ernakulam,digital marketing agency,70,,0.33,LOW,,commercial,digital_mkt,False,False
logo for digital marketing agency,digital marketing agency,70,,0.02,LOW,0,commercial,digital_mkt,False,False
us digital marketing agency,digital marketing agency,70,,5.25,HIGH,79,commercial,digital_mkt,False,False
healthcare digital marketing agency in pune,digital marketing agency,70,,1.24,LOW,,commercial,digital_mkt,False,False
top digital marketing agency in kochi,digital marketing agency,70,,0.5,LOW,,commercial,digital_mkt,True,False
digital marketing agency vapi,digital marketing agency,70,,0.2,LOW,,commercial,digital_mkt,False,False
hospitality digital marketing agency,digital marketing agency,70,,7.03,LOW,,commercial,digital_mkt,False,False
digital marketing pr agency,digital marketing agency,70,,0.82,LOW,,commercial,digital_mkt,False,False
digital marketing agency in noida get web india solution,digital marketing agency,70,,0,LOW,,commercial,digital_mkt,False,False
digital marketing agency kollam,digital marketing agency,70,,0.31,LOW,,commercial,digital_mkt,False,False
digital marketing agency in allahabad,digital marketing agency,70,,0.13,LOW,3,commercial,digital_mkt,False,False
white label digital marketing agency india,digital marketing agency,70,,0.93,LOW,43,commercial,digital_mkt,False,False
techeunoia international best digital marketing agency in agra,digital marketing agency,70,,0,LOW,,commercial,digital_mkt,True,False
digital marketing agency in thailand,digital marketing agency,70,,13.83,MEDIUM,,commercial,digital_mkt,False,False
digital marketing agency in cambridge,digital marketing agency,70,,0,MEDIUM,,commercial,digital_mkt,False,False
international digital marketing agency,digital marketing agency,70,,0.45,LOW,,commercial,digital_mkt,False,False
surat digital marketing agency,digital marketing agency,70,,0.45,LOW,9,commercial,digital_mkt,False,False
foinix digital services digital marketing agency in hyderabad,digital marketing agency,70,,0,LOW,,commercial,digital_mkt,False,False
digital marketing agency companies,digital marketing agency,70,,0.72,LOW,,commercial,digital_mkt,False,False
digital marketing agency photo,digital marketing agency,70,,0,LOW,,commercial,digital_mkt,False,False
the grey metaphor branding & digital marketing agency in ahmedabad,digital marketing agency,70,,0,LOW,,commercial,digital_mkt,False,False
real estate digital marketing agency in pune,digital marketing agency,70,,0,LOW,,commercial,digital_mkt,False,False
top digital marketing agency in indore,digital marketing agency,70,,0.8,LOW,,commercial,digital_mkt,True,False
digital marketing agency seattle,digital marketing agency,70,,0.49,LOW,56,commercial,digital_mkt,False,False
digital marketing agency in nsp delhi,digital marketing agency,70,,0.15,LOW,,commercial,digital_mkt,False,False
best digital marketing agency lucknow,digital marketing agency,70,,0.59,LOW,50,commercial,digital_mkt,True,False
chennai digital marketing agency,digital marketing agency,70,,0.61,MEDIUM,31,commercial,digital_mkt,False,False
digital marketing agency in auckland,digital marketing agency,70,,1.42,MEDIUM,100,commercial,digital_mkt,False,False
digital marketing agency for restaurants,digital marketing agency,70,,1.65,LOW,,commercial,digital_mkt,False,False
best digital marketing agency in allahabad,digital marketing agency,70,,0,LOW,2,commercial,digital_mkt,True,False
g digital india performance marketing agency in jaipur,digital marketing agency,70,,0,LOW,,commercial,other,False,False
social beat digital marketing agency,digital marketing agency,70,,0,LOW,,commercial,digital_mkt,False,False
india's best digital marketing agency,digital marketing agency,70,,0.55,LOW,9,commercial,digital_mkt,True,False
digital marketing agency in assam,digital marketing agency,70,,0.58,LOW,,commercial,digital_mkt,False,False
digital marketing agency palakkad,digital marketing agency,70,,0.54,LOW,,commercial,digital_mkt,False,False
digital marketing agency in ghatkopar,digital marketing agency,70,,0.3,LOW,,commercial,digital_mkt,False,False
go business technology digital marketing agency in uttam nagar delhi,digital marketing agency,70,,0,LOW,,commercial,digital_mkt,False,False
digital marketing agency course,digital marketing agency,70,,1.19,MEDIUM,,commercial,digital_mkt,False,False
digital marketing agency definition,digital marketing agency,70,,0,LOW,,informational,digital_mkt,False,False
online digital marketing agency,digital marketing agency,70,,1.73,MEDIUM,69,commercial,digital_mkt,False,False
best digital marketing agency kochi,digital marketing agency,70,,0.42,LOW,56,commercial,digital_mkt,True,False
digital marketing agency in dadar,digital marketing agency,70,,0.13,LOW,,commercial,digital_mkt,False,False
kerplunk digital marketing agency in chennai,digital marketing agency,70,,0,LOW,,commercial,digital_mkt,False,False
dma digital marketing agency,digital marketing agency,70,,0,LOW,,commercial,digital_mkt,False,False
mantrin digital marketing & advertising agency in chandigarh,digital marketing agency,70,,0,LOW,,commercial,digital_mkt,False,False
editvo complete advertising solution digital marketing agency noida,digital marketing agency,70,,0,,,commercial,digital_mkt,False,False
best digital marketing agency in assam,digital marketing agency,70,,0.24,LOW,,commercial,digital_mkt,True,False
digital marketing agency for hospitality,digital marketing agency,70,,7.03,LOW,,commercial,digital_mkt,False,False
digital marketing agency in solapur,digital marketing agency,70,,0,LOW,43,commercial,digital_mkt,False,False
the best digital marketing agency,digital marketing agency,70,,2.16,LOW,33,commercial,digital_mkt,True,False
digital marketing agency in chembur,digital marketing agency,70,,0.66,LOW,,commercial,digital_mkt,False,False
artha creative agency branding and digital marketing agency,digital marketing agency,70,,0,LOW,,navigational,digital_mkt,False,False
digital marketing agency in sharjah,digital marketing agency,70,,0.72,MEDIUM,,commercial,digital_mkt,False,False
digital marketing agency hisar,digital marketing agency,70,,0.18,LOW,4,commercial,digital_mkt,False,False
digital marketing agency meaning,digital marketing agency,70,,0,LOW,52,informational,digital_mkt,False,False
digital marketing agency liverpool,digital marketing agency,70,,0,LOW,50,commercial,digital_mkt,False,False
digital marketing agency bilaspur,digital marketing agency,70,,1.51,LOW,,commercial,digital_mkt,False,False
digital media marketing agency,digital marketing agency,70,,0.76,MEDIUM,80,commercial,other,False,False
digital marketing agency in connaught place,digital marketing agency,70,,0.14,LOW,,commercial,digital_mkt,False,False
pr digital marketing agency,digital marketing agency,70,,0.82,LOW,,commercial,digital_mkt,False,False
digital marketing agency in mumbra,digital marketing agency,70,,0.14,LOW,,commercial,digital_mkt,False,False
digital marketing agency baner,digital marketing agency,70,,0.41,LOW,,commercial,digital_mkt,False,False
healthcare digital marketing agency in delhi,digital marketing agency,70,,0.99,LOW,,commercial,digital_mkt,False,False
digital marketing agency in bikaner,digital marketing agency,70,,0,LOW,,commercial,digital_mkt,False,False
awakening coins digital marketing agency in ghaziabad,digital marketing agency,70,,0,LOW,,commercial,digital_mkt,False,False
orange global best digital marketing agency in noida delhi ncr,digital marketing agency,70,,0,LOW,,commercial,digital_mkt,True,False
digital marketing agency thailand,digital marketing agency,70,,13.83,MEDIUM,,commercial,digital_mkt,False,False
top digital marketing agency near me,digital marketing agency,70,,0.96,LOW,,commercial,digital_mkt,True,False
best digital marketing agency in guntur,digital marketing agency,70,,0,LOW,,commercial,digital_mkt,True,False
digital marketing agency cambridge,digital marketing agency,70,,0,MEDIUM,,commercial,digital_mkt,False,False
digital marketing agency in perth,digital marketing agency,70,,1.56,MEDIUM,,commercial,digital_mkt,False,False
evipran digital marketing agency,digital marketing agency,70,,0,LOW,,commercial,digital_mkt,False,False
digital marketing agency gurugram,digital marketing agency,70,,1.77,LOW,9,commercial,digital_mkt,False,False
digital marketing agency haldwani,digital marketing agency,70,,0.37,LOW,0,commercial,digital_mkt,False,False
digital marketing agency kozhikode,digital marketing agency,70,,0.59,LOW,,commercial,digital_mkt,False,False
revuteck digital marketing agency in hyderabad,digital marketing agency,70,,0.16,LOW,,commercial,digital_mkt,False,False
digital marketing agency in seattle,digital marketing agency,70,,0.49,LOW,56,commercial,digital_mkt,False,False
kerala digital marketing agency,digital marketing agency,70,,0,LOW,58,commercial,digital_mkt,False,False
digital marketing agency in kollam,digital marketing agency,70,,0.37,LOW,,commercial,digital_mkt,False,False
best digital marketing agency in kozhikode,digital marketing agency,70,,0,LOW,,commercial,digital_mkt,True,False
beauty digital marketing agency,digital marketing agency,70,,0,LOW,,commercial,digital_mkt,False,False
digital marketing agency social media posts,digital marketing agency,70,,0,LOW,,navigational,digital_mkt,False,False
webiance digital marketing services agency,digital marketing agency,70,,0,LOW,,commercial,digital_mkt,False,False
digital marketing agency themes,digital marketing agency,70,,0.06,LOW,,commercial,digital_mkt,False,False
ideaslab digital marketing agency branding designing,digital marketing agency,70,,0,LOW,,commercial,digital_mkt,False,False
digital marketing agency calgary,digital marketing agency,70,,0,LOW,,commercial,digital_mkt,False,False
digital marketing agency company,digital marketing agency,70,,0.72,LOW,,commercial,digital_mkt,False,False
sk digital marketing agency,digital marketing agency,70,,0,LOW,,commercial,digital_mkt,False,False
digital marketing agency theme,digital marketing agency,70,,0.06,LOW,,commercial,digital_mkt,False,False
best digital marketing agency in bareilly,digital marketing agency,70,,0,LOW,,commercial,digital_mkt,True,False
digital agency delhi digital marketing agency in delhi,digital marketing agency,70,,0,LOW,31,commercial,digital_mkt,False,False
job in digital marketing agency,digital marketing agency,70,,0.07,LOW,51,commercial,digital_mkt,False,False
digital marketing agency in nikol,digital marketing agency,70,,0.15,LOW,,commercial,digital_mkt,False,False
digital marketing agency in nagercoil,digital marketing agency,70,,0,LOW,,commercial,digital_mkt,False,False
best digital marketing agency in kolhapur,digital marketing agency,70,,0,LOW,,commercial,digital_mkt,True,False
best digital marketing agency in new delhi,digital marketing agency,70,,1.65,LOW,,commercial,digital_mkt,True,False
digital marketing agency in andheri east,digital marketing agency,70,,0.56,LOW,43,commercial,digital_mkt,False,False
digital marketing agency in panvel,digital marketing agency,70,,0.69,LOW,,commercial,digital_mkt,False,False
digital marketing agency logo ideas,digital marketing agency,70,,0.12,LOW,52,commercial,digital_mkt,False,False
q ads digital marketing agency,digital marketing agency,70,,0,LOW,,commercial,digital_mkt,False,False
gravitas consulting digital marketing agency in hyderabad,digital marketing agency,70,,0,LOW,,commercial,digital_mkt,False,False
digital marketing agency in haridwar,digital marketing agency,70,,0.67,LOW,,commercial,digital_mkt,False,False
digital marketing agency courses,digital marketing agency,70,,1.19,MEDIUM,,commercial,digital_mkt,False,False
best digital marketing agency in jalandhar,digital marketing agency,70,,0,LOW,,commercial,digital_mkt,True,False
ignitic ideas digital marketing agency thane mumbai,digital marketing agency,70,,0,LOW,,commercial,digital_mkt,False,False
thrive marketing digital marketing agency,digital marketing agency,70,,0,LOW,,commercial,digital_mkt,False,False
sociologiq branding and digital marketing agency nagpur,digital marketing agency,70,,0,LOW,,commercial,digital_mkt,False,False
digital marketing agency for restaurant,digital marketing agency,70,,1.65,LOW,,commercial,digital_mkt,False,False
digital marketing agency in,digital marketing agency,70,,0,LOW,87,commercial,digital_mkt,False,False
auckland digital marketing agency,digital marketing agency,70,,1.42,MEDIUM,100,commercial,digital_mkt,False,False
digital marketing agency description,digital marketing agency,70,,0,LOW,52,commercial,digital_mkt,False,False
digital marketing agency las vegas,digital marketing agency,70,,3.02,LOW,48,commercial,digital_mkt,False,False
digital marketing agency in liverpool,digital marketing agency,70,,0,LOW,50,commercial,digital_mkt,False,False
digital marketing agency auckland,digital marketing agency,70,,1.42,MEDIUM,100,commercial,digital_mkt,False,False
best digital marketing agency in zirakpur,digital marketing agency,70,,0.07,LOW,,commercial,digital_mkt,True,False
digital marketing agency in near me,digital marketing agency,70,,0.14,LOW,0,commercial,digital_mkt,False,False
digital marketing agency perinthalmanna,digital marketing agency,70,,0.83,LOW,,commercial,digital_mkt,False,False
best digital marketing agency in world,digital marketing agency,70,,0.69,LOW,80,commercial,digital_mkt,True,False
india best digital marketing agency,digital marketing agency,70,,0.55,LOW,9,commercial,digital_mkt,True,False
what are digital marketing agency,digital marketing agency,70,76,0,LOW,,informational,digital_mkt,False,True
jobs in digital marketing agency,digital marketing agency,70,,0.07,LOW,51,commercial,digital_mkt,False,False
digital marketing agency rohini,digital marketing agency,70,,0.38,LOW,0,commercial,digital_mkt,False,False
digital marketing agency for education,digital marketing agency,70,,3.96,LOW,,commercial,digital_mkt,False,False
digital marketing agency in howrah,digital marketing agency,70,,0.33,LOW,,commercial,digital_mkt,False,False
digital marketing agency beauty,digital marketing agency,70,,0,LOW,,commercial,digital_mkt,False,False
enlightened digital marketing software development & digital marketing agency,digital marketing agency,70,,0,LOW,,commercial,digital_mkt,False,False
digital marketing agency moradabad,digital marketing agency,70,,1.59,LOW,,commercial,digital_mkt,False,False
best digital marketing agency in australia,digital marketing agency,70,,3.42,MEDIUM,,commercial,digital_mkt,True,False
leading digital marketing agency,digital marketing agency,70,,0,LOW,,commercial,digital_mkt,True,False
digital marketing agency bareilly,digital marketing agency,70,,0.77,LOW,,commercial,digital_mkt,False,False
influocial technologies pvt ltd digital marketing agency calicut,digital marketing agency,70,,0,LOW,,commercial,digital_mkt,False,False
digital marketing agency in andhra pradesh,digital marketing agency,70,,0.23,LOW,,commercial,digital_mkt,False,False
healthcare digital marketing agency india,digital marketing agency,70,,0,LOW,46,commercial,digital_mkt,False,False
digital marketing agency portfolio pdf,digital marketing agency,70,,0.56,LOW,,navigational,digital_mkt,False,False
digital marketing agency in dubai uae,digital marketing agency,70,,0.63,LOW,,commercial,digital_mkt,False,False
digital marketing agency in adelaide,digital marketing agency,70,,0,MEDIUM,65,commercial,digital_mkt,False,False
saas digital marketing agency,digital marketing agency,70,,2.56,LOW,,commercial,digital_mkt,False,False
digital marketing agency in basti,digital marketing agency,70,,0,LOW,,commercial,digital_mkt,False,False
gk digital marketing training institute & agency,digital marketing agency,70,,0,LOW,,commercial,digital_mkt,False,False
las vegas digital marketing agency,digital marketing agency,70,,3.02,LOW,30,commercial,digital_mkt,False,False
what is a digital marketing agency,digital marketing agency,70,76,0,LOW,63,informational,digital_mkt,False,True
digital marketing agency in las vegas,digital marketing agency,70,,3.02,LOW,48,commercial,digital_mkt,False,False
digital marketing agency in odisha,digital marketing agency,70,,0.26,LOW,,commercial,digital_mkt,False,False
digital marketing agency social media post,digital marketing agency,70,,0,LOW,,navigational,digital_mkt,False,False
vertex digital media best digital marketing agency in noida,digital marketing agency,70,,0,LOW,,commercial,digital_mkt,True,False
digital marketing agency kolhapur,digital marketing agency,70,,0.4,LOW,,commercial,digital_mkt,False,False
digital online marketing agency,digital marketing agency,70,,1.73,MEDIUM,69,commercial,other,False,False
best digital marketing agency in kota,digital marketing agency,70,,0,LOW,,commercial,digital_mkt,True,False
healthcare digital marketing agency in gurgaon,digital marketing agency,70,,0,LOW,,commercial,digital_mkt,False,False
answer engine optimization aeo services,answer engine optimization,70,,0,LOW,,commercial,ai_seo,False,False
top 10 web designing companies in india,web design company,70,,1.22,MEDIUM,54,commercial,web_design,True,False
top 10 website design companies,web design company,70,,3.3,MEDIUM,100,commercial,web_design,True,False
top 10 creative agency websites,web design company,70,,0.3,LOW,,commercial,other,True,False
top 10 web development companies,web development company,70,,1.59,MEDIUM,,commercial,web_design,True,False
top 10 digital marketing company names,digital marketing agency,70,,1.16,LOW,,commercial,digital_mkt,True,False
orlando seo agency,seo agency,50,,10.61,LOW,,commercial,seo,False,False
digi seo agency,seo agency,50,,0,LOW,,commercial,seo,False,False
seo agency washington dc,seo agency,50,,0,,,commercial,seo,False,False
best seo agency in singapore,seo agency,50,,7.22,LOW,,commercial,seo,True,False
seo agency for ecommerce,seo agency,50,,0,LOW,11,commercial,ecommerce,False,False
top seo agency in pune,seo agency,50,,0.67,LOW,,commercial,seo,True,False
b2b saas seo agency,seo agency,50,,26.01,LOW,,commercial,seo,False,False
seo agency in liverpool,seo agency,50,,0.07,MEDIUM,51,commercial,seo,False,False
seo agency reseller,seo agency,50,,0,LOW,,commercial,seo,False,False
seo agency for small business,seo agency,50,,0,LOW,63,commercial,seo,False,False
best seo agency sydney,seo agency,50,,10.29,MEDIUM,55,commercial,seo,True,False
seo agency kochi,seo agency,50,,0,LOW,0,commercial,seo,False,False
best seo agency in varanasi,seo agency,50,,0,LOW,,commercial,seo,True,False
seo agency in nottingham,seo agency,50,,0,LOW,,commercial,seo,False,False
seo agency abu dhabi,seo agency,50,,0.12,LOW,14,commercial,seo,False,False
seo agency virginia,seo agency,50,,0,LOW,,commercial,seo,False,False
seo agency reviews,seo agency,50,,0.42,LOW,,commercial,seo,False,False
national seo agency,seo agency,50,,0,LOW,,commercial,seo,False,False
seo agency hyderabad,seo agency,50,,1.07,LOW,11,commercial,seo,False,False
digital web seo ads agency,seo agency,50,,0,LOW,,commercial,seo,False,False
seo agency san antonio,seo agency,50,,1.32,LOW,,commercial,seo,False,False
seo agency in udaipur,seo agency,50,,0,LOW,,commercial,seo,False,False
seo agency in germany,seo agency,50,,3.9,MEDIUM,,commercial,seo,False,False
best seo agency in thane,seo agency,50,,0.33,LOW,,commercial,seo,True,False
digi seo agency best seo company ahmedabad,seo agency,50,,0,,,commercial,seo,True,False
best seo agency singapore,seo agency,50,,7.22,LOW,75,commercial,seo,True,False
seo agency in malaysia,seo agency,50,,1.85,LOW,,commercial,seo,False,False
seo agency in ukraine,seo agency,50,,0,LOW,,commercial,seo,False,False
seo agency in nashik,seo agency,50,,0,LOW,43,commercial,seo,False,False
seo agency malaysia,seo agency,50,,1.85,LOW,,commercial,seo,False,False
seo agency in gurugram,seo agency,50,,4.97,LOW,,commercial,seo,False,False
medical seo agency,seo agency,50,,0,LOW,,commercial,seo,False,False
top seo agency in ahmedabad,seo agency,50,,1.29,LOW,,commercial,seo,True,False
seo agency navi mumbai,seo agency,50,,0,LOW,0,commercial,seo,False,False
seo marketing agency in india,seo agency,50,,0,LOW,,commercial,seo,False,False
seo agency review,seo agency,50,,0.42,LOW,,commercial,seo,False,False
ecommerce seo agency in india,seo agency,50,,0,LOW,,commercial,ecommerce,False,False
seo agency in miami,seo agency,50,,0,MEDIUM,,commercial,seo,False,False
local seo agency in ahmedabad,seo agency,50,,1.49,LOW,,commercial,seo,False,False
local seo agency in india,seo agency,50,,0.75,LOW,,commercial,seo,False,False
iwrite india digital marketing agency in delhi seo agency,seo agency,50,,0,LOW,,commercial,digital_mkt,False,False
cloud seo best digital marketing agency in ranchi,seo agency,50,,0,LOW,,commercial,digital_mkt,True,False
affordable seo agency in mumbai,seo agency,50,,0,LOW,,commercial,seo,True,False
a new india seo reseller agency,seo agency,50,,0,LOW,,commercial,seo,False,False
seo reseller agency,seo agency,50,,0,LOW,,commercial,seo,False,False
best seo agency uae,seo agency,50,,0,LOW,,commercial,seo,True,False
seo agency in kanpur,seo agency,50,,0,LOW,,commercial,seo,False,False
seo agency nottingham,seo agency,50,,0,LOW,,commercial,seo,False,False
seo agency in seattle,seo agency,50,,0.05,LOW,,commercial,seo,False,False
seo agency dc,seo agency,50,,0,,,commercial,seo,False,False
seo marketing agency india,seo agency,50,,0,LOW,,commercial,seo,False,False
mobile seo agency,seo agency,50,,0.03,LOW,,commercial,seo,False,False
local seo agency in mumbai,seo agency,50,,0,LOW,,commercial,seo,False,False
seo agency seattle,seo agency,50,,0.05,LOW,,commercial,seo,False,False
seattle seo agency,seo agency,50,,0.05,LOW,,commercial,seo,False,False
fintech seo agency,seo agency,50,,0,LOW,,commercial,seo,False,False
seo agency liverpool,seo agency,50,,0.07,MEDIUM,51,commercial,seo,False,False
virginia seo agency,seo agency,50,,0,LOW,,commercial,seo,False,False
seo agency in san antonio,seo agency,50,,1.32,LOW,,commercial,seo,False,False
seo agency for small businesses,seo agency,50,,0,LOW,,commercial,seo,False,False
seo hosting company,seo company,50,,1.75,LOW,,commercial,seo,False,False
seo for hvac company,seo company,50,,0,LOW,,commercial,seo,False,False
seo company in new delhi,seo company,50,,0.08,LOW,54,commercial,seo,False,False
seo company albuquerque,seo company,50,,2.27,MEDIUM,,commercial,seo,False,False
seo company ireland,seo company,50,,0,LOW,54,commercial,seo,False,False
orlando seo company,seo company,50,,10.61,LOW,,commercial,seo,False,False
seo company chicago,seo company,50,,0,LOW,26,commercial,seo,False,False
seo online company,seo company,50,,0,LOW,,commercial,seo,False,False
all seo company in birmingham,seo company,50,,3.38,MEDIUM,23,commercial,seo,False,False
best seo services company in delhi,seo company,50,,0,LOW,,commercial,seo,True,False
best seo company new york,seo company,50,,5.6,MEDIUM,,commercial,seo,True,False
top seo company in chennai,seo company,50,,1.78,LOW,50,commercial,seo,True,False
best seo company new york city,seo company,50,,5.6,MEDIUM,,commercial,seo,True,False
best seo company nyc,seo company,50,,5.6,MEDIUM,,commercial,seo,True,False
top 10 seo company in chennai,seo company,50,,0,LOW,43,commercial,seo,True,False
seo company in washington,seo company,50,,19.53,MEDIUM,,commercial,seo,False,False
seo company in panipat,seo company,50,,0,LOW,,commercial,seo,False,False
seo company mississauga,seo company,50,,2.47,LOW,51,commercial,seo,False,False
seo company review,seo company,50,,0.42,LOW,,commercial,seo,False,False
best seo company in zirakpur,seo company,50,,0,LOW,,commercial,seo,True,False
seo company richmond hill,seo company,50,,0,LOW,,commercial,seo,False,False
best seo company in new york,seo company,50,,5.6,MEDIUM,,commercial,seo,True,False
seo services company gurgaon,seo company,50,,0,LOW,58,commercial,seo,False,False
seo company in yamunanagar,seo company,50,,0.22,LOW,,commercial,seo,False,False
seo company orlando,seo company,50,,10.61,LOW,,commercial,seo,False,False
seo marketing company near me,seo company,50,,0,MEDIUM,,commercial,seo,False,False
seo company in mississauga,seo company,50,,2.47,LOW,51,commercial,seo,False,False
local seo company in pune,seo company,50,,0,LOW,,commercial,seo,False,False
ecommerce seo company in india,seo company,50,,0,LOW,,commercial,ecommerce,False,False
seo services company in gurgaon,seo company,50,,0,LOW,58,commercial,seo,False,False
seo for solar company,seo company,50,,0,LOW,,commercial,seo,False,False
portland seo company,seo company,50,,0.6,LOW,,commercial,seo,False,False
seo company in ambala,seo company,50,,0.14,LOW,44,commercial,seo,False,False
seo company in fort worth,seo company,50,,1.9,LOW,,commercial,seo,False,False
seo service company in coimbatore,seo company,50,,0,LOW,,commercial,seo,False,False
seo optimisation company,seo company,50,,2.73,MEDIUM,100,commercial,seo,False,False
professional seo company in ahmedabad,seo company,50,,0,LOW,,commercial,seo,False,False
alabama seo company,seo company,50,,0,LOW,,commercial,seo,False,False
seo company in alabama,seo company,50,,0,LOW,,commercial,seo,False,False
mobile seo company,seo company,50,,0.03,LOW,,commercial,seo,False,False
seo company brighton,seo company,50,,0,LOW,,commercial,seo,False,False
seo company bradford,seo company,50,,4.44,MEDIUM,,commercial,seo,False,False
seo company columbus ohio,seo company,50,,9.28,LOW,,commercial,seo,False,False
red houston seo company,seo company,50,,3.16,LOW,0,commercial,seo,False,False
seo company in punjab,seo company,50,,0.71,LOW,50,commercial,seo,False,False
malaysia seo company,seo company,50,,1.85,LOW,88,commercial,seo,False,False
michigan seo company,seo company,50,,16.53,HIGH,,commercial,seo,False,False
seo company in gandhinagar,seo company,50,,1.67,LOW,,commercial,seo,False,False
best seo company in navi mumbai,seo company,50,,0,LOW,,commercial,seo,True,False
seo company in bradford,seo company,50,,4.44,MEDIUM,,commercial,seo,False,False
seo company in oxford,seo company,50,,6.39,LOW,,commercial,seo,False,False
seo company in leicester,seo company,50,,2.25,LOW,,commercial,seo,False,False
mist solutions best software website and seo company,seo company,50,,0,,1,commercial,seo,True,False
best seo company in trichy,seo company,50,,0,LOW,,commercial,seo,True,False
top seo company noida,seo company,50,,0,LOW,50,commercial,seo,True,False
seo company portland,seo company,50,,0.6,LOW,,commercial,seo,False,False
seo company in orlando,seo company,50,,10.61,LOW,,commercial,seo,False,False
best seo company ny,seo company,50,,5.6,MEDIUM,,commercial,seo,True,False
seo company in pondicherry,seo company,50,,0,LOW,46,commercial,seo,False,False
seo company sheffield,seo company,50,,3.39,MEDIUM,,commercial,seo,False,False
all seo company in chicago,seo company,50,,1.03,HIGH,55,commercial,seo,False,False
seo company in albuquerque,seo company,50,,2.27,MEDIUM,,commercial,seo,False,False
seo company in gwalior,seo company,50,,0.41,LOW,14,commercial,seo,False,False
seo company in boston,seo company,50,,3.58,LOW,,commercial,seo,False,False
best seo company in panchkula,seo company,50,,0,LOW,,commercial,seo,True,False
best seo company perth,seo company,50,,0,LOW,,commercial,seo,True,False
fort worth seo company,seo company,50,,1.9,LOW,,commercial,seo,False,False
best seo company uae,seo company,50,,0,LOW,,commercial,seo,True,False
all seo company in los angeles,seo company,50,,0.26,MEDIUM,59,commercial,seo,False,False
seo company online,seo company,50,,0,LOW,,commercial,seo,False,False
seo company oxford,seo company,50,,6.39,LOW,,commercial,seo,False,False
plumber seo company,seo company,50,,0,LOW,,commercial,seo,False,False
local seo company in delhi,seo company,50,,0,LOW,2,commercial,seo,False,False
gurgaon seo company,seo company,50,,3.59,LOW,32,commercial,seo,False,False
conductor seo company,seo company,50,,0,LOW,,commercial,seo,False,False
tampa seo company,seo company,50,,0,LOW,,commercial,seo,False,False
all seo company in manchester,seo company,50,,1.09,HIGH,50,commercial,seo,False,False
seo company ottawa,seo company,50,,6.91,MEDIUM,,commercial,seo,False,False
best seo company in perth,seo company,50,,0,LOW,,commercial,seo,True,False
seo company in sheffield,seo company,50,,3.39,MEDIUM,,commercial,seo,False,False
seo company in columbus,seo company,50,,9.28,LOW,,commercial,seo,False,False
best seo company in bhopal,seo company,50,,2.18,LOW,,commercial,seo,True,False
seo company glasgow,seo company,50,,0.33,LOW,51,commercial,seo,False,False
seo company in uttam nagar,seo company,50,,0.25,LOW,,commercial,seo,False,False
seo company in michigan,seo company,50,,16.53,HIGH,,commercial,seo,False,False
how to choose an seo company,seo company,50,0,0,LOW,,informational,seo,False,True
indianapolis seo company,seo company,50,,0,LOW,,commercial,seo,False,False
digital marketing and seo company,seo company,50,,0,LOW,84,commercial,digital_mkt,False,False
award winning seo company,seo company,50,,2.4,LOW,,commercial,seo,False,False
top seo company in bhubaneswar,seo company,50,,0.47,LOW,,commercial,seo,True,False
how to pick an seo company,seo company,50,0,0,LOW,,informational,seo,False,True
seo company in indianapolis,seo company,50,,0,LOW,,commercial,seo,False,False
seo company in ireland,seo company,50,,0,LOW,,commercial,seo,False,False
seo company in tirunelveli,seo company,50,,0,LOW,,commercial,seo,False,False
top seo company in usa,seo company,50,,21.35,MEDIUM,84,commercial,seo,True,False
online seo company,seo company,50,,0,LOW,,commercial,seo,False,False
seo company in tampa,seo company,50,,0,LOW,,commercial,seo,False,False
best seo company in uae,seo company,50,,0,LOW,,commercial,seo,True,False
seo company in guwahati,seo company,50,,0,LOW,47,commercial,seo,False,False
san francisco seo company,seo company,50,,0,LOW,54,commercial,seo,False,False
seo services company in coimbatore,seo company,50,,0,LOW,44,commercial,seo,False,False
seo company indianapolis,seo company,50,,0,LOW,,commercial,seo,False,False
seo company alabama,seo company,50,,0,LOW,,commercial,seo,False,False
seo company lucknow,seo company,50,,0,LOW,0,commercial,seo,False,False
best seo company in nyc,seo company,50,,5.6,MEDIUM,,commercial,seo,True,False
seo company in brighton,seo company,50,,0,LOW,,commercial,seo,False,False
best seo company sydney,seo company,50,,10.29,MEDIUM,,commercial,seo,True,False
seo company reviews,seo company,50,,0.42,LOW,,commercial,seo,False,False
seo company michigan,seo company,50,,16.53,HIGH,,commercial,seo,False,False
top 10 seo company in noida,seo company,50,,0.87,LOW,,commercial,seo,True,False
seo company in ottawa,seo company,50,,6.91,MEDIUM,,commercial,seo,False,False
chicago seo company,seo company,50,,0,LOW,26,commercial,seo,False,False
columbus seo company,seo company,50,,9.28,LOW,,commercial,seo,False,False
all seo company in sydney,seo company,50,,8.12,MEDIUM,34,commercial,seo,False,False
seo company in malaysia,seo company,50,,4.51,LOW,88,commercial,seo,False,False
seo company fort worth tx,seo company,50,,1.9,LOW,,commercial,seo,False,False
seo company in glasgow,seo company,50,,0.33,LOW,51,commercial,seo,False,False
ottawa seo company,seo company,50,,6.91,MEDIUM,,commercial,seo,False,False
seo company in portland oregon,seo company,50,,0.6,LOW,,commercial,seo,False,False
best seo company in thrissur,seo company,50,,0,LOW,,commercial,seo,True,False
how to choose seo company,seo company,50,0,0,LOW,,informational,seo,False,True
top seo company in mohali,seo company,50,,0.28,LOW,,commercial,seo,True,False
seo company tampa,seo company,50,,0,LOW,,commercial,seo,False,False
seo company in portland,seo company,50,,0.6,LOW,,commercial,seo,False,False
best seo company in sydney,seo company,50,,10.29,MEDIUM,,commercial,seo,True,False
seo company in pitampura,seo company,50,,0,LOW,,commercial,seo,False,False
international seo company,seo company,50,,0,LOW,,commercial,seo,False,False
seo company fort worth,seo company,50,,1.9,LOW,,commercial,seo,False,False
best seo company in germany,seo company,50,,0,LOW,,commercial,seo,True,False
top seo company in patna,seo company,50,,0,LOW,,commercial,seo,True,False
best seo company in greater noida,seo company,50,,0,LOW,,commercial,seo,True,False
seo services for photographers,seo services,50,,0,LOW,,commercial,seo,False,False
backlink seo services,seo services,50,,0.96,LOW,,commercial,seo,False,False
monthly seo services,seo services,50,,0.4,LOW,,commercial,seo,False,False
vancouver seo services,seo services,50,,0,MEDIUM,,commercial,seo,False,False
seo services in uttam nagar,seo services,50,,0,LOW,,commercial,seo,False,False
seo digital marketing services,seo services,50,,0,LOW,84,commercial,digital_mkt,False,False
restaurant seo services,seo services,50,,0,LOW,,commercial,seo,False,False
seo services in abu dhabi,seo services,50,,1.6,LOW,,commercial,seo,False,False
top seo services india,seo services,50,,4,LOW,,commercial,seo,True,False
seo services birmingham,seo services,50,,5.53,LOW,58,commercial,seo,False,False
seo backlinking services,seo services,50,,0.96,LOW,,commercial,seo,False,False
roofing seo services,seo services,50,,0,LOW,,commercial,seo,False,False
seo services in trichy,seo services,50,,0.39,LOW,,commercial,seo,False,False
white label local seo services,seo services,50,,0,LOW,,commercial,seo,False,False
top seo services in noida,seo services,50,,0,LOW,,commercial,seo,True,False
seo services in florida,seo services,50,,6.09,MEDIUM,,commercial,seo,False,False
best seo services in indore,seo services,50,,0,LOW,,commercial,seo,True,False
seo consulting services india,seo services,50,,0,LOW,,commercial,seo,False,False
seo services miami fl,seo services,50,,0,MEDIUM,,commercial,seo,False,False
seo services in singapore,seo services,50,,0,LOW,77,commercial,seo,False,False
medical seo services,seo services,50,,0,LOW,,commercial,seo,False,False
miami seo services,seo services,50,,0,MEDIUM,,commercial,seo,False,False
seo sem services,seo services,50,,0,LOW,,commercial,seo,False,False
seo/sem services,seo services,50,,0,LOW,,commercial,seo,False,False
seo services malaysia,seo services,50,,4.51,LOW,88,commercial,seo,False,False
seo services in new delhi,seo services,50,,0,LOW,,commercial,seo,False,False
offshore seo services,seo services,50,,0,LOW,,commercial,seo,False,False
premium seo services,seo services,50,,0,LOW,,commercial,seo,False,False
shopify seo services in india,seo services,50,,0,LOW,,commercial,ecommerce,False,False
best local seo services,seo services,50,,0.6,LOW,63,commercial,seo,True,False
seo & sem services,seo services,50,,0,LOW,,commercial,seo,False,False
seo monthly services,seo services,50,,0.4,LOW,,commercial,seo,False,False
seo services in melbourne,seo services,50,,11.12,MEDIUM,91,commercial,seo,False,False
seo services in malaysia,seo services,50,,4.51,LOW,88,commercial,seo,False,False
white label seo reseller services,seo services,50,,0,LOW,,commercial,seo,False,False
seo backlink services,seo services,50,,0.96,LOW,,commercial,seo,False,False
seo services in amritsar,seo services,50,,0,LOW,43,commercial,seo,False,False
seo services in birmingham,seo services,50,,5.53,LOW,,commercial,seo,False,False
seo services in vancouver,seo services,50,,0,MEDIUM,,commercial,seo,False,False
seo hosting services,seo services,50,,1.75,LOW,,commercial,seo,False,False
florida seo services,seo services,50,,6.09,MEDIUM,,commercial,seo,False,False
professional seo services in usa,seo services,50,,0,LOW,,commercial,seo,False,False
seo services in ireland,seo services,50,,0,LOW,,commercial,seo,False,False
seo services amritsar,seo services,50,,0,LOW,,commercial,seo,False,False
seo services trichy,seo services,50,,0.39,LOW,,commercial,seo,False,False
seo services in michigan,seo services,50,,16.53,HIGH,,commercial,seo,False,False
seo and sem services,seo services,50,,0,LOW,,commercial,seo,False,False
seo services provider in delhi,seo services,50,,3.28,LOW,60,commercial,seo,False,False
best seo services in coimbatore,seo services,50,,0.88,LOW,,commercial,seo,True,False
seo backlinks services,seo services,50,,0.96,LOW,,commercial,seo,False,False
seo services faridabad,seo services,50,,0,LOW,38,commercial,seo,False,False
seo services blogspot,seo services,50,,0,LOW,36,commercial,seo,False,False
seo services vancouver,seo services,50,,0,MEDIUM,,commercial,seo,False,False
seo services in janakpuri,seo services,50,,0,LOW,,commercial,seo,False,False
top seo services in india,seo services,50,,4,LOW,,commercial,seo,True,False
local seo services in bangalore,seo services,50,,2.99,LOW,50,commercial,seo,False,False
seo services blog,seo services,50,,0,LOW,58,commercial,seo,False,False
seo services in texas,seo services,50,,1.95,MEDIUM,24,commercial,seo,False,False
managed seo services,seo services,50,,0,LOW,,commercial,seo,False,False
seo or sem services,seo services,50,,0,LOW,,commercial,seo,False,False
seo services monthly,seo services,50,,0.4,LOW,,commercial,seo,False,False
seo services melbourne,seo services,50,,5,LOW,91,commercial,seo,False,False
seo content marketing services,seo services,50,,0,LOW,,commercial,seo,False,False
best seo ai tools,ai seo,50,,3.65,MEDIUM,,commercial,seo,True,False
ai seo writer,ai seo,50,,0.64,LOW,,commercial,ai_seo,False,False
seo using ai,ai seo,50,,1.74,MEDIUM,,commercial,seo,False,False
ai tools for seo optimization,ai seo,50,,1.91,MEDIUM,,commercial,seo,False,False
free ai tools for seo optimization,ai seo,50,,1.17,MEDIUM,,commercial,seo,False,False
google ai seo,ai seo,50,,2.65,LOW,,commercial,ai_seo,False,False
ai optimization seo,ai seo,50,,2.12,LOW,41,commercial,seo,False,False
ai tool for seo optimization,ai seo,50,,1.91,MEDIUM,,commercial,seo,False,False
best seo ai tool,ai seo,50,,3.65,MEDIUM,,commercial,seo,True,False
ai detector seo,ai seo,50,,0,LOW,52,commercial,seo,False,False
seo ai free,ai seo,50,,2.06,MEDIUM,,commercial,seo,False,False
ai seo audit tool,ai seo,50,,1.82,LOW,,commercial,ai_seo,False,False
seo ai domain authority checker,ai seo,50,,0,LOW,,informational,seo,False,False
best ai for seo,ai seo,50,,2.17,MEDIUM,,commercial,seo,True,False
ai seo humanizer,ai seo,50,,4.81,LOW,,informational,ai_seo,False,False
how to do ai seo,ai seo,50,3,2.2,MEDIUM,,informational,ai_seo,False,True
seo ai checker,ai seo,50,,0.69,LOW,,commercial,seo,False,False
ai seo packages,ai seo,50,,0.79,MEDIUM,,commercial,ai_seo,False,False
seo optimizer ai,ai seo,50,,2.29,HIGH,41,commercial,seo,False,False
web design company san francisco,web design company,50,,5.15,LOW,,commercial,web_design,False,False
web design company jalandhar,web design company,50,,0.12,LOW,19,commercial,web_design,False,False
techimpero web design company in delhi,web design company,50,,0,,,commercial,web_design,False,False
web design company names,web design company,50,,0.37,LOW,40,commercial,web_design,False,False
nj web design company,web design company,50,,3.38,LOW,64,commercial,web_design,False,False
web design company in california,web design company,50,,3.53,LOW,32,commercial,web_design,False,False
naming a web design company,web design company,50,,0.37,LOW,40,commercial,web_design,False,False
web design company chicago,web design company,50,,13.03,LOW,97,commercial,web_design,False,False
web design company hubli,web design company,50,,0.65,LOW,63,navigational,web_design,False,False
web design company in san diego,web design company,50,,4.37,LOW,84,commercial,web_design,False,False
new jersey web design company,web design company,50,,3.38,LOW,76,commercial,web_design,False,False
names for web design company,web design company,50,,0.37,LOW,40,commercial,web_design,False,False
web design company in san francisco,web design company,50,,5.15,LOW,69,commercial,web_design,False,False
ecommerce web design company india,web design company,50,,0,LOW,,commercial,ecommerce,False,False
web design company in nj,web design company,50,,3.38,LOW,64,commercial,web_design,False,False
web design company portfolio pdf,web design company,50,,0,LOW,,navigational,web_design,False,False
web design company saudi,web design company,50,,0,LOW,,commercial,web_design,False,False
web stack technologies website design and development company nagpur,web design company,50,,0,LOW,,commercial,web_design,False,False
web design company mangalore,web design company,50,,0,LOW,20,commercial,web_design,False,False
web design company malappuram,web design company,50,,0,LOW,47,navigational,web_design,False,False
web design company wordpress themes,web design company,50,,1.36,MEDIUM,,commercial,web_design,False,False
web design company in goa,web design company,50,,0.22,LOW,47,commercial,web_design,False,False
web design company saudi arabia,web design company,50,,0,LOW,50,commercial,web_design,False,False
web design company in new jersey,web design company,50,,3.38,LOW,76,commercial,web_design,False,False
mangalore web design company,web design company,50,,0,LOW,20,navigational,web_design,False,False
best web design company in udaipur,web design company,50,,0.53,LOW,,commercial,web_design,True,False
web design company in west bengal,web design company,50,,0,LOW,69,commercial,web_design,False,False
ui ux web & graphic design company ahmedabad gujarat india,web design company,50,,0,LOW,,navigational,other,False,False
web design company in london,web design company,50,,4.31,LOW,89,commercial,web_design,False,False
web design company london uk,web design company,50,,4.31,LOW,90,commercial,web_design,False,False
web design company in kollam,web design company,50,,2.99,LOW,48,commercial,web_design,False,False
web design company in riyadh,web design company,50,,1.01,LOW,48,commercial,web_design,False,False
web design company in malaysia,web design company,50,,0,LOW,25,commercial,web_design,False,False
web design company in malappuram,web design company,50,,0,LOW,48,commercial,web_design,False,False
best web design company in jaipur,web design company,50,,0.29,LOW,50,commercial,web_design,True,False
web design company in saudi,web design company,50,,0,LOW,,commercial,web_design,False,False
web design company in edmonton,web design company,50,,2.3,MEDIUM,100,commercial,web_design,False,False
names for a web design company,web design company,50,,0.37,LOW,40,commercial,web_design,False,False
name for a web design company,web design company,50,,0.37,LOW,40,commercial,web_design,False,False
web design company in saudi arabia,web design company,50,,0,LOW,50,commercial,web_design,False,False
web design company in tuticorin,web design company,50,,0.67,LOW,14,commercial,web_design,False,False
best web design company in faridabad,web design company,50,,0.35,LOW,,commercial,web_design,True,False
web design company punjab,web design company,50,,0,LOW,,commercial,web_design,False,False
web design company malaysia,web design company,50,,0,LOW,44,commercial,web_design,False,False
web design company invoice,web design company,50,,0.64,LOW,,commercial,web_design,False,False
top web design company in noida,web design company,50,,0,MEDIUM,54,commercial,web_design,True,False
affordable web design company,web design company,50,,0,LOW,,commercial,web_design,True,False
web design company for small business,web design company,50,,1.68,LOW,,commercial,web_design,False,False
digital marketing and web design company,web design company,50,,1.1,LOW,93,commercial,web_design,False,False
bhubaneswar web design company,web design company,50,,0.23,LOW,3,commercial,web_design,False,False
california web design company,web design company,50,,3.53,LOW,52,commercial,web_design,False,False
web design and digital marketing company,web design company,50,,1.1,LOW,93,commercial,web_design,False,False
web design company in gujarat,web design company,50,,0.31,LOW,100,commercial,web_design,False,False
web design company nj,web design company,50,,3.38,LOW,64,commercial,web_design,False,False
malaysia web design company,web design company,50,,0,LOW,40,commercial,web_design,False,False
wordpress web design company theme,web design company,50,,1.36,MEDIUM,,commercial,web_design,False,False
names of web design company,web design company,50,,0.37,LOW,40,commercial,web_design,False,False
web design company new jersey,web design company,50,,3.38,LOW,76,commercial,web_design,False,False
web design company atlanta,web design company,50,,4.71,LOW,,commercial,web_design,False,False
company name for web design,web design company,50,,0.37,LOW,40,commercial,web_design,False,False
waytowebs best web design company in hyderabad,web design company,50,,0,LOW,,commercial,web_design,True,False
web design company san diego,web design company,50,,4.37,LOW,83,commercial,web_design,False,False
markstein technology solutions web design & development company in noida,web design company,50,,0,LOW,,navigational,web_design,False,False
web design company gujarat,web design company,50,,0.31,LOW,,commercial,web_design,False,False
web design company wordpress template,web design company,50,,1.36,MEDIUM,,navigational,web_design,False,False
web design company in punjab,web design company,50,,0,LOW,56,commercial,web_design,False,False
web design company edmonton,web design company,50,,2.3,MEDIUM,100,commercial,web_design,False,False
web design company in hubli,web design company,50,,0.65,LOW,63,commercial,web_design,False,False
name for web design company,web design company,50,,0.37,LOW,40,commercial,web_design,False,False
web design company in jalandhar,web design company,50,,0.12,LOW,18,commercial,web_design,False,False
ecommerce web development company in chennai,web development company,50,,2.7,LOW,48,commercial,ecommerce,False,False
web development company in borivali,web development company,50,,0.23,LOW,43,commercial,web_design,False,False
web development outsourcing company,web development company,50,,0.56,LOW,50,commercial,web_design,False,False
web development company in durgapur,web development company,50,,0,LOW,47,commercial,web_design,False,False
best web development company in nagpur,web development company,50,,0.61,LOW,,commercial,web_design,True,False
drona infotech mobile app & web development company,web development company,50,,0,,,commercial,web_design,False,False
elsner technologies web and mobile development company,web development company,50,,0,LOW,,navigational,other,False,False
uplogic technologies web & mobile app development company photos,web development company,50,,0,,,navigational,other,False,False
web development company meerut,web development company,50,,0,LOW,17,commercial,web_design,False,False
name for web development company,web development company,50,,0.37,LOW,46,commercial,web_design,False,False
web development company names,web development company,50,,0.37,LOW,46,commercial,web_design,False,False
digital marketing and web development company,web development company,50,,1.03,MEDIUM,100,commercial,web_design,False,False
web development company in bihar,web development company,50,,0,LOW,,commercial,web_design,False,False
web development company in tirunelveli,web development company,50,,0,LOW,,commercial,web_design,False,False
gurgaon web development company,web development company,50,,1.38,LOW,26,commercial,web_design,False,False
wordpress web development company in delhi,web development company,50,,0,LOW,,commercial,web_design,False,False
outsource web development company,web development company,50,,0.56,LOW,,commercial,web_design,False,False
custom web development company in india,web development company,50,,1.58,LOW,,commercial,web_design,False,False
web development company outsourcing,web development company,50,,0.56,LOW,,commercial,web_design,False,False
best web development company in calicut,web development company,50,,1.1,LOW,,commercial,web_design,True,False
web development company in riyadh,web development company,50,,1.01,LOW,,commercial,web_design,False,False
best web development company in ludhiana,web development company,50,,0.52,LOW,63,commercial,web_design,True,False
web portal development company,web development company,50,,0,LOW,,commercial,other,False,False
offshore web development company,web development company,50,,5.68,LOW,47,commercial,web_design,False,False
web development company in pune for freshers,web development company,50,,0.48,MEDIUM,48,commercial,web_design,False,False
outsourcing web development company,web development company,50,,0.56,LOW,50,commercial,web_design,False,False
best web development company in usa,web development company,50,,1.15,MEDIUM,71,commercial,web_design,True,False
web development company website,web development company,50,,0.54,MEDIUM,60,navigational,web_design,False,False
web development company in abu dhabi,web development company,50,,0.9,LOW,,commercial,web_design,False,False
codeigniter web development company,web development company,50,,0,LOW,,commercial,web_design,False,False
the banyan infotech website designing web development company coimbatore,web development company,50,,0,LOW,,navigational,web_design,False,False
web development company in laxmi nagar,web development company,50,,0.95,LOW,,commercial,web_design,False,False
web development company in hubli,web development company,50,,0.65,LOW,63,commercial,web_design,False,False
names for web development company,web development company,50,,0.37,LOW,46,commercial,web_design,False,False
web development company name,web development company,50,,0.37,LOW,0,commercial,web_design,False,False
website design agency services,website design agency,50,,0.68,LOW,,commercial,web_design,False,False
website design agency california,website design agency,50,,3.53,LOW,,commercial,web_design,False,False
design website agency,website design agency,50,,0.92,LOW,77,commercial,other,False,False
top website design agency,website design agency,50,,0.96,LOW,,commercial,web_design,True,False
website design & development agency,website design agency,50,,0.68,LOW,,commercial,web_design,False,False
saas website design agency,website design agency,50,,0,LOW,,commercial,web_design,False,False
digital agency website design,website design agency,50,,0.92,LOW,,commercial,web_design,False,False
website design agency los angeles,website design agency,50,,2.87,MEDIUM,,commercial,web_design,False,False
website design development agency,website design agency,50,,0.68,LOW,,commercial,web_design,False,False
sydney website design agency,website design agency,50,,0,LOW,91,commercial,web_design,False,False
shopify website design agency,website design agency,50,,0.77,LOW,,navigational,ecommerce,False,False
website design agency bangalore,website design agency,50,,0.91,LOW,89,commercial,web_design,False,False
website design agency malaysia,website design agency,50,,0,LOW,59,commercial,web_design,False,False
ecommerce website development company in dubai,ecommerce development company,50,,0,LOW,,commercial,ecommerce,False,False
best ecommerce development company,ecommerce development company,50,,0,LOW,85,commercial,ecommerce,True,False
best ecommerce development company in dubai,ecommerce development company,50,,0,LOW,,commercial,ecommerce,True,False
ecommerce website development company in ahmedabad,ecommerce development company,50,,1.25,LOW,,commercial,ecommerce,False,False
ecommerce website development company ahmedabad,ecommerce development company,50,,1.25,LOW,,navigational,ecommerce,False,False
ecommerce development company in bangalore,ecommerce development company,50,,0,LOW,56,commercial,ecommerce,False,False
ecommerce development company in pune,ecommerce development company,50,,0,LOW,,commercial,ecommerce,False,False
best ecommerce development company india,ecommerce development company,50,,2.13,LOW,55,commercial,ecommerce,True,False
best ecommerce development company in india,ecommerce development company,50,,2.13,LOW,55,commercial,ecommerce,True,False
ecommerce development company bangalore,ecommerce development company,50,,0,LOW,56,commercial,ecommerce,False,False
stroke infotech shopify & ecommerce development agency,ecommerce agency,50,,0,LOW,,commercial,ecommerce,False,False
ecommerce modeling agency,ecommerce agency,50,,1.86,LOW,,commercial,ecommerce,False,False
ecommerce marketing agency in india,ecommerce agency,50,,1.04,LOW,22,commercial,ecommerce,False,False
ecommerce ads agency,ecommerce agency,50,,1.52,MEDIUM,1,commercial,ecommerce,False,False
ecommerce performance marketing agency,ecommerce agency,50,,1.58,LOW,,commercial,ecommerce,False,False
ecommerce agency in india,ecommerce agency,50,,0.81,LOW,,commercial,ecommerce,False,False
ecommerce management agency,ecommerce agency,50,,1.9,MEDIUM,,commercial,ecommerce,False,False
shopify development services in india,shopify development,50,,0,LOW,,commercial,ecommerce,False,False
shopify custom app development,shopify development,50,,0,LOW,,navigational,ecommerce,False,False
shopify development agency india,shopify development,50,,1.38,LOW,,navigational,ecommerce,False,False
shopify website development company india,shopify development,50,,2.06,LOW,,navigational,ecommerce,False,False
shopify app development tools,shopify development,50,,0,LOW,,commercial,ecommerce,False,False
shopify website development coalition,shopify development,50,,0.4,LOW,,navigational,ecommerce,False,False
shopify app development course,shopify development,50,,0.38,LOW,50,informational,ecommerce,False,False
shopify theme development company,shopify development,50,,0,LOW,,navigational,ecommerce,False,False
custom shopify development,shopify development,50,,1.64,LOW,,commercial,ecommerce,False,False
shopify custom development,shopify development,50,,1.64,LOW,60,navigational,ecommerce,False,False
shopify development company in chennai,shopify development,50,,0.95,LOW,,navigational,ecommerce,False,False
shopify web development coalition,shopify development,50,,0.4,LOW,,navigational,ecommerce,False,False
ai lead generation agency,ai agency,50,,2.12,MEDIUM,,commercial,other,False,False
ai powered agency,ai agency,50,,0,LOW,,commercial,other,False,False
ai lead gen agency,ai agency,50,,2.12,MEDIUM,,navigational,other,False,False
ai powered marketing agency,ai agency,50,,0.97,LOW,,commercial,other,False,False
automation ai agency,ai agency,50,,2.58,HIGH,16,navigational,ai_agents,False,False
ai agency hub,ai agency,50,,1.22,LOW,,navigational,ai_agents,False,False
ai agent development frameworks,ai agent development,50,,0,LOW,,commercial,ai_agents,False,False
top ai agent development companies,ai agent development,50,,0,LOW,,commercial,ai_agents,True,False
ai agent development framework,ai agent development,50,,0,LOW,,informational,ai_agents,False,False
digital marketing agency in china,digital marketing agency,50,,0.69,LOW,,commercial,digital_mkt,False,False
best digital marketing agency in south delhi,digital marketing agency,50,,0.78,LOW,,commercial,digital_mkt,True,False
digital marketing agency in san antonio,digital marketing agency,50,,0,LOW,,commercial,digital_mkt,False,False
digital marketing agency ohio,digital marketing agency,50,,2.57,MEDIUM,,commercial,digital_mkt,False,False
digital marketing agency perth,digital marketing agency,50,,7.79,MEDIUM,,commercial,digital_mkt,False,False
digital marketing agency lebanon,digital marketing agency,50,,0,LOW,,commercial,digital_mkt,False,False
the digital marketing agency,digital marketing agency,50,,1,LOW,87,commercial,digital_mkt,False,False
travel agency digital marketing,digital marketing agency,50,,1.21,LOW,,commercial,digital_mkt,False,False
eskitus digital marketing agency manikonda hyderabad,digital marketing agency,50,,0,LOW,,commercial,digital_mkt,False,False
generative engine optimization strategies,generative engine optimization,50,,1.53,MEDIUM,,informational,ai_seo,False,False
generative engine optimization companies,generative engine optimization,50,,1.88,MEDIUM,,commercial,ai_seo,False,False
generative engine optimization company,generative engine optimization,50,,1.88,MEDIUM,,commercial,ai_seo,False,False
top 10 web design companies in hyderabad,web design company,50,,0.78,LOW,,commercial,web_design,True,False
best website designers in india,web design company,50,,1.51,MEDIUM,34,commercial,web_design,True,False
custom ecommerce development services,ecommerce development company,50,,0,LOW,,commercial,ecommerce,False,False
top 50 marketing companies in india,digital marketing agency,50,,1.1,LOW,,commercial,other,True,False
top 5 digital marketing agency in delhi,digital marketing agency,50,,0.01,MEDIUM,,commercial,digital_mkt,True,False
top 50 digital marketing companies in mumbai,digital marketing agency,50,,0.65,LOW,51,commercial,digital_mkt,True,False
digital marketing companies in hyderabad jobs,digital marketing agency,50,,0.07,LOW,,commercial,digital_mkt,False,False
seo agency newcastle,seo agency,40,,1.23,LOW,,commercial,seo,False,False
best seo agency in ranchi,seo agency,40,,0.23,LOW,,commercial,seo,True,False
utah seo agency,seo agency,40,,0,LOW,,commercial,seo,False,False
seo agency kerala,seo agency,40,,0.64,LOW,18,commercial,seo,False,False
seo agency in qatar,seo agency,40,,0,LOW,,commercial,seo,False,False
e commerce seo agency,seo agency,40,,0,LOW,,commercial,seo,False,False
seo agency hobart,seo agency,40,,2.04,LOW,,commercial,seo,False,False
seo agency in southampton,seo agency,40,,0,LOW,,commercial,seo,False,False
best seo agency delhi,seo agency,40,,2.12,LOW,24,commercial,seo,True,False
market minds best smm seo ppc agency in ahmedabad,seo agency,40,,0,,,commercial,seo,True,False
top local seo agency,seo agency,40,,0,LOW,,commercial,seo,True,False
agency seo tools,seo agency,40,,0,LOW,,commercial,seo,False,False
best shopify seo agency,seo agency,40,,2.3,LOW,,commercial,ecommerce,True,False
seo agency in glasgow,seo agency,40,,0,MEDIUM,50,commercial,seo,False,False
seo agency sheffield,seo agency,40,,0.5,LOW,,commercial,seo,False,False
seo agency in brighton,seo agency,40,,0,LOW,,commercial,seo,False,False
questions to ask seo agency,seo agency,40,,0,LOW,,informational,seo,False,False
seo agency in sheffield,seo agency,40,,0.5,LOW,,commercial,seo,False,False
automotive seo agency,seo agency,40,,0,LOW,,commercial,seo,False,False
best seo agency in los angeles,seo agency,40,,1.62,LOW,,commercial,seo,True,False
seo agency vadodara,seo agency,40,,0,LOW,,commercial,seo,False,False
seo agency in bahrain,seo agency,40,,0,LOW,,commercial,seo,False,False
seo agency website,seo agency,40,,2.46,LOW,,commercial,seo,False,False
link building seo agency,seo agency,40,,0.84,LOW,,commercial,seo,False,False
seo agency in edinburgh,seo agency,40,,0,LOW,,commercial,seo,False,False
best seo agency in udaipur,seo agency,40,,0,LOW,,commercial,seo,True,False
seo expert agency,seo agency,40,,2.16,LOW,,commercial,seo,False,False
seo link building agency,seo agency,40,,0.84,LOW,,commercial,seo,False,False
seo agency in guwahati,seo agency,40,,0.99,LOW,,commercial,seo,False,False
questions to ask an seo agency,seo agency,40,,0,LOW,,informational,seo,False,False
top rated seo agency,seo agency,40,,6.6,LOW,,commercial,seo,True,False
seo agency link building,seo agency,40,,0.84,LOW,,commercial,seo,False,False
magento seo agency,seo agency,40,,0,LOW,,commercial,ecommerce,False,False
seo agency for startups,seo agency,40,,0,LOW,,commercial,seo,False,False
seo agency southampton,seo agency,40,,0,LOW,,commercial,seo,False,False
olio global adtech seo agency in mumbai,seo agency,40,,0,,,commercial,seo,False,False
best seo agency in calicut,seo agency,40,,0,LOW,,commercial,seo,True,False
insurance agency seo,seo agency,40,,0,LOW,,commercial,seo,False,False
infinix media best digital marketing agency agra seo agency,seo agency,40,,0,LOW,,commercial,digital_mkt,True,False
cannabis seo agency,seo agency,40,,0,LOW,,commercial,seo,False,False
seo agency in newcastle upon tyne,seo agency,40,,1.23,LOW,,commercial,seo,False,False
seo agency parramatta,seo agency,40,,0,LOW,,commercial,seo,False,False
seo agency newcastle upon tyne,seo agency,40,,1.23,LOW,,commercial,seo,False,False
organic seo agency,seo agency,40,,0,LOW,56,commercial,seo,False,False
seo agency definition,seo agency,40,,0,LOW,,commercial,seo,False,False
seo agency tool,seo agency,40,,0,LOW,,commercial,seo,False,False
brighton seo agency,seo agency,40,,0,LOW,,commercial,seo,False,False
seo for insurance agency,seo agency,40,,0,LOW,50,commercial,seo,False,False
seo agency tools,seo agency,40,,0,LOW,,commercial,seo,False,False
baltimore seo agency,seo agency,40,,10.45,HIGH,,commercial,seo,False,False
seo agency 360,seo agency,40,,0,LOW,,commercial,seo,False,False
e-commerce seo agency,seo agency,40,,0,LOW,,commercial,ecommerce,False,False
expert seo agency,seo agency,40,,2.16,LOW,,commercial,seo,False,False
local seo agency near me,seo agency,40,,0,LOW,,commercial,seo,False,False
top seo agency in dubai,seo agency,40,,0,LOW,,commercial,seo,True,False
digi seo agency ahmedabad,seo agency,40,,0,LOW,,commercial,seo,False,False
seo agency brighton,seo agency,40,,0,LOW,,commercial,seo,False,False
seo agency websites,seo agency,40,,2.46,LOW,,commercial,seo,False,False
squarespace seo agency,seo agency,40,,3.36,LOW,,commercial,seo,False,False
seo company in sharjah,seo company,40,,0,LOW,42,commercial,seo,False,False
1 vinayak infosoft seo company ahmedabad photos,seo company,40,,0,LOW,,informational,seo,False,False
ecommerce seo company india,seo company,40,,0,LOW,,commercial,ecommerce,False,False
best seo marketing company,seo company,40,,0,LOW,,commercial,seo,True,False
best real estate seo company,seo company,40,,0,LOW,,commercial,seo,True,False
no 1 seo company in ahmedabad,seo company,40,,1.2,MEDIUM,50,commercial,seo,True,False
seo company in colorado springs,seo company,40,,0,LOW,,commercial,seo,False,False
all seo company in dallas,seo company,40,,3.28,HIGH,,commercial,seo,False,False
top seo company in lucknow,seo company,40,,0,LOW,52,commercial,seo,True,False
best seo company in nagpur,seo company,40,,0,LOW,,commercial,seo,True,False
seo company colorado springs,seo company,40,,0,LOW,,commercial,seo,False,False
all seo company in houston,seo company,40,,11.83,HIGH,67,commercial,seo,False,False
seo company in baltimore,seo company,40,,10.45,HIGH,,commercial,seo,False,False
seo india company,seo company,40,,0,LOW,55,commercial,seo,False,False
seo company montreal,seo company,40,,2.34,MEDIUM,55,commercial,seo,False,False
seo company pennsylvania,seo company,40,,5.41,MEDIUM,,commercial,seo,False,False
seo company hobart,seo company,40,,2.04,LOW,,commercial,seo,False,False
seo for it company,seo company,40,,0,LOW,,commercial,seo,False,False
seo company in coventry,seo company,40,,0.85,MEDIUM,,commercial,seo,False,False
montreal seo company,seo company,40,,2.34,MEDIUM,,commercial,seo,False,False
best seo service provider company in delhi,seo company,40,,0,LOW,,commercial,seo,True,False
seo company in montreal,seo company,40,,2.34,MEDIUM,50,commercial,seo,False,False
seo company in rohtak,seo company,40,,0,LOW,46,commercial,seo,False,False
seo company for doctors,seo company,40,,0,LOW,,commercial,seo,False,False
all seo company in leeds,seo company,40,,5.24,MEDIUM,50,commercial,seo,False,False
baltimore seo company,seo company,40,,10.45,HIGH,,commercial,seo,False,False
seo company in kannur,seo company,40,,0,LOW,,commercial,seo,False,False
seo company in okhla,seo company,40,,0,LOW,,commercial,seo,False,False
lawyer seo company,seo company,40,,0,LOW,,commercial,seo,False,False
seo company nashville,seo company,40,,6.98,MEDIUM,,commercial,seo,False,False
seo experts company,seo company,40,,0,LOW,,commercial,seo,False,False
seo company in norwich,seo company,40,,0.35,LOW,,commercial,seo,False,False
seo company germany,seo company,40,,0.8,MEDIUM,,commercial,seo,False,False
top new york city seo company,seo company,40,,0,LOW,,commercial,seo,True,False
seo company in borivali,seo company,40,,0.75,LOW,,commercial,seo,False,False
best seo company in punjab,seo company,40,,0,LOW,,commercial,seo,True,False
best los angeles seo company,seo company,40,,1.62,LOW,,commercial,seo,True,False
best seo company in uttam nagar,seo company,40,,0,LOW,,commercial,seo,True,False
best local seo company in mumbai,seo company,40,,0.47,LOW,,commercial,seo,True,False
crystal logic pvt ltd seo company in mumbai,seo company,40,,0,LOW,,commercial,seo,False,False
best seo company in melbourne,seo company,40,,1.86,MEDIUM,,commercial,seo,True,False
seo for insurance company,seo company,40,,0,LOW,,commercial,seo,False,False
seobix best seo company best digital marketing company in noida,seo company,40,,0,LOW,,commercial,digital_mkt,True,False
seo company in surat surat seo experts,seo company,40,,0,LOW,,commercial,seo,False,False
seo company in kolhapur,seo company,40,,2.33,LOW,47,commercial,seo,False,False
top seo company in australia,seo company,40,,4.57,HIGH,,commercial,seo,True,False
seo company expert,seo company,40,,0,LOW,,commercial,seo,False,False
best seo company for real estate,seo company,40,,0,LOW,,commercial,seo,True,False
seo services company in dubai,seo company,40,,0,LOW,,commercial,seo,False,False
seo company for lawyers,seo company,40,,0,LOW,,commercial,seo,False,False
best seo company los angeles,seo company,40,,1.62,LOW,,commercial,seo,True,False
seo company in vashi,seo company,40,,0.01,LOW,,commercial,seo,False,False
seo company experts,seo company,40,,0,LOW,,commercial,seo,False,False
all seo company in perth,seo company,40,,4.7,MEDIUM,76,commercial,seo,False,False
seo service company in dubai,seo company,40,,0,LOW,,commercial,seo,False,False
e2web services best seo company ppc company in noida,seo company,40,,0,LOW,,commercial,seo,True,False
best seo company los angeles ca,seo company,40,,1.62,LOW,,commercial,seo,True,False
seo indian company,seo company,40,,0,LOW,43,commercial,seo,False,False
seo company cambridge,seo company,40,,11.26,MEDIUM,,commercial,seo,False,False
seo company baltimore,seo company,40,,10.45,HIGH,,commercial,seo,False,False
seo company in tirupur,seo company,40,,0,LOW,,commercial,seo,False,False
seo company tirupur,seo company,40,,0,LOW,,commercial,seo,False,False
seo company in mansarovar,seo company,40,,0,LOW,,commercial,seo,False,False
seo company in utah,seo company,40,,0,LOW,,commercial,seo,False,False
seo expert company,seo company,40,,0,LOW,,commercial,seo,False,False
top rated seo company,seo company,40,,6.6,LOW,,commercial,seo,True,False
best seo company melbourne,seo company,40,,1.86,MEDIUM,,commercial,seo,True,False
seo company in pennsylvania,seo company,40,,5.41,MEDIUM,,commercial,seo,False,False
best seo services company in noida,seo company,40,,0,LOW,,commercial,seo,True,False
best seo company in trivandrum,seo company,40,,0,LOW,,commercial,seo,True,False
seo company in germany,seo company,40,,0.8,MEDIUM,,commercial,seo,False,False
top 10 seo company in delhi,seo company,40,,1.23,LOW,,commercial,seo,True,False
off page seo company,seo company,40,,0,LOW,,commercial,seo,False,False
onerank best seo company delhi,seo company,40,,0,LOW,,informational,seo,True,False
best white label seo company,seo company,40,,0,LOW,,commercial,seo,True,False
seo company in wolverhampton,seo company,40,,3.59,MEDIUM,,commercial,seo,False,False
gandhi technoweb solutions seo & digital marketing company ahmedabad,seo company,40,,0,LOW,,commercial,digital_mkt,False,False
no.1 seo company in ahmedabad,seo company,40,,1.2,MEDIUM,50,commercial,seo,True,False
automotive seo company,seo company,40,,0,LOW,,commercial,seo,False,False
all seo company in san diego,seo company,40,,7.68,HIGH,,commercial,seo,False,False
local seo company in dubai,seo company,40,,0,LOW,,commercial,seo,False,False
seo company in hobart,seo company,40,,2.04,LOW,,commercial,seo,False,False
local seo company near me,seo company,40,,0,LOW,,commercial,seo,False,False
all seo company in philadelphia,seo company,40,,6.94,MEDIUM,68,commercial,seo,False,False
seo company in rajasthan,seo company,40,,0,LOW,,commercial,seo,False,False
insurance company seo,seo company,40,,0,LOW,,commercial,seo,False,False
the dallas seo company,seo company,40,,2.11,LOW,50,commercial,seo,False,False
seo company in odisha,seo company,40,,0.7,LOW,47,commercial,seo,False,False
top seo company australia,seo company,40,,4.57,HIGH,,commercial,seo,True,False
seo company in,seo company,40,,1.54,LOW,51,commercial,seo,False,False
best seo services company in mumbai,seo company,40,,0,LOW,,commercial,seo,True,False
seo company meaning,seo company,40,,0,LOW,83,informational,seo,False,False
seo company norwich,seo company,40,,0.35,LOW,,commercial,seo,False,False
seo reseller company,seo company,40,,0,LOW,,commercial,seo,False,False
guaranteed seo company,seo company,40,,0,LOW,,commercial,seo,False,False
local seo company in mumbai,seo company,40,,0,LOW,,commercial,seo,False,False
best seo company in gujarat,seo company,40,,0,LOW,,commercial,seo,True,False
seo services company dubai,seo company,40,,0,LOW,,commercial,seo,False,False
seo company in nashville,seo company,40,,6.98,MEDIUM,,commercial,seo,False,False
seo company means,seo company,40,,0,LOW,,commercial,seo,False,False
kerkar media roi driven seo company in mumbai,seo company,40,,0,LOW,,commercial,seo,False,False
best ecommerce seo company,seo company,40,,2.34,LOW,,commercial,ecommerce,True,False
all seo company in melbourne,seo company,40,,30.7,LOW,87,commercial,seo,False,False
seo company in pimple saudagar,seo company,40,,0,LOW,,commercial,seo,False,False
top local seo company,seo company,40,,0,LOW,71,commercial,seo,True,False
best seo company in los angeles,seo company,40,,1.62,LOW,,commercial,seo,True,False
los angeles best seo company,seo company,40,,1.62,LOW,,commercial,seo,True,False
bharat arpanet digital marketing company & seo services in noida,seo company,40,,0,LOW,,commercial,digital_mkt,False,False
seo company utah,seo company,40,,0,LOW,,commercial,seo,False,False
best seo company pune,seo company,40,,2.29,LOW,21,commercial,seo,True,False
seo company in cambridge,seo company,40,,11.26,MEDIUM,,commercial,seo,False,False
all seo company in bristol,seo company,40,,10.77,MEDIUM,38,commercial,seo,False,False
seo company in southampton,seo company,40,,1.01,MEDIUM,,commercial,seo,False,False
seo services phoenix,seo services,40,,0,LOW,,commercial,seo,False,False
listing seo services,seo services,40,,0.14,LOW,63,commercial,seo,False,False
seo services it,seo services,40,,0,LOW,,commercial,seo,False,False
las vegas seo services,seo services,40,,0,LOW,,commercial,seo,False,False
pest control seo services,seo services,40,,0,LOW,,commercial,seo,False,False
san francisco seo services,seo services,40,,0.47,LOW,,commercial,seo,False,False
seo online services,seo services,40,,1.84,LOW,80,commercial,seo,False,False
seo services san francisco,seo services,40,,0.47,LOW,,commercial,seo,False,False
organic seo services in india,seo services,40,,0,LOW,,commercial,seo,False,False
seo services for plumbers,seo services,40,,0,LOW,,commercial,seo,False,False
seo services nyc,seo services,40,,6.76,MEDIUM,,commercial,seo,False,False
etsy seo services,seo services,40,,0,LOW,,commercial,seo,False,False
enterprise seo services in india,seo services,40,,0,LOW,,commercial,seo,False,False
new york city seo services,seo services,40,,6.76,MEDIUM,,commercial,seo,False,False
seo services list,seo services,40,,0.14,LOW,63,commercial,seo,False,False
seo reseller services in india,seo services,40,,0,LOW,,commercial,seo,False,False
seo services in new york city,seo services,40,,6.76,MEDIUM,,commercial,seo,False,False
generation next web design mobile apps seo services,seo services,40,,0,LOW,,commercial,web_design,False,False
houston seo services,seo services,40,,2.66,MEDIUM,,commercial,seo,False,False
worldwide seo services,seo services,40,,0,LOW,,commercial,seo,False,False
real estate seo services in hyderabad,seo services,40,,0,LOW,,commercial,seo,False,False
local seo services for businesses,seo services,40,,0,LOW,,commercial,seo,False,False
guaranteed seo services in delhi,seo services,40,,0,LOW,,commercial,seo,False,False
online seo services,seo services,40,,1.84,LOW,80,commercial,seo,False,False
best seo consulting services,seo services,40,,2.53,LOW,,commercial,seo,True,False
top seo services in delhi,seo services,40,,0.76,LOW,,commercial,seo,True,False
seo services phoenix az,seo services,40,,0,LOW,,commercial,seo,False,False
seo migration services,seo services,40,,0,LOW,,commercial,seo,False,False
ecommerce seo services in delhi,seo services,40,,0,LOW,,commercial,ecommerce,False,False
freelance seo services hyderabad,seo services,40,,0,LOW,,commercial,seo,False,False
freelance seo services in hyderabad,seo services,40,,0,LOW,,commercial,seo,False,False
seo services in mysore,seo services,40,,1.03,MEDIUM,,commercial,seo,False,False
seo services online,seo services,40,,1.84,LOW,80,commercial,seo,False,False
seo services las vegas,seo services,40,,0,LOW,,commercial,seo,False,False
seo services madurai,seo services,40,,0,LOW,47,commercial,seo,False,False
top seo services delhi,seo services,40,,0.76,LOW,,commercial,seo,True,False
top seo services in hyderabad,seo services,40,,0,LOW,,commercial,seo,True,False
organic seo services india,seo services,40,,0,LOW,,commercial,seo,False,False
seo services in jamshedpur,seo services,40,,0,LOW,,commercial,seo,False,False
top rated seo services,seo services,40,,6.6,LOW,,commercial,seo,True,False
seo lead generation services,seo services,40,,0,LOW,,commercial,seo,False,False
seo website services,seo services,40,,2.87,LOW,67,commercial,seo,False,False
seo services auckland,seo services,40,,0,LOW,69,commercial,seo,False,False
nyc seo services,seo services,40,,6.76,MEDIUM,,commercial,seo,False,False
seo services companies dubai,seo services,40,,0,LOW,,commercial,seo,False,False
custom seo services,seo services,40,,0,LOW,,commercial,seo,False,False
seo services in gujarat,seo services,40,,0,LOW,,commercial,seo,False,False
list of seo services,seo services,40,,0.14,LOW,63,commercial,seo,False,False
seo services in houston tx,seo services,40,,2.66,MEDIUM,,commercial,seo,False,False
white label seo services in india,seo services,40,,0,LOW,,commercial,seo,False,False
seo services brisbane,seo services,40,,2.52,LOW,71,commercial,seo,False,False
buy seo services,seo services,40,,0,LOW,72,transactional,seo,False,False
seo it services,seo services,40,,0,LOW,,commercial,seo,False,False
best ecommerce seo services in india,seo services,40,,0,LOW,,commercial,ecommerce,True,False
digital marketing service smm services seo services omr digital,seo services,40,,0,LOW,,commercial,digital_mkt,False,False
seo promotion services,seo services,40,,0,LOW,,commercial,seo,False,False
brisbane seo services,seo services,40,,2.52,LOW,71,commercial,seo,False,False
seo services houston,seo services,40,,2.66,MEDIUM,,commercial,seo,False,False
seo and web services,seo services,40,,2.87,LOW,,commercial,seo,False,False
seo reseller services india,seo services,40,,0,LOW,43,commercial,seo,False,False
seo services in rishikesh,seo services,40,,0,LOW,,commercial,seo,False,False
seo services in phoenix arizona,seo services,40,,0,LOW,,commercial,seo,False,False
seo list of services,seo services,40,,0.14,LOW,63,commercial,seo,False,False
seo services in phoenix,seo services,40,,0,LOW,,commercial,seo,False,False
seo services in brisbane,seo services,40,,2.52,LOW,71,commercial,seo,False,False
seo services ads,seo services,40,,0,LOW,,commercial,seo,False,False
global seo services,seo services,40,,0,LOW,47,commercial,seo,False,False
seo services in madurai,seo services,40,,0,LOW,47,commercial,seo,False,False
local business seo services,seo services,40,,0,LOW,,commercial,seo,False,False
geo seo services,seo services,40,,0,LOW,,commercial,ai_seo,False,False
seo services houston tx,seo services,40,,2.66,MEDIUM,,commercial,seo,False,False
seo services in zirakpur,seo services,40,,0.36,LOW,,commercial,seo,False,False
seo web services,seo services,40,,2.87,LOW,59,commercial,seo,False,False
white label seo services india,seo services,40,,0,LOW,,commercial,seo,False,False
seo services for plumber,seo services,40,,0,LOW,,commercial,seo,False,False
buying seo services,seo services,40,,0,LOW,72,transactional,seo,False,False
best seo services in kerala,seo services,40,,1.47,LOW,,commercial,seo,True,False
ai seo tools free,ai seo,40,,1.26,MEDIUM,,commercial,ai_seo,False,False
seo for ai search engines,ai seo,40,,5.63,LOW,,commercial,ai_seo,False,False
seo and ai,ai seo,40,,1.94,MEDIUM,73,commercial,seo,False,False
geo ai seo,ai seo,40,,0.89,LOW,,informational,ai_seo,False,False
seo ai rank checker,ai seo,40,,0,LOW,,commercial,seo,False,False
ai driven seo strategies,ai seo,40,,0,LOW,,commercial,seo,False,False
blog seo ai,ai seo,40,,0.34,LOW,67,commercial,seo,False,False
ai seo blogs,ai seo,40,,0.89,LOW,,informational,ai_seo,False,False
generative ai seo,ai seo,40,,3.35,LOW,,commercial,ai_seo,False,False
ai seo tools scale agile solutions,ai seo,40,,0,,,commercial,ai_seo,False,False
ai seo course free,ai seo,40,,0.48,MEDIUM,,commercial,ai_seo,False,False
best free ai tools for seo,ai seo,40,,1.63,MEDIUM,,commercial,seo,True,False
ai humanizer seo,ai seo,40,,0,LOW,,commercial,seo,False,False
seo ai course,ai seo,40,,1,HIGH,,commercial,seo,False,False
seo content ai,ai seo,40,,0,LOW,,commercial,seo,False,False
seo for ai overviews,ai seo,40,,0,LOW,,commercial,seo,False,False
seo ai courses,ai seo,40,,1,HIGH,,commercial,seo,False,False
ai seo tool free,ai seo,40,,1.26,MEDIUM,,commercial,ai_seo,False,False
ai seo blog,ai seo,40,,0.89,LOW,79,commercial,ai_seo,False,False
graphic web design company,web design company,40,,1.15,LOW,,commercial,web_design,False,False
web design company logo,web design company,40,,4.47,LOW,58,commercial,web_design,False,False
best web design and development company in india,web design company,40,,0,LOW,,commercial,web_design,True,False
best web design company in dehradun,web design company,40,,0,LOW,88,commercial,web_design,True,False
web and logo design company,web design company,40,,4.47,LOW,,commercial,other,False,False
web design company in moradabad,web design company,40,,0.27,LOW,,commercial,web_design,False,False
ecommerce web design company in delhi,web design company,40,,0,LOW,47,commercial,ecommerce,False,False
best web design and development company in ahmedabad,web design company,40,,0.18,LOW,,commercial,web_design,True,False
philadelphia web design company,web design company,40,,7.52,LOW,,commercial,web_design,False,False
world best web design company,web design company,40,,0.8,LOW,,commercial,web_design,True,False
best web design company in madurai,web design company,40,,0.11,LOW,50,commercial,web_design,True,False
web design company in tirupati,web design company,40,,0,LOW,,commercial,web_design,False,False
web design company in vashi,web design company,40,,2.84,LOW,,commercial,web_design,False,False
best web design company in indore,web design company,40,,1.15,LOW,,commercial,web_design,True,False
the best web design company in the world,web design company,40,,0.8,LOW,,commercial,web_design,True,False
best web design company in lucknow,web design company,40,,0,LOW,,commercial,web_design,True,False
redlio designs web design and development company,web design company,40,,0,LOW,,commercial,web_design,False,False
eternity web solutions web design company in pune,web design company,40,,0,LOW,,commercial,web_design,False,False
web design company in michigan,web design company,40,,0,LOW,,commercial,web_design,False,False
atlanta web design company,web design company,40,,0,LOW,,commercial,web_design,False,False
web design company kannur,web design company,40,,0.91,LOW,46,commercial,web_design,False,False
best web design and development company in kolkata,web design company,40,,0,LOW,,commercial,web_design,True,False
web design company varanasi,web design company,40,,0,LOW,0,commercial,web_design,False,False
web design company ireland,web design company,40,,0.93,MEDIUM,,commercial,web_design,False,False
web design company in vizag,web design company,40,,0.01,LOW,0,commercial,web_design,False,False
top web design company in chennai,web design company,40,,0.58,LOW,42,commercial,web_design,True,False
logo for web design company,web design company,40,,0,LOW,58,commercial,web_design,False,False
web design company ludhiana,web design company,40,,0.88,LOW,35,commercial,web_design,False,False
web design company in houston,web design company,40,,5,LOW,60,commercial,web_design,False,False
web design company in ahmedabad jobs,web design company,40,,0.03,LOW,,commercial,web_design,False,False
ecommerce web design company in india,web design company,40,,0,LOW,,commercial,ecommerce,False,False
web design company auckland,web design company,40,,0,LOW,100,commercial,web_design,False,False
web design and graphic design company,web design company,40,,1.15,LOW,,commercial,web_design,False,False
esspesoft best web design & digital marketing company in kolkata,web design company,40,,0,LOW,,commercial,web_design,True,False
web design company in gorakhpur,web design company,40,,0,LOW,,commercial,web_design,False,False
web design company kuwait,web design company,40,,1.1,LOW,17,commercial,web_design,False,False
best web design company in calicut,web design company,40,,0.61,MEDIUM,59,commercial,web_design,True,False
best web design company in mohali,web design company,40,,0,LOW,46,commercial,web_design,True,False
web design company houston,web design company,40,,5,LOW,60,commercial,web_design,False,False
web design company in ottawa,web design company,40,,0,LOW,,commercial,web_design,False,False
web design company michigan,web design company,40,,0,LOW,,commercial,web_design,False,False
web design company logos,web design company,40,,4.47,LOW,,commercial,web_design,False,False
houston web design company,web design company,40,,5,LOW,60,commercial,web_design,False,False
web design company in kannur,web design company,40,,0.91,LOW,46,commercial,web_design,False,False
web design company in jabalpur,web design company,40,,0,LOW,,commercial,web_design,False,False
web design company in ireland,web design company,40,,0.93,MEDIUM,,commercial,web_design,False,False
web design company delhi india,web design company,40,,1.07,MEDIUM,95,commercial,web_design,False,False
top web design company chennai,web design company,40,,0.58,LOW,43,commercial,web_design,True,False
web design company charlotte nc,web design company,40,,0,LOW,,commercial,web_design,False,False
web design company philadelphia,web design company,40,,7.52,LOW,,commercial,web_design,False,False
best web design company in world,web design company,40,,0.8,LOW,,commercial,web_design,True,False
web design company in atlanta,web design company,40,,0,LOW,,commercial,web_design,False,False
web development it company,web development company,40,,0.47,LOW,,commercial,web_design,False,False
web development company in vashi,web development company,40,,2.84,LOW,,commercial,web_design,False,False
web development company in texas,web development company,40,,4.93,LOW,50,commercial,web_design,False,False
web development company kuwait,web development company,40,,1.1,LOW,28,commercial,web_design,False,False
implies solution mobile & web development company,web development company,40,,0,LOW,,commercial,web_design,False,False
web development company in coimbatore for freshers,web development company,40,,0.19,LOW,,commercial,web_design,False,False
web development company in malaysia,web development company,40,,1.95,LOW,24,commercial,web_design,False,False
web app development company usa,web development company,40,,0,LOW,,commercial,other,False,False
infotech wayout web development company kolkata,web development company,40,,0,LOW,,navigational,web_design,False,False
logo for web development company,web development company,40,,0,LOW,50,navigational,web_design,False,False
web development company in south delhi,web development company,40,,0,LOW,,commercial,web_design,False,False
web development company in bhavnagar,web development company,40,,0,LOW,,commercial,web_design,False,False
web development company in panipat,web development company,40,,0.43,LOW,,commercial,web_design,False,False
ecommerce web development company in delhi,web development company,40,,0,LOW,,commercial,ecommerce,False,False
web development company in germany,web development company,40,,2.88,MEDIUM,48,commercial,web_design,False,False
web development company in atlanta,web development company,40,,0,LOW,56,commercial,web_design,False,False
mbw web designing and development company photos,web development company,40,,0,,,navigational,web_design,False,False
web app development company in pune,web development company,40,,0,LOW,,commercial,other,False,False
rajeshwar infotech web and mobile application development company,web development company,40,,0,,,navigational,other,False,False
best web development company in bhopal,web development company,40,,0.89,LOW,,commercial,web_design,True,False
web app development company in coimbatore,web development company,40,,0.74,LOW,,navigational,other,False,False
web development company in ambala,web development company,40,,0,LOW,46,commercial,web_design,False,False
web application development company in coimbatore,web development company,40,,0.74,LOW,87,commercial,other,False,False
web development company in mangalore,web development company,40,,0,LOW,29,commercial,web_design,False,False
web application development company kochi,web development company,40,,0.79,LOW,,navigational,other,False,False
web development company malaysia,web development company,40,,1.95,LOW,38,commercial,web_design,False,False
ecommerce web development company india,web development company,40,,0,LOW,19,commercial,ecommerce,False,False
web development company in rajasthan,web development company,40,,0,LOW,,commercial,web_design,False,False
web development company in jaipur for freshers,web development company,40,,0.32,LOW,,commercial,web_design,False,False
web application development company in pune,web development company,40,,0,LOW,,commercial,other,False,False
web development company in jamnagar,web development company,40,,0.47,LOW,,commercial,web_design,False,False
rlogical techsoft private limited web and mobile app development company,web development company,40,,0,LOW,,navigational,other,False,False
web development company in kuwait,web development company,40,,0,LOW,50,commercial,web_design,False,False
web development company logo,web development company,40,,0,LOW,56,navigational,web_design,False,False
ecommerce web development company bangalore,web development company,40,,0,LOW,29,commercial,ecommerce,False,False
web development company in jabalpur,web development company,40,,0,LOW,47,commercial,web_design,False,False
web development company in bangalore for freshers,web development company,40,,0.03,MEDIUM,48,commercial,web_design,False,False
chromeinfo technologies web android ios cloud based software development company,web development company,40,,0,LOW,,commercial,other,False,False
web development company in ahmedabad for fresher,web development company,40,,0.1,LOW,,commercial,web_design,False,False
web development company auckland,web development company,40,,0,LOW,,commercial,web_design,False,False
web development company in jamshedpur,web development company,40,,2.96,LOW,,commercial,web_design,False,False
web development company saudi arabia,web development company,40,,0.75,LOW,48,commercial,web_design,False,False
web & mobile app development company,web development company,40,,5.94,LOW,85,commercial,other,False,False
top web development company in hyderabad,web development company,40,,1.38,LOW,,commercial,web_design,True,False
best web development company in indore,web development company,40,,1.15,LOW,47,commercial,web_design,True,False
smartz minds app & web development company,web development company,40,,0,LOW,,navigational,web_design,False,False
web application development company usa,web development company,40,,0,LOW,59,commercial,other,False,False
web development company in hisar,web development company,40,,0.01,LOW,44,commercial,web_design,False,False
medical website design agency,website design agency,40,,0,LOW,,commercial,web_design,False,False
marketing agency website design,website design agency,40,,1.79,LOW,,commercial,web_design,False,False
website design agency houston,website design agency,40,,5,LOW,,commercial,web_design,False,False
website design agency melbourne,website design agency,40,,0,LOW,,commercial,web_design,False,False
website design marketing agency,website design agency,40,,1.79,LOW,,commercial,web_design,False,False
ecommerce development company in gurgaon,ecommerce development company,40,,0,LOW,,commercial,ecommerce,False,False
ecommerce development company uae,ecommerce development company,40,,0,HIGH,,commercial,ecommerce,False,False
ecommerce website development company bangalore,ecommerce development company,40,,0,LOW,9,commercial,ecommerce,False,False
ecommerce development company hyderabad,ecommerce development company,40,,0,LOW,,commercial,ecommerce,False,False
ecommerce software development company,ecommerce development company,40,,3.09,LOW,,commercial,ecommerce,False,False
brainvire ecommerce & mobile app development company photos,ecommerce development company,40,,0,LOW,,commercial,ecommerce,False,False
ecommerce development company in coimbatore,ecommerce development company,40,,0,LOW,48,commercial,ecommerce,False,False
ecommerce website development company in kerala,ecommerce development company,40,,1.2,LOW,44,commercial,ecommerce,False,False
ecommerce development company in hyderabad,ecommerce development company,40,,0,LOW,,commercial,ecommerce,False,False
ecommerce marketing agency near me,ecommerce agency,40,,1.4,MEDIUM,,commercial,ecommerce,False,False
web agency ecommerce,ecommerce agency,40,,0.51,LOW,,commercial,ecommerce,False,False
best ecommerce agency in india,ecommerce agency,40,,1.17,MEDIUM,,commercial,ecommerce,True,False
ecommerce website agency,ecommerce agency,40,,0.51,LOW,,commercial,ecommerce,False,False
ecommerce app development agency,ecommerce agency,40,,0,LOW,,commercial,ecommerce,False,False
ecommerce agency in mumbai,ecommerce agency,40,,2.63,HIGH,50,commercial,ecommerce,False,False
best ecommerce marketing agency,ecommerce agency,40,,1.83,LOW,,commercial,ecommerce,True,False
shopify development agency in india,shopify development,40,,0,LOW,,navigational,ecommerce,False,False
learn shopify development,shopify development,40,,0.25,LOW,54,informational,ecommerce,False,False
shopify theme development course,shopify development,40,,0.08,LOW,,informational,ecommerce,False,False
learning shopify development,shopify development,40,,0.25,LOW,,informational,ecommerce,False,False
shopify development company in bangalore,shopify development,40,,0.54,LOW,,commercial,ecommerce,False,False
shopify theme development services,shopify development,40,,0,LOW,,commercial,ecommerce,False,False
shopify plus development,shopify development,40,,0,LOW,,commercial,ecommerce,False,False
white label shopify development,shopify development,40,,1.26,LOW,,commercial,ecommerce,False,False
shopify development company usa,shopify development,40,,0,LOW,,navigational,ecommerce,False,False
shopify development agency in delhi,shopify development,40,,0,LOW,,commercial,ecommerce,False,False
shopify theme development service,shopify development,40,,0,LOW,,commercial,ecommerce,False,False
shopify development company mumbai,shopify development,40,,0,LOW,,navigational,ecommerce,False,False
custom shopify theme development,shopify development,40,,0,LOW,,commercial,ecommerce,False,False
ai agency website template,ai agency,40,,0.56,LOW,,commercial,ai_agents,False,False
ai video ads agency,ai agency,40,,0.75,MEDIUM,,commercial,other,False,False
ai agency services,ai agency,40,,1.8,LOW,,commercial,ai_agents,False,False
ai-driven digital marketing agency,ai agency,40,,0.27,LOW,,commercial,digital_mkt,False,False
ai automation agency in usa,ai agency,40,,8.47,MEDIUM,,commercial,ai_agents,False,False
marketing agency ai,ai agency,40,,1.54,HIGH,16,commercial,other,False,False
how to start ai automation agency,ai agency,40,1,1.21,MEDIUM,,informational,ai_agents,False,True
ai automation agency business model,ai agency,40,,0.97,LOW,,commercial,ai_agents,False,False
ai agent development agency,ai agency,40,,1.66,LOW,,navigational,ai_agents,False,False
ai services agency,ai agency,40,,2.36,MEDIUM,,navigational,other,False,False
ai consulting agency,ai agency,40,,1.76,LOW,,commercial,other,False,False
ai based digital marketing agency,ai agency,40,,1.31,LOW,,commercial,digital_mkt,False,False
ai agents agency,ai agency,40,,1.96,MEDIUM,,navigational,ai_agents,False,False
ai video ad agency,ai agency,40,,0.75,MEDIUM,,navigational,other,False,False
what is geo generative engine optimization,generative engine optimization,40,2,0.76,LOW,,informational,ai_seo,False,True
how to do generative engine optimization,generative engine optimization,40,0,1.26,MEDIUM,,informational,ai_seo,False,True
generative engine optimization geo services,generative engine optimization,40,,3.05,LOW,,commercial,ai_seo,False,False
answer engine optimization agency,answer engine optimization,40,,0,LOW,,navigational,ai_seo,False,False
wordpress website designers in hyderabad,web design company,40,,0.44,LOW,,commercial,web_design,False,False
top 10 website designing company in delhi,web design company,40,,0.43,LOW,,commercial,web_design,True,False
digital marketing agency in mumbai for freshers,digital marketing agency,40,,0.64,LOW,,commercial,digital_mkt,False,False
best seo agency in bhubaneswar,seo agency,30,,0,LOW,,commercial,seo,True,False
gambling seo agency,seo agency,30,,0,LOW,,commercial,seo,False,False
seo agency in cardiff,seo agency,30,,0,LOW,,commercial,seo,False,False
seo agency wp theme,seo agency,30,,0.26,LOW,,commercial,seo,False,False
seo agency dublin,seo agency,30,,17.5,LOW,,commercial,seo,False,False
cleveland seo agency,seo agency,30,,0,LOW,,commercial,seo,False,False
seo agency las vegas,seo agency,30,,0,LOW,,commercial,seo,False,False
seo agency in dublin,seo agency,30,,17.5,LOW,,commercial,seo,False,False
seo and content marketing agency,seo agency,30,,0,LOW,,commercial,seo,False,False
restaurant seo agency,seo agency,30,,0,LOW,,commercial,seo,False,False
seo agency in new jersey,seo agency,30,,2.08,LOW,,commercial,seo,False,False
espial solutions digital marketing agency seo agency,seo agency,30,,0,,,commercial,digital_mkt,False,False
affordable seo agency,seo agency,30,,0,LOW,,commercial,seo,True,False
seo agency in vashi,seo agency,30,,0.83,LOW,,commercial,seo,False,False
woocommerce seo agency,seo agency,30,,0,LOW,,commercial,ecommerce,False,False
seo agency for doctors,seo agency,30,,0,LOW,,commercial,seo,False,False
seo agency in oxford,seo agency,30,,0,LOW,,commercial,seo,False,False
china seo agency,seo agency,30,,1,LOW,,commercial,seo,False,False
best seo agency in coimbatore,seo agency,30,,0,LOW,,commercial,seo,True,False
miami seo agency,seo agency,30,,0,LOW,,commercial,seo,False,False
best seo agency in bhopal,seo agency,30,,0,LOW,,commercial,seo,True,False
best seo agency abu dhabi,seo agency,30,,0,LOW,,commercial,seo,True,False
seo advertising agency,seo agency,30,,0,LOW,,commercial,seo,False,False
seo agency in goa,seo agency,30,,0,LOW,,commercial,seo,False,False
seo agency gold coast,seo agency,30,,0,LOW,,commercial,seo,False,False
niche seo agency,seo agency,30,,0,LOW,,commercial,seo,False,False
hire seo expert digital marketing agency,seo agency,30,,0,LOW,,transactional,digital_mkt,False,False
seo agency in philadelphia,seo agency,30,,12.78,HIGH,52,commercial,seo,False,False
seo agency cambridge,seo agency,30,,1.25,LOW,,commercial,seo,False,False
best seo agency in australia,seo agency,30,,6.1,LOW,,commercial,seo,True,False
seo agency for saas,seo agency,30,,2.32,LOW,46,commercial,seo,False,False
seo agency vancouver,seo agency,30,,2.72,LOW,,commercial,seo,False,False
seo agency ireland,seo agency,30,,11.35,MEDIUM,,commercial,seo,False,False
aresourcepool web & mobile app development company seo agency,seo agency,30,,0,,,navigational,seo,False,False
top seo agency india,seo agency,30,,1.58,LOW,51,commercial,seo,True,False
seo agency in trivandrum,seo agency,30,,0,LOW,0,commercial,seo,False,False
seo champ best digital marketing agency in bangalore,seo agency,30,,0,LOW,,commercial,digital_mkt,True,False
seo agency ludhiana,seo agency,30,,0,LOW,,commercial,seo,False,False
seo agency minneapolis,seo agency,30,,0.05,LOW,69,commercial,seo,False,False
seo agency for restaurants,seo agency,30,,0,LOW,,commercial,seo,False,False
best seo agency melbourne,seo agency,30,,0,LOW,,commercial,seo,True,False
seo services agency in noida,seo agency,30,,0,LOW,,commercial,seo,False,False
seo agency leicester,seo agency,30,,0.78,LOW,,commercial,seo,False,False
top seo agency in usa,seo agency,30,,12.11,HIGH,,commercial,seo,True,False
all seo agency in bristol,seo agency,30,,0,HIGH,,commercial,seo,False,False
seo agency cardiff,seo agency,30,,0,LOW,50,commercial,seo,False,False
hire an seo agency,seo agency,30,,0,LOW,,commercial,seo,False,False
seo agency new jersey,seo agency,30,,2.08,LOW,,commercial,seo,False,False
seo agency in derby,seo agency,30,,2.04,LOW,,commercial,seo,False,False
seo agency orlando,seo agency,30,,0.65,LOW,,commercial,seo,False,False
seo agency wordpress theme,seo agency,30,,0.26,LOW,,commercial,seo,False,False
seo agency derby,seo agency,30,,2.04,LOW,,commercial,seo,False,False
hiring an seo agency,seo agency,30,,0,LOW,,commercial,seo,False,False
manufacturing seo agency,seo agency,30,,0,LOW,,commercial,seo,False,False
seo agency wordpress template,seo agency,30,,0.26,LOW,,commercial,seo,False,False
seo agency in cambridge,seo agency,30,,1.25,LOW,,commercial,seo,False,False
youtube seo agency,seo agency,30,,0,LOW,,commercial,seo,False,False
seo marketing agency near me,seo agency,30,,5.51,MEDIUM,,commercial,seo,False,False
seo agency theme wordpress,seo agency,30,,0.26,LOW,,commercial,seo,False,False
hvac seo agency,seo agency,30,,0,LOW,,commercial,seo,False,False
seo agency faridabad,seo agency,30,,0,LOW,48,commercial,seo,False,False
seo agency coimbatore,seo agency,30,,0,LOW,,commercial,seo,False,False
new jersey seo agency,seo agency,30,,2.08,LOW,,commercial,seo,False,False
seo agency oxford,seo agency,30,,0,LOW,,commercial,seo,False,False
b2b seo agency in mumbai,seo agency,30,,0.89,LOW,,commercial,seo,False,False
seo agency in bhubaneswar,seo agency,30,,0,LOW,,commercial,seo,False,False
hospitality seo agency,seo agency,30,,0,LOW,,commercial,seo,False,False
best seo agency in abu dhabi,seo agency,30,,0,LOW,,commercial,seo,True,False
seo agency in leicester,seo agency,30,,0.78,LOW,,commercial,seo,False,False
cheap seo agency,seo agency,30,,0,LOW,,commercial,seo,False,False
las vegas seo agency,seo agency,30,,0,LOW,,commercial,seo,False,False
thrive seo agency,seo agency,30,,0,LOW,,commercial,seo,False,False
wordpress seo agency theme,seo agency,30,,0.26,LOW,,commercial,seo,False,False
seo agency in sharjah,seo agency,30,,0,LOW,,commercial,seo,False,False
wordpress theme for seo agency,seo agency,30,,0.26,LOW,,commercial,seo,False,False
new orleans seo agency,seo agency,30,,0.82,LOW,,commercial,seo,False,False
seo agency in ireland,seo agency,30,,11.35,MEDIUM,,commercial,seo,False,False
best seo agency toronto,seo agency,30,,2.1,LOW,,commercial,seo,True,False
seo audit agency,seo agency,30,,1.26,LOW,,commercial,seo,False,False
best seo agency in vadodara,seo agency,30,,1.9,LOW,,commercial,seo,True,False
seo agency coventry,seo agency,30,,0.59,LOW,,commercial,seo,False,False
nj seo agency,seo agency,30,,2.08,LOW,,commercial,seo,False,False
wordpress seo agency,seo agency,30,,0,LOW,54,commercial,seo,False,False
seo agency for doctor,seo agency,30,,0,LOW,,commercial,seo,False,False
shopify seo agency in india,seo agency,30,,0,LOW,,commercial,ecommerce,False,False
best seo agency in ghaziabad,seo agency,30,,0,LOW,,commercial,seo,True,False
seo agency nj,seo agency,30,,2.08,LOW,,commercial,seo,False,False
seo agency indore,seo agency,30,,0,LOW,,commercial,seo,False,False
seo agency for accountants,seo agency,30,,0,LOW,,commercial,seo,False,False
seo agency for restaurant,seo agency,30,,0,LOW,,commercial,seo,False,False
seo agency in ottawa,seo agency,30,,1.98,MEDIUM,,commercial,seo,False,False
seo services agency in delhi,seo agency,30,,0,LOW,,commercial,seo,False,False
seo services agency in india,seo agency,30,,0.72,LOW,,commercial,seo,False,False
seo content marketing agency,seo agency,30,,0,LOW,,commercial,seo,False,False
seo company in maryland,seo company,30,,0,MEDIUM,,commercial,seo,False,False
seo company hamilton,seo company,30,,18.34,MEDIUM,,commercial,seo,False,False
seo company in nagercoil,seo company,30,,0.57,LOW,,commercial,seo,False,False
seo company in colchester,seo company,30,,5.81,MEDIUM,,commercial,seo,False,False
washington dc seo company,seo company,30,,3.19,MEDIUM,,commercial,seo,False,False
seo company in preston,seo company,30,,0.54,MEDIUM,,commercial,seo,False,False
seo taiji company,seo company,30,,0,LOW,55,commercial,seo,False,False
seo company in bournemouth,seo company,30,,20.81,MEDIUM,,commercial,seo,False,False
maryland seo company,seo company,30,,0,MEDIUM,56,commercial,seo,False,False
seo company bournemouth,seo company,30,,20.81,MEDIUM,,commercial,seo,False,False
seo company cleveland,seo company,30,,0,LOW,,commercial,seo,False,False
new orleans seo company,seo company,30,,0.82,LOW,,commercial,seo,False,False
restaurant seo company,seo company,30,,0,LOW,,commercial,seo,False,False
seo company in karnal,seo company,30,,0,LOW,44,commercial,seo,False,False
seo company in baton rouge,seo company,30,,0,LOW,,commercial,seo,False,False
seo company in new orleans,seo company,30,,0.82,LOW,,commercial,seo,False,False
seo company for financial companies,seo company,30,,0,LOW,,commercial,seo,False,False
seo advertising company,seo company,30,,0,LOW,,commercial,seo,False,False
seo for saas company,seo company,30,,0,LOW,,commercial,seo,False,False
local seo company in usa,seo company,30,,0,LOW,,commercial,seo,False,False
finance seo company,seo company,30,,0,LOW,,commercial,seo,False,False
seo company in tamilnadu,seo company,30,,1.47,MEDIUM,43,commercial,seo,False,False
best seo services company in hyderabad,seo company,30,,0,,,commercial,seo,True,False
top seo company mumbai,seo company,30,,0,LOW,9,commercial,seo,True,False
seo company in mansarovar jaipur,seo company,30,,0.38,LOW,,commercial,seo,False,False
seo ranking company,seo company,30,,1.75,LOW,49,commercial,seo,False,False
seo company mn,seo company,30,,0.05,LOW,,commercial,seo,False,False
cheap seo company,seo company,30,,0,LOW,,commercial,seo,False,False
seo company dc,seo company,30,,3.19,MEDIUM,,commercial,seo,False,False
kansas city seo company,seo company,30,,0,LOW,,commercial,seo,False,False
seo company washington,seo company,30,,3.19,MEDIUM,,commercial,seo,False,False
seo company in georgia,seo company,30,,0,LOW,,commercial,seo,False,False
seo company in louisville,seo company,30,,0,,,commercial,seo,False,False
seo company dublin,seo company,30,,17.5,LOW,,commercial,seo,False,False
seo company minneapolis,seo company,30,,0.05,LOW,,commercial,seo,False,False
seo company in delaware,seo company,30,,0,MEDIUM,,commercial,seo,False,False
seo company in peterborough,seo company,30,,0,LOW,,commercial,seo,False,False
seo company detroit,seo company,30,,14.83,HIGH,,commercial,seo,False,False
chennai seo company,seo company,30,,0.65,LOW,30,commercial,seo,False,False
seo company cheap,seo company,30,,0,LOW,,commercial,seo,False,False
seo company in derby,seo company,30,,1.68,MEDIUM,,commercial,seo,False,False
all seo company in glasgow,seo company,30,,8.82,MEDIUM,46,commercial,seo,False,False
seo company cleveland ohio,seo company,30,,0,LOW,,commercial,seo,False,False
dc seo company,seo company,30,,3.19,MEDIUM,,commercial,seo,False,False
on page seo company,seo company,30,,0,LOW,,commercial,seo,False,False
seo company in hamilton,seo company,30,,18.34,MEDIUM,,commercial,seo,False,False
seo company surrey,seo company,30,,9.13,LOW,,commercial,seo,False,False
best local seo company mumbai,seo company,30,,0,LOW,,commercial,seo,True,False
seo company in exeter,seo company,30,,0.3,MEDIUM,,commercial,seo,False,False
top 10 seo company in usa,seo company,30,,0,MEDIUM,,commercial,seo,True,False
all seo company in austin,seo company,30,,2.49,HIGH,,commercial,seo,False,False
miami seo company,seo company,30,,0,LOW,60,commercial,seo,False,False
seo company in bhavnagar,seo company,30,,1.39,MEDIUM,,commercial,seo,False,False
hvac seo company,seo company,30,,0,LOW,,commercial,seo,False,False
medical seo company,seo company,30,,2.73,LOW,,commercial,seo,False,False
the miami seo company,seo company,30,,0,LOW,,commercial,seo,False,False
off page seo company in india,seo company,30,,1.59,HIGH,,commercial,seo,False,False
local seo services company,seo company,30,,4.29,LOW,59,commercial,seo,False,False
seo company in kota,seo company,30,,0,LOW,,commercial,seo,False,False
seo company in haridwar,seo company,30,,0,LOW,47,commercial,seo,False,False
best seo company in ernakulam,seo company,30,,0,LOW,,commercial,seo,True,False
best seo services company in delhi ncr,seo company,30,,0,LOW,,commercial,seo,True,False
best seo company abu dhabi,seo company,30,,0,LOW,,commercial,seo,True,False
seo company china,seo company,30,,1,LOW,,commercial,seo,False,False
seo company in raleigh,seo company,30,,1.72,MEDIUM,,commercial,seo,False,False
all seo company in brisbane,seo company,30,,0.32,HIGH,62,commercial,seo,False,False
all seo company in abu dhabi,seo company,30,,2.51,MEDIUM,,commercial,seo,False,False
seo company in west delhi,seo company,30,,0,LOW,,commercial,seo,False,False
seo company in bareilly,seo company,30,,0,LOW,,commercial,seo,False,False
seo company in colorado,seo company,30,,0,MEDIUM,,commercial,seo,False,False
offshore seo company,seo company,30,,0,LOW,,commercial,seo,False,False
offshore seo company india,seo company,30,,0,LOW,,commercial,seo,False,False
onpage seo company,seo company,30,,0,LOW,,commercial,seo,False,False
professional seo services company,seo company,30,,0,LOW,69,commercial,seo,False,False
best seo company toronto,seo company,30,,2.1,LOW,60,commercial,seo,True,False
seo company in roorkee,seo company,30,,0,LOW,,commercial,seo,False,False
best seo company in noida sector 63,seo company,30,,0.08,LOW,,commercial,seo,True,False
seo company baton rouge,seo company,30,,0,LOW,,navigational,seo,False,False
seo services company in ahmedabad,seo company,30,,3.02,LOW,51,commercial,seo,False,False
seo company in winnipeg,seo company,30,,0.75,MEDIUM,,commercial,seo,False,False
all seo company in edinburgh,seo company,30,,0.74,LOW,50,commercial,seo,False,False
all seo company in san francisco,seo company,30,,1.61,MEDIUM,51,commercial,seo,False,False
all seo company in denver,seo company,30,,4.17,HIGH,67,commercial,seo,False,False
all seo company in adelaide,seo company,30,,0,MEDIUM,71,commercial,seo,False,False
seo company in chester,seo company,30,,1.44,LOW,,commercial,seo,False,False
seo company raleigh nc,seo company,30,,1.72,MEDIUM,,commercial,seo,False,False
best seo company in boston,seo company,30,,25.23,LOW,,commercial,seo,True,False
hire seo company,seo company,30,,0,LOW,,commercial,seo,False,False
seo company raleigh,seo company,30,,1.72,MEDIUM,,commercial,seo,False,False
seo company ranking,seo company,30,,1.75,LOW,49,commercial,seo,False,False
local seo company usa,seo company,30,,0,LOW,,commercial,seo,False,False
seo company exeter,seo company,30,,0.3,MEDIUM,,commercial,seo,False,False
all seo company in edmonton,seo company,30,,1.41,LOW,64,commercial,seo,False,False
seo company stoke on trent,seo company,30,,0.59,MEDIUM,,commercial,seo,False,False
seo company in minneapolis,seo company,30,,0.05,LOW,,commercial,seo,False,False
seo company in detroit,seo company,30,,14.83,HIGH,,commercial,seo,False,False
seo company fresno,seo company,30,,0,LOW,,commercial,seo,False,False
seo company colchester,seo company,30,,5.81,MEDIUM,,commercial,seo,False,False
best seo company for attorneys,seo company,30,,0,LOW,,commercial,seo,True,False
seo writing services,seo services,30,,0,LOW,,commercial,seo,False,False
cheap seo services in delhi,seo services,30,,0,LOW,,commercial,seo,False,False
seo services in dallas,seo services,30,,3.84,MEDIUM,,commercial,seo,False,False
seo social media marketing services,seo services,30,,0,LOW,,commercial,seo,False,False
local seo services companies,seo services,30,,4.29,LOW,,commercial,seo,False,False
seo services post,seo services,30,,0,LOW,,commercial,seo,False,False
low cost seo services in kolkata,seo services,30,,0,LOW,,commercial,seo,True,False
youtube seo services india,seo services,30,,1.89,LOW,,commercial,seo,False,False
dallas seo services,seo services,30,,3.84,MEDIUM,,commercial,seo,False,False
seo services in sharjah,seo services,30,,0,LOW,,commercial,seo,False,False
private label seo services,seo services,30,,0,LOW,,commercial,seo,False,False
seo services in gwalior,seo services,30,,0,LOW,,commercial,seo,False,False
seo services video,seo services,30,,0,LOW,46,commercial,seo,False,False
professional seo services in uk,seo services,30,,0,LOW,,commercial,seo,False,False
advance seo services,seo services,30,,0,LOW,,commercial,seo,False,False
outreach seo services,seo services,30,,0,LOW,,commercial,seo,False,False
seo services dallas,seo services,30,,0,MEDIUM,71,commercial,seo,False,False
top seo services in mumbai,seo services,30,,0,LOW,,commercial,seo,True,False
seo services banner,seo services,30,,0,LOW,50,commercial,seo,False,False
montreal seo services,seo services,30,,0,LOW,,commercial,seo,False,False
freelance seo services india,seo services,30,,0,LOW,,commercial,seo,False,False
seo services in raipur,seo services,30,,0,LOW,,commercial,seo,False,False
best ecommerce seo services,seo services,30,,0,LOW,,commercial,ecommerce,True,False
seo services austin tx,seo services,30,,2.89,LOW,,commercial,seo,False,False
local seo services in gurgaon,seo services,30,,0,LOW,,commercial,seo,False,False
seo services austin,seo services,30,,2.89,LOW,,commercial,seo,False,False
shopify seo services india,seo services,30,,0,LOW,,navigational,ecommerce,False,False
free seo services,seo services,30,,0.94,MEDIUM,85,commercial,seo,False,False
complete seo services,seo services,30,,0,LOW,,commercial,seo,False,False
san antonio seo services,seo services,30,,0,LOW,,commercial,seo,False,False
dental seo services in india,seo services,30,,0,LOW,,commercial,seo,False,False
seo services texas,seo services,30,,6.11,LOW,,commercial,seo,False,False
seo services indore,seo services,30,,0,LOW,0,commercial,seo,False,False
seo services in goa,seo services,30,,0,LOW,,commercial,seo,False,False
website seo audit services,seo services,30,,0,LOW,,commercial,seo,False,False
wix seo services,seo services,30,,0,LOW,,commercial,seo,False,False
best seo services for small business,seo services,30,,0,LOW,,commercial,seo,True,False
seo professional services,seo services,30,,0,LOW,57,commercial,seo,False,False
guaranteed seo services india,seo services,30,,0,LOW,,commercial,seo,False,False
guaranteed seo services in india,seo services,30,,0,LOW,,commercial,seo,False,False
seo management services,seo services,30,,0,LOW,,commercial,seo,False,False
video seo services,seo services,30,,0,LOW,46,commercial,seo,False,False
corporate seo services,seo services,30,,0,LOW,,commercial,seo,False,False
seo services hsn code,seo services,30,,0,LOW,,commercial,seo,False,False
b2c seo services,seo services,30,,0,LOW,,commercial,seo,False,False
delhi seo services,seo services,30,,0,LOW,32,commercial,seo,False,False
seo services write for us,seo services,30,,0,LOW,,commercial,seo,False,False
mayank seo services,seo services,30,,0,LOW,,commercial,seo,False,False
seo outreach services,seo services,30,,0,LOW,,commercial,seo,False,False
local seo services noida,seo services,30,,0,LOW,,commercial,seo,False,False
seo audit services in india,seo services,30,,0,LOW,,commercial,seo,False,False
seo services coimbatore,seo services,30,,0.56,LOW,13,commercial,seo,False,False
cheap seo services delhi,seo services,30,,0,LOW,,commercial,seo,False,False
fashion seo services,seo services,30,,0,LOW,,commercial,seo,False,False
aeo seo services,seo services,30,,1.19,LOW,,commercial,ai_seo,False,False
seo services dallas tx,seo services,30,,3.84,MEDIUM,,commercial,seo,False,False
seo for professional services,seo services,30,,0,LOW,57,commercial,seo,False,False
seo services icon,seo services,30,,0,LOW,,commercial,seo,False,False
professional seo services usa,seo services,30,,0,LOW,,commercial,seo,False,False
professional seo services uk,seo services,30,,0,LOW,,commercial,seo,False,False
best seo services in california,seo services,30,,4.61,MEDIUM,,commercial,seo,True,False
best seo services in canada,seo services,30,,0,MEDIUM,,commercial,seo,True,False
seo friendly content writing services,seo services,30,,0,LOW,,commercial,seo,False,False
local seo services in usa,seo services,30,,6.68,LOW,,commercial,seo,False,False
austin seo services,seo services,30,,2.89,LOW,,commercial,seo,False,False
seo for professional services firms,seo services,30,,0,LOW,,commercial,seo,False,False
seo services company in pune,seo services,30,,0,LOW,64,commercial,seo,False,False
local seo services dubai,seo services,30,,0,LOW,,commercial,seo,False,False
best seo services mumbai,seo services,30,,0,LOW,16,commercial,seo,True,False
affordable ecommerce seo services,seo services,30,,0,LOW,,commercial,ecommerce,True,False
affordable seo services company,seo services,30,,0,LOW,,commercial,seo,True,False
seo-services-company-in-pune,seo services,30,,0,LOW,64,commercial,seo,False,False
seo services in hindi,seo services,30,,0,LOW,,commercial,seo,False,False
local seo services in dubai,seo services,30,,0,LOW,,commercial,seo,False,False
seo canada services,seo services,30,,1.87,LOW,55,commercial,seo,False,False
best seo services in patna,seo services,30,,0,LOW,,commercial,seo,True,False
advanced seo services,seo services,30,,0,LOW,,commercial,seo,False,False
wordpress seo services india,seo services,30,,0,LOW,,commercial,seo,False,False
manufacturing seo services,seo services,30,,0,LOW,,commercial,seo,False,False
offshore seo services india,seo services,30,,0,LOW,,commercial,seo,False,False
best seo services toronto,seo services,30,,2.1,LOW,,commercial,seo,True,False
crypto seo services,seo services,30,,0,LOW,,commercial,seo,False,False
best seo services in toronto,seo services,30,,2.1,LOW,,commercial,seo,True,False
services offered by seo discovery pvt ltd,seo services,30,,0,LOW,,commercial,seo,False,False
seo and social media marketing services,seo services,30,,0,LOW,,commercial,seo,False,False
seo services it best digital marketing company in india,seo services,30,,0,LOW,,commercial,digital_mkt,True,False
seo services canada,seo services,30,,1.87,LOW,55,commercial,seo,False,False
seo services montreal,seo services,30,,0,LOW,,commercial,seo,False,False
seo retainer services,seo services,30,,0,LOW,,commercial,seo,False,False
hire seo services india,seo services,30,,0,,,commercial,seo,False,False
ai based seo tools,ai seo,30,,3.21,MEDIUM,,commercial,seo,False,False
ai in seo 2025,ai seo,30,,0,,,informational,seo,False,False
free seo ai tools,ai seo,30,,2.28,MEDIUM,,commercial,seo,False,False
seona ai seo,ai seo,30,,36.92,MEDIUM,,informational,ai_seo,False,False
free ai tool for seo,ai seo,30,,1.88,MEDIUM,,commercial,seo,False,False
seo ai writing,ai seo,30,,0,,26,commercial,seo,False,False
ai search seo,ai seo,30,,1.35,MEDIUM,,commercial,ai_seo,False,False
seo blog writing ai,ai seo,30,,0.38,MEDIUM,,commercial,seo,False,False
free seo ai tool,ai seo,30,,2.28,MEDIUM,,commercial,seo,False,False
ai seo jobs,ai seo,30,,0.11,LOW,,informational,ai_seo,False,False
ai seo statistics,ai seo,30,,0,LOW,,informational,ai_seo,False,False
seo automation ai,ai seo,30,,3.86,HIGH,,commercial,seo,False,False
seo check ai,ai seo,30,,2.08,MEDIUM,,commercial,seo,False,False
seo with ai course,ai seo,30,,0.92,MEDIUM,,commercial,seo,False,False
best ai seo expert in india,ai seo,30,,0,LOW,,commercial,ai_seo,True,False
auto seo ai,ai seo,30,,4.86,MEDIUM,,informational,seo,False,False
seo agent ai,ai seo,30,,0,LOW,,commercial,seo,False,False
seo small tools ai checker,ai seo,30,,0,LOW,,commercial,seo,False,False
top ai seo digital marketers india,ai seo,30,,0,LOW,,commercial,ai_seo,True,False
seo vs ai search,ai seo,30,,0,LOW,,commercial,ai_seo,False,False
ai seo automation,ai seo,30,,1.84,LOW,,commercial,ai_seo,False,False
seo checker ai,ai seo,30,,2.08,MEDIUM,,commercial,seo,False,False
will ai replace seo,ai seo,30,86,0,LOW,,informational,seo,False,False
ai seo software,ai seo,30,,1.57,LOW,,commercial,ai_seo,False,False
ai seo course in delhi,ai seo,30,,0,LOW,,informational,ai_seo,False,False
google seo ai,ai seo,30,,2.84,MEDIUM,,commercial,seo,False,False
what is seo for ai called,ai seo,30,0,0,LOW,,informational,seo,False,True
what is ai seo called,ai seo,30,0,0,LOW,,informational,ai_seo,False,True
future of seo with ai,ai seo,30,,1.13,LOW,,commercial,seo,False,False
ai seo free,ai seo,30,,3.21,MEDIUM,,commercial,ai_seo,False,False
ai for seo optimization,ai seo,30,,1.79,HIGH,41,commercial,seo,False,False
free ai tools for seo,ai seo,30,,1.88,MEDIUM,,commercial,seo,False,False
ai seo certification,ai seo,30,,0.68,MEDIUM,,commercial,ai_seo,False,False
web design company namakkal,web design company,30,,1.42,LOW,,navigational,web_design,False,False
web design company calgary,web design company,30,,0,LOW,,commercial,web_design,False,False
web design company in birmingham,web design company,30,,0.42,MEDIUM,51,commercial,web_design,False,False
top web design company in dubai,web design company,30,,0,LOW,,commercial,web_design,True,False
calgary web design company,web design company,30,,0,LOW,100,commercial,web_design,False,False
web design company in coimbatore saravanampatti,web design company,30,,0,LOW,,navigational,web_design,False,False
web design company in jayanagar,web design company,30,,0,LOW,,commercial,web_design,False,False
web design company in nepal,web design company,30,,0.87,LOW,,commercial,web_design,False,False
web design company in leeds,web design company,30,,0,MEDIUM,,commercial,web_design,False,False
web design & development company in usa,web design company,30,,2.83,LOW,,commercial,web_design,False,False
company profile web design,web design company,30,,0.89,LOW,46,navigational,web_design,False,False
web design and development company in usa,web design company,30,,2.83,LOW,,commercial,web_design,False,False
top 10 web design company,web design company,30,,0,LOW,88,commercial,web_design,True,False
tech company web design,web design company,30,,1.2,LOW,,commercial,web_design,False,False
best web design and development company,web design company,30,,0,LOW,,commercial,web_design,True,False
web design company in raipur,web design company,30,,0.12,LOW,92,commercial,web_design,False,False
web company profile design,web design company,30,,0.89,LOW,46,commercial,other,False,False
web design company dublin,web design company,30,,5.9,MEDIUM,,commercial,web_design,False,False
top 5 web design company in india,web design company,30,,1.42,MEDIUM,59,commercial,web_design,True,False
web design company orange county,web design company,30,,0,LOW,51,commercial,web_design,False,False
responsive web design company india,web design company,30,,0,LOW,,commercial,web_design,False,False
web design and development company usa,web design company,30,,2.83,LOW,,commercial,web_design,False,False
web design and software development company,web design company,30,,0.58,LOW,,commercial,web_design,False,False
web design company in namakkal,web design company,30,,1.42,LOW,,commercial,web_design,False,False
web design company germany,web design company,30,,1.58,LOW,34,commercial,web_design,False,False
web design company nepal,web design company,30,,0.87,LOW,,commercial,web_design,False,False
responsive web design company chennai,web design company,30,,0,LOW,,commercial,web_design,False,False
responsive web design company in chennai,web design company,30,,0,LOW,,commercial,web_design,False,False
top web design company dubai,web design company,30,,0,LOW,,commercial,web_design,True,False
web design company terms and conditions,web design company,30,,0.25,LOW,,commercial,web_design,False,False
web design company charleston sc,web design company,30,,0,LOW,,navigational,web_design,False,False
technology company web design,web design company,30,,1.2,LOW,,navigational,web_design,False,False
web design company in new zealand,web design company,30,,2.48,MEDIUM,100,commercial,web_design,False,False
web design company in laxmi nagar,web design company,30,,0,LOW,,commercial,web_design,False,False
responsive web design company in delhi,web design company,30,,0,LOW,,commercial,web_design,False,False
web design company in nz,web design company,30,,2.48,MEDIUM,100,commercial,web_design,False,False
web design company in canberra,web design company,30,,0,HIGH,,commercial,web_design,False,False
web design development company usa,web design company,30,,2.83,LOW,,commercial,web_design,False,False
orange county web design company,web design company,30,,0,LOW,,commercial,web_design,False,False
web design company wordpress theme,web design company,30,,0.19,LOW,,commercial,web_design,False,False
top 10 web design company in ahmedabad,web design company,30,,1.17,LOW,,commercial,web_design,True,False
web design company in germany,web design company,30,,1.58,LOW,34,commercial,web_design,False,False
web design company in thoothukudi,web design company,30,,0,LOW,12,navigational,web_design,False,False
web design company in winnipeg,web design company,30,,41.94,LOW,,commercial,web_design,False,False
web design company in orange county,web design company,30,,0,LOW,,commercial,web_design,False,False
web design company in karaikudi,web design company,30,,0,LOW,,commercial,web_design,False,False
web design company profile,web design company,30,,0.89,LOW,46,commercial,web_design,False,False
low cost web design company kolkata,web design company,30,,0,LOW,,commercial,web_design,True,False
web design company raipur,web design company,30,,0,LOW,92,commercial,web_design,False,False
web design company birmingham,web design company,30,,0.42,MEDIUM,51,commercial,web_design,False,False
web design company brochure pdf,web design company,30,,0,LOW,,navigational,web_design,False,False
affordable web design company in kolkata,web design company,30,,0,LOW,,commercial,web_design,True,False
chicago web design company,web design company,30,,7.09,LOW,100,commercial,web_design,False,False
web design company st louis,web design company,30,,4.68,LOW,,commercial,web_design,False,False
design web company profile,web design company,30,,0.89,LOW,,navigational,other,False,False
best web design development company,web design company,30,,0,LOW,,commercial,web_design,True,False
best web design company in pondicherry,web design company,30,,0,LOW,,commercial,web_design,True,False
how to start web development company,web development company,30,0,1.05,LOW,52,informational,web_design,False,True
best web development company in uk,web development company,30,,2.63,LOW,,commercial,web_design,True,False
web development company in san francisco,web development company,30,,3.99,HIGH,75,commercial,web_design,False,False
ecommerce web development company usa,web development company,30,,0,LOW,,commercial,ecommerce,False,False
ecommerce web development company in kolkata,web development company,30,,0,LOW,,commercial,ecommerce,False,False
web development company portfolio,web development company,30,,0,LOW,,navigational,web_design,False,False
web development company chicago,web development company,30,,7.09,LOW,88,commercial,web_design,False,False
web development company in ireland,web development company,30,,5.04,HIGH,,commercial,web_design,False,False
custom web application development company in india,web development company,30,,0,LOW,,commercial,other,False,False
web development company faridabad,web development company,30,,0,LOW,,commercial,web_design,False,False
web development company calgary,web development company,30,,0,LOW,,commercial,web_design,False,False
web development company in warangal,web development company,30,,0,LOW,,commercial,web_design,False,False
bagwar softwares private limited web development company in delhi,web development company,30,,0,LOW,,navigational,web_design,False,False
best web development company in vizag,web development company,30,,0,LOW,,commercial,web_design,True,False
best web development company near me,web development company,30,,0,LOW,,commercial,web_design,True,False
5mindz technolabs web & mobile app development company ahmedabad india,web development company,30,,0,LOW,,navigational,other,False,False
best web development company in surat,web development company,30,,0,LOW,,commercial,web_design,True,False
web development company in rohini,web development company,30,,0.37,MEDIUM,,commercial,web_design,False,False
web development company in vapi,web development company,30,,0,LOW,,commercial,web_design,False,False
web development company in kolkata sector-v,web development company,30,,1.02,LOW,,navigational,web_design,False,False
woocommerce web development company,web development company,30,,2.49,LOW,,commercial,ecommerce,False,False
wordpress themes for web development company,web development company,30,,0.19,LOW,67,commercial,web_design,False,False
web development company in haryana,web development company,30,,0.47,LOW,,commercial,web_design,False,False
wordpress theme for web development company,web development company,30,,0.19,LOW,67,commercial,web_design,False,False
itechnolabs software web mobile app development company photos,web development company,30,,0,LOW,,commercial,other,False,False
best web development company in qatar,web development company,30,,0,LOW,,commercial,web_design,True,False
futurex web & app development company,web development company,30,,0,,,commercial,other,False,False
web development company theme wordpress,web development company,30,,0.19,LOW,67,navigational,web_design,False,False
web development company texas,web development company,30,,13.48,MEDIUM,50,commercial,web_design,False,False
best web development company in united kingdom,web development company,30,,2.63,LOW,,commercial,web_design,True,False
infilon technologies web & mobile app development company photos,web development company,30,,0,LOW,,commercial,other,False,False
web development startup company in bangalore,web development company,30,,2.85,MEDIUM,,commercial,web_design,False,False
portfolio of web development company,web development company,30,,0,LOW,,navigational,web_design,False,False
web development company in new zealand,web development company,30,,0,HIGH,50,commercial,web_design,False,False
web development company in aligarh,web development company,30,,0,LOW,,commercial,web_design,False,False
web development company cape town,web development company,30,,0,LOW,,commercial,web_design,False,False
web development company in los angeles,web development company,30,,0,,46,commercial,web_design,False,False
wordpress theme web development company,web development company,30,,0.19,LOW,67,commercial,web_design,False,False
outsource web development company india,web development company,30,,0,LOW,,commercial,web_design,False,False
differenz system web & mobile app development company california usa,web development company,30,,0,LOW,,commercial,other,False,False
wismad web development company in lucknow,web development company,30,,0,LOW,,navigational,web_design,False,False
it web development company,web development company,30,,0.38,MEDIUM,,commercial,web_design,False,False
custom web app development company in india,web development company,30,,0,LOW,,commercial,other,False,False
web designing and development company in usa,web development company,30,,2.83,LOW,60,commercial,web_design,False,False
web development company in kottayam,web development company,30,,0.75,LOW,,commercial,web_design,False,False
web development company in nagercoil,web development company,30,,0,LOW,,commercial,web_design,False,False
web development company in bengaluru,web development company,30,,0,LOW,,commercial,web_design,False,False
web development company in chicago,web development company,30,,0,LOW,88,commercial,web_design,False,False
ecommerce web development company in noida,web development company,30,,0,LOW,,commercial,ecommerce,False,False
web application development company uk,web development company,30,,0,MEDIUM,,commercial,other,False,False
top web development company in usa,web development company,30,,1.99,MEDIUM,64,commercial,web_design,True,False
web development company in dhanbad,web development company,30,,1.1,LOW,,commercial,web_design,False,False
web development company in new delhi,web development company,30,,0.39,LOW,,commercial,web_design,False,False
web development company in sector 5 kolkata,web development company,30,,1.02,LOW,,navigational,web_design,False,False
best web development company in uae,web development company,30,,0,LOW,,commercial,web_design,True,False
web development company in vellore,web development company,30,,0,LOW,,commercial,web_design,False,False
web development company in kolkata sector v,web development company,30,,1.02,LOW,,navigational,web_design,False,False
web development company birmingham,web development company,30,,0.42,MEDIUM,50,commercial,web_design,False,False
web application development company in dubai,web development company,30,,0,LOW,,commercial,other,False,False
web development company in bahrain,web development company,30,,1.77,LOW,,commercial,web_design,False,False
ecommerce web development company in coimbatore,web development company,30,,0,LOW,,commercial,ecommerce,False,False
top web development company in uk,web development company,30,,2.63,LOW,,commercial,web_design,True,False
web development company in uttar pradesh,web development company,30,,1.67,LOW,,commercial,web_design,False,False
web development company germany,web development company,30,,6.5,MEDIUM,48,commercial,web_design,False,False
web development company in janakpuri,web development company,30,,0.46,MEDIUM,,navigational,web_design,False,False
digital kangaroos web development and software company,web development company,30,,0,LOW,,navigational,web_design,False,False
affordable web development company in kolkata,web development company,30,,0,LOW,,commercial,web_design,True,False
klizo solutions web mobile and saas development company photos,web development company,30,,0,LOW,,commercial,other,False,False
web app development company in uk,web development company,30,,0,MEDIUM,,commercial,other,False,False
web app development company uk,web development company,30,,0,MEDIUM,,commercial,other,False,False
maxify web solutions web & app development company in noida,web development company,30,,0,LOW,,commercial,other,False,False
web development company wordpress theme,web development company,30,,0.19,LOW,67,commercial,web_design,False,False
best web development company uk,web development company,30,,2.63,LOW,,commercial,web_design,True,False
web and mobile app development company in india,web development company,30,,0.79,LOW,,commercial,other,False,False
best web development company in patna,web development company,30,,0,LOW,,commercial,web_design,True,False
germany web development company,web development company,30,,6.5,MEDIUM,48,commercial,web_design,False,False
wordpress web development company in hyderabad,web development company,30,,2.46,LOW,,commercial,web_design,False,False
sai technologies web and mobile app development company photos,web development company,30,,0,LOW,,commercial,other,False,False
best web development company in trichy,web development company,30,,0,LOW,,commercial,web_design,True,False
web development company kottayam,web development company,30,,0.75,LOW,,navigational,web_design,False,False
it company web development,web development company,30,,0.38,MEDIUM,,navigational,web_design,False,False
best website design agency in delhi,website design agency,30,,1.63,LOW,,commercial,web_design,True,False
best website design agency in mumbai,website design agency,30,,0,LOW,,commercial,web_design,True,False
real estate agency website design,website design agency,30,,2.71,LOW,,commercial,web_design,False,False
law firm website design agency,website design agency,30,,0,LOW,,commercial,web_design,False,False
website design agency hyderabad,website design agency,30,,0.71,MEDIUM,,navigational,web_design,False,False
web design agency website template,website design agency,30,,0.7,LOW,,navigational,web_design,False,False
website design agency template,website design agency,30,,0.7,LOW,,navigational,web_design,False,False
graphic design agency website,website design agency,30,,0.24,LOW,,navigational,other,False,False
website design agency australia,website design agency,30,,2.13,MEDIUM,,commercial,web_design,False,False
real estate website design agency,website design agency,30,,0.63,LOW,,commercial,web_design,False,False
design agency website template,website design agency,30,,0.48,LOW,,navigational,other,False,False
best ecommerce development company in chennai,ecommerce development company,30,,0,LOW,,commercial,ecommerce,True,False
ecommerce website development company in karur,ecommerce development company,30,,0,LOW,,commercial,ecommerce,False,False
best ecommerce website development company in delhi,ecommerce development company,30,,0.91,LOW,52,commercial,ecommerce,True,False
ecommerce website development company in hyderabad,ecommerce development company,30,,0,LOW,47,commercial,ecommerce,False,False
ecommerce website development company near me,ecommerce development company,30,,0,LOW,,commercial,ecommerce,False,False
ecommerce website development company usa,ecommerce development company,30,,0,LOW,,commercial,ecommerce,False,False
ecommerce website development company in usa,ecommerce development company,30,,0,LOW,,commercial,ecommerce,False,False
gospeedy ecommerce website design and development company,ecommerce development company,30,,0,LOW,,navigational,ecommerce,False,False
ecommerce growth agency,ecommerce agency,30,,1.12,LOW,,commercial,ecommerce,False,False
best ecommerce agency,ecommerce agency,30,,1.19,MEDIUM,,commercial,ecommerce,True,False
b2b ecommerce development agency,ecommerce agency,30,,0,LOW,,commercial,ecommerce,False,False
ecommerce services agency,ecommerce agency,30,,0.95,MEDIUM,,commercial,ecommerce,False,False
ecommerce service agency,ecommerce agency,30,,0.95,MEDIUM,,commercial,ecommerce,False,False
shopify mobile app development,shopify development,30,,0,LOW,50,navigational,ecommerce,False,False
shopify website development services india,shopify development,30,,0,LOW,,navigational,ecommerce,False,False
what is shopify development,shopify development,30,19,0,LOW,25,informational,ecommerce,False,True
shopify app development agency,shopify development,30,,0.58,LOW,,navigational,ecommerce,False,False
shopify development documentation,shopify development,30,,0,LOW,,informational,ecommerce,False,False
shopify development cost,shopify development,30,,0.41,LOW,,commercial,ecommerce,False,False
shopify app development documentation,shopify development,30,,0,LOW,,informational,ecommerce,False,False
ai agency landing page,ai agency,30,,1.82,MEDIUM,,navigational,ai_agents,False,False
ai-digital agency,ai agency,30,,0,LOW,,commercial,other,False,False
best ai automation agency,ai agency,30,,1.23,LOW,,commercial,ai_agents,True,False
ai content creation agency,ai agency,30,,0.79,LOW,,commercial,other,False,False
ai digital agency,ai agency,30,,0,LOW,,commercial,other,False,False
ai automation agency hub,ai agency,30,,1.07,LOW,,navigational,ai_agents,False,False
top ai automation agency,ai agency,30,,2.76,LOW,,commercial,ai_agents,True,False
ai video agency india,ai agency,30,,1,LOW,,navigational,other,False,False
ai automation agency website,ai agency,30,,0.79,MEDIUM,,navigational,ai_agents,False,False
ai agency business model,ai agency,30,,1.09,MEDIUM,,commercial,ai_agents,False,False
ai staffing agency,ai agency,30,,0,LOW,,commercial,other,False,False
ai design agency,ai agency,30,,0,LOW,,commercial,other,False,False
ai video marketing agency,ai agency,30,,1.19,MEDIUM,,commercial,other,False,False
custom ai agent development company,ai agent development,30,,0,LOW,,commercial,ai_agents,False,False
ai agent for web development,ai agent development,30,,1.29,MEDIUM,,commercial,ai_agents,False,False
generative engine optimization icon,generative engine optimization,30,,0,LOW,,informational,ai_seo,False,False
profound generative engine optimization,generative engine optimization,30,,0,LOW,,commercial,ai_seo,False,False
answer engine optimization course,answer engine optimization,30,,1.36,MEDIUM,,informational,ai_seo,False,False
seo fresher jobs in gurgaon,seo agency,30,,0.04,LOW,47,informational,seo,False,False
top 5 website design company in india,web design company,30,,1.42,MEDIUM,60,commercial,web_design,True,False
top web designers in the world,web design company,30,,0,LOW,,commercial,web_design,True,False
seo agency milton keynes,seo agency,20,,2.62,LOW,,commercial,seo,False,False
seo agency for dentists,seo agency,20,,0,LOW,,commercial,seo,False,False
victorious seo agency,seo agency,20,,0,LOW,,commercial,seo,False,False
professional seo services agency,seo agency,20,,0,LOW,,commercial,seo,False,False
seo agency surrey,seo agency,20,,0,LOW,,commercial,seo,False,False
seo agency in montreal,seo agency,20,,0,MEDIUM,,commercial,seo,False,False
preeminent marketing ppc ads & seo agency,seo agency,20,,0,LOW,,commercial,seo,False,False
seo & digital marketing agency,seo agency,20,,0,LOW,100,commercial,digital_mkt,False,False
financial seo agency,seo agency,20,,0,LOW,,commercial,seo,False,False
seo agency japan,seo agency,20,,13.96,MEDIUM,,commercial,seo,False,False
seo agency ottawa,seo agency,20,,0,LOW,,commercial,seo,False,False
seo agency in auckland,seo agency,20,,0,HIGH,,commercial,seo,False,False
seo agency for law firms,seo agency,20,,0,MEDIUM,,commercial,seo,False,False
best seo agency in california,seo agency,20,,3.01,HIGH,,commercial,seo,True,False
best seo agency in new york,seo agency,20,,4.16,MEDIUM,,commercial,seo,True,False
best seo agency in austin,seo agency,20,,0,LOW,,commercial,seo,True,False
seo agency in kuwait,seo agency,20,,0,LOW,,commercial,seo,False,False
seo agency portsmouth,seo agency,20,,0,LOW,,commercial,seo,False,False
digital marketing agency seo services,seo agency,20,,2.72,LOW,,commercial,digital_mkt,False,False
seo agency texas,seo agency,20,,0,LOW,,commercial,seo,False,False
seo agency in rajasthan,seo agency,20,,0,LOW,,commercial,seo,False,False
seo agency bangkok,seo agency,20,,0,MEDIUM,67,commercial,seo,False,False
seo sem agency,seo agency,20,,0,LOW,,commercial,seo,False,False
1 seo digital agency,seo agency,20,,16.44,MEDIUM,,commercial,seo,False,False
top 10 seo agency in india,seo agency,20,,1.54,LOW,,commercial,seo,True,False
website seo agency,seo agency,20,,3.06,MEDIUM,,commercial,seo,False,False
seo agency nz,seo agency,20,,1.95,LOW,,commercial,seo,False,False
seo agency ct,seo agency,20,,0,LOW,,commercial,seo,False,False
seo agency in tampa,seo agency,20,,1.77,LOW,,commercial,seo,False,False
seo agency name,seo agency,20,,0,LOW,,commercial,seo,False,False
seo agency in amritsar,seo agency,20,,0,LOW,,commercial,seo,False,False
seo dubai agency,seo agency,20,,0,LOW,24,commercial,seo,False,False
award winning seo agency,seo agency,20,,0,LOW,,commercial,seo,False,False
seo agency patna,seo agency,20,,0,LOW,,commercial,seo,False,False
bigcommerce seo agency,seo agency,20,,0,LOW,,commercial,seo,False,False
plumber seo agency,seo agency,20,,0,LOW,,commercial,seo,False,False
best seo agency kolkata,seo agency,20,,0,LOW,3,commercial,seo,True,False
best b2b seo agency,seo agency,20,,0,LOW,,commercial,seo,True,False
seo agency in bradford,seo agency,20,,2.7,LOW,,commercial,seo,False,False
hire seo agency,seo agency,20,,3.12,LOW,,commercial,seo,False,False
seo agency in kannur,seo agency,20,,0,LOW,,commercial,seo,False,False
g2s technology digital marketing agency best seo company in jaipur,seo agency,20,,0,LOW,,commercial,digital_mkt,True,False
majestic hr job consultancy best seo services agency coimbatore,seo agency,20,,0,LOW,,commercial,seo,True,False
seo and ppc agency,seo agency,20,,0,LOW,,commercial,seo,False,False
seo agency in alabama,seo agency,20,,0,LOW,,commercial,seo,False,False
seo agency for dentist,seo agency,20,,0,LOW,,commercial,seo,False,False
dsc seo company dubai digital marketing agency in dubai,seo agency,20,,0,LOW,,commercial,digital_mkt,False,False
seo agency in milton keynes,seo agency,20,,2.62,LOW,,commercial,seo,False,False
local seo agency sydney,seo agency,20,,1.26,LOW,,commercial,seo,False,False
fashion seo agency,seo agency,20,,0,LOW,,commercial,seo,False,False
seo agency oman,seo agency,20,,0,LOW,,commercial,seo,False,False
professional seo agency,seo agency,20,,0,LOW,,commercial,seo,False,False
education seo agency,seo agency,20,,0,LOW,,commercial,seo,False,False
seo agency in dwarka,seo agency,20,,0,LOW,,commercial,seo,False,False
seo agency vietnam,seo agency,20,,0,MEDIUM,,commercial,seo,False,False
seo agency sunshine coast,seo agency,20,,0,LOW,,commercial,seo,False,False
seo agency in meerut,seo agency,20,,0,LOW,,commercial,seo,False,False
seo copywriting agency,seo agency,20,,0,LOW,,commercial,seo,False,False
local seo agency dubai,seo agency,20,,0,LOW,,commercial,seo,False,False
seo agency in kolhapur,seo agency,20,,0,LOW,,commercial,seo,False,False
seo agency guildford,seo agency,20,,0,LOW,,commercial,seo,False,False
local seo agency in pune,seo agency,20,,0,LOW,,commercial,seo,False,False
best seo agency in trivandrum,seo agency,20,,0,LOW,,commercial,seo,True,False
hiring seo agency,seo agency,20,,3.12,LOW,,commercial,seo,False,False
seo agency plymouth,seo agency,20,,0,LOW,,commercial,seo,False,False
boutique seo agency,seo agency,20,,0,LOW,,commercial,seo,False,False
seo agency england,seo agency,20,,33.09,HIGH,,commercial,seo,False,False
local seo agency india,seo agency,20,,0,LOW,,commercial,seo,False,False
seo services for travel agency,seo agency,20,,0,LOW,,commercial,seo,False,False
seo specialist agency,seo agency,20,,0.68,HIGH,,commercial,seo,False,False
nashville seo agency,seo agency,20,,0.6,LOW,,commercial,seo,False,False
programmatic seo agency,seo agency,20,,0,LOW,,commercial,seo,False,False
seo agency in wolverhampton,seo agency,20,,0,LOW,,commercial,seo,False,False
best seo agency in thrissur,seo agency,20,,0,LOW,,commercial,seo,True,False
seo agency in canberra,seo agency,20,,0,HIGH,,commercial,seo,False,False
seo agency essex,seo agency,20,,0,MEDIUM,59,commercial,seo,False,False
seo agency paris,seo agency,20,,0.7,HIGH,,commercial,seo,False,False
seo and content agency,seo agency,20,,2.31,LOW,,commercial,seo,False,False
seo/sem agency,seo agency,20,,0,LOW,,commercial,seo,False,False
seo agency in atlanta,seo agency,20,,16.3,MEDIUM,,commercial,seo,False,False
seo agency seocares,seo agency,20,,0,,,commercial,seo,False,False
top seo agency in new york,seo agency,20,,0,,,commercial,seo,True,False
seo agency in vietnam,seo agency,20,,0,LOW,,commercial,seo,False,False
top local seo agency in india,seo agency,20,,0.06,LOW,,commercial,seo,True,False
cbd seo agency,seo agency,20,,0,LOW,,commercial,seo,False,False
seo agency mohali,seo agency,20,,0,LOW,,commercial,seo,False,False
digital marketing and seo agency,seo agency,20,,0,LOW,,commercial,digital_mkt,False,False
seo quartz web mobile app development agency reviews,seo agency,20,,0,LOW,,commercial,seo,False,False
seo agency denver,seo agency,20,,0.59,LOW,,commercial,seo,False,False
drupal seo agency,seo agency,20,,0,LOW,,commercial,seo,False,False
seo agency for financial services,seo agency,20,,0,LOW,,commercial,seo,False,False
web3 seo agency,seo agency,20,,0,LOW,,commercial,seo,False,False
seo agency in new york city,seo agency,20,,19.95,LOW,24,commercial,seo,False,False
multilingual seo agency,seo agency,20,,0,LOW,,commercial,seo,False,False
shopify seo agency in delhi,seo agency,20,,0,LOW,,commercial,ecommerce,False,False
seo agency pricing,seo agency,20,,1.08,LOW,,commercial,seo,False,False
seo agency in bangladesh,seo agency,20,,0,LOW,,commercial,seo,False,False
long island seo agency,seo agency,20,,2.14,MEDIUM,,commercial,seo,False,False
seo agency reading,seo agency,20,,0,LOW,,commercial,seo,False,False
seo agency in plymouth,seo agency,20,,0,LOW,,commercial,seo,False,False
content seo agency,seo agency,20,,2.31,LOW,,commercial,seo,False,False
seo content writing agency,seo agency,20,,2.49,LOW,,commercial,seo,False,False
financial services seo agency,seo agency,20,,0,LOW,,commercial,seo,False,False
seo agency tampa fl,seo agency,20,,1.77,LOW,,commercial,seo,False,False
elite seo agency,seo agency,20,,0,LOW,,commercial,seo,False,False
seo agency hong kong,seo agency,20,,7.1,HIGH,,commercial,seo,False,False
seo agency indianapolis,seo agency,20,,0,LOW,,commercial,seo,False,False
seo agency in gujarat,seo agency,20,,0,LOW,,commercial,seo,False,False
plumbing seo agency,seo agency,20,,0,LOW,,commercial,seo,False,False
seo agency prices,seo agency,20,,1.08,LOW,,commercial,seo,False,False
best seo agency in toronto,seo agency,20,,0,LOW,,commercial,seo,True,False
seo agency for education,seo agency,20,,0,LOW,,commercial,seo,False,False
seo agency for manufacturing,seo agency,20,,0,LOW,,commercial,seo,False,False
off page seo agency,seo agency,20,,0.87,LOW,,commercial,seo,False,False
manhattan seo agency,seo agency,20,,0,,,commercial,seo,False,False
new zealand seo agency,seo agency,20,,1.95,LOW,,commercial,seo,False,False
seo agency in jacksonville,seo agency,20,,0.4,LOW,,commercial,seo,False,False
bricks media digital marketing & seo agency mumbai & thane,seo agency,20,,0,,,commercial,digital_mkt,False,False
seo agency price,seo agency,20,,1.08,LOW,,commercial,seo,False,False
on-page seo agency,seo agency,20,,0,LOW,,commercial,seo,False,False
seo agency wolverhampton,seo agency,20,,0,LOW,,commercial,seo,False,False
seo agency for lawyers,seo agency,20,,0,LOW,,commercial,seo,False,False
white hat seo agency,seo agency,20,,0,LOW,,commercial,seo,False,False
seo website agency,seo agency,20,,2.64,LOW,,commercial,seo,False,False
seo agency list,seo agency,20,,1.58,MEDIUM,,commercial,seo,False,False
seo agency fees,seo agency,20,,1.08,LOW,,commercial,seo,False,False
award-winning seo agency,seo agency,20,,0,LOW,,commercial,seo,False,False
seo agency meaning,seo agency,20,,0,LOW,,commercial,seo,False,False
seo content agency,seo agency,20,,2.31,LOW,,commercial,seo,False,False
sem seo agency,seo agency,20,,0,LOW,,commercial,seo,False,False
seo agency in calgary,seo agency,20,,2.57,LOW,,commercial,seo,False,False
seo agency in london uk,seo agency,20,,2.22,LOW,,commercial,seo,False,False
off-page seo agency,seo agency,20,,0.87,LOW,,commercial,seo,False,False
seo agency in surrey,seo agency,20,,0,LOW,,commercial,seo,False,False
web seo agency,seo agency,20,,3.06,MEDIUM,,commercial,seo,False,False
seo agency in edmonton,seo agency,20,,6.65,LOW,,commercial,seo,False,False
best seo services agency,seo agency,20,,0,LOW,,commercial,seo,True,False
on page seo agency,seo agency,20,,0,LOW,,commercial,seo,False,False
seo web agency,seo agency,20,,2.64,LOW,,commercial,seo,False,False
seo agency in portsmouth,seo agency,20,,0,LOW,,commercial,seo,False,False
best seo agency in guwahati,seo agency,20,,0,LOW,,commercial,seo,True,False
seo agency south africa,seo agency,20,,0.88,LOW,,commercial,seo,False,False
seo agency names,seo agency,20,,0,LOW,,commercial,seo,False,False
seo agency for manufacturers,seo agency,20,,0,LOW,,commercial,seo,False,False
seo agency in phoenix,seo agency,20,,0.16,MEDIUM,25,commercial,seo,False,False
top seo agency in gurgaon,seo agency,20,,4.78,LOW,,commercial,seo,True,False
seo agency arizona,seo agency,20,,3.38,LOW,,commercial,seo,False,False
pittsburgh seo agency,seo agency,20,,0.04,LOW,,commercial,seo,False,False
seo agency nashville,seo agency,20,,0.6,LOW,,commercial,seo,False,False
seo agency for b2b,seo agency,20,,0.75,MEDIUM,,commercial,seo,False,False
local seo marketing agency,seo agency,20,,1.3,LOW,,commercial,seo,False,False
seo agency software,seo agency,20,,0,LOW,,commercial,seo,False,False
local seo agency singapore,seo agency,20,,0,LOW,,commercial,seo,False,False
pharma seo agency,seo agency,20,,0,LOW,,commercial,seo,False,False
web agency seo,seo agency,20,,2.64,LOW,,commercial,seo,False,False
seo agency case studies,seo agency,20,,0,LOW,,commercial,seo,False,False
seo agency in washington,seo agency,20,,0,LOW,,commercial,seo,False,False
seo agency new zealand,seo agency,20,,1.95,LOW,,commercial,seo,False,False
seo services in patiala,seo services,20,,0,LOW,,commercial,seo,False,False
seo services firm,seo services,20,,0.74,LOW,,commercial,seo,False,False
seo services abu dhabi,seo services,20,,0,LOW,,commercial,seo,False,False
seo services for real estate agents,seo services,20,,0,,,commercial,seo,False,False
affordable seo services near me,seo services,20,,0,LOW,,commercial,seo,True,False
social media seo services,seo services,20,,0,LOW,,commercial,seo,False,False
seo services manchester,seo services,20,,0,LOW,58,commercial,seo,False,False
best seo services in vijayawada,seo services,20,,0,LOW,,commercial,seo,True,False
seo for home services,seo services,20,,0,LOW,46,commercial,seo,False,False
best seo services noida,seo services,20,,0,LOW,48,commercial,seo,True,False
top seo services company,seo services,20,,0,LOW,,commercial,seo,True,False
local seo services sydney,seo services,20,,12.66,LOW,,commercial,seo,False,False
higher education seo services,seo services,20,,0,LOW,,commercial,seo,False,False
seo services in brampton,seo services,20,,0,LOW,,commercial,seo,False,False
seo services in newcastle,seo services,20,,0,LOW,,commercial,seo,False,False
local seo services usa,seo services,20,,2.63,LOW,,commercial,seo,False,False
seo services company noida,seo services,20,,0,LOW,,commercial,seo,False,False
professional seo consulting services,seo services,20,,0,LOW,,commercial,seo,False,False
seo link building services india,seo services,20,,0,LOW,,commercial,seo,False,False
seo services in andheri,seo services,20,,0,LOW,,commercial,seo,False,False
website development and seo services,seo services,20,,0,LOW,,commercial,web_design,False,False
seo smo services,seo services,20,,0,LOW,48,commercial,seo,False,False
seo services india new delhi,seo services,20,,0,,,commercial,seo,False,False
average cost for seo services,seo services,20,,0,LOW,,commercial,seo,False,False
best ai seo services,seo services,20,,0,LOW,,commercial,ai_seo,True,False
ethical seo services,seo services,20,,0,LOW,,commercial,seo,False,False
freelance seo services in india,seo services,20,,0,LOW,,commercial,seo,False,False
how much does it cost for seo services,seo services,20,1,1.75,LOW,,informational,seo,False,True
web development and seo services,seo services,20,,0,LOW,,commercial,web_design,False,False
best white label seo services,seo services,20,,0,LOW,,commercial,seo,True,False
seo services in rajasthan,seo services,20,,0,LOW,,commercial,seo,False,False
seo services tds rate,seo services,20,,0,LOW,,commercial,seo,False,False
national seo services,seo services,20,,0,LOW,,commercial,seo,False,False
seo services in nepal,seo services,20,,0,LOW,,commercial,seo,False,False
seo business services,seo services,20,,0.74,LOW,,commercial,seo,False,False
seo services calicut,seo services,20,,0,LOW,,commercial,seo,False,False
seo services for astrologers,seo services,20,,0,LOW,,commercial,seo,False,False
seo and smo services,seo services,20,,0,LOW,,commercial,seo,False,False
best seo services in bhubaneswar,seo services,20,,0,LOW,,commercial,seo,True,False
seo & smo services,seo services,20,,0,LOW,48,commercial,seo,False,False
seo services in bahrain,seo services,20,,1.99,LOW,,commercial,seo,False,False
hsn code for seo services,seo services,20,,0,LOW,,commercial,seo,False,False
seo services southampton,seo services,20,,0,LOW,,commercial,seo,False,False
seo services in delhi india,seo services,20,,0,LOW,,commercial,seo,False,False
new jersey seo services,seo services,20,,4.32,LOW,,commercial,seo,False,False
seo services newcastle,seo services,20,,0,LOW,,commercial,seo,False,False
seo services for restaurant,seo services,20,,0,LOW,,commercial,seo,False,False
tampa seo services,seo services,20,,0,LOW,,commercial,seo,False,False
advantages of seo services,seo services,20,,0.14,LOW,,commercial,seo,False,False
seo website optimization services,seo services,20,,0,LOW,,commercial,seo,False,False
how much does seo services cost,seo services,20,1,1.75,LOW,,informational,seo,False,True
seo services packages india,seo services,20,,0,,,commercial,seo,False,False
seo services poster,seo services,20,,0,LOW,,commercial,seo,False,False
seo services in hamilton,seo services,20,,0,LOW,,commercial,seo,False,False
best and affordable seo services,seo services,20,,0,LOW,,commercial,seo,True,False
seo services in south africa,seo services,20,,0.88,LOW,,commercial,seo,False,False
seo services benefits,seo services,20,,0.14,LOW,62,commercial,seo,False,False
seo dubai services,seo services,20,,0.66,LOW,41,commercial,seo,False,False
types of seo services,seo services,20,,0,LOW,58,informational,seo,False,False
top seo services in canada,seo services,20,,27.63,LOW,,commercial,seo,True,False
seo services ottawa,seo services,20,,0,LOW,65,commercial,seo,False,False
amazon seo services india,seo services,20,,0,LOW,42,commercial,seo,False,False
seo services for franchises,seo services,20,,0,LOW,,commercial,seo,False,False
benefits of seo services,seo services,20,,0.14,LOW,62,informational,seo,False,False
best seo services in meerut,seo services,20,,0,LOW,,commercial,seo,True,False
seo services minneapolis,seo services,20,,0,LOW,,commercial,seo,False,False
on page seo services in delhi,seo services,20,,0,LOW,,commercial,seo,False,False
seo services tucson,seo services,20,,0,LOW,,commercial,seo,False,False
google seo services near me,seo services,20,,0,LOW,,commercial,seo,False,False
seo translation services,seo services,20,,0,LOW,,commercial,seo,False,False
local seo services uk,seo services,20,,2.82,LOW,,commercial,seo,False,False
seo services new jersey,seo services,20,,4.32,LOW,,commercial,seo,False,False
seo services brampton,seo services,20,,0,LOW,,commercial,seo,False,False
top seo company services,seo services,20,,0,LOW,,commercial,seo,True,False
seo services zirakpur,seo services,20,,0,LOW,,commercial,seo,False,False
denver seo services,seo services,20,,0.59,LOW,,commercial,seo,False,False
bigcommerce seo services,seo services,20,,0,LOW,,commercial,seo,False,False
seo services in ambala,seo services,20,,0,LOW,,commercial,seo,False,False
seo services tampa,seo services,20,,0,LOW,,commercial,seo,False,False
seo services expert,seo services,20,,0,LOW,51,commercial,seo,False,False
local seo services london,seo services,20,,0,LOW,,commercial,seo,False,False
seo services in austin,seo services,20,,0,LOW,,commercial,seo,False,False
drupal seo services,seo services,20,,0,LOW,,commercial,seo,False,False
seo service consultants best seo services provider in india,seo services,20,,0,LOW,,commercial,seo,True,False
organic seo services company,seo services,20,,0,LOW,,commercial,seo,False,False
seo services in new jersey,seo services,20,,4.32,LOW,,commercial,seo,False,False
affordable seo services in pune,seo services,20,,0,LOW,,commercial,seo,True,False
professional seo services in delhi,seo services,20,,0,LOW,,commercial,seo,False,False
seo and marketing services,seo services,20,,0,LOW,,commercial,seo,False,False
seo on page services,seo services,20,,0,,16,commercial,seo,False,False
pharmaceutical seo services,seo services,20,,0,LOW,,commercial,seo,False,False
white label seo services uk,seo services,20,,4.77,LOW,,commercial,seo,False,False
online marketing seo services,seo services,20,,0,LOW,,commercial,seo,False,False
seo services bhubaneswar,seo services,20,,0,LOW,47,commercial,seo,False,False
seo services for accountants,seo services,20,,0,LOW,,commercial,seo,False,False
seo services arizona,seo services,20,,6.78,LOW,,commercial,seo,False,False
strategic seo services,seo services,20,,0.58,LOW,,commercial,seo,False,False
seo services in tampa,seo services,20,,0,LOW,,commercial,seo,False,False
seo services in chicago,seo services,20,,0,MEDIUM,,commercial,seo,False,False
seo blog writing services,seo services,20,,0,LOW,52,commercial,seo,False,False
content marketing seo services,seo services,20,,0,LOW,,commercial,seo,False,False
san diego seo services,seo services,20,,5.5,LOW,,commercial,seo,False,False
best seo services company in bangalore,seo services,20,,0,LOW,,commercial,seo,True,False
affordable seo services in dubai,seo services,20,,0,,,commercial,seo,True,False
best shopify seo services,seo services,20,,0,LOW,,commercial,ecommerce,True,False
seo services chicago,seo services,20,,0,LOW,,commercial,seo,False,False
niche seo services,seo services,20,,0,LOW,,commercial,seo,False,False
marketing seo services,seo services,20,,0,LOW,71,commercial,seo,False,False
seo services for restaurants,seo services,20,,0,LOW,,commercial,seo,False,False
ethical seo services india,seo services,20,,0,LOW,,commercial,seo,False,False
seo services in ernakulam,seo services,20,,0,LOW,,commercial,seo,False,False
best cheap seo services,seo services,20,,0,LOW,,commercial,seo,True,False
seo services sg,seo services,20,,0,LOW,,commercial,seo,False,False
marketing and seo services,seo services,20,,0,LOW,,commercial,seo,False,False
seo services edmonton,seo services,20,,0,LOW,,commercial,seo,False,False
basic seo services,seo services,20,,0,LOW,,commercial,seo,False,False
international seo services in india,seo services,20,,0,LOW,,commercial,seo,False,False
seo services kansas city,seo services,20,,5.37,LOW,,commercial,seo,False,False
seo and social media services,seo services,20,,0,LOW,,commercial,seo,False,False
construction seo services,seo services,20,,0,LOW,,commercial,seo,False,False
best affordable seo services,seo services,20,,0,LOW,,commercial,seo,True,False
tourism seo services,seo services,20,,0,LOW,,commercial,seo,False,False
seo services types,seo services,20,,0,LOW,58,commercial,seo,False,False
franchise seo services,seo services,20,,0,LOW,,commercial,seo,False,False
bay area seo services,seo services,20,,0,LOW,,commercial,seo,False,False
seo for services,seo services,20,,0,LOW,81,commercial,seo,False,False
local seo services in london,seo services,20,,0,LOW,,commercial,seo,False,False
seo services for plastic surgeons,seo services,20,,0,LOW,,commercial,seo,False,False
seo services in perth,seo services,20,,0,MEDIUM,,commercial,seo,False,False
d2c seo services,seo services,20,,0.9,LOW,,commercial,seo,False,False
seo services patiala,seo services,20,,0,LOW,,commercial,seo,False,False
quote for seo services,seo services,20,,0,LOW,,commercial,seo,False,False
seo/smo services,seo services,20,,0,LOW,48,commercial,seo,False,False
seo social media services,seo services,20,,0,LOW,,commercial,seo,False,False
seo services tampa fl,seo services,20,,0,LOW,,commercial,seo,False,False
seo services seattle,seo services,20,,0,LOW,,commercial,seo,False,False
seo and content marketing services,seo services,20,,0,LOW,,commercial,seo,False,False
seo services experts,seo services,20,,0,LOW,51,commercial,seo,False,False
seo services company in faridabad,seo services,20,,0,LOW,,commercial,seo,False,False
average cost of seo services,seo services,20,,0,LOW,,commercial,seo,False,False
seo services quotes,seo services,20,,0,LOW,,commercial,seo,False,False
chicago seo services,seo services,20,,3.65,LOW,,commercial,seo,False,False
seo services company in jaipur,seo services,20,,0,LOW,,commercial,seo,False,False
seo services rajkot,seo services,20,,0,LOW,,commercial,seo,False,False
seo services in mississauga,seo services,20,,0,LOW,,commercial,seo,False,False
world seo services reviews,seo services,20,,0,,,commercial,seo,False,False
seo services ohio,seo services,20,,0,,,commercial,seo,False,False
ecommerce seo services near me,seo services,20,,0,LOW,,commercial,ecommerce,False,False
sacramento seo services,seo services,20,,0,LOW,,commercial,seo,False,False
seattle seo services,seo services,20,,0,LOW,,commercial,seo,False,False
auto dealer seo services,seo services,20,,0,LOW,,commercial,seo,False,False
seo services in laxmi nagar,seo services,20,,0,LOW,,commercial,seo,False,False
seo & marketing services,seo services,20,,0,LOW,,commercial,seo,False,False
how much do seo services cost,seo services,20,2,1.75,LOW,,informational,seo,False,True
average price for seo services,seo services,20,,0,LOW,,commercial,seo,False,False
seo services for website ranking,seo services,20,,0,LOW,,commercial,seo,False,False
seo services sk,seo services,20,,0,LOW,,commercial,seo,False,False
affordable seo services noida,seo services,20,,0,LOW,,commercial,seo,True,False
arizona seo services,seo services,20,,6.78,LOW,,commercial,seo,False,False
seo services florida,seo services,20,,0,MEDIUM,,commercial,seo,False,False
low cost seo services for small business,seo services,20,,0,LOW,52,commercial,seo,True,False
seo services marketing,seo services,20,,0,LOW,71,commercial,seo,False,False
seo services mississauga,seo services,20,,0,LOW,,commercial,seo,False,False
seo services chicago il,seo services,20,,3.65,LOW,,commercial,seo,False,False
generative ai seo services,seo services,20,,0,LOW,,commercial,ai_seo,False,False
seo services in north delhi,seo services,20,,0,LOW,,commercial,seo,False,False
mississauga seo services,seo services,20,,0,LOW,,commercial,seo,False,False
seo services oxford,seo services,20,,0,LOW,,commercial,seo,False,False
expert seo services india,seo services,20,,0,LOW,,commercial,seo,False,False
seo services quote,seo services,20,,0,LOW,,commercial,seo,False,False
seo services logo,seo services,20,,0,LOW,,commercial,seo,False,False
seo white label services,seo services,20,,0,LOW,58,commercial,seo,False,False
seo online marketing services,seo services,20,,0,LOW,,commercial,seo,False,False
seo services san jose,seo services,20,,0,LOW,48,commercial,seo,False,False
seo services dehradun,seo services,20,,0,LOW,1,commercial,seo,False,False
seo services in bihar,seo services,20,,0,LOW,,commercial,seo,False,False
seo and online marketing services,seo services,20,,0,LOW,,commercial,seo,False,False
tds on seo services,seo services,20,,0,LOW,,commercial,seo,False,False
hubspot seo services,seo services,20,,0,,,commercial,seo,False,False
nj seo services,seo services,20,,4.32,LOW,,commercial,seo,False,False
seo services los angeles,seo services,20,,0.51,LOW,71,commercial,seo,False,False
pinterest seo services,seo services,20,,0,LOW,,commercial,seo,False,False
seo on-page services,seo services,20,,0,,16,commercial,seo,False,False
seo services company bangalore,seo services,20,,1.91,LOW,59,commercial,seo,False,False
singapore seo services,seo services,20,,0,LOW,,commercial,seo,False,False
gambling seo services,seo services,20,,0,LOW,,commercial,seo,False,False
seo services san diego,seo services,20,,5.5,LOW,,commercial,seo,False,False
seo services quotation,seo services,20,,0,LOW,,commercial,seo,False,False
seo services in kansas city,seo services,20,,5.37,LOW,,commercial,seo,False,False
quotation for seo services,seo services,20,,0,LOW,,commercial,seo,False,False
seo services in spain,seo services,20,,0,LOW,,commercial,seo,False,False
cheap seo services mumbai,seo services,20,,0,,,commercial,seo,False,False
seo services hamilton,seo services,20,,0,LOW,,commercial,seo,False,False
seo services in himachal pradesh,seo services,20,,0,LOW,,commercial,seo,False,False
seo services sacramento,seo services,20,,0,LOW,,commercial,seo,False,False
best ai tools for seo content writing,ai seo,20,,1.65,MEDIUM,,commercial,seo,True,False
ai seo for shopify,ai seo,20,,10.22,LOW,,commercial,ai_seo,False,False
seo audit ai tools,ai seo,20,,1.43,MEDIUM,,commercial,seo,False,False
ai seo toolkit,ai seo,20,,0,LOW,,informational,ai_seo,False,False
seo with ai free course with certificate,ai seo,20,,0.64,MEDIUM,,commercial,seo,False,False
what is seo in ai,ai seo,20,13,0,LOW,49,informational,seo,False,True
ai seo content generator,ai seo,20,,1.53,LOW,,commercial,ai_seo,False,False
ai seo meaning,ai seo,20,,0,LOW,,informational,ai_seo,False,False
ai seo called,ai seo,20,,0,LOW,,informational,ai_seo,False,False
seo generator ai,ai seo,20,,0.5,HIGH,,commercial,seo,False,False
ai seo report,ai seo,20,,1.44,MEDIUM,,commercial,ai_seo,False,False
ai seo singapore,ai seo,20,,0,LOW,,informational,ai_seo,False,False
ai vs seo,ai seo,20,,0,LOW,,commercial,seo,False,False
ai tools seo,ai seo,20,,0.75,MEDIUM,24,commercial,seo,False,False
ai-first seo,ai seo,20,,0,LOW,,commercial,seo,False,False
ai seo generator,ai seo,20,,1.34,MEDIUM,,commercial,ai_seo,False,False
seo surfer ai humanizer,ai seo,20,,0,LOW,11,commercial,seo,False,False
ai powered seo strategy,ai seo,20,,0,LOW,,commercial,seo,False,False
best ai for seo optimization,ai seo,20,,1.78,MEDIUM,,commercial,seo,True,False
seo ai agent github,ai seo,20,,1.92,LOW,,navigational,ai_agents,False,False
using ai for seo,ai seo,20,,1.47,MEDIUM,,commercial,seo,False,False
ai seo expert in jabalpur,ai seo,20,,0,LOW,,commercial,ai_seo,False,False
seo for ai is called,ai seo,20,,0,LOW,,informational,seo,False,False
wp seo ai,ai seo,20,,4.88,LOW,,commercial,seo,False,False
ai-powered seo strategies,ai seo,20,,0,LOW,,commercial,seo,False,False
will seo be replaced by ai,ai seo,20,86,0,LOW,,informational,seo,False,False
wordpress seo ai,ai seo,20,,4.88,LOW,,commercial,seo,False,False
ai seo content,ai seo,20,,1.99,MEDIUM,,commercial,ai_seo,False,False
open ai seo,ai seo,20,,0,LOW,,navigational,ai_seo,False,False
ai generated seo content,ai seo,20,,0,LOW,,commercial,seo,False,False
best ai tool for seo content writing,ai seo,20,,1.65,MEDIUM,,commercial,seo,True,False
ai humanizer small seo tools,ai seo,20,,0,LOW,,commercial,seo,False,False
seo tool ai checker,ai seo,20,,0,LOW,,commercial,seo,False,False
ai seo optimization tool,ai seo,20,,0.46,LOW,,commercial,ai_seo,False,False
how to use ai in seo,ai seo,20,8,1.46,MEDIUM,,informational,seo,False,True
seo ai keyword generator,ai seo,20,,5.85,LOW,,commercial,seo,False,False
seo writing ai alternative,ai seo,20,,0,LOW,,commercial,seo,False,False
alli ai seo,ai seo,20,,2.12,MEDIUM,,informational,ai_seo,False,False
ai content checker small seo tools,ai seo,20,,0,LOW,,commercial,seo,False,False
use ai for seo,ai seo,20,,1.47,MEDIUM,,commercial,seo,False,False
onpage seo ai,ai seo,20,,2.99,LOW,,informational,seo,False,False
seo audit ai,ai seo,20,,1.25,MEDIUM,,commercial,seo,False,False
google ai overview seo,ai seo,20,,0,LOW,,commercial,seo,False,False
is ai-generated content good for seo,ai seo,20,0,0,LOW,,informational,seo,True,True
is ai content bad for seo,ai seo,20,0,0,LOW,,informational,seo,False,True
ai tool seo,ai seo,20,,0.75,MEDIUM,24,informational,seo,False,False
ai seo blog writer,ai seo,20,,0.91,LOW,,commercial,ai_seo,False,False
best ai tools for seo optimization,ai seo,20,,2.23,HIGH,,commercial,seo,True,False
seo vs ai,ai seo,20,,0,LOW,,commercial,seo,False,False
is ai generated content good for seo,ai seo,20,0,0,LOW,,informational,seo,True,True
ai impact on seo,ai seo,20,,0,LOW,,commercial,seo,False,False
is seo dead with ai,ai seo,20,7,0,LOW,,informational,seo,False,True
free ai seo audit tool,ai seo,20,,0,LOW,,commercial,ai_seo,False,False
instagram seo ai,ai seo,20,,1.48,MEDIUM,,commercial,seo,False,False
ai seo assistant,ai seo,20,,4.54,LOW,,commercial,ai_seo,False,False
on page seo ai,ai seo,20,,2.99,LOW,,informational,seo,False,False
profound ai seo,ai seo,20,,0,LOW,,informational,ai_seo,False,False
seo tools ai checker,ai seo,20,,0,LOW,,commercial,seo,False,False
ai seo for website,ai seo,20,,3.72,MEDIUM,,commercial,ai_seo,False,False
ai seo plugin,ai seo,20,,1.2,MEDIUM,,commercial,ai_seo,False,False
ai seo plugin for wordpress,ai seo,20,,0.37,MEDIUM,,commercial,ai_seo,False,False
ai seo optimization tools,ai seo,20,,0.46,LOW,,commercial,ai_seo,False,False
seo audit ai tool,ai seo,20,,1.43,MEDIUM,,commercial,seo,False,False
best ai seo,ai seo,20,,0.72,MEDIUM,,commercial,ai_seo,True,False
seo writing ai review,ai seo,20,,0,LOW,,commercial,seo,False,False
perplexity ai seo,ai seo,20,,6.96,LOW,,informational,ai_seo,False,False
seo in ai era,ai seo,20,,0,LOW,,informational,seo,False,False
seo ai humanizer,ai seo,20,,0.12,LOW,,informational,seo,False,False
ai in seo course,ai seo,20,,0.66,MEDIUM,,commercial,seo,False,False
gen ai seo,ai seo,20,,0,LOW,,informational,ai_seo,False,False
ai detector seo tools,ai seo,20,,0,LOW,,commercial,seo,False,False
ai content for seo,ai seo,20,,0,LOW,,commercial,seo,False,False
google ai overviews seo,ai seo,20,,0,LOW,,commercial,seo,False,False
seo optimization ai,ai seo,20,,0,HIGH,41,commercial,seo,False,False
ai generated seo,ai seo,20,,0,LOW,,commercial,seo,False,False
ai seo content writer,ai seo,20,,0.19,LOW,,commercial,ai_seo,False,False
best seo ai,ai seo,20,,2.57,HIGH,,commercial,seo,True,False
jasper ai seo,ai seo,20,,0,LOW,,informational,ai_seo,False,False
ai seo extension,ai seo,20,,0,LOW,,commercial,ai_seo,False,False
ai tools for seo keyword research,ai seo,20,,0,LOW,,commercial,seo,False,False
ai seo icon,ai seo,20,,0,LOW,,informational,ai_seo,False,False
best ai tool for seo optimization,ai seo,20,,2.23,HIGH,,commercial,seo,True,False
ai content seo,ai seo,20,,0,LOW,,commercial,seo,False,False
top ai seo tools,ai seo,20,,0,LOW,,commercial,ai_seo,True,False
best ecommerce web design company,web design company,20,,2.47,LOW,,commercial,ecommerce,True,False
web design company hong kong,web design company,20,,0,LOW,,commercial,web_design,False,False
creative web design company websites,web design company,20,,0,LOW,,navigational,web_design,False,False
web design company south africa,web design company,20,,1.91,LOW,,commercial,web_design,False,False
representindia com web design and development company,web design company,20,,0,LOW,,commercial,web_design,False,False
web design & development company in india,web design company,20,,0,LOW,,commercial,web_design,False,False
best web design and development company in chennai,web design company,20,,1.46,MEDIUM,,commercial,web_design,True,False
web design company mississauga,web design company,20,,0,LOW,,commercial,web_design,False,False
web design company in seattle,web design company,20,,0,MEDIUM,83,commercial,web_design,False,False
web design company lebanon,web design company,20,,0,,,commercial,web_design,False,False
top 10 web design company in bangalore,web design company,20,,0,MEDIUM,,commercial,web_design,True,False
web design company nashville,web design company,20,,0,LOW,,commercial,web_design,False,False
nashville web design company,web design company,20,,0,LOW,,commercial,web_design,False,False
web design company in kolkata saltlake sector 5,web design company,20,,0,LOW,,navigational,web_design,False,False
web design company in sivakasi,web design company,20,,0.27,LOW,,navigational,web_design,False,False
gligx web design and software development company dubai uae,web design company,20,,0,LOW,,navigational,web_design,False,False
web design company manchester,web design company,20,,10.67,HIGH,100,commercial,web_design,False,False
web design company pricing,web design company,20,,0.32,LOW,,commercial,web_design,False,False
web design company in virginia,web design company,20,,0,MEDIUM,,commercial,web_design,False,False
top web design company in usa,web design company,20,,0,LOW,,commercial,web_design,True,False
best web design company in uae,web design company,20,,3.04,LOW,,commercial,web_design,True,False
web design company in ambattur,web design company,20,,0,LOW,46,commercial,web_design,False,False
web design company ghana,web design company,20,,0,LOW,,commercial,web_design,False,False
best web design company canada,web design company,20,,1.59,MEDIUM,,commercial,web_design,True,False
best web design company hyderabad,web design company,20,,0,LOW,45,commercial,web_design,True,False
best web design company in usa,web design company,20,,5.99,HIGH,62,commercial,web_design,True,False
best web design company in canada,web design company,20,,1.59,MEDIUM,,commercial,web_design,True,False
web design company in miami,web design company,20,,0,LOW,100,commercial,web_design,False,False
cms web design company,web design company,20,,0,LOW,,commercial,web_design,False,False
web design company in louisville,web design company,20,,0,LOW,,commercial,web_design,False,False
web design company in barasat,web design company,20,,2.22,LOW,,commercial,web_design,False,False
creative web design company,web design company,20,,0,LOW,,commercial,web_design,False,False
affordable web design company india,web design company,20,,0,LOW,,commercial,web_design,True,False
web design company in salt lake sector 5,web design company,20,,0,LOW,,commercial,web_design,False,False
web design company in kphb,web design company,20,,0,LOW,,commercial,web_design,False,False
best web design company in sydney,web design company,20,,0,LOW,,commercial,web_design,True,False
salt lake sector 5 web design company,web design company,20,,0,LOW,,navigational,web_design,False,False
web design company miami,web design company,20,,0,LOW,100,commercial,web_design,False,False
web design company in johor bahru,web design company,20,,0,LOW,,commercial,web_design,False,False
best web design company in nashik,web design company,20,,0,LOW,58,commercial,web_design,True,False
healthcare web design company,web design company,20,,0,MEDIUM,,commercial,web_design,False,False
best web design company usa,web design company,20,,0,LOW,,commercial,web_design,True,False
top web design company in uk,web design company,20,,2.26,MEDIUM,,commercial,web_design,True,False
web design company in ghana,web design company,20,,0,LOW,,commercial,web_design,False,False
web design company name,web design company,20,,0,LOW,40,commercial,web_design,False,False
web design company in gainesville,web design company,20,,0,LOW,,commercial,web_design,False,False
web design and development company in noida,web design company,20,,0.17,LOW,,commercial,web_design,False,False
hotel web design company,web design company,20,,0,MEDIUM,,commercial,web_design,False,False
web design company prices,web design company,20,,0.32,LOW,,commercial,web_design,False,False
best web design company in uk,web design company,20,,2.26,MEDIUM,,commercial,web_design,True,False
web design company in nerul,web design company,20,,0,,,navigational,web_design,False,False
web design company tampa,web design company,20,,0,LOW,,commercial,web_design,False,False
web design company in mira road,web design company,20,,0.33,HIGH,,commercial,web_design,False,False
web design company salem,web design company,20,,0.16,LOW,0,commercial,web_design,False,False
ecommerce web design company in noida,web design company,20,,0,LOW,,commercial,ecommerce,False,False
web design company sri lanka,web design company,20,,6.83,LOW,,commercial,web_design,False,False
web design company trivandrum,web design company,20,,0,LOW,46,commercial,web_design,False,False
mangoe miss india web design company in chennai,web design company,20,,0,LOW,,commercial,web_design,False,False
b2b web design company,web design company,20,,0,LOW,,commercial,web_design,False,False
web design company in anna nagar,web design company,20,,0,LOW,,commercial,web_design,False,False
web design and development company in jaipur,web design company,20,,0.22,LOW,,commercial,web_design,False,False
web design company in whitefield,web design company,20,,0,LOW,,commercial,web_design,False,False
hong kong web design company,web design company,20,,0,LOW,,commercial,web_design,False,False
how to choose web design company,web design company,20,0,0,LOW,,informational,web_design,False,True
web design company in cuttack,web design company,20,,0,LOW,,commercial,web_design,False,False
web design royale web design company hubli,web design company,20,,0,LOW,,commercial,web_design,False,False
web design company patna,web design company,20,,0,LOW,59,commercial,web_design,False,False
web design company in denver,web design company,20,,2.62,LOW,,commercial,web_design,False,False
web design company in haridwar,web design company,20,,1.14,LOW,,commercial,web_design,False,False
top web design company in kolkata,web design company,20,,0.37,LOW,,commercial,web_design,True,False
web design company dc,web design company,20,,6.07,LOW,,commercial,web_design,False,False
tomsher technologies llc web design company dubai digital marketing,web design company,20,,3.3,LOW,,commercial,web_design,False,False
wordpress web design company in bangalore,web design company,20,,0,LOW,,commercial,web_design,False,False
web design company seattle,web design company,20,,0,MEDIUM,83,commercial,web_design,False,False
web design company minneapolis,web design company,20,,0,LOW,83,commercial,web_design,False,False
web design company in velachery,web design company,20,,0,LOW,44,commercial,web_design,False,False
web design company surrey,web design company,20,,0,LOW,,commercial,web_design,False,False
web design company in sri lanka,web design company,20,,6.83,LOW,,commercial,web_design,False,False
best web design company in tamilnadu,web design company,20,,0.46,MEDIUM,,commercial,web_design,True,False
web design company in anna nagar chennai,web design company,20,,0,LOW,,commercial,web_design,False,False
web design company in goregaon,web design company,20,,0.4,LOW,,commercial,web_design,False,False
cs web solutions web design & seo company,web design company,20,,0,LOW,,commercial,web_design,False,False
web design company franchise,web design company,20,,1.54,LOW,,commercial,web_design,False,False
custom web design company india,web design company,20,,0,,,commercial,web_design,False,False
web design and development company in dubai,web design company,20,,1.35,LOW,,commercial,web_design,False,False
responsive web design company bangalore,web design company,20,,0,LOW,,commercial,web_design,False,False
kolkata web design company list,web design company,20,,0.63,LOW,,navigational,web_design,False,False
professional web design company in chennai,web design company,20,,0,LOW,,commercial,web_design,False,False
web design company in durgapur,web design company,20,,0,LOW,47,commercial,web_design,False,False
web design company in asansol,web design company,20,,0,LOW,,commercial,web_design,False,False
web design company washington dc,web design company,20,,6.07,LOW,48,commercial,web_design,False,False
web design company preston,web design company,20,,0,,,commercial,web_design,False,False
ecommerce web design company in chennai,web design company,20,,0,LOW,,commercial,ecommerce,False,False
web design company cyprus,web design company,20,,0,LOW,,commercial,web_design,False,False
web design company in auckland,web design company,20,,1.51,MEDIUM,100,commercial,web_design,False,False
magento web design company coalition,web design company,20,,0,LOW,,commercial,ecommerce,False,False
web design company in kumbakonam,web design company,20,,0,LOW,,commercial,web_design,False,False
trivandrum web design company,web design company,20,,0,LOW,46,navigational,web_design,False,False
web design company perth,web design company,20,,0,MEDIUM,100,commercial,web_design,False,False
web design company in manchester,web design company,20,,10.67,HIGH,100,commercial,web_design,False,False
dwd website design dubai web design company,web design company,20,,0,LOW,,navigational,web_design,False,False
web design company directory,web design company,20,,0,LOW,,commercial,web_design,False,False
web design company riyadh,web design company,20,,0,LOW,,commercial,web_design,False,False
web design company in europe,web design company,20,,0,LOW,,commercial,web_design,False,False
web design company in vapi,web design company,20,,0,LOW,,commercial,web_design,False,False
web design company in washington dc,web design company,20,,6.07,LOW,48,commercial,web_design,False,False
world top web development company,web development company,20,,0.76,LOW,,commercial,web_design,True,False
affordable web development company in india,web development company,20,,0,LOW,,commercial,web_design,True,False
reactjs web development company,web development company,20,,0,LOW,,commercial,web_design,False,False
best web development company in kanpur,web development company,20,,0.72,LOW,,commercial,web_design,True,False
web & app development company,web development company,20,,0,HIGH,35,commercial,other,False,False
web development company names ideas,web development company,20,,0,LOW,,navigational,web_design,False,False
web development company in alwar,web development company,20,,0,LOW,,commercial,web_design,False,False
web development company phoenix,web development company,20,,0,,,navigational,web_design,False,False
ozrit web designers and mobile app development company hyderabad photos,web development company,20,,0,,,commercial,web_design,False,False
web development company name suggestion,web development company,20,,0,LOW,46,commercial,web_design,False,False
toxsl technologies mobile app development and web development company,web development company,20,,0,LOW,,commercial,web_design,False,False
web development company in netherlands,web development company,20,,1.09,MEDIUM,48,commercial,web_design,False,False
leading web development company,web development company,20,,0,LOW,,commercial,web_design,True,False
web development company in odisha,web development company,20,,0.79,LOW,,commercial,web_design,False,False
top web app development company,web development company,20,,0,LOW,,commercial,other,True,False
pixnperfect web development digital marketing & erp software company,web development company,20,,0,LOW,,commercial,web_design,False,False
web development company name suggestions,web development company,20,,0,LOW,46,informational,web_design,False,False
web development company in bharuch,web development company,20,,0.78,LOW,,commercial,web_design,False,False
web development company in kandivali,web development company,20,,0.31,MEDIUM,,commercial,web_design,False,False
web development company in ajmer,web development company,20,,0,LOW,46,commercial,web_design,False,False
web development company in west bengal,web development company,20,,0.56,LOW,,commercial,web_design,False,False
web development company names suggestions,web development company,20,,0,LOW,46,informational,web_design,False,False
ecommerce web development company in ahmedabad,web development company,20,,0,LOW,,commercial,ecommerce,False,False
web development company in noida for freshers,web development company,20,,0.91,LOW,,commercial,web_design,False,False
best web app development company,web development company,20,,0,LOW,,commercial,other,True,False
sai technologies web and mobile app development company madurai reviews,web development company,20,,0,LOW,,commercial,other,False,False
ecommerce web development company in mumbai,web development company,20,,0,LOW,,commercial,ecommerce,False,False
web development company europe,web development company,20,,1.33,LOW,,commercial,web_design,False,False
web development company in bikaner,web development company,20,,0,LOW,,commercial,web_design,False,False
gurugram web development company,web development company,20,,0.42,MEDIUM,59,navigational,web_design,False,False
app and web development company,web development company,20,,2.23,MEDIUM,65,commercial,web_design,False,False
web development company dallas tx,web development company,20,,0,LOW,,commercial,web_design,False,False
software and web development company,web development company,20,,0.95,MEDIUM,100,commercial,web_design,False,False
web development company dallas,web development company,20,,0,LOW,,commercial,web_design,False,False
web development company nepal,web development company,20,,0.19,LOW,,navigational,web_design,False,False
php web development company in delhi,web development company,20,,0,LOW,,commercial,web_design,False,False
top web development company in delhi ncr,web development company,20,,0,LOW,,commercial,web_design,True,False
custom web development company india,web development company,20,,0,LOW,,commercial,web_design,False,False
magento web development company coalition,web development company,20,,0,LOW,,navigational,ecommerce,False,False
symfony web development company,web development company,20,,0,LOW,,commercial,web_design,False,False
web application development company in qatar,web development company,20,,0,LOW,,commercial,other,False,False
web development company trivandrum,web development company,20,,0.61,LOW,52,commercial,web_design,False,False
web development company lebanon,web development company,20,,0,,,commercial,web_design,False,False
web development company in malad,web development company,20,,0,LOW,,commercial,web_design,False,False
acumen it services best web development company in chandigarh,web development company,20,,0,LOW,,commercial,web_design,True,False
web development company in yamunanagar,web development company,20,,0,LOW,,navigational,web_design,False,False
best web development company in madurai,web development company,20,,0.48,LOW,50,commercial,web_design,True,False
web development company in dallas,web development company,20,,0,LOW,,commercial,web_design,False,False
siliguri web development company,web development company,20,,0.39,MEDIUM,49,navigational,web_design,False,False
patna web development company,web development company,20,,0.4,MEDIUM,31,navigational,web_design,False,False
web development company netherlands,web development company,20,,1.09,MEDIUM,,commercial,web_design,False,False
web development company in haridwar,web development company,20,,1.14,LOW,46,commercial,web_design,False,False
ozrit web designers and mobile app development company photos,web development company,20,,0,,,commercial,web_design,False,False
dexbytes mobile app & web development company,web development company,20,,0,LOW,,navigational,web_design,False,False
startup web development company,web development company,20,,1.49,MEDIUM,51,commercial,web_design,False,False
web development company in uttam nagar,web development company,20,,0,LOW,,navigational,web_design,False,False
web development company gujarat,web development company,20,,2.06,LOW,63,commercial,web_design,False,False
web development company in nepal,web development company,20,,0.19,LOW,,commercial,web_design,False,False
list of web development company,web development company,20,,0.71,LOW,,commercial,web_design,False,False
ewoke web development and digital marketing company in kochi kerala,web development company,20,,0,LOW,,commercial,web_design,False,False
best web development company in canada,web development company,20,,1.59,MEDIUM,,commercial,web_design,True,False
web app development company in noida,web development company,20,,3.69,MEDIUM,,commercial,other,False,False
web application development company in hyderabad,web development company,20,,2.13,LOW,50,commercial,other,False,False
sai technologies web and mobile app development company madurai photos,web development company,20,,0,LOW,,navigational,other,False,False
web 3.0 india web 3 & blockchain development company,web development company,20,,0,,,navigational,other,False,False
zimble code inc best web & mobile app development company,web development company,20,,0,LOW,,commercial,other,True,False
web development company in maharashtra,web development company,20,,0,LOW,,commercial,web_design,False,False
php web development company in pune,web development company,20,,0,,,commercial,web_design,False,False
enterprise web development company,web development company,20,,0,LOW,,navigational,web_design,False,False
name suggestions for web development company,web development company,20,,0,LOW,46,commercial,web_design,False,False
web development company new jersey,web development company,20,,12.61,LOW,52,commercial,web_design,False,False
web app development company in qatar,web development company,20,,0,LOW,,commercial,other,False,False
top 10 web development company in bangalore,web development company,20,,0,LOW,,commercial,web_design,True,False
web development company list,web development company,20,,0.71,LOW,,informational,web_design,False,False
web development company in europe,web development company,20,,1.33,LOW,,commercial,web_design,False,False
top web development company in indore,web development company,20,,0,LOW,,commercial,web_design,True,False
progressive web app development company india,web development company,20,,0,LOW,,navigational,other,False,False
web development company in tirupur,web development company,20,,0.14,LOW,47,commercial,web_design,False,False
phoenix web development company,web development company,20,,0,,,navigational,web_design,False,False
web development company in maryland,web development company,20,,0,,,commercial,web_design,False,False
web application development company in singapore,web development company,20,,0,LOW,,commercial,other,False,False
web designing and development company in noida,web development company,20,,0.17,LOW,,commercial,web_design,False,False
web development company in patiala,web development company,20,,0,LOW,,commercial,web_design,False,False
elicit digital mobile app development company web development indore,web development company,20,,0,,,navigational,web_design,False,False
web development company in goregaon,web development company,20,,0.4,LOW,,commercial,web_design,False,False
web development company blog,web development company,20,,0,LOW,,informational,web_design,False,False
mindrops web and mobile app development company photos,web development company,20,,0,LOW,,commercial,other,False,False
web development company tirupur,web development company,20,,0.14,LOW,47,navigational,web_design,False,False
how to choose a web development company,web development company,20,3,0,LOW,,informational,web_design,False,True
web development company in vijayawada,web development company,20,,0,MEDIUM,,commercial,web_design,False,False
web application development company in noida,web development company,20,,3.69,MEDIUM,,commercial,other,False,False
best web development company in faridabad,web development company,20,,0,LOW,,commercial,web_design,True,False
web and mobile app development company innovura technologies private limited,web development company,20,,0,LOW,,navigational,other,False,False
web development company in sangli,web development company,20,,0,LOW,,commercial,web_design,False,False
web development company nj,web development company,20,,12.61,LOW,,commercial,web_design,False,False
amar infotech enterprise web & mobile app development company,web development company,20,,0.24,LOW,,navigational,other,False,False
top web development company in dubai,web development company,20,,0.79,LOW,,commercial,web_design,True,False
list of web development company in kolkata,web development company,20,,0.63,LOW,47,commercial,web_design,False,False
low cost web development company,web development company,20,,0.21,HIGH,,commercial,web_design,True,False
store transform web development company photos,web development company,20,,0.61,LOW,,commercial,web_design,False,False
web development company in new jersey,web development company,20,,3.88,MEDIUM,52,commercial,web_design,False,False
php web development company in jaipur,web development company,20,,1.86,LOW,,commercial,web_design,False,False
web development company name ideas,web development company,20,,0,LOW,46,informational,web_design,False,False
offshore web development company india,web development company,20,,0,LOW,46,commercial,web_design,False,False
offshore web development company in india,web development company,20,,0,LOW,46,commercial,web_design,False,False
react js web development company,web development company,20,,0,,,navigational,web_design,False,False
web development company in san diego,web development company,20,,0.25,LOW,52,commercial,web_design,False,False
soham web solution web development company,web development company,20,,0,LOW,,navigational,web_design,False,False
nothing info custom web & mobile app development company,web development company,20,,0,LOW,,commercial,other,False,False
web development company blogs,web development company,20,,0,LOW,,informational,web_design,False,False
affordable website design agency,website design agency,20,,0,LOW,,commercial,web_design,True,False
design agency website inspiration,website design agency,20,,0,LOW,,commercial,other,False,False
best digital marketing agency website design,website design agency,20,,0.68,LOW,,commercial,web_design,True,False
website design and digital marketing agency,website design agency,20,,0,LOW,,commercial,web_design,False,False
best website design agency in dubai,website design agency,20,,1.77,LOW,,commercial,web_design,True,False
best website design for travel agency,website design agency,20,,1.39,LOW,,commercial,web_design,True,False
automotive website design agency,website design agency,20,,0,LOW,,commercial,web_design,False,False
website design agency southampton,website design agency,20,,0,LOW,,commercial,web_design,False,False
website design insurance agency,website design agency,20,,0,LOW,,commercial,web_design,False,False
branding and website design agency,website design agency,20,,1.94,MEDIUM,,commercial,web_design,False,False
web design agency website inspiration,website design agency,20,,0,LOW,,commercial,web_design,False,False
website design agency perth,website design agency,20,,0,MEDIUM,,commercial,web_design,False,False
ai agency website design,website design agency,20,,1.27,MEDIUM,,navigational,ai_agents,False,False
best website design agency uk,website design agency,20,,2.26,MEDIUM,,commercial,web_design,True,False
insurance agency website design,website design agency,20,,0,LOW,,commercial,web_design,False,False
website design agency website,website design agency,20,,1.57,LOW,77,navigational,web_design,False,False
website design agency in coimbatore,website design agency,20,,0,LOW,,commercial,web_design,False,False
cheval website design app development agency dubai uae,website design agency,20,,0,LOW,,navigational,web_design,False,False
website development and design agency,website design agency,20,,0,LOW,43,commercial,web_design,False,False
best travel agency website design,website design agency,20,,1.39,LOW,,commercial,web_design,True,False
agency website design inspiration,website design agency,20,,0,LOW,,commercial,web_design,False,False
website design agency san francisco,website design agency,20,,2.03,MEDIUM,,commercial,web_design,False,False
website design for insurance agency,website design agency,20,,0,LOW,,commercial,web_design,False,False
web design agency website,website design agency,20,,0.49,LOW,6,commercial,web_design,False,False
website design agency leeds,website design agency,20,,0,MEDIUM,,commercial,web_design,False,False
best website design agency in bangalore,website design agency,20,,0,LOW,,commercial,web_design,True,False
website design agency birmingham,website design agency,20,,0,LOW,,commercial,web_design,False,False
recruitment agency website design,website design agency,20,,0.48,LOW,,commercial,web_design,False,False
ecommerce development company in indore,ecommerce development company,20,,0,LOW,,commercial,ecommerce,False,False
top ecommerce development company in india,ecommerce development company,20,,0,LOW,,commercial,ecommerce,True,False
ecommerce website development company in bhubaneswar,ecommerce development company,20,,0,LOW,,commercial,ecommerce,False,False
ecommerce website development company in udaipur,ecommerce development company,20,,0,LOW,,commercial,ecommerce,False,False
ecommerce website development company dubai,ecommerce development company,20,,0,LOW,,commercial,ecommerce,False,False
ecommerce website development company in lucknow,ecommerce development company,20,,0,,,navigational,ecommerce,False,False
ecommerce development company in kolkata,ecommerce development company,20,,0,LOW,,commercial,ecommerce,False,False
ecommerce development company in uae,ecommerce development company,20,,0,LOW,,commercial,ecommerce,False,False
best ecommerce app development company,ecommerce development company,20,,0,HIGH,,commercial,ecommerce,True,False
best ecommerce website development company in mumbai,ecommerce development company,20,,0,LOW,,commercial,ecommerce,True,False
elsner technologies ecommerce development company photos,ecommerce development company,20,,0,,,commercial,ecommerce,False,False
ecommerce development company in ahmedabad,ecommerce development company,20,,0.71,LOW,,commercial,ecommerce,False,False
ecommerce website development company in faridabad,ecommerce development company,20,,0.78,LOW,,commercial,ecommerce,False,False
ecommerce website development company in surat,ecommerce development company,20,,0,LOW,,navigational,ecommerce,False,False
top ecommerce website development company in india,ecommerce development company,20,,2.15,LOW,,commercial,ecommerce,True,False
ecommerce app development company india,ecommerce development company,20,,0,LOW,,commercial,ecommerce,False,False
shopify ecommerce website development company,ecommerce development company,20,,0,LOW,,navigational,ecommerce,False,False
ecommerce app development company in usa,ecommerce development company,20,,0,LOW,,commercial,ecommerce,False,False
ecommerce marketing agency in bangalore,ecommerce agency,20,,0.73,LOW,,commercial,ecommerce,False,False
ecommerce content marketing agency,ecommerce agency,20,,5.07,LOW,,commercial,ecommerce,False,False
marketing agency for ecommerce,ecommerce agency,20,,1.67,LOW,9,commercial,ecommerce,False,False
digital agency ecommerce,ecommerce agency,20,,2.08,LOW,,commercial,ecommerce,False,False
ecommerce google ads agency,ecommerce agency,20,,0,LOW,,commercial,ecommerce,False,False
digital agency for ecommerce,ecommerce agency,20,,2.08,LOW,,commercial,ecommerce,False,False
amazon ecommerce agency,ecommerce agency,20,,2.08,LOW,,navigational,ecommerce,False,False
social media marketing agency for ecommerce,ecommerce agency,20,,0,LOW,,commercial,ecommerce,False,False
ecommerce design agency,ecommerce agency,20,,0.47,MEDIUM,,commercial,ecommerce,False,False
shopify ecommerce agency,ecommerce agency,20,,0,LOW,,commercial,ecommerce,False,False
ecommerce conversion rate optimisation agency,ecommerce agency,20,,0,LOW,,commercial,ecommerce,False,False
full-service ecommerce agency,ecommerce agency,20,,0,LOW,,commercial,ecommerce,False,False
ecommerce agency in dubai,ecommerce agency,20,,1.52,MEDIUM,,commercial,ecommerce,False,False
full service ecommerce agency,ecommerce agency,20,,0,LOW,,commercial,ecommerce,False,False
ecommerce email marketing agency,ecommerce agency,20,,0,LOW,,commercial,ecommerce,False,False
ecommerce business agency,ecommerce agency,20,,1.62,MEDIUM,,commercial,ecommerce,False,False
shopify plus ecommerce agency,ecommerce agency,20,,0,LOW,,commercial,ecommerce,False,False
ecommerce web agency,ecommerce agency,20,,4.63,MEDIUM,,commercial,ecommerce,False,False
ecommerce agency in usa,ecommerce agency,20,,0,HIGH,,commercial,ecommerce,False,False
digital marketing agency for ecommerce business,ecommerce agency,20,,1.34,MEDIUM,,commercial,ecommerce,False,False
ecommerce agency india,ecommerce agency,20,,0,LOW,,commercial,ecommerce,False,False
shopify ecommerce development agency,ecommerce agency,20,,0,LOW,,navigational,ecommerce,False,False
ecommerce digital agency,ecommerce agency,20,,2.08,LOW,,commercial,ecommerce,False,False
shopify app development cost,shopify development,20,,0,LOW,,commercial,ecommerce,False,False
shopify headless development,shopify development,20,,0,LOW,,navigational,ecommerce,False,False
shopify store development agency,shopify development,20,,2.16,LOW,,navigational,ecommerce,False,False
shopify development solutions,shopify development,20,,0,LOW,,commercial,ecommerce,False,False
shopify plus store development,shopify development,20,,0,LOW,,navigational,ecommerce,False,False
shopify store development cost,shopify development,20,,0,LOW,,commercial,ecommerce,False,False
shopify development tools,shopify development,20,,0,LOW,,commercial,ecommerce,False,False
best shopify development agency,shopify development,20,,0.72,LOW,,commercial,ecommerce,True,False
shopify development services india,shopify development,20,,0,LOW,,navigational,ecommerce,False,False
shopify development store login,shopify development,20,,0,LOW,,navigational,ecommerce,False,False
shopify theme development from scratch,shopify development,20,,0.43,LOW,51,navigational,ecommerce,False,False
shopify development fundamentals,shopify development,20,,0.36,LOW,,informational,ecommerce,False,False
shopify web development course,shopify development,20,,0.46,MEDIUM,,informational,ecommerce,False,False
shopify development app,shopify development,20,,0,LOW,38,commercial,ecommerce,False,False
shopify app development tutorial,shopify development,20,,2.17,LOW,52,informational,ecommerce,False,False
custom shopify app development,shopify development,20,,1.51,LOW,,commercial,ecommerce,False,False
shopify website development course,shopify development,20,,0.46,MEDIUM,,navigational,ecommerce,False,False
shopify website development services in india,shopify development,20,,0,LOW,,commercial,ecommerce,False,False
shopify development agency usa,shopify development,20,,0,LOW,,navigational,ecommerce,False,False
ai agency meaning,ai agency,20,,0,LOW,,informational,ai_agents,False,False
ai voice agent agency,ai agency,20,,12.42,LOW,,commercial,other,False,False
ai ugc agency,ai agency,20,,0.62,LOW,,navigational,other,False,False
best ai marketing agency,ai agency,20,,1.76,LOW,,commercial,other,True,False
how to start ai agency,ai agency,20,1,1.96,MEDIUM,,informational,ai_agents,False,True
ai automation agency pricing,ai agency,20,,0,LOW,,commercial,ai_agents,False,False
ai automation agency hub skool,ai agency,20,,0,LOW,,navigational,ai_agents,False,False
ai agency logo,ai agency,20,,0,LOW,,commercial,ai_agents,False,False
ai automation agency dubai,ai agency,20,,1.43,LOW,,commercial,ai_agents,False,False
ai software agency,ai agency,20,,1.3,MEDIUM,,commercial,other,False,False
ai influencer agency,ai agency,20,,0.5,LOW,,commercial,other,False,False
creative ai agency,ai agency,20,,0.78,LOW,,commercial,ai_agents,False,False
ai automation agency business,ai agency,20,,1.59,MEDIUM,,commercial,ai_agents,False,False
ai model agency,ai agency,20,,0,LOW,,commercial,other,False,False
ai content marketing agency,ai agency,20,,0,LOW,,commercial,other,False,False
ai driven marketing agency,ai agency,20,,1.95,LOW,,commercial,other,False,False
is ai automation agency worth it,ai agency,20,0,0,LOW,,informational,ai_agents,False,True
ai automation agency for real estate,ai agency,20,,3.01,LOW,,commercial,ai_agents,False,False
how to build ai automation agency,ai agency,20,0,1.86,MEDIUM,,informational,ai_agents,False,True
best ai digital marketing agency,ai agency,20,,1.02,LOW,,commercial,digital_mkt,True,False
ai marketing agency near me,ai agency,20,,0,LOW,,commercial,other,False,False
ai modelling agency,ai agency,20,,0,LOW,,commercial,other,False,False
the instant ai agency,ai agency,20,,0,LOW,,navigational,ai_agents,False,False
instant ai agency,ai agency,20,,0,LOW,,navigational,ai_agents,False,False
ai based marketing agency,ai agency,20,,1.67,HIGH,,commercial,other,False,False
ai models agency,ai agency,20,,0,LOW,,commercial,other,False,False
ai automation agency meaning,ai agency,20,,0,LOW,,informational,ai_agents,False,False
ai pr agency,ai agency,20,,3.89,LOW,,commercial,other,False,False
ai automation agency usa,ai agency,20,,12.54,MEDIUM,,navigational,ai_agents,False,False
ai modeling agency,ai agency,20,,0,LOW,,commercial,other,False,False
ai automation agency uk,ai agency,20,,6.34,HIGH,,commercial,ai_agents,False,False
how to start an ai agency,ai agency,20,1,0.57,LOW,,informational,ai_agents,False,True
how to start an ai automation agency,ai agency,20,1,0,MEDIUM,,informational,ai_agents,False,True
ai agency australia,ai agency,20,,2.98,HIGH,,commercial,ai_agents,False,False
ai agent software development,ai agent development,20,,0,LOW,,commercial,ai_agents,False,False
ai agent development tutorial,ai agent development,20,,1.18,MEDIUM,,informational,ai_agents,False,False
ai agent development guide,ai agent development,20,,0,MEDIUM,,informational,ai_agents,False,False
google ai agent development kit,ai agent development,20,,0.98,LOW,,transactional,ai_agents,False,False
building agentic ai systems hands-on agent development,ai agent development,20,,0,MEDIUM,,commercial,other,False,False
ai agent for app development,ai agent development,20,,3.73,MEDIUM,,transactional,ai_agents,False,False
best ai agent for web development,ai agent development,20,,2.63,HIGH,,commercial,ai_agents,True,False
ai agent development jobs,ai agent development,20,,0.45,LOW,,informational,ai_agents,False,False
agent development tools in ai,ai agent development,20,,0,LOW,,commercial,other,False,False
generative engine optimization certification,generative engine optimization,20,,0.81,MEDIUM,,commercial,ai_seo,False,False
generative engine optimization images,generative engine optimization,20,,0,LOW,,commercial,ai_seo,False,False
generative search engine optimization,generative engine optimization,20,,3.99,LOW,,commercial,other,False,False
generative engine optimization geo tools,generative engine optimization,20,,2.89,LOW,,commercial,ai_seo,False,False
generative engine optimization examples,generative engine optimization,20,,1.07,LOW,,informational,ai_seo,False,False
generative engine optimization course free,generative engine optimization,20,,3.17,LOW,,commercial,ai_seo,False,False
generative engine optimization market size,generative engine optimization,20,,0,LOW,,commercial,ai_seo,False,False
answer engine optimization icon,answer engine optimization,20,,0,LOW,,informational,ai_seo,False,False
answer engine optimization examples,answer engine optimization,20,,0,LOW,,informational,ai_seo,False,False
profound answer engine optimization,answer engine optimization,20,,0,LOW,,commercial,ai_seo,False,False
what is aeo answer engine optimization,answer engine optimization,20,0,0,LOW,,informational,ai_seo,False,True
web designing company name,web design company,20,,0,LOW,40,commercial,web_design,False,False
website company name ideas,web development company,20,,0.53,LOW,,commercial,other,False,False
top 10 web development companies in world,web development company,20,,0.48,LOW,77,commercial,web_design,True,False
top 20 digital marketing agency in india,digital marketing agency,20,,0,LOW,,commercial,digital_mkt,True,False
top 10 digital marketing agency hyderabad,digital marketing agency,20,,0.07,LOW,,commercial,digital_mkt,True,False
digital marketing agency in delhi for internship,digital marketing agency,20,,0.34,LOW,,commercial,digital_mkt,False,False
top 5 digital marketing agency in mumbai,digital marketing agency,20,,0.04,LOW,,commercial,digital_mkt,True,False
berlin seo agency,seo agency,10,,0,LOW,,commercial,seo,False,False
seo agency hamilton,seo agency,10,,0,LOW,,commercial,seo,False,False
seo company marketing agency,seo agency,10,,0,,,commercial,seo,False,False
zaphic seo & digital marketing agency elementor template kit,seo agency,10,,0,,,commercial,digital_mkt,False,False
mamba seo agency,seo agency,10,,0,LOW,,commercial,seo,False,False
seo agency oslo,seo agency,10,,0,,,commercial,seo,False,False
seomy digital marketing & seo agency wordpress theme,seo agency,10,,0,,,commercial,digital_mkt,False,False
seo agency raleigh,seo agency,10,,1.07,LOW,,commercial,seo,False,False
seo agency in charlotte,seo agency,10,,0.2,LOW,,commercial,seo,False,False
seo agency northern ireland,seo agency,10,,0,,,commercial,seo,False,False
shopify seo agency new york,seo agency,10,,0,HIGH,,commercial,ecommerce,False,False
seo ji hoon flower crew joseon marriage agency,seo agency,10,,0,,,navigational,seo,False,False
seo agency michigan,seo agency,10,,0,LOW,,commercial,seo,False,False
affordable seo agency in dubai,seo agency,10,,0,,,commercial,seo,True,False
top seo agency in qatar,seo agency,10,,0,LOW,,commercial,seo,True,False
seo agency for,seo agency,10,,0,,0,commercial,seo,False,False
seo agency name ideas,seo agency,10,,0,LOW,,commercial,seo,False,False
seo agency in poland,seo agency,10,,0,LOW,,commercial,seo,False,False
seo agency penang,seo agency,10,,0,,,commercial,seo,False,False
seo agency business model,seo agency,10,,0,,,commercial,seo,False,False
seo agency alabama,seo agency,10,,3.96,LOW,,commercial,seo,False,False
seo agency romania,seo agency,10,,0,,,commercial,seo,False,False
ppc seo agency,seo agency,10,,0,LOW,,commercial,seo,False,False
local seo agency toronto,seo agency,10,,1.94,MEDIUM,,commercial,seo,False,False
seo services agency in usa,seo agency,10,,0,,,commercial,seo,False,False
seo agency in christchurch,seo agency,10,,0,,,commercial,seo,False,False
seo agency quebec,seo agency,10,,0,,,commercial,seo,False,False
saas seo agency usa,seo agency,10,,0,LOW,,commercial,seo,False,False
vancouver seo agency,seo agency,10,,0,LOW,,commercial,seo,False,False
seo agency in north carolina,seo agency,10,,0,,,commercial,seo,False,False
seo agency orange county,seo agency,10,,0,,,commercial,seo,False,False
atlanta seo agency,seo agency,10,,0,LOW,,commercial,seo,False,False
seo agency in oman,seo agency,10,,0,LOW,,commercial,seo,False,False
how to start seo agency,seo agency,10,0,0,LOW,,informational,seo,False,True
seo hero seo hong kong company digital marketing agency,seo agency,10,,0,,,commercial,digital_mkt,False,False
seo performance agency,seo agency,10,,0,,,commercial,seo,False,False
seo agency worthing,seo agency,10,,0,,,commercial,seo,False,False
seo agency cork,seo agency,10,,0,LOW,,commercial,seo,False,False
seo agency kenya,seo agency,10,,0,,,commercial,seo,False,False
local seo agency in usa,seo agency,10,,0,LOW,,commercial,seo,False,False
seo agency ecommerce,seo agency,10,,0,LOW,11,commercial,ecommerce,False,False
seo agency in islamabad,seo agency,10,,0,,,commercial,seo,False,False
best seo agency in nepal,seo agency,10,,0,,,commercial,seo,True,False
seo agency canterbury,seo agency,10,,0.13,MEDIUM,,commercial,seo,False,False
seo brief for agency,seo agency,10,,0,,,commercial,seo,False,False
seo agency cheshire,seo agency,10,,0,,,commercial,seo,False,False
seo ye ji agency,seo agency,10,,0,LOW,51,navigational,seo,False,False
seo agency chester,seo agency,10,,0.03,LOW,,commercial,seo,False,False
best australia seo agency rankstar,seo agency,10,,0,,,commercial,seo,True,False
local seo agency new york,seo agency,10,,7.62,MEDIUM,,commercial,seo,False,False
seo agency baroda,seo agency,10,,0,,,commercial,seo,False,False
top seo agency kolkata,seo agency,10,,0,,,commercial,seo,True,False
jeon jong-seo agency,seo agency,10,,0,LOW,,navigational,seo,False,False
what does a seo agency do,seo agency,10,1,0,LOW,,informational,seo,False,True
seo agency boulder,seo agency,10,,0,,,commercial,seo,False,False
seo agency south yarra,seo agency,10,,0,,,navigational,seo,False,False
best agency for seo,seo agency,10,,1.02,MEDIUM,35,commercial,seo,True,False
top seo marketing agency,seo agency,10,,0,MEDIUM,,commercial,seo,True,False
seo agency shoreditch,seo agency,10,,0,,,commercial,seo,False,False
seo hyun jin agency,seo agency,10,,0,LOW,,navigational,seo,False,False
is seo agency profitable,seo agency,10,0,0,,,informational,seo,False,True
seosight seo digital marketing agency html template,seo agency,10,,0,,,commercial,digital_mkt,False,False
seo agency wordpress themes,seo agency,10,,0.12,LOW,,commercial,seo,False,False
brainmine web solutions seo & digital marketing agency in pune,seo agency,10,,0,,,commercial,digital_mkt,False,False
seo agency berlin,seo agency,10,,0.33,LOW,,commercial,seo,False,False
seo backlink agency,seo agency,10,,2.04,MEDIUM,,commercial,seo,False,False
seo agency in preston,seo agency,10,,0,LOW,,commercial,seo,False,False
how to choose the right technical seo agency,seo agency,10,0,0,LOW,,informational,seo,False,True
seo agency in bath,seo agency,10,,3.68,LOW,,commercial,seo,False,False
seo agency gloucester,seo agency,10,,0,LOW,,commercial,seo,False,False
seo agency in lahore,seo agency,10,,0,LOW,,commercial,seo,False,False
seo agency wordpress theme free,seo agency,10,,0,,,commercial,seo,False,False
pure seo digital marketing agency,seo agency,10,,0,,,commercial,digital_mkt,False,False
seo agency poland,seo agency,10,,0,,,commercial,seo,False,False
shopify seo agency reviews,seo agency,10,,0,,,commercial,ecommerce,False,False
seo global agency,seo agency,10,,0,,2,commercial,seo,False,False
best seo agency in world,seo agency,10,,0,MEDIUM,,commercial,seo,True,False
seo agency process,seo agency,10,,0,,,commercial,seo,False,False
markeezo seo digital marketing agency elementor,seo agency,10,,0,,,commercial,digital_mkt,False,False
seo agency roma,seo agency,10,,0,,,commercial,seo,False,False
seo agency cheltenham,seo agency,10,,0,,,commercial,seo,False,False
all seo agency in adelaide australia,seo agency,10,,0,,,commercial,seo,False,False
seo agency faqs,seo agency,10,,0,LOW,,commercial,seo,False,False
seo agency dashboard,seo agency,10,,0,LOW,,commercial,seo,False,False
seo agency tool rapid url indexer,seo agency,10,,0,,,commercial,seo,False,False
best seo agency in allahabad,seo agency,10,,0,LOW,,commercial,seo,True,False
seo quartz web mobile app development agency photos,seo agency,10,,0,LOW,,commercial,seo,False,False
seo agency in munich,seo agency,10,,0,,,commercial,seo,False,False
seo agency houston tx,seo agency,10,,0,LOW,,commercial,seo,False,False
seo engineers agency,seo agency,10,,0,LOW,,commercial,seo,False,False
seo agency for travel,seo agency,10,,0,LOW,,commercial,seo,False,False
remote seo agency,seo agency,10,,0,LOW,,commercial,seo,False,False
seo agency tauranga,seo agency,10,,0,,,commercial,seo,False,False
seo jang hoon agency,seo agency,10,,0,,,navigational,seo,False,False
seo agency cyprus,seo agency,10,,0,LOW,,commercial,seo,False,False
artistic digital marketing agency and seo wordpress theme,seo agency,10,,0,,,commercial,digital_mkt,False,False
seo agency hampshire,seo agency,10,,0,,,commercial,seo,False,False
local seo agency brisbane,seo agency,10,,0,LOW,,commercial,seo,False,False
seo agency hawaii,seo agency,10,,0,LOW,,commercial,seo,False,False
local seo agency australia,seo agency,10,,0,MEDIUM,,commercial,seo,False,False
pentra seo agency,seo agency,10,,0,,,commercial,seo,False,False
best seo agency new york,seo agency,10,,0,MEDIUM,,commercial,seo,True,False
local seo agency in us,seo agency,10,,0,,,commercial,seo,False,False
local seo agency miami,seo agency,10,,0,LOW,,commercial,seo,False,False
seowp seo & digital marketing agency wordpress theme,seo agency,10,,0.01,LOW,,commercial,digital_mkt,False,False
seo agency in exeter,seo agency,10,,0,LOW,,commercial,seo,False,False
seo agency malta,seo agency,10,,0,LOW,,commercial,seo,False,False
phoenix seo agency,seo agency,10,,0,LOW,25,commercial,seo,False,False
seo agency kingston,seo agency,10,,0,LOW,,commercial,seo,False,False
ecommerce seo agency london,seo agency,10,,0,HIGH,,commercial,ecommerce,False,False
seo agency madrid,seo agency,10,,0,,,commercial,seo,False,False
seo agency marketing strategy,seo agency,10,,0,LOW,,commercial,seo,False,False
seo-pr agency,seo agency,10,,1.45,MEDIUM,,commercial,seo,False,False
seo reseller agency india,seo agency,10,,0,LOW,,commercial,seo,False,False
seo agency inc,seo agency,10,,0,LOW,,commercial,seo,False,False
seo agency tallahassee,seo agency,10,,0,,,commercial,seo,False,False
landscaping seo agency,seo agency,10,,0,,,commercial,seo,False,False
seo agency wakefield,seo agency,10,,0,LOW,,commercial,seo,False,False
starting an seo agency,seo agency,10,,0,LOW,,commercial,seo,False,False
lee seo jin agency,seo agency,10,,0,,,navigational,seo,False,False
graphite seo agency,seo agency,10,,0,LOW,,commercial,seo,False,False
seo agency dorset,seo agency,10,,0,LOW,,commercial,seo,False,False
seo agency in lithuania,seo agency,10,,0,LOW,,commercial,seo,False,False
seo agency mauritius,seo agency,10,,0,,,commercial,seo,False,False
best seo agency auckland,seo agency,10,,0,HIGH,,commercial,seo,True,False
seo agency kuwait,seo agency,10,,0,LOW,,commercial,seo,False,False
seo consulting agency,seo agency,10,,0,LOW,,commercial,seo,False,False
seo agency birmingham al,seo agency,10,,0,,,commercial,seo,False,False
jeon jong seo agency,seo agency,10,,0,LOW,,navigational,seo,False,False
seo agency swindon,seo agency,10,,0,LOW,,commercial,seo,False,False
seo agency luxembourg,seo agency,10,,0,,,commercial,seo,False,False
seo agency in baltimore,seo agency,10,,12.24,HIGH,,commercial,seo,False,False
seo agency lancashire,seo agency,10,,0,LOW,48,commercial,seo,False,False
dnovo digital marketing & seo agency,seo agency,10,,0,LOW,,commercial,digital_mkt,False,False
seo agency in bangalore india,seo agency,10,,0,LOW,,commercial,seo,False,False
seo sydney agency,seo agency,10,,0,HIGH,30,commercial,seo,False,False
best seo agency in kanpur,seo agency,10,,0,LOW,,commercial,seo,True,False
canesta digital marketing & seo agency,seo agency,10,,0,,,commercial,digital_mkt,False,False
start an seo agency,seo agency,10,,0,LOW,,commercial,seo,False,False
seo agency aberdeen,seo agency,10,,0,LOW,,commercial,seo,False,False
viser x seo digital marketing & software development agency,seo agency,10,,0,,,commercial,digital_mkt,False,False
brampton seo agency,seo agency,10,,0,LOW,,commercial,seo,False,False
best seo services company in bangalore seo agency in bangalore,seo agency,10,,0,LOW,,commercial,seo,True,False
top seo agency in san francisco,seo agency,10,,0,,,commercial,seo,True,False
seo agency orlando fl,seo agency,10,,0,,,commercial,seo,False,False
top seo agency in singapore,seo agency,10,,0,MEDIUM,,commercial,seo,True,False
digital marketing agency for seo,seo agency,10,,8.87,LOW,,commercial,digital_mkt,False,False
seo agency logo,seo agency,10,,0,LOW,,commercial,seo,False,False
seo agency website design,seo agency,10,,0.52,MEDIUM,,commercial,web_design,False,False
seo agency kent,seo agency,10,,0,LOW,,commercial,seo,False,False
seo service provider agency,seo agency,10,,0,,,commercial,seo,False,False
seo agency durban,seo agency,10,,0,,,commercial,seo,False,False
seo agency richmond,seo agency,10,,0,LOW,,commercial,seo,False,False
seo kang joon agency,seo agency,10,,0,LOW,,navigational,seo,False,False
legal seo agency,seo agency,10,,0,LOW,,commercial,seo,False,False
best national seo agency,seo agency,10,,0,,,commercial,seo,True,False
seo strategy agency,seo agency,10,,0,LOW,,commercial,seo,False,False
seo agency in usa appkod,seo agency,10,,0,,,transactional,seo,False,False
start seo agency,seo agency,10,,0,LOW,,commercial,seo,False,False
seolla seo & digital marketing agency template kit,seo agency,10,,0,LOW,,commercial,digital_mkt,False,False
local seo digital marketing agency,seo agency,10,,0,,,commercial,digital_mkt,False,False
white label local seo agency,seo agency,10,,0,LOW,,commercial,seo,False,False
seo agency packages,seo agency,10,,0,,,commercial,seo,False,False
victorious seo global agency,seo agency,10,,0,,,commercial,seo,False,False
seo agency in egypt,seo agency,10,,0,LOW,,commercial,seo,False,False
keyrank seo & digital marketing agency template kit,seo agency,10,,0,,,commercial,digital_mkt,False,False
seo agency gurugram,seo agency,10,,0,LOW,,commercial,seo,False,False
seo agency rossendale,seo agency,10,,0,LOW,,commercial,seo,False,False
seo marketing agency in london,seo agency,10,,0,LOW,,commercial,seo,False,False
top seo agency in nyc,seo agency,10,,0,,,commercial,seo,True,False
seo agency chelmsford,seo agency,10,,0,,,commercial,seo,False,False
seo agency amman,seo agency,10,,0,,,commercial,seo,False,False
seo agency bolton,seo agency,10,,1.69,MEDIUM,,commercial,seo,False,False
bright ads digital marketing agency bangalore seo agency website development,seo agency,10,,0,,,commercial,web_design,False,False
seo agency faq,seo agency,10,,0,LOW,,commercial,seo,False,False
seo agency lincoln,seo agency,10,,0,LOW,,commercial,seo,False,False
seo agency in york,seo agency,10,,0,MEDIUM,,commercial,seo,False,False
best seo agency in assam,seo agency,10,,5.15,LOW,,commercial,seo,True,False
forrel seo & digital marketing agency elementor template kit,seo agency,10,,0,,,commercial,digital_mkt,False,False
seo agency llc,seo agency,10,,0,LOW,,commercial,seo,False,False
seo agency russia,seo agency,10,,0,MEDIUM,,commercial,seo,False,False
seo agency of the year,seo agency,10,,0,,,commercial,seo,False,False
seo agency for sale,seo agency,10,,0,LOW,,transactional,seo,False,False
organic seo agency london,seo agency,10,,0,,,commercial,seo,False,False
seo agency switzerland,seo agency,10,,0,,,commercial,seo,False,False
seo agency suffolk,seo agency,10,,0,,,commercial,seo,False,False
seo agency case study,seo agency,10,,0,LOW,,commercial,seo,False,False
milwaukee seo agency,seo agency,10,,0.93,LOW,,commercial,seo,False,False
seo agency spain,seo agency,10,,2.37,HIGH,,commercial,seo,False,False
seo agency macclesfield,seo agency,10,,0,,,commercial,seo,False,False
negative seo agency,seo agency,10,,0,,,commercial,seo,False,False
webflow seo agency,seo agency,10,,0,LOW,,commercial,seo,False,False
how to hire an seo agency,seo agency,10,0,0,,,informational,seo,False,True
bullfrog digital marketing agency & seo company,seo agency,10,,0,LOW,,commercial,digital_mkt,False,False
impressive digital marketing & seo agency,seo agency,10,,0,LOW,,commercial,digital_mkt,False,False
gmb seo agency,seo agency,10,,0,LOW,,commercial,seo,False,False
pay for performance seo agency,seo agency,10,,0,LOW,,commercial,seo,False,False
seo agency virginia beach,seo agency,10,,0,,,commercial,seo,False,False
seo agency scottsdale,seo agency,10,,0,,,commercial,seo,False,False
wix seo agency,seo agency,10,,0,LOW,,commercial,seo,False,False
seo agency about us,seo agency,10,,0,,52,commercial,seo,False,False
seo recruitment agency,seo agency,10,,2.75,LOW,,commercial,seo,False,False
seo agency growmatic,seo agency,10,,0,,,commercial,seo,False,False
ecommerce seo agency growmatic,seo agency,10,,0,,,commercial,ecommerce,False,False
pharmaceutical seo agency,seo agency,10,,0,LOW,,commercial,seo,False,False
how to choose seo agency,seo agency,10,0,0,LOW,,informational,seo,False,True
top seo agency melbourne,seo agency,10,,0,,,commercial,seo,True,False
seo agency kansas city,seo agency,10,,0,LOW,,commercial,seo,False,False
fluxi seo & digital marketing agency wordpress theme,seo agency,10,,0,,,commercial,digital_mkt,False,False
houston seo agency,seo agency,10,,0,LOW,,commercial,seo,False,False
seo agency warwickshire,seo agency,10,,0,,,commercial,seo,False,False
seo consultant agency,seo agency,10,,0,LOW,,commercial,seo,False,False
seo agency johannesburg,seo agency,10,,12.55,MEDIUM,,commercial,seo,False,False
digimark agency best seo company in bangalore,seo agency,10,,0,,,commercial,seo,True,False
seo and digital marketing agency wordpress theme,seo agency,10,,0,LOW,,commercial,digital_mkt,False,False
seo agency bournemouth,seo agency,10,,3.2,LOW,,commercial,seo,False,False
seo digital marketing agency in india,seo agency,10,,0,LOW,,commercial,digital_mkt,False,False
seo sem agency singapore,seo agency,10,,0,,,commercial,seo,False,False
premier seo agency,seo agency,10,,0,LOW,,commercial,seo,False,False
seo agency for real estate agents,seo agency,10,,0,,,commercial,seo,False,False
seo agency west midlands,seo agency,10,,0,LOW,,commercial,seo,False,False
seo agency primelis,seo agency,10,,0,,,commercial,seo,False,False
seo agency in kenya,seo agency,10,,0,,,commercial,seo,False,False
seo tools agency,seo agency,10,,0,LOW,,commercial,seo,False,False
best seo marketing agency,seo agency,10,,5.32,LOW,,commercial,seo,True,False
detroit seo agency,seo agency,10,,0,LOW,,commercial,seo,False,False
enterprise seo agency primelis,seo agency,10,,0,,,commercial,seo,False,False
seofy seo & digital marketing agency wordpress theme,seo agency,10,,0,LOW,,commercial,digital_mkt,False,False
local seo agency tampa,seo agency,10,,0,,,commercial,seo,False,False
usa seo agency rankstar io,seo agency,10,,0,MEDIUM,,navigational,seo,False,False
best seo agency los angeles,seo agency,10,,0,,,commercial,seo,True,False
seo agency ai,seo agency,10,,0,,,commercial,seo,False,False
best seo agency for saas,seo agency,10,,0,LOW,,commercial,seo,True,False
how to get seo clients for your digital marketing agency,seo agency,10,0,0.64,LOW,,commercial,digital_mkt,False,True
seo migration agency,seo agency,10,,0,LOW,,commercial,seo,False,False
digital braino best digital marketing company in indore seo agency,seo agency,10,,0,,,commercial,digital_mkt,True,False
intent farm digital ads & seo agency,seo agency,10,,0,,,commercial,seo,False,False
seo agency facebook,seo agency,10,,0,,,commercial,seo,False,False
aeo agency seo,seo agency,10,,0,,,commercial,ai_seo,False,False
seo agency southend,seo agency,10,,0,,,commercial,seo,False,False
local seo agency in california,seo agency,10,,0,,,commercial,seo,False,False
seo agency for attorneys,seo agency,10,,0,,,commercial,seo,False,False
seo agency pakistan,seo agency,10,,0,,,commercial,seo,False,False
what to look for in an seo agency,seo agency,10,0,0,,,informational,seo,False,True
seo for ecommerce agency,seo agency,10,,0,LOW,11,commercial,ecommerce,False,False
seo rank agency,seo agency,10,,0,LOW,,commercial,seo,False,False
seo agency berkshire,seo agency,10,,0,LOW,,commercial,seo,False,False
top ranked seo company and agency,seo agency,10,,0,,,commercial,seo,True,False
safari digital seo agency,seo agency,10,,0,LOW,,commercial,seo,False,False
seo agency salary,seo agency,10,,0,,,commercial,seo,False,False
seo writing agency,seo agency,10,,0,MEDIUM,,commercial,seo,False,False
seo agency tampa,seo agency,10,,0.53,LOW,,commercial,seo,False,False
seo agency boise,seo agency,10,,0,MEDIUM,,commercial,seo,False,False
seo yeji agency,seo agency,10,,0,,51,informational,seo,False,False
best seo services agency in dubai,seo agency,10,,0,,,commercial,seo,True,False
specialist seo agency,seo agency,10,,0,LOW,,commercial,seo,False,False
seo agency nederland,seo agency,10,,0,,,commercial,seo,False,False
seo agency midlands,seo agency,10,,0,,,commercial,seo,False,False
seo agency for local business,seo agency,10,,0,,,commercial,seo,False,False
seo agency white label,seo agency,10,,0,LOW,,commercial,seo,False,False
locksmith seo agency,seo agency,10,,0,,,commercial,seo,False,False
seo agency penrith,seo agency,10,,0,,,commercial,seo,False,False
all seo and digital marketing agency in perth,seo agency,10,,0,,,commercial,digital_mkt,False,False
agency analytics seo,seo agency,10,,0,,,commercial,seo,False,False
ewebot seo marketing digital agency,seo agency,10,,0,,,commercial,seo,False,False
seo agency toponseo,seo agency,10,,0,,,commercial,seo,False,False
best fintech seo agency rankstar,seo agency,10,,0,,,commercial,seo,True,False
ewebot marketing seo digital agency theme,seo agency,10,,0.01,LOW,,commercial,seo,False,False
best seo agency 2018,seo agency,10,,0,,,commercial,seo,True,False
divi seo agency theme,seo agency,10,,0,,,commercial,seo,False,False
seo agency london ontario,seo agency,10,,0,,,commercial,seo,False,False
maxreach seo & digital agency wordpress theme,seo agency,10,,0,LOW,,commercial,seo,False,False
seo agency in pune india,seo agency,10,,0,,,commercial,seo,False,False
seo agency norwest,seo agency,10,,0,,,commercial,seo,False,False
local seo agency los angeles,seo agency,10,,0,,,commercial,seo,False,False
ecommerce seo agency near me,seo agency,10,,0,,,commercial,ecommerce,False,False
seo agency for business,seo agency,10,,0,LOW,,commercial,seo,False,False
seo agency testimonials,seo agency,10,,0,,,commercial,seo,False,False
montreal seo agency,seo agency,10,,1.78,MEDIUM,,commercial,seo,False,False
seo agency top,seo agency,10,,0,,84,commercial,seo,True,False
best seo agency adelaide,seo agency,10,,0,,,commercial,seo,True,False
web design and seo agency,seo agency,10,,0,LOW,,commercial,web_design,False,False
seo agency vermont,seo agency,10,,0,,,commercial,seo,False,False
seo optimization agency growmatic,seo agency,10,,0,,,commercial,seo,False,False
seo agency in colorado springs,seo agency,10,,0,LOW,,commercial,seo,False,False
seo agency portugal,seo agency,10,,0,,,commercial,seo,False,False
seo agency in chelmsford,seo agency,10,,2.25,LOW,,commercial,seo,False,False
ai seo agency singapore,seo agency,10,,3.15,MEDIUM,,commercial,ai_seo,False,False
best seo agency for ecommerce,seo agency,10,,0,LOW,,commercial,ecommerce,True,False
how to choose the best seo agency,seo agency,10,0,0,LOW,,informational,seo,True,True
seo image agency,seo agency,10,,0,LOW,,commercial,seo,False,False
found seo agency,seo agency,10,,0,,,commercial,seo,False,False
seo agency belgium,seo agency,10,,0,LOW,,commercial,seo,False,False
top seo agency in uk,seo agency,10,,0.86,HIGH,37,commercial,seo,True,False
seo agency website template,seo agency,10,,0.04,LOW,,commercial,seo,False,False
performance based seo agency,seo agency,10,,0,,,commercial,seo,False,False
seo agency wordpress,seo agency,10,,0,,,commercial,seo,False,False
seo for marketing agency,seo agency,10,,0,LOW,82,commercial,seo,False,False
local seo agency mohali,seo agency,10,,0,LOW,,commercial,seo,False,False
seo agency rankings,seo agency,10,,0,,,commercial,seo,False,False
seo agency st albans,seo agency,10,,0,,,commercial,seo,False,False
advanced seo agency,seo agency,10,,0,LOW,,commercial,seo,False,False
seo agency in asia,seo agency,10,,0,LOW,,commercial,seo,False,False
law firm seo agency nyc,seo agency,10,,0,,,commercial,seo,False,False
seo agency slough,seo agency,10,,0,LOW,,commercial,seo,False,False
german seo agency,seo agency,10,,3.35,MEDIUM,,commercial,seo,False,False
international seo agency in india,seo agency,10,,0,LOW,,commercial,seo,False,False
web digital seo agency,seo agency,10,,0,,,commercial,seo,False,False
seo agency germany,seo agency,10,,3.35,MEDIUM,,commercial,seo,False,False
seo agency long island,seo agency,10,,0,HIGH,,commercial,seo,False,False
the seo agency,seo agency,10,,5.05,LOW,0,commercial,seo,False,False
seo agency bd,seo agency,10,,0,LOW,,commercial,seo,False,False
best seo agency in goa,seo agency,10,,0,LOW,,commercial,seo,True,False
seo india agency,seo agency,10,,0,LOW,65,commercial,seo,False,False
seo agency barcelona,seo agency,10,,0,,,commercial,seo,False,False
seo agency in colchester,seo agency,10,,3.68,LOW,,commercial,seo,False,False
seo agency harrogate,seo agency,10,,0,,,commercial,seo,False,False
seo agency ukraine,seo agency,10,,0,,,commercial,seo,False,False
seo agency in scotland,seo agency,10,,0,MEDIUM,,commercial,seo,False,False
seo agency content,seo agency,10,,0,,,commercial,seo,False,False
seo agency scotland,seo agency,10,,0,LOW,,commercial,seo,False,False
seo agency lichfield,seo agency,10,,0,,,commercial,seo,False,False
how to price seo services,seo services,10,0,0,,,informational,seo,False,True
best healthcare seo services,seo services,10,,1.04,MEDIUM,,commercial,seo,True,False
seo services for fashion industry,seo services,10,,0,LOW,,commercial,seo,False,False
seo services fort lauderdale,seo services,10,,0,LOW,,commercial,seo,False,False
webaxis seo services mumbai maharashtra,seo services,10,,0,,,commercial,seo,False,False
website hosting and seo services,seo services,10,,0,HIGH,,commercial,seo,False,False
amazon seo services usa,seo services,10,,0,LOW,,commercial,seo,False,False
seo-optimized content writing ai,ai seo,10,,0.82,MEDIUM,,commercial,seo,False,False
ai seo wordpress plugin,ai seo,10,,0,LOW,,commercial,ai_seo,False,False
ai seo for ecommerce,ai seo,10,,0,LOW,,commercial,ai_seo,False,False
ai copilot seo experiments,ai seo,10,,0,,,commercial,seo,False,False
ai seo outlines,ai seo,10,,0,,,commercial,ai_seo,False,False
google seo ai update,ai seo,10,,0,LOW,,informational,seo,False,False
ai content detector seo,ai seo,10,,0,,,commercial,seo,False,False
seo writing ai tutorial,ai seo,10,,0,,,commercial,seo,False,False
seo ai summit,ai seo,10,,0,,,informational,seo,False,False
best free seo ai tools,ai seo,10,,0,HIGH,,commercial,seo,True,False
which ai tool is best for seo,ai seo,10,4,3.86,HIGH,,commercial,seo,True,True
ai seo assistant extension,ai seo,10,,5.07,LOW,,commercial,ai_seo,False,False
chatgpt ai seo,ai seo,10,,2.88,LOW,,navigational,ai_seo,False,False
all ai seo,ai seo,10,,0,LOW,,informational,ai_seo,False,False
best ai seo tools for optimizing content for chatgpt searches,ai seo,10,,0,,,commercial,ai_seo,True,False
seo ai free tool,ai seo,10,,0,MEDIUM,,commercial,seo,False,False
seo ai analyzer,ai seo,10,,0.91,HIGH,,commercial,seo,False,False
ai tools for technical seo,ai seo,10,,0.56,HIGH,,commercial,seo,False,False
what is ai powered seo,ai seo,10,0,0,LOW,,informational,seo,False,True
ai detector small seo,ai seo,10,,0,LOW,,commercial,seo,False,False
programmatic seo with ai,ai seo,10,,0,,,commercial,seo,False,False
ai changing seo strategies,ai seo,10,,0,,,commercial,seo,False,False
how to do seo for ai,ai seo,10,3,0,LOW,,informational,seo,False,True
what is the equivalent of seo for ai,ai seo,10,0,0,LOW,,informational,seo,False,True
youtube seo with ai,ai seo,10,,0,,,commercial,seo,False,False
seo ai ranking,ai seo,10,,0,HIGH,,commercial,seo,False,False
seo writing tool ai,ai seo,10,,0,,,commercial,seo,False,False
seo geo ai,ai seo,10,,4.63,MEDIUM,,informational,ai_seo,False,False
surfer seo ai writer,ai seo,10,,1.22,LOW,,commercial,seo,False,False
ai seo tools for marketing agencies,ai seo,10,,0,,,commercial,ai_seo,False,False
seo writing ai affiliate program,ai seo,10,,0,MEDIUM,,commercial,seo,False,False
is seo ai free,ai seo,10,0,0,LOW,,informational,seo,False,True
seo analysis ai tool,ai seo,10,,1.05,MEDIUM,,commercial,seo,False,False
seo ai bot,ai seo,10,,2.02,MEDIUM,,informational,seo,False,False
leveraging generative ai advanced seo,ai seo,10,,0,LOW,,commercial,seo,False,False
ai search vs seo,ai seo,10,,0,LOW,,informational,ai_seo,False,False
ai seo pdf,ai seo,10,,0,LOW,,informational,ai_seo,False,False
seo ai news,ai seo,10,,0,LOW,,informational,seo,False,False
ai content impact on seo,ai seo,10,,0,LOW,,commercial,seo,False,False
jasper ai can integrate with which seo tool,ai seo,10,,0,LOW,,commercial,seo,False,False
seo ai title generator,ai seo,10,,0,LOW,,commercial,seo,False,False
ai seo success lab,ai seo,10,,0.23,LOW,,commercial,ai_seo,False,False
can we use ai content for seo,ai seo,10,0,0,LOW,,informational,seo,False,True
seo writing ai group buy,ai seo,10,,0,,,commercial,seo,False,False
ai ranking seo,ai seo,10,,0,MEDIUM,,informational,seo,False,False
ai powered search and seo,ai seo,10,,12.59,LOW,,commercial,seo,False,False
ai seo article,ai seo,10,,0,LOW,,informational,ai_seo,False,False
seo core ai plugin,ai seo,10,,0,,,commercial,seo,False,False
seo ai keyword tool,ai seo,10,,0,LOW,,commercial,seo,False,False
rank seo ai,ai seo,10,,11.72,LOW,,informational,seo,False,False
ai seo semrush,ai seo,10,,1.33,LOW,,informational,ai_seo,False,False
alli ai seo review,ai seo,10,,0,,,commercial,ai_seo,False,False
seo ai content detector,ai seo,10,,0,LOW,,commercial,seo,False,False
ai overviews seo discoverability,ai seo,10,,0,,,commercial,seo,False,False
does ai generated content hurt seo,ai seo,10,,0,,,informational,seo,False,True
impact of ai on seo,ai seo,10,,0,LOW,,commercial,seo,False,False
ai on page seo,ai seo,10,,0,MEDIUM,,commercial,seo,False,False
ai seo articles,ai seo,10,,0,LOW,,commercial,ai_seo,False,False
ai seo audit free,ai seo,10,,0.47,MEDIUM,,informational,ai_seo,False,False
best seo ai writer,ai seo,10,,0,MEDIUM,,commercial,seo,True,False
is ai written content bad for seo,ai seo,10,,0,LOW,,informational,seo,False,True
google ai overview seo impact,ai seo,10,,0,,,commercial,seo,False,False
style ai seo,ai seo,10,,0,,,informational,ai_seo,False,False
shopify seo ai,ai seo,10,,0,LOW,,commercial,ecommerce,False,False
seo and ai overview,ai seo,10,,0,,,commercial,seo,False,False
ai impact on local seo,ai seo,10,,0,,,commercial,seo,False,False
seo ai audit,ai seo,10,,0.99,MEDIUM,,commercial,seo,False,False
will ai replace seo specialists,ai seo,10,,0,,,commercial,seo,False,False
does ai seo work,ai seo,10,,0,,,informational,ai_seo,False,True
what is the future of seo with ai,ai seo,10,,0,,,informational,seo,False,True
seo content writer ai copy editor,ai seo,10,,0,,,commercial,seo,False,False
ranked ai seo,ai seo,10,,0,LOW,,commercial,ai_seo,False,False
seo youtube ai,ai seo,10,,1.15,HIGH,,commercial,seo,False,False
can ai do seo optimization,ai seo,10,,0,MEDIUM,,informational,seo,False,True
seo content writing with ai,ai seo,10,,5.29,MEDIUM,,commercial,seo,False,False
wp seo ai oy,ai seo,10,,0,,,commercial,seo,False,False
seo copywriting ai,ai seo,10,,0,LOW,,commercial,seo,False,False
seo writing ai pricing,ai seo,10,,7.86,LOW,,commercial,seo,False,False
ai seo mastery with caleb ulku,ai seo,10,,0.47,LOW,,commercial,ai_seo,False,False
ai seo product description generator,ai seo,10,,0,,,navigational,ai_seo,False,False
ai seo report generator,ai seo,10,,0.9,MEDIUM,,commercial,ai_seo,False,False
ai agent for seo optimization,ai seo,10,,2.11,HIGH,,commercial,ai_agents,False,False
seo for ai results,ai seo,10,,0,,,commercial,seo,False,False
will ai take over seo,ai seo,10,,0,LOW,,informational,seo,False,False
seo in the world of ai,ai seo,10,,0,,,informational,seo,False,False
ai writing for seo,ai seo,10,,0,,26,commercial,seo,False,False
using ai for seo efficiency,ai seo,10,,0,,,commercial,seo,False,False
ai impact seo measurement,ai seo,10,,0,LOW,,commercial,seo,False,False
ai tools for seo content writing,ai seo,10,,0.87,MEDIUM,,commercial,seo,False,False
youtube seo ai free,ai seo,10,,1.39,MEDIUM,,commercial,seo,False,False
will ai replace seo jobs,ai seo,10,,0,LOW,,informational,seo,False,False
role of ai in seo,ai seo,10,,0,LOW,,commercial,seo,False,False
technical seo and ai search essentials with semrush,ai seo,10,,0,LOW,,commercial,ai_seo,False,False
how to ai seo,ai seo,10,,0,MEDIUM,,informational,ai_seo,False,True
seo services ai,ai seo,10,,0,LOW,19,commercial,seo,False,False
surfer seo ai checker,ai seo,10,,0,LOW,,commercial,seo,False,False
ai seo content writing free,ai seo,10,,0,,,commercial,ai_seo,False,False
ai for seo content writing,ai seo,10,,0,MEDIUM,,commercial,seo,False,False
how will seo change with ai,ai seo,10,,0,,,informational,seo,False,True
seo ai images,ai seo,10,,0,LOW,,informational,seo,False,False
ai seo meta description,ai seo,10,,0,,,commercial,ai_seo,False,False
ai seo strategies 2025,ai seo,10,,0,,,commercial,ai_seo,False,False
ai local seo,ai seo,10,,0.23,LOW,,commercial,seo,False,False
generative ai seo software,ai seo,10,,0,LOW,,commercial,ai_seo,False,False
ai in seo 2024,ai seo,10,,0,,,informational,seo,False,False
google ai mode and seo,ai seo,10,,0,,,informational,seo,False,False
seo impact ai search results,ai seo,10,,0,,,commercial,ai_seo,False,False
how to do seo with ai,ai seo,10,,1.14,HIGH,,informational,seo,False,True
how to use seo writing ai for free,ai seo,10,,0,,,informational,seo,False,True
will ai replace seo professionals,ai seo,10,,0,,,commercial,seo,False,False
ai generated content for seo,ai seo,10,,0,LOW,,commercial,seo,False,False
ai seo optimizer,ai seo,10,,1.1,MEDIUM,41,commercial,ai_seo,False,False
google seo ai tool,ai seo,10,,1.61,MEDIUM,,informational,seo,False,False
how to use ai to improve seo,ai seo,10,,0,MEDIUM,,informational,seo,False,True
seo optimization for ai search,ai seo,10,,0.34,HIGH,,commercial,ai_seo,False,False
free ai seo optimization,ai seo,10,,0.21,MEDIUM,,commercial,ai_seo,False,False
google ai impact on seo,ai seo,10,,0,,,commercial,seo,False,False
seo vs ai search optimization,ai seo,10,,0,LOW,,commercial,ai_seo,False,False
ai for seo course,ai seo,10,,0,LOW,,commercial,seo,False,False
is ai taking over seo,ai seo,10,,0,LOW,,informational,seo,False,True
ai seo workshop,ai seo,10,,0.58,HIGH,,informational,ai_seo,False,False
ai checker seo tools,ai seo,10,,0,LOW,,commercial,seo,False,False
ai seo trends webinar,ai seo,10,,0,,,informational,ai_seo,False,False
ai-powered seo optimization,ai seo,10,,0.78,LOW,,commercial,seo,False,False
improve seo with ai,ai seo,10,,0,,,commercial,seo,False,False
best ai for website seo,ai seo,10,,1.19,HIGH,,commercial,seo,True,False
ai in seo strategies,ai seo,10,,0,,,commercial,seo,False,False
best ai seo plugin for wordpress,ai seo,10,,0,LOW,,commercial,ai_seo,True,False
seo article writing ai,ai seo,10,,0,MEDIUM,,commercial,seo,False,False
best seo ai agent,ai seo,10,,0,MEDIUM,,commercial,ai_agents,True,False
free youtube seo ai,ai seo,10,,0.04,LOW,,commercial,seo,False,False
etsy seo ai tool,ai seo,10,,0,,,navigational,seo,False,False
yoast seo ai,ai seo,10,,1.64,LOW,,informational,seo,False,False
ai website seo checker,ai seo,10,,0.47,HIGH,,commercial,seo,False,False
can ai do seo,ai seo,10,,0.6,LOW,,informational,seo,False,True
seo ai ri,ai seo,10,,0,,,informational,seo,False,False
best ai tool for seo writing,ai seo,10,,0,MEDIUM,,commercial,seo,True,False
application of ai in seo,ai seo,10,,0,,,commercial,seo,False,False
how will ai change seo,ai seo,10,,0,,,informational,seo,False,True
ai seo academy,ai seo,10,,0,,,navigational,ai_seo,False,False
seo magnifier ai paragraph rewriter,ai seo,10,,0,LOW,,commercial,seo,False,False
chatgpt for creatives ai powered seo marketing & productivity,ai seo,10,,0,,,commercial,seo,False,False
ai technical seo,ai seo,10,,0,LOW,,commercial,seo,False,False
yoast seo premium ai,ai seo,10,,0,,,commercial,seo,False,False
seo description ai,ai seo,10,,0,,,commercial,seo,False,False
seo expert ai,ai seo,10,,0,HIGH,,commercial,seo,False,False
how to do seo for ai search,ai seo,10,,1.59,MEDIUM,,informational,ai_seo,False,True
ai overviews seo content marketing roi,ai seo,10,,0,,,commercial,seo,False,False
otto seo ai,ai seo,10,,1.56,MEDIUM,,informational,seo,False,False
bard ai seo,ai seo,10,,0,,,informational,ai_seo,False,False
seo optimization ai tools,ai seo,10,,0.92,HIGH,,commercial,seo,False,False
ai seo startup,ai seo,10,,0,LOW,,commercial,ai_seo,False,False
ai seo manager,ai seo,10,,2.01,MEDIUM,,informational,ai_seo,False,False
ai seo website analysis,ai seo,10,,0,,,commercial,ai_seo,False,False
ai seo for youtube,ai seo,10,,0,LOW,,commercial,ai_seo,False,False
best ai for seo reddit,ai seo,10,,0,,,commercial,seo,True,False
etsy seo ai,ai seo,10,,0,,,navigational,seo,False,False
google seo ai generated content,ai seo,10,,0,LOW,,informational,seo,False,False
small seo tools ai content detector,ai seo,10,,0,LOW,,commercial,seo,False,False
seo writing ai tools,ai seo,10,,0.18,MEDIUM,,commercial,seo,False,False
ai for seo analysis,ai seo,10,,0,,,commercial,seo,False,False
ai and seo 2025,ai seo,10,,0,,,commercial,seo,False,False
ai seo copywriting,ai seo,10,,0,LOW,,commercial,ai_seo,False,False
ai for youtube seo,ai seo,10,,0,LOW,,commercial,seo,False,False
seo content ai tool,ai seo,10,,1.64,HIGH,,commercial,seo,False,False
largest ai seo case study,ai seo,10,,0,LOW,,commercial,ai_seo,False,False
ai search impact on seo,ai seo,10,,0,,,commercial,ai_seo,False,False
best free ai seo tools,ai seo,10,,0,LOW,,commercial,ai_seo,True,False
seo google ai,ai seo,10,,0,LOW,,commercial,seo,False,False
best seo ai tools free,ai seo,10,,2.56,MEDIUM,,commercial,seo,True,False
seo course 2025 complete ai seo masterclass,ai seo,10,,0,,,informational,ai_seo,False,False
harbor ai seo,ai seo,10,,0,,,navigational,ai_seo,False,False
seo analysis ai,ai seo,10,,0.54,MEDIUM,,commercial,seo,False,False
seo ai free ai content detector,ai seo,10,,0,LOW,,commercial,seo,False,False
generative ai seo tools,ai seo,10,,0.99,LOW,,commercial,ai_seo,False,False
seo and ai course,ai seo,10,,0,MEDIUM,,commercial,seo,False,False
seo writing ai com,ai seo,10,,0,,,commercial,seo,False,False
kazan seo ai detector,ai seo,10,,0,,,navigational,seo,False,False
ai automated seo,ai seo,10,,5,HIGH,,commercial,seo,False,False
ai for seo wordpress,ai seo,10,,0,,,commercial,seo,False,False
does ai content affect seo,ai seo,10,,0,LOW,,informational,seo,False,True
best ai content writer for seo,ai seo,10,,0.58,HIGH,,commercial,seo,True,False
seo ai-generated content,ai seo,10,,0,,,commercial,seo,False,False
ai seo for wordpress,ai seo,10,,0.4,MEDIUM,,commercial,ai_seo,False,False
seo analyzer ai,ai seo,10,,1.04,HIGH,,commercial,seo,False,False
ai vs seo relevance,ai seo,10,,0,,,commercial,seo,False,False
seo ai agent n8n,ai seo,10,,0,MEDIUM,,navigational,ai_agents,False,False
jasper ai for seo,ai seo,10,,0,LOW,,commercial,seo,False,False
does ai written content affect seo,ai seo,10,,0,,,informational,seo,False,True
ai content seo google,ai seo,10,,0,,,commercial,seo,False,False
conversion ai seo,ai seo,10,,0,,,commercial,ai_seo,False,False
free seo writing ai,ai seo,10,,0,LOW,,commercial,seo,False,False
seo studio ai free,ai seo,10,,0,,,commercial,seo,False,False
free ai seo content generator,ai seo,10,,0,HIGH,,commercial,ai_seo,False,False
ai content and seo,ai seo,10,,0,LOW,,commercial,seo,False,False
seo ai affiliate program,ai seo,10,,0,LOW,,commercial,seo,False,False
undetectable ai seo writer,ai seo,10,,0,,,commercial,ai_seo,False,False
ai for seo writing,ai seo,10,,0.13,LOW,26,commercial,seo,False,False
kiva ai seo agent,ai seo,10,,0,LOW,,commercial,ai_seo,False,False
seo in age of ai,ai seo,10,,0,,,informational,seo,False,False
seo and ai 2025,ai seo,10,,0,,,informational,seo,False,False
how will ai impact seo,ai seo,10,,0,,,informational,seo,False,True
seo title generator ai,ai seo,10,,0,,,commercial,seo,False,False
future of seo after ai,ai seo,10,,0,,,commercial,seo,False,False
ai seo course 2025,ai seo,10,,0,,,informational,ai_seo,False,False
google ai content seo,ai seo,10,,0,LOW,,commercial,seo,False,False
ai programmatic seo,ai seo,10,,3.98,MEDIUM,,commercial,seo,False,False
seo keyword ai,ai seo,10,,0.99,MEDIUM,,commercial,seo,False,False
ai seo text,ai seo,10,,0,,,informational,ai_seo,False,False
ai seo content generator free,ai seo,10,,0,,,commercial,ai_seo,False,False
seo ai article writer,ai seo,10,,0,,,commercial,seo,False,False
parasite ai seo,ai seo,10,,0,,,informational,ai_seo,False,False
youtube ai seo,ai seo,10,,0,MEDIUM,,informational,ai_seo,False,False
seo ai content writer,ai seo,10,,0.08,MEDIUM,,commercial,seo,False,False
best ai seo tools 2025,ai seo,10,,0,LOW,,commercial,ai_seo,True,False
ai seo geo aeo,ai seo,10,,0,LOW,,informational,ai_seo,False,False
ai seo writing,ai seo,10,,0.28,MEDIUM,26,commercial,ai_seo,False,False
rank math seo ai,ai seo,10,,0,,,informational,seo,False,False
using ai as your seo assistant,ai seo,10,,0,,,informational,seo,False,False
ai seo keyword research,ai seo,10,,0,MEDIUM,,commercial,ai_seo,False,False
bulk ai seo audit,ai seo,10,,0,HIGH,,transactional,ai_seo,False,False
generative ai platform for content creation seo and ai chatbots,ai seo,10,,0,,,commercial,seo,False,False
ai seo link building,ai seo,10,,0.55,MEDIUM,,commercial,ai_seo,False,False
google ai update seo,ai seo,10,,0,LOW,,informational,seo,False,False
ctrify ai seo tool,ai seo,10,,0,,,commercial,ai_seo,False,False
surfer seo ai logo,ai seo,10,,0,LOW,,navigational,seo,False,False
seo 3 ai,ai seo,10,,0,,,informational,seo,False,False
ecommerce ai seo,ai seo,10,,0,LOW,,commercial,ai_seo,False,False
is seo replaced by ai,ai seo,10,,0,LOW,,informational,seo,False,True
ai seo llm optimization,ai seo,10,,1.03,LOW,,commercial,ai_seo,False,False
surfer seo ai humanizer free,ai seo,10,,0,,,commercial,seo,False,False
ranking ai seo,ai seo,10,,0,LOW,,commercial,ai_seo,False,False
nightowl ai seo agent,ai seo,10,,0,LOW,,transactional,ai_seo,False,False
auto seo ai free,ai seo,10,,0.52,HIGH,,informational,seo,False,False
seo blog post ai,ai seo,10,,0,,,commercial,seo,False,False
wordlift ai seo agent,ai seo,10,,6.6,LOW,,transactional,ai_seo,False,False
surfer ai seo,ai seo,10,,0,LOW,,commercial,ai_seo,False,False
seo ai tools for youtube,ai seo,10,,0.54,MEDIUM,,commercial,seo,False,False
ai seo in 2025,ai seo,10,,0,,,informational,ai_seo,False,False
which ai is best for seo,ai seo,10,,16.03,MEDIUM,,commercial,seo,True,True
seo meta description ai,ai seo,10,,0,LOW,,commercial,seo,False,False
ai mode and seo,ai seo,10,,0,MEDIUM,,commercial,seo,False,False
ai seo website builder,ai seo,10,,7.19,MEDIUM,,commercial,ai_seo,False,False
seona seo ai,ai seo,10,,0,LOW,,informational,seo,False,False
ai and machine learning in seo,ai seo,10,,0,,,commercial,seo,False,False
seo for ai what is it called,ai seo,10,,0,LOW,,informational,seo,False,False
search atlas ai seo software,ai seo,10,,1.15,MEDIUM,,commercial,ai_seo,False,False
is seo ai accurate,ai seo,10,,0,,,informational,seo,False,True
seo blog writer ai,ai seo,10,,0,MEDIUM,,commercial,seo,False,False
ai optimisation seo,ai seo,10,,10.95,MEDIUM,,commercial,seo,False,False
ai checker seo,ai seo,10,,0,LOW,,commercial,seo,False,False
how does ai seo work,ai seo,10,,0,LOW,,informational,ai_seo,False,True
best free ai for seo,ai seo,10,,0,LOW,,commercial,seo,True,False
ai website seo,ai seo,10,,0,,,commercial,seo,False,False
can i use ai for seo,ai seo,10,,0,,,informational,seo,False,True
ez ai seo optimizer,ai seo,10,,0,LOW,,informational,ai_seo,False,False
seo optimization with ai,ai seo,10,,0,HIGH,41,commercial,seo,False,False
ai tool for seo content writing,ai seo,10,,0.87,MEDIUM,,commercial,seo,False,False
ai seo writing tools,ai seo,10,,0,LOW,,commercial,ai_seo,False,False
seo ai writing tools,ai seo,10,,0,,,commercial,seo,False,False
auto seo with ai,ai seo,10,,2.33,HIGH,,commercial,seo,False,False
ai generated content and seo,ai seo,10,,0,LOW,,commercial,seo,False,False
ai for website seo,ai seo,10,,0,MEDIUM,,commercial,seo,False,False
seo ai optimization,ai seo,10,,14.12,MEDIUM,41,commercial,seo,False,False
seo vs ai optimization,ai seo,10,,0,LOW,,commercial,seo,False,False
ai seo description generator,ai seo,10,,0.88,LOW,,commercial,ai_seo,False,False
copy ai seo title generator,ai seo,10,,0,LOW,,informational,ai_seo,False,False
ai seo wordpress,ai seo,10,,0,LOW,,commercial,ai_seo,False,False
seo optimization ai tool,ai seo,10,,0.92,HIGH,,commercial,seo,False,False
ai seo app,ai seo,10,,1.3,MEDIUM,,commercial,ai_seo,False,False
ai seo webinar,ai seo,10,,0,MEDIUM,,informational,ai_seo,False,False
ai tools for seo free,ai seo,10,,0.32,MEDIUM,,commercial,seo,False,False
ai driven serp seo strategy,ai seo,10,,0,,,commercial,seo,False,False
what is seo ai,ai seo,10,,0,LOW,49,informational,seo,False,True
ai seo optimization free,ai seo,10,,0.7,HIGH,,commercial,ai_seo,False,False
how ai is changing seo,ai seo,10,,2.46,LOW,,informational,seo,False,True
harbor seo ai,ai seo,10,,7.27,LOW,,navigational,seo,False,False
seo copilot ai,ai seo,10,,25.48,LOW,,informational,seo,False,False
ai seo citations,ai seo,10,,0,LOW,,informational,ai_seo,False,False
seo i ai,ai seo,10,,0,,,informational,seo,False,False
best ai seo writer,ai seo,10,,0,HIGH,,commercial,ai_seo,True,False
the future of seo with ai,ai seo,10,,0,LOW,,commercial,seo,False,False
unified seo ppc strategy ai era,ai seo,10,,0,,,transactional,seo,False,False
ai keyword tool for seo research,ai seo,10,,1.42,HIGH,,commercial,seo,False,False
relevance of seo in ai era,ai seo,10,,0,LOW,,commercial,seo,False,False
best seo writing ai,ai seo,10,,0,LOW,,commercial,seo,True,False
local seo ai tool,ai seo,10,,0,LOW,,commercial,seo,False,False
ai seo training,ai seo,10,,0.85,MEDIUM,,commercial,ai_seo,False,False
ai plagiarism checker small seo tools,ai seo,10,,0,LOW,,commercial,seo,False,False
is ai bad for seo,ai seo,10,,0,LOW,,informational,seo,False,True
seo ai tutorial,ai seo,10,,0,,,commercial,seo,False,False
ai seo text generator free,ai seo,10,,0,,,commercial,ai_seo,False,False
ai parasite seo,ai seo,10,,0,LOW,,informational,seo,False,False
ai content writer seo,ai seo,10,,0,,,commercial,seo,False,False
google ai mode seo implications,ai seo,10,,0,,,commercial,seo,False,False
seo ai use,ai seo,10,,0,,,informational,seo,False,False
ai seo ai,ai seo,10,,2.51,MEDIUM,40,informational,ai_seo,False,False
ai powered seo course,ai seo,10,,0,,,commercial,seo,False,False
smart seo tools ai detector,ai seo,10,,0,LOW,,commercial,seo,False,False
seo ai promo code,ai seo,10,,0,LOW,,commercial,seo,False,False
using generative ai for seo,ai seo,10,,0,,,commercial,seo,False,False
seo generative ai,ai seo,10,,0,,,commercial,seo,False,False
medium ai seo,ai seo,10,,0,,,informational,ai_seo,False,False
ai seo genius,ai seo,10,,0,,,informational,ai_seo,False,False
seo article writer ai,ai seo,10,,0,MEDIUM,,commercial,seo,False,False
ai seo white label,ai seo,10,,0,,,commercial,ai_seo,False,False
surfer seo ai content humanizer,ai seo,10,,0,,,commercial,seo,False,False
write seo content ai,ai seo,10,,0.39,HIGH,,commercial,seo,False,False
https seo ai detector,ai seo,10,,0,,,commercial,seo,False,False
seo optimization using ai,ai seo,10,,1.02,LOW,,commercial,seo,False,False
ai seo tools hostinger,ai seo,10,,0,LOW,,commercial,ai_seo,False,False
seo core ai,ai seo,10,,0,,,informational,seo,False,False
seo ai logo,ai seo,10,,0,LOW,,informational,seo,False,False
ai is running my seo blog,ai seo,10,,0,,,informational,seo,False,False
how can ai improve seo,ai seo,10,,0,LOW,,informational,seo,False,True
neil patel seo ai,ai seo,10,,0,LOW,,informational,seo,False,False
searchable ai seo,ai seo,10,,4.56,LOW,,informational,ai_seo,False,False
best ai for seo content writing,ai seo,10,,0.65,MEDIUM,,commercial,seo,True,False
ai seo and geo,ai seo,10,,0,LOW,,informational,ai_seo,False,False
can ai replace seo jobs,ai seo,10,,0,LOW,,informational,seo,False,True
ai seo optimization course,ai seo,10,,0.46,MEDIUM,,commercial,ai_seo,False,False
ai seo optimisation,ai seo,10,,11.12,HIGH,,commercial,ai_seo,False,False
ai for local seo,ai seo,10,,1.24,HIGH,,commercial,seo,False,False
does ai content hurt seo,ai seo,10,,0,,,informational,seo,False,True
ai impact seo agencies,ai seo,10,,0,,,commercial,seo,False,False
what is the ai version of seo,ai seo,10,,0,LOW,,informational,seo,False,True
ai prompts for seo,ai seo,10,,0.96,LOW,,commercial,seo,False,False
seona ai seo reviews,ai seo,10,,0,,,informational,ai_seo,False,False
google seo ai detection,ai seo,10,,0,,,commercial,seo,False,False
seo ai ai detector,ai seo,10,,0,LOW,52,informational,seo,False,False
generative ai and seo,ai seo,10,,0,LOW,,commercial,seo,False,False
ai seo generator free,ai seo,10,,0,MEDIUM,,commercial,ai_seo,False,False
seo ai plugin,ai seo,10,,0,,,commercial,seo,False,False
ai seo malaysia,ai seo,10,,0,LOW,,commercial,ai_seo,False,False
hostinger ai seo tools,ai seo,10,,0,LOW,,commercial,ai_seo,False,False
seo ai automation,ai seo,10,,2.98,HIGH,,commercial,ai_agents,False,False
top seo ai,ai seo,10,,0.63,HIGH,,commercial,seo,True,False
seo score ai,ai seo,10,,0.7,MEDIUM,,commercial,seo,False,False
seo article generator ai,ai seo,10,,0,,,commercial,seo,False,False
ai content generator seo,ai seo,10,,0,,,commercial,seo,False,False
ai seo best practices,ai seo,10,,0.22,LOW,,commercial,ai_seo,True,False
ai tool for seo free,ai seo,10,,0.32,MEDIUM,,commercial,seo,False,False
seo on ai,ai seo,10,,0,MEDIUM,40,commercial,seo,False,False
seo assistant ai,ai seo,10,,0,,,commercial,seo,False,False
chatsonic seo ai agent,ai seo,10,,0,,,navigational,ai_agents,False,False
ai seo shopify,ai seo,10,,0,LOW,,commercial,ai_seo,False,False
ai seo bot,ai seo,10,,0,,,informational,ai_seo,False,False
ai seo youtube,ai seo,10,,0,LOW,,navigational,ai_seo,False,False
google search ai seo,ai seo,10,,0,,,commercial,ai_seo,False,False
ai tools in seo,ai seo,10,,0.54,MEDIUM,24,commercial,seo,False,False
seo ai seo,ai seo,10,,0,MEDIUM,40,informational,ai_seo,False,False
rank math seo with ai best seo tools,ai seo,10,,0,,,commercial,seo,True,False
seo keywords generator ai,ai seo,10,,0,,,commercial,seo,False,False
ai overviews and seo,ai seo,10,,0,,,commercial,seo,False,False
seo ai run,ai seo,10,,0,LOW,,informational,seo,False,False
google ai and seo,ai seo,10,,0,,,commercial,seo,False,False
seo text ai,ai seo,10,,0,,,informational,seo,False,False
ai automation for seo,ai seo,10,,1.31,HIGH,,commercial,ai_agents,False,False
automate seo with ai,ai seo,10,,1.41,MEDIUM,,transactional,seo,False,False
ai based seo services,ai seo,10,,0,LOW,,commercial,seo,False,False
ai on-page seo,ai seo,10,,0,MEDIUM,,commercial,seo,False,False
seo optimizer ai free,ai seo,10,,0,LOW,,commercial,seo,False,False
seo content strategy with ai,ai seo,10,,0,,,commercial,seo,False,False
ai powered seo software,ai seo,10,,0,LOW,,commercial,seo,False,False
seo content writing ai tools,ai seo,10,,1.47,HIGH,,commercial,seo,False,False
ai for seo reddit,ai seo,10,,0,LOW,,commercial,seo,False,False
seo for ai bots,ai seo,10,,0,,,informational,seo,False,False
ai seo masterclass,ai seo,10,,0.59,LOW,,commercial,ai_seo,False,False
google ai search seo,ai seo,10,,0,LOW,,commercial,ai_seo,False,False
is seo dying with ai,ai seo,10,,0,LOW,,informational,seo,False,True
ai seo tool wordpress,ai seo,10,,0,,,commercial,ai_seo,False,False
how ai can improve your seo,ai seo,10,,0,,,informational,seo,False,True
seo specialist skills ai era,ai seo,10,,0,,,commercial,seo,False,False
google seo and ai content,ai seo,10,,0,,,commercial,seo,False,False
skool ai seo,ai seo,10,,0,LOW,,navigational,ai_seo,False,False
seo maker ai,ai seo,10,,0,,,commercial,seo,False,False
otto ai seo,ai seo,10,,0,MEDIUM,,informational,ai_seo,False,False
super seo ai,ai seo,10,,0,,,commercial,seo,False,False
using ai in seo,ai seo,10,,0,,,commercial,seo,False,False
ai overviews ecommerce seo,ai seo,10,,0,,,informational,ecommerce,False,False
ai seo agency model disruption,ai seo,10,,0,,,commercial,ai_seo,False,False
free ai seo blog writer,ai seo,10,,0,LOW,,commercial,ai_seo,False,False
how can ai help seo,ai seo,10,,0,,,informational,seo,False,True
how ai affects seo,ai seo,10,,0,LOW,,informational,seo,False,True
seo mentor ai,ai seo,10,,0,,,commercial,seo,False,False
ai seo 2024,ai seo,10,,0,,,informational,ai_seo,False,False
seo content writer ai,ai seo,10,,1.61,MEDIUM,,commercial,seo,False,False
ai seo reddit,ai seo,10,,0,LOW,,commercial,ai_seo,False,False
ai overview in seo,ai seo,10,,0,LOW,,informational,seo,False,False
vercel ai seo,ai seo,10,,0,LOW,,navigational,ai_seo,False,False
generative ai for seo,ai seo,10,,0.55,LOW,,commercial,seo,False,False
ai driven search engine impact seo,ai seo,10,,0,LOW,,commercial,seo,False,False
seo ai meaning,ai seo,10,,0,LOW,,informational,seo,False,False
google seo ai content detection,ai seo,10,,0,LOW,,commercial,seo,False,False
using ai to write seo content,ai seo,10,,0,,,commercial,seo,False,False
ai for seo keyword research,ai seo,10,,3.09,MEDIUM,,commercial,seo,False,False
what is ai seo optimization,ai seo,10,,0,LOW,,informational,ai_seo,False,True
ai checker small seo tools,ai seo,10,,0,LOW,,commercial,seo,False,False
seo marketing ai,ai seo,10,,0,,,commercial,seo,False,False
ai first world seo skills,ai seo,10,,0,,,commercial,seo,False,False
google ai overviews seo ranking,ai seo,10,,0,,,informational,seo,False,False
small seo tools ai,ai seo,10,,1.16,LOW,,commercial,seo,False,False
ai seo images,ai seo,10,,0,LOW,,informational,ai_seo,False,False
how seo is changing with ai,ai seo,10,,0,MEDIUM,,informational,seo,False,True
rank math seo with ai seo tools,ai seo,10,,0,HIGH,,commercial,ai_seo,False,False
how ai will affect seo,ai seo,10,,0,,,informational,seo,False,True
seo and ai generated content,ai seo,10,,0,LOW,,commercial,seo,False,False
using ai for seo content,ai seo,10,,0,,,commercial,seo,False,False
ai seo pro,ai seo,10,,0,LOW,,informational,ai_seo,False,False
yazo ai seo writer,ai seo,10,,0,LOW,,informational,ai_seo,False,False
seo with ai full course,ai seo,10,,0,,,commercial,seo,False,False
seo articles ai,ai seo,10,,1.15,LOW,,commercial,seo,False,False
seo gpt ai,ai seo,10,,4.22,MEDIUM,,informational,seo,False,False
free seo ai writer,ai seo,10,,0,LOW,,commercial,seo,False,False
seo ai affiliate,ai seo,10,,0,,,commercial,seo,False,False
ai generated content seo,ai seo,10,,8.15,LOW,,commercial,seo,False,False
seo writing ai dashboard,ai seo,10,,0,,,commercial,seo,False,False
seo ai review,ai seo,10,,0,LOW,,commercial,seo,False,False
ai overview impact on seo,ai seo,10,,0,LOW,,commercial,seo,False,False
will ai kill seo,ai seo,10,,0,LOW,,informational,seo,False,False
seo ai for website,ai seo,10,,2.63,HIGH,,commercial,seo,False,False
ai seo research,ai seo,10,,0,LOW,,commercial,ai_seo,False,False
ai visibility seo,ai seo,10,,10.27,LOW,,informational,seo,False,False
is seo dead after ai,ai seo,10,,0,LOW,,informational,seo,False,True
best ai for writing seo content,ai seo,10,,0,LOW,,commercial,seo,True,False
google ai seo tool,ai seo,10,,0,LOW,,commercial,ai_seo,False,False
seo copy ai,ai seo,10,,0,,,commercial,seo,False,False
seo ai tools 2024,ai seo,10,,0,,,commercial,seo,False,False
reddit seo ai,ai seo,10,,0,LOW,,commercial,seo,False,False
harpa ai seo,ai seo,10,,0,,,informational,ai_seo,False,False
seo studio ai tools,ai seo,10,,0,,,commercial,seo,False,False
relevance ai seo,ai seo,10,,0,,,informational,ai_seo,False,False
yt seo ai,ai seo,10,,0,LOW,,informational,seo,False,False
seo ai content,ai seo,10,,0,LOW,,commercial,seo,False,False
ai seo udemy,ai seo,10,,0.26,LOW,,informational,ai_seo,False,False
seo through ai,ai seo,10,,5.69,HIGH,,commercial,seo,False,False
ai with seo,ai seo,10,,0.66,LOW,40,commercial,seo,False,False
ai seo google,ai seo,10,,0,LOW,,navigational,ai_seo,False,False
ai and geo seo trends,ai seo,10,,0,,,commercial,ai_seo,False,False
seo for ai term,ai seo,10,,0,,,commercial,seo,False,False
outranking ai seo content platform,ai seo,10,,0,,,commercial,ai_seo,False,False
seo ai tools reddit,ai seo,10,,0,,,commercial,seo,False,False
seo com's ai overview checker,ai seo,10,,0,LOW,,navigational,seo,False,False
seo replaced by ai,ai seo,10,,0,LOW,,commercial,seo,False,False
seo writing ai tool,ai seo,10,,0.18,MEDIUM,,commercial,seo,False,False
seo writing ai black friday,ai seo,10,,0,,,commercial,seo,False,False
is seo going to be replaced by ai,ai seo,10,,0,LOW,,informational,seo,False,True
ai writer for seo,ai seo,10,,0,,,commercial,seo,False,False
ai seo logo,ai seo,10,,0,LOW,,informational,ai_seo,False,False
seo for ai tools,ai seo,10,,1.99,MEDIUM,24,commercial,seo,False,False
is ai generated text bad for seo,ai seo,10,,0,LOW,,informational,seo,False,True
seo and ai content,ai seo,10,,0,,,commercial,seo,False,False
seo ai writer free,ai seo,10,,0,,,commercial,seo,False,False
free ai seo keyword research tool,ai seo,10,,0,LOW,,commercial,ai_seo,False,False
is ai generated content bad for seo,ai seo,10,,0,LOW,,informational,seo,False,True
will ai replace seo experts,ai seo,10,,0,LOW,,commercial,seo,False,False
ai seo vendor,ai seo,10,,0,HIGH,,navigational,ai_seo,False,False
ai for seo free,ai seo,10,,0.53,HIGH,,commercial,seo,False,False
ai replacing seo,ai seo,10,,0,,,transactional,seo,False,False
seo ai website,ai seo,10,,5.16,HIGH,,commercial,seo,False,False
seo ai chat,ai seo,10,,0,,,informational,seo,False,False
ai seo tools for small business,ai seo,10,,1.3,LOW,,commercial,ai_seo,False,False
will ai make seo obsolete,ai seo,10,,0,,,informational,seo,False,False
ai seo prompts,ai seo,10,,0,LOW,,informational,ai_seo,False,False
how to seo with ai,ai seo,10,,0,LOW,,informational,seo,False,True
parasite seo ai,ai seo,10,,0,,,informational,seo,False,False
ai for technical seo,ai seo,10,,0.35,LOW,,commercial,seo,False,False
is ai content good for seo,ai seo,10,,0,LOW,,informational,seo,True,True
writesonic seo ai agent,ai seo,10,,0,LOW,,commercial,ai_agents,False,False
is seo dead because of ai,ai seo,10,,0,LOW,,informational,seo,False,True
proven ai visibility from seo strategy to geo tactics,ai seo,10,,0,,,commercial,ai_seo,False,False
best ai seo software,ai seo,10,,0.91,LOW,,commercial,ai_seo,True,False
can ai do seo for my website,ai seo,10,,0,MEDIUM,,informational,seo,False,True
ai seo image,ai seo,10,,0,LOW,,informational,ai_seo,False,False
seo ai agent writesonic,ai seo,10,,0,,,navigational,ai_agents,False,False
seo ai pricing,ai seo,10,,0,,,commercial,seo,False,False
ai seo tools reddit,ai seo,10,,0,LOW,,commercial,ai_seo,False,False
ai seo content writing,ai seo,10,,0,LOW,,commercial,ai_seo,False,False
seo for ai name,ai seo,10,,0,LOW,,informational,seo,False,False
ai seo title generator,ai seo,10,,0.5,LOW,,commercial,ai_seo,False,False
llm ai seo,ai seo,10,,2.96,HIGH,,informational,ai_seo,False,False
seo ai name,ai seo,10,,0,LOW,,informational,seo,False,False
surfer seo free ai detector,ai seo,10,,0,,,commercial,seo,False,False
is ai killing seo,ai seo,10,,0,LOW,,informational,seo,False,True
ai tool for seo keywords,ai seo,10,,0,LOW,,commercial,seo,False,False
can ai replace seo,ai seo,10,,0,LOW,,informational,seo,False,True
seo for generative ai,ai seo,10,,1.47,LOW,,commercial,seo,False,False
ai writer seo,ai seo,10,,0,,,commercial,seo,False,False
seo writing ai 1 click blog post,ai seo,10,,0,,,informational,seo,False,False
mango seo ai,ai seo,10,,0,LOW,,informational,seo,False,False
ai friendly seo,ai seo,10,,0,MEDIUM,,informational,seo,False,False
open ai for seo,ai seo,10,,0,,,commercial,seo,False,False
jarvis ai seo,ai seo,10,,0,,,navigational,ai_seo,False,False
top seo ai tools,ai seo,10,,0.89,HIGH,,commercial,seo,True,False
how to use ai for seo optimization,ai seo,10,,0,LOW,,informational,seo,False,True
undetectable ai seo,ai seo,10,,0,,,informational,ai_seo,False,False
ai era seo kpis,ai seo,10,,0,,,informational,seo,False,False
seo article ai,ai seo,10,,1.15,LOW,,informational,seo,False,False
ai seo keywords,ai seo,10,,0.88,LOW,,commercial,ai_seo,False,False
ai seo trends,ai seo,10,,0,LOW,,informational,ai_seo,False,False
ai tool for seo analysis,ai seo,10,,0,,,commercial,seo,False,False
seo ai reddit,ai seo,10,,0,,,informational,seo,False,False
seo ai blog,ai seo,10,,0.89,LOW,,commercial,seo,False,False
ai semantic seo,ai seo,10,,0,,,informational,seo,False,False
ai overview google seo,ai seo,10,,0,LOW,,commercial,seo,False,False
seo writing assistant ai,ai seo,10,,0,,,commercial,seo,False,False
seo ai tools list,ai seo,10,,0,MEDIUM,,commercial,seo,False,False
ai for seo clickseo,ai seo,10,,0,,,commercial,seo,False,False
youtube seo ai tools,ai seo,10,,5.37,LOW,,commercial,seo,False,False
rank math seo content ai,ai seo,10,,0,,,commercial,seo,False,False
learn ai seo,ai seo,10,,1.57,MEDIUM,,informational,ai_seo,False,False
can ai write seo content,ai seo,10,,0,,,informational,seo,False,True
ai seo impact analysis carolyn shelby,ai seo,10,,0,,,commercial,ai_seo,False,False
jasper ai surfer seo,ai seo,10,,0,,,informational,seo,False,False
seo for ai models,ai seo,10,,0,LOW,,commercial,seo,False,False
3x seo traffic with ai,ai seo,10,,0,,,commercial,seo,False,False
seo by ai,ai seo,10,,1.57,HIGH,40,commercial,seo,False,False
best ai seo content writer,ai seo,10,,0,HIGH,,commercial,ai_seo,True,False
seo content writing ai,ai seo,10,,0.97,MEDIUM,,commercial,seo,False,False
is seo writing ai free,ai seo,10,,0,LOW,,informational,seo,False,True
ai assistance in seo,ai seo,10,,0,HIGH,,commercial,seo,False,False
seo website ai,ai seo,10,,0,,,commercial,seo,False,False
seo writing ai humanizer,ai seo,10,,0,,,commercial,seo,False,False
google ai update for seo,ai seo,10,,0,LOW,,commercial,seo,False,False
generative ai in seo,ai seo,10,,0,LOW,,commercial,seo,False,False
youtube seo ai tool,ai seo,10,,5.37,LOW,,commercial,seo,False,False
ai optimization vs seo,ai seo,10,,0,LOW,,commercial,seo,False,False
how ai is impacting seo,ai seo,10,,0,LOW,,informational,seo,False,True
seo ai generated content,ai seo,10,,0,,,commercial,seo,False,False
bing ai seo,ai seo,10,,0,,,informational,ai_seo,False,False
kazan seo ai content detector,ai seo,10,,0,,,commercial,seo,False,False
humanize ai seo,ai seo,10,,0,LOW,,informational,ai_seo,False,False
seo open ai,ai seo,10,,0,,,commercial,seo,False,False
ai and seo course,ai seo,10,,0,,,commercial,seo,False,False
seo and ai optimization,ai seo,10,,0.82,MEDIUM,,commercial,seo,False,False
best ai seo writing tools,ai seo,10,,0,HIGH,,commercial,ai_seo,True,False
seo ai api,ai seo,10,,0,,,informational,seo,False,False
copy ai seo,ai seo,10,,0,,,informational,ai_seo,False,False
youtube seo generator ai,ai seo,10,,0.61,MEDIUM,,commercial,seo,False,False
seo ai detector free,ai seo,10,,0,LOW,,informational,seo,False,False
how is ai changing seo,ai seo,10,,0,LOW,,informational,seo,False,True
seo ranking ai,ai seo,10,,1.17,MEDIUM,,commercial,seo,False,False
seo ai app,ai seo,10,,0,HIGH,,commercial,seo,False,False
google generative ai seo,ai seo,10,,0,LOW,,commercial,ai_seo,False,False
seo blog ai,ai seo,10,,0.71,HIGH,79,commercial,seo,False,False
what does ai mean for seo,ai seo,10,,0,,,informational,seo,False,True
ai seo article generator,ai seo,10,,0,,,informational,ai_seo,False,False
ai seo article writer,ai seo,10,,0,LOW,,commercial,ai_seo,False,False
free ai seo keyword generator,ai seo,10,,0,,,commercial,ai_seo,False,False
ai seo ranking,ai seo,10,,0.96,MEDIUM,,commercial,ai_seo,False,False
free ai website seo,ai seo,10,,0,,,commercial,seo,False,False
seo for google ai overviews,ai seo,10,,0,LOW,,commercial,seo,False,False
can seo be replaced by ai,ai seo,10,,0,LOW,,informational,seo,False,True
ai seo text generator,ai seo,10,,0,,,commercial,ai_seo,False,False
top ai tools for seo,ai seo,10,,1.08,MEDIUM,,commercial,seo,True,False
ai seo heist,ai seo,10,,0,,,informational,ai_seo,False,False
seo writing ai coupon,ai seo,10,,0,,,commercial,seo,False,False
ai seo website,ai seo,10,,1.05,MEDIUM,,commercial,ai_seo,False,False
can you use ai for seo,ai seo,10,,0,LOW,,informational,seo,False,True
seo surfer ai,ai seo,10,,0,,,commercial,seo,False,False
seo ai overview,ai seo,10,,0,LOW,,commercial,seo,False,False
seo ai model,ai seo,10,,0,MEDIUM,,informational,seo,False,False
seo optimisation ai,ai seo,10,,0.79,MEDIUM,,commercial,seo,False,False
seo ai writer,ai seo,10,,0.3,MEDIUM,,commercial,seo,False,False
all in one seo ai,ai seo,10,,0,,,commercial,seo,False,False
best ai for seo writing,ai seo,10,,0,HIGH,,commercial,seo,True,False
seo gen ai,ai seo,10,,0,,,informational,seo,False,False
seo ai youtube,ai seo,10,,0.01,LOW,,informational,seo,False,False
how to optimize seo for ai,ai seo,10,,0.98,HIGH,,informational,seo,False,True
ai software for seo,ai seo,10,,0,HIGH,,commercial,seo,False,False
ai agents in seo,ai seo,10,,0,LOW,13,commercial,ai_agents,False,False
seo and generative ai,ai seo,10,,0,,,commercial,seo,False,False
surfer seo ai detection,ai seo,10,,0,,,informational,seo,False,False
best free ai for seo optimization,ai seo,10,,0.96,MEDIUM,,commercial,seo,True,False
benefits of ai in seo,ai seo,10,,0,,,commercial,seo,False,False
wordpress seo ai plugin,ai seo,10,,0,,,commercial,seo,False,False
gemini ai seo,ai seo,10,,0,LOW,,informational,ai_seo,False,False
seo ai free tools,ai seo,10,,0,MEDIUM,,commercial,seo,False,False
ai to improve seo,ai seo,10,,0,,,commercial,seo,False,False
ai seo backlinks,ai seo,10,,0.34,HIGH,,commercial,ai_seo,False,False
programmatic seo ai,ai seo,10,,0,MEDIUM,,commercial,seo,False,False
ai search engine seo,ai seo,10,,1.28,MEDIUM,,commercial,ai_seo,False,False
seo after ai,ai seo,10,,0,LOW,,commercial,seo,False,False
ai seo ahrefs,ai seo,10,,0,LOW,,navigational,ai_seo,False,False
ai seo playbook,ai seo,10,,0,LOW,,commercial,ai_seo,False,False
does ai generated content affect seo,ai seo,10,,1.95,LOW,,informational,seo,False,True
ai in seo strategy,ai seo,10,,0,,,informational,seo,False,False
local seo with ai,ai seo,10,,0,,,commercial,seo,False,False
ai seo keyword research tool,ai seo,10,,0,MEDIUM,,commercial,ai_seo,False,False
which citation analysis service is best for ai seo,ai seo,10,,0,LOW,,commercial,ai_seo,True,True
generative ai seo optimization,ai seo,10,,0,LOW,,commercial,ai_seo,False,False
ai seo plugin wordpress,ai seo,10,,0,LOW,,commercial,ai_seo,False,False
ai seo analysis,ai seo,10,,0.56,HIGH,,commercial,ai_seo,False,False
neil patel ai seo,ai seo,10,,1.69,LOW,,informational,ai_seo,False,False
ai seo agency effective marketer,ai seo,10,,0,,,commercial,ai_seo,False,False
ai seo case study,ai seo,10,,0.85,LOW,,informational,ai_seo,False,False
ai overview and seo,ai seo,10,,0,,,commercial,seo,False,False
ai seo writing tool,ai seo,10,,0,LOW,,commercial,ai_seo,False,False
best ai prompts for seo,ai seo,10,,0,,,commercial,seo,True,False
seo ai assistant,ai seo,10,,0,,,commercial,seo,False,False
ai seo search,ai seo,10,,0,LOW,,commercial,ai_seo,False,False
ai content detector small seo,ai seo,10,,0,LOW,,commercial,seo,False,False
ai youtube seo,ai seo,10,,0,MEDIUM,,informational,seo,False,False
how ai will change seo,ai seo,10,,0,,,informational,seo,False,True
best ai for seo content,ai seo,10,,0,,,commercial,seo,True,False
seo ai for youtube,ai seo,10,,2.93,MEDIUM,,commercial,seo,False,False
style seo ai,ai seo,10,,0,,,commercial,seo,False,False
ai tools for website seo,ai seo,10,,0.82,HIGH,,commercial,seo,False,False
ai seo tutorial,ai seo,10,,0.72,LOW,,commercial,ai_seo,False,False
seo in ai world,ai seo,10,,0,LOW,,informational,seo,False,False
seo company ai,ai seo,10,,0,LOW,,commercial,seo,False,False
https seo ai,ai seo,10,,0,LOW,,navigational,seo,False,False
use of ai in seo,ai seo,10,,9.71,MEDIUM,,commercial,seo,False,False
how does ai impact seo,ai seo,10,,0,LOW,,informational,seo,False,True
ai killing seo,ai seo,10,,0,LOW,,informational,seo,False,False
ai seo tools 2025,ai seo,10,,0,,,informational,ai_seo,False,False
website seo ai,ai seo,10,,1.94,HIGH,,commercial,seo,False,False
seo keywords ai,ai seo,10,,0.99,MEDIUM,,commercial,seo,False,False
can ai help with seo,ai seo,10,,0,HIGH,,informational,seo,False,True
seo ai blog writer,ai seo,10,,0,LOW,,commercial,seo,False,False
ai tools for seo audit,ai seo,10,,1.35,MEDIUM,,commercial,seo,False,False
seo ai writer tool,ai seo,10,,0,,,commercial,seo,False,False
free ai for seo,ai seo,10,,0,LOW,,commercial,seo,False,False
perplexity ai for seo,ai seo,10,,0,LOW,,commercial,seo,False,False
best ai writer for seo,ai seo,10,,0,MEDIUM,,commercial,seo,True,False
ai search seo changes,ai seo,10,,0,,,informational,ai_seo,False,False
how ai impacts seo,ai seo,10,,0,,,informational,seo,False,True
how to build an seo ai agent,ai seo,10,,0,HIGH,,informational,ai_agents,False,True
free seo ai,ai seo,10,,0.42,LOW,,commercial,seo,False,False
seo for ai agents,ai seo,10,,0,MEDIUM,13,commercial,ai_agents,False,False
seo ai google,ai seo,10,,0,,,navigational,seo,False,False
wordpress seo ai driven search,ai seo,10,,0,HIGH,,commercial,seo,False,False
seo leads ai search strategy shifts,ai seo,10,,0,,,commercial,ai_seo,False,False
seo ai search,ai seo,10,,14.35,LOW,,commercial,ai_seo,False,False
ai for seo audit,ai seo,10,,0,,,commercial,seo,False,False
how to use ai seo to improve your website,ai seo,10,,1.01,MEDIUM,,informational,ai_seo,False,True
wordpress ai seo plugin,ai seo,10,,0.54,HIGH,,commercial,ai_seo,False,False
youtube video seo ai,ai seo,10,,0.77,LOW,,informational,seo,False,False
best ai writing tools for seo,ai seo,10,,0,,,commercial,seo,True,False
seo writing ai coupon code,ai seo,10,,0,LOW,,commercial,seo,False,False
free seo tools ai,ai seo,10,,1.46,MEDIUM,,commercial,seo,False,False
ai humanizer surfer seo,ai seo,10,,0,LOW,11,navigational,seo,False,False
rankmath seo ai,ai seo,10,,0,,,informational,seo,False,False
ai website builder with seo,ai seo,10,,0,LOW,,commercial,seo,False,False
how is ai affecting seo,ai seo,10,,0,MEDIUM,,informational,seo,False,True
seo guidelines google ai overviews,ai seo,10,,0,LOW,,informational,seo,False,False
ai reshape seo,ai seo,10,,0,LOW,,informational,seo,False,False
ai blog seo,ai seo,10,,0,LOW,79,commercial,seo,False,False
seo writing ai login,ai seo,10,,0,LOW,,navigational,seo,False,False
minimax 2.1 ai seo,ai seo,10,,0,,,transactional,ai_seo,False,False
ai mode seo,ai seo,10,,0,LOW,,informational,seo,False,False
seo core ai chatgpt plugin,ai seo,10,,0,,,commercial,seo,False,False
seo ai oy,ai seo,10,,0,,,informational,seo,False,False
ai seo helper,ai seo,10,,0,HIGH,,commercial,ai_seo,False,False
ai seo keyword generator,ai seo,10,,0.88,MEDIUM,,commercial,ai_seo,False,False
seo keyword research ai,ai seo,10,,1.67,MEDIUM,,commercial,seo,False,False
ai powered seo optimization,ai seo,10,,0.78,LOW,,commercial,seo,False,False
ai seo tips,ai seo,10,,1.71,LOW,,informational,ai_seo,False,False
surfer seo ai tracker,ai seo,10,,0,LOW,,navigational,seo,False,False
ai seo meme,ai seo,10,,0,LOW,,informational,ai_seo,False,False
ai writing seo,ai seo,10,,0,,26,commercial,seo,False,False
ai & seo,ai seo,10,,0,HIGH,40,informational,seo,False,False
ai seo full course,ai seo,10,,0.28,MEDIUM,,commercial,ai_seo,False,False
seo ai prompts,ai seo,10,,0,LOW,,informational,seo,False,False
seo keyword generator ai,ai seo,10,,0,MEDIUM,,commercial,seo,False,False
seo writing ai lifetime deal,ai seo,10,,0,,,commercial,seo,False,False
best ai tool for writing seo rich blog content,ai seo,10,,0.57,HIGH,,commercial,seo,True,False
technical seo for ai,ai seo,10,,0,LOW,,commercial,seo,False,False
youtube channel seo ai,ai seo,10,,0,,,commercial,seo,False,False
best seo writer ai,ai seo,10,,0,LOW,,commercial,seo,True,False
cluster ai seo,ai seo,10,,0,,,commercial,ai_seo,False,False
ai seo fundamentals,ai seo,10,,0,,,informational,ai_seo,False,False
seo optimized content writing ai,ai seo,10,,0.82,MEDIUM,,commercial,seo,False,False
wordpress ai seo,ai seo,10,,0,LOW,,commercial,ai_seo,False,False
ai for seo content,ai seo,10,,0,,,commercial,seo,False,False
technical seo ai,ai seo,10,,2.49,HIGH,,commercial,seo,False,False
seo for ai geo,ai seo,10,,0,MEDIUM,,informational,ai_seo,False,False
seo vs ai seo,ai seo,10,,0,LOW,,informational,ai_seo,False,False
seo title ai,ai seo,10,,0,,,commercial,seo,False,False
ai seo writer free,ai seo,10,,0,LOW,,commercial,ai_seo,False,False
ai for seo content creation,ai seo,10,,0,LOW,,commercial,seo,False,False
ai tools for youtube seo,ai seo,10,,0,LOW,,commercial,seo,False,False
ai seo assistant chrome extension,ai seo,10,,0,LOW,,commercial,ai_seo,False,False
ai seo aeo,ai seo,10,,0,LOW,,informational,ai_seo,False,False
how seo will change with ai,ai seo,10,,0,,,informational,seo,False,True
google seo ai content,ai seo,10,,0,LOW,,commercial,seo,False,False
how will ai affect seo,ai seo,10,,0,LOW,,informational,seo,False,True
alli ai for seo,ai seo,10,,0,,,commercial,seo,False,False
google ai seo update,ai seo,10,,0,LOW,,informational,ai_seo,False,False
how does ai affect seo,ai seo,10,,0,LOW,,informational,seo,False,True
google ai overview impact on seo,ai seo,10,,0,LOW,,informational,seo,False,False
free seo audit ai,ai seo,10,,0.4,HIGH,,commercial,seo,False,False
ai seo keyword generator free,ai seo,10,,0.38,MEDIUM,,commercial,ai_seo,False,False
seo for google ai,ai seo,10,,0,LOW,,informational,seo,False,False
which ai tool is best for seo content generation,ai seo,10,,3.81,MEDIUM,,commercial,seo,True,True
kiva ai seo,ai seo,10,,0,MEDIUM,,informational,ai_seo,False,False
ai for seo optimization free,ai seo,10,,1.03,LOW,,commercial,seo,False,False
ai assisted seo,ai seo,10,,0,LOW,,commercial,seo,False,False
is seo ai reliable,ai seo,10,,0,,,informational,seo,False,True
local seo ai,ai seo,10,,2.4,MEDIUM,,commercial,seo,False,False
seo ai reviews,ai seo,10,,0,LOW,,informational,seo,False,False
seo ai wordpress,ai seo,10,,0,,,commercial,seo,False,False
ai seo meta description generator,ai seo,10,,0,MEDIUM,,commercial,ai_seo,False,False
seo friendly content writing ai,ai seo,10,,0,,,commercial,seo,False,False
seo ai shopify,ai seo,10,,0,,,commercial,ecommerce,False,False
seo ai software,ai seo,10,,0,HIGH,,commercial,seo,False,False
seona ai powered seo,ai seo,10,,0,,,commercial,seo,False,False
seo ai generator free,ai seo,10,,0,,,commercial,seo,False,False
ai for seo keywords,ai seo,10,,8.14,HIGH,,commercial,seo,False,False
google ai for seo,ai seo,10,,5.28,LOW,,commercial,seo,False,False
website designing web design company in dubai,web design company,10,,0,LOW,,commercial,web_design,False,False
web design company in belapur,web design company,10,,0,,,commercial,web_design,False,False
web design company in jordan,web design company,10,,0,LOW,,commercial,web_design,False,False
web design company tirupati,web design company,10,,0,LOW,,navigational,web_design,False,False
aun digital web design company in dubai,web design company,10,,0,LOW,,commercial,web_design,False,False
web application design company,web design company,10,,0,,,commercial,other,False,False
best web design company chandigarh,web design company,10,,0,,65,commercial,web_design,True,False
start a web design company,web design company,10,,0,,,commercial,web_design,False,False
a web design company,web design company,10,,0,LOW,100,commercial,web_design,False,False
web design company in banaswadi,web design company,10,,0,,,commercial,web_design,False,False
web design company in kanyakumari,web design company,10,,0,LOW,,commercial,web_design,False,False
web design company in pollachi,web design company,10,,0,LOW,,commercial,web_design,False,False
web design and mobile app development company,web design company,10,,0,LOW,,commercial,web_design,False,False
web design company greece,web design company,10,,0,LOW,,commercial,web_design,False,False
freelance web design company,web design company,10,,0,LOW,,commercial,web_design,False,False
web design company for sale,web design company,10,,0,LOW,,transactional,web_design,False,False
web design company maryland,web design company,10,,0,,,commercial,web_design,False,False
best web design company in dhaka,web design company,10,,0,,,commercial,web_design,True,False
best custom web design company,web design company,10,,0,,,commercial,web_design,True,False
web design company boston,web design company,10,,0,LOW,,commercial,web_design,False,False
web design company in malleswaram,web design company,10,,0,HIGH,,commercial,web_design,False,False
web design company bay area,web design company,10,,0,,,commercial,web_design,False,False
web design company sacramento,web design company,10,,0,LOW,,commercial,web_design,False,False
web design company in ameerpet,web design company,10,,0.51,LOW,,navigational,web_design,False,False
web design and development company in bangladesh,web design company,10,,0,LOW,,commercial,web_design,False,False
web design and development company uk,web design company,10,,0,,,commercial,web_design,False,False
ecommerce web design company mumbai,web design company,10,,0,,,commercial,ecommerce,False,False
web design company portfolio,web design company,10,,0.34,LOW,,commercial,web_design,False,False
web design company in maryland,web design company,10,,0,HIGH,,commercial,web_design,False,False
dyi web design web design company in chennai,web design company,10,,0,LOW,,navigational,web_design,False,False
best web design company for small business,web design company,10,,0,LOW,,commercial,web_design,True,False
outsourcing web design company,web design company,10,,0,LOW,,commercial,web_design,False,False
web design company in utah,web design company,10,,6.19,HIGH,,commercial,web_design,False,False
web design company ri,web design company,10,,0,,,commercial,web_design,False,False
web design company manjeri,web design company,10,,0,,,commercial,web_design,False,False
web design company in marthandam,web design company,10,,0,LOW,,commercial,web_design,False,False
web design branding company,web design company,10,,0,HIGH,,commercial,web_design,False,False
web design company in dumdum,web design company,10,,0,,,navigational,web_design,False,False
web design company rockville,web design company,10,,0,,,commercial,web_design,False,False
web design company description,web design company,10,,0,,,commercial,web_design,False,False
korean web design company,web design company,10,,0,,,commercial,web_design,False,False
web design company in,web design company,10,,0,LOW,100,commercial,web_design,False,False
best web design company toronto,web design company,10,,0,,,commercial,web_design,True,False
web design company orlando fl,web design company,10,,0,LOW,,commercial,web_design,False,False
dallas web design company,web design company,10,,0,LOW,,commercial,web_design,False,False
web design company in electronic city,web design company,10,,0,LOW,,commercial,web_design,False,False
modern web design company,web design company,10,,0.63,HIGH,,commercial,web_design,False,False
web design company process,web design company,10,,0,LOW,,commercial,web_design,False,False
web design company boca raton,web design company,10,,0,,,navigational,web_design,False,False
web design and development company in delhi ncr,web design company,10,,0,,,commercial,web_design,False,False
web design and development company in rajkot,web design company,10,,0,LOW,,commercial,web_design,False,False
what does a web design company do,web design company,10,,0,,,informational,web_design,False,True
web design and development company singapore,web design company,10,,0,LOW,,commercial,web_design,False,False
award winning web design company,web design company,10,,0,,,commercial,web_design,False,False
web design company greenville sc,web design company,10,,0,,,commercial,web_design,False,False
creative web design company names,web design company,10,,0,,,commercial,web_design,False,False
web design outsourcing company,web design company,10,,0,LOW,,commercial,web_design,False,False
web design company netherlands,web design company,10,,0,,,commercial,web_design,False,False
web design company content,web design company,10,,0,,,commercial,web_design,False,False
web design services company in bangalore,web design company,10,,0,,,commercial,web_design,False,False
web design and hosting company,web design company,10,,1.17,MEDIUM,,commercial,web_design,False,False
web design company lahore,web design company,10,,0,,,commercial,web_design,False,False
web design company list in ahmedabad,web design company,10,,0,LOW,,commercial,web_design,False,False
ecommerce web design company dubai,web design company,10,,0,,,commercial,ecommerce,False,False
web design company why choose us,web design company,10,,0,LOW,,commercial,web_design,False,False
web design company in karachi,web design company,10,,0,,,commercial,web_design,False,False
top web design company in kochi,web design company,10,,0,LOW,100,commercial,web_design,True,False
3p web design company,web design company,10,,0,,,navigational,web_design,False,False
company profile web page design,web design company,10,,0,LOW,,navigational,other,False,False
top 10 web design company in usa,web design company,10,,0,,,commercial,web_design,True,False
web design company in tiruvannamalai,web design company,10,,0,LOW,,commercial,web_design,False,False
excite template web design and development company in pune photos,web design company,10,,0,,,navigational,web_design,False,False
web design company schaumburg il,web design company,10,,0,LOW,,commercial,web_design,False,False
professional web design company in delhi,web design company,10,,0,,,commercial,web_design,False,False
web design company chelmsford,web design company,10,,0,LOW,,commercial,web_design,False,False
web design company in chennai jobs,web design company,10,,0,,47,commercial,web_design,False,False
hire web design company,web design company,10,,0,,,commercial,web_design,False,False
top web design company in trivandrum,web design company,10,,0,LOW,,commercial,web_design,True,False
web design company in orissa,web design company,10,,0,LOW,,commercial,web_design,False,False
best web design company california,web design company,10,,0,LOW,,commercial,web_design,True,False
best web design company melbourne,web design company,10,,3.01,LOW,,commercial,web_design,True,False
web design company mauritius,web design company,10,,0,LOW,,commercial,web_design,False,False
company name ideas for web design,web design company,10,,0,LOW,44,commercial,web_design,False,False
leading web design company,web design company,10,,0,LOW,,commercial,web_design,True,False
web design company facebook page,web design company,10,,0,,,navigational,web_design,False,False
indianapolis web design company,web design company,10,,0,,,commercial,web_design,False,False
theme for web design company,web design company,10,,0,,,commercial,web_design,False,False
web design company long island,web design company,10,,0,,73,commercial,web_design,False,False
web design company in kolkata saltlake,web design company,10,,0,,,commercial,web_design,False,False
boston web design company,web design company,10,,5.7,LOW,,commercial,web_design,False,False
best web design company hong kong,web design company,10,,0,,,commercial,web_design,True,False
what is the best web design company,web design company,10,,0,HIGH,,commercial,web_design,True,True
web design company leicester,web design company,10,,0,,,commercial,web_design,False,False
web design company profile template,web design company,10,,0,,,navigational,web_design,False,False
swot analysis of web design company,web design company,10,,0,,,commercial,web_design,False,False
qa digital advertising web design company,web design company,10,,0,,,commercial,web_design,False,False
top web design company in nepal,web design company,10,,0,,,commercial,web_design,True,False
web design and development company in nashik,web design company,10,,0,,,commercial,web_design,False,False
web design company orlando,web design company,10,,0,MEDIUM,,commercial,web_design,False,False
best web design company australia,web design company,10,,1.52,HIGH,,commercial,web_design,True,False
best web design company sydney,web design company,10,,0,,,commercial,web_design,True,False
damsole best web design company manchar photos,web design company,10,,0,,,commercial,web_design,True,False
web development company logo design,web design company,10,,0,,,navigational,web_design,False,False
web design company in lagos,web design company,10,,0,,,commercial,web_design,False,False
web design company in belgium,web design company,10,,0,LOW,,commercial,web_design,False,False
best web design company in bahrain,web design company,10,,0,LOW,,commercial,web_design,True,False
web design company in derby,web design company,10,,0,LOW,,commercial,web_design,False,False
web design company philadelphia pa,web design company,10,,0,LOW,,commercial,web_design,False,False
web design company in madhyamgram,web design company,10,,0,LOW,,commercial,web_design,False,False
web design company reno,web design company,10,,0,,,commercial,web_design,False,False
best web design company in melbourne,web design company,10,,0,,,commercial,web_design,True,False
ecommerce web design company uk,web design company,10,,0,,,commercial,ecommerce,False,False
best seo web design company,web design company,10,,0,,,commercial,web_design,True,False
reliable web design company,web design company,10,,0,,,commercial,web_design,False,False
web design company markham,web design company,10,,0,,,commercial,web_design,False,False
web design company bristol,web design company,10,,0,LOW,,commercial,web_design,False,False
web design company denver,web design company,10,,0,LOW,,commercial,web_design,False,False
web design company indianapolis,web design company,10,,0,,,commercial,web_design,False,False
best web design company in nigeria,web design company,10,,0,,,commercial,web_design,True,False
web design company christchurch,web design company,10,,0,,,commercial,web_design,False,False
web design company in wellington,web design company,10,,1.58,LOW,,commercial,web_design,False,False
webcastle technologies web design company dubai ecommerce website development,web design company,10,,0,,,commercial,ecommerce,False,False
web design company in egmore,web design company,10,,0,LOW,,commercial,web_design,False,False
web design company in krishnagiri,web design company,10,,0,LOW,,commercial,web_design,False,False
kelowna web design company,web design company,10,,0,,,commercial,web_design,False,False
startup web design company,web design company,10,,0,HIGH,,commercial,web_design,False,False
web design company names list,web design company,10,,0,LOW,47,commercial,web_design,False,False
salt lake city web design company,web design company,10,,0,LOW,,commercial,web_design,False,False
free wordpress themes for web design company,web design company,10,,0,,,commercial,web_design,False,False
outsourced web design company,web design company,10,,0,LOW,,commercial,web_design,False,False
new web design company,web design company,10,,2.19,MEDIUM,,commercial,web_design,False,False
web design company reviews,web design company,10,,0,LOW,,commercial,web_design,False,False
about us web design company,web design company,10,,0,,65,commercial,web_design,False,False
web design company ambala,web design company,10,,0,LOW,47,navigational,web_design,False,False
web design company cape town,web design company,10,,1.46,HIGH,100,commercial,web_design,False,False
web design company in haryana,web design company,10,,0,LOW,46,commercial,web_design,False,False
web design company gwalior,web design company,10,,0,,,commercial,web_design,False,False
web design company in oregon,web design company,10,,0,,,commercial,web_design,False,False
contact web design company,web design company,10,,0,,,navigational,web_design,False,False
web design company in world,web design company,10,,0,,,commercial,web_design,False,False
web design company in amravati,web design company,10,,0,LOW,,commercial,web_design,False,False
web design company in chennai list,web design company,10,,2,HIGH,,navigational,web_design,False,False
web design company in sheffield,web design company,10,,0,LOW,,commercial,web_design,False,False
web design company manhattan,web design company,10,,0,,,commercial,web_design,False,False
web design company west palm beach,web design company,10,,0,LOW,,commercial,web_design,False,False
top 10 web design company in coimbatore,web design company,10,,0,LOW,,commercial,web_design,True,False
web design company in ghatkopar,web design company,10,,0,LOW,,commercial,web_design,False,False
web design company in borivali,web design company,10,,0,LOW,,commercial,web_design,False,False
web design company in cuddalore,web design company,10,,0,LOW,,commercial,web_design,False,False
web app design company,web design company,10,,0,,,commercial,other,False,False
web design company video,web design company,10,,0,,,commercial,web_design,False,False
logo ideas for web design company,web design company,10,,0,LOW,,commercial,web_design,False,False
web design company in jp nagar,web design company,10,,0,LOW,,commercial,web_design,False,False
responsive web design company in mumbai,web design company,10,,0,,,commercial,web_design,False,False
web design company tallahassee,web design company,10,,56.81,MEDIUM,,commercial,web_design,False,False
web design company nigeria,web design company,10,,0,,,commercial,web_design,False,False
web design company in t nagar,web design company,10,,0,LOW,,commercial,web_design,False,False
web design & development company india,web design company,10,,0,,,commercial,web_design,False,False
questions to ask web design company,web design company,10,,0,,,informational,web_design,False,False
web design company about us page content,web design company,10,,0,,,navigational,web_design,False,False
web design company ontario,web design company,10,,0,,,commercial,web_design,False,False
web design company in mumbai andheri,web design company,10,,0,,,commercial,web_design,False,False
web design company ohio,web design company,10,,0,LOW,,commercial,web_design,False,False
web design hosting company,web design company,10,,0,LOW,,commercial,web_design,False,False
web design company in east london,web design company,10,,0,,,commercial,web_design,False,False
web design media company,web design company,10,,0,,,commercial,web_design,False,False
graphic design and web development company,web design company,10,,0,,,commercial,web_design,False,False
top web design company singapore,web design company,10,,0,LOW,,commercial,web_design,True,False
orange dice solutions web design company in ajman,web design company,10,,0,LOW,,commercial,web_design,False,False
web design company croydon,web design company,10,,0,,,commercial,web_design,False,False
web design company china,web design company,10,,0.34,LOW,,commercial,web_design,False,False
ecommerce web design company services,web design company,10,,0,,,commercial,ecommerce,False,False
web design company images,web design company,10,,0,LOW,,commercial,web_design,False,False
creative web design company in chennai,web design company,10,,0,,,commercial,web_design,False,False
web design company wellington,web design company,10,,0,MEDIUM,,commercial,web_design,False,False
web design company geelong,web design company,10,,0,LOW,,commercial,web_design,False,False
web portal design company,web design company,10,,0,HIGH,,commercial,other,False,False
web design company tampa fl,web design company,10,,0,LOW,,commercial,web_design,False,False
web design company in dhaka,web design company,10,,0,,,commercial,web_design,False,False
law firm web design company,web design company,10,,0,,,commercial,web_design,False,False
how to choose the best web design company,web design company,10,,0,,,informational,web_design,True,True
web design company naperville il,web design company,10,,0,,,commercial,web_design,False,False
web design company content writing,web design company,10,,0,LOW,,commercial,web_design,False,False
web design company wordpress theme free,web design company,10,,0,,,commercial,web_design,False,False
small business web design company,web design company,10,,0,LOW,52,commercial,web_design,False,False
canada web design company,web design company,10,,2.67,LOW,62,commercial,web_design,False,False
bigcommerce web design company,web design company,10,,0,LOW,,commercial,web_design,False,False
web design and marketing company,web design company,10,,0.14,LOW,,commercial,web_design,False,False
best web design and development company in bangladesh,web design company,10,,0,LOW,,commercial,web_design,True,False
web design company panchkula,web design company,10,,0,,,navigational,web_design,False,False
web design company bahrain,web design company,10,,0,LOW,,commercial,web_design,False,False
web design company in surat varachha,web design company,10,,0,LOW,46,navigational,web_design,False,False
digital gravity web design development & digital marketing company,web design company,10,,0,,,commercial,web_design,False,False
wordpress theme web design company,web design company,10,,0,LOW,,commercial,web_design,False,False
siliguri web design company,web design company,10,,0,,21,navigational,web_design,False,False
web design company doha,web design company,10,,0,,37,commercial,web_design,False,False
list of web design company,web design company,10,,5.44,HIGH,,commercial,web_design,False,False
what is web design company,web design company,10,,0,LOW,,informational,web_design,False,True
web design company in egypt,web design company,10,,0,LOW,,commercial,web_design,False,False
landing page for web design company,web design company,10,,0,LOW,,navigational,web_design,False,False
miami web design company,web design company,10,,0,LOW,100,commercial,web_design,False,False
top web design company in london,web design company,10,,0,,,commercial,web_design,True,False
website design and web development company in surat cscodetech,web design company,10,,0,,,navigational,web_design,False,False
web design company landing page,web design company,10,,0,LOW,,navigational,web_design,False,False
web design company in ooty,web design company,10,,0,LOW,,commercial,web_design,False,False
web design company lexington,web design company,10,,0,,,commercial,web_design,False,False
web design company charlotte,web design company,10,,0,,,commercial,web_design,False,False
top web design company in california,web design company,10,,0,,,commercial,web_design,True,False
web design company html template,web design company,10,,0,LOW,,navigational,web_design,False,False
top web design company toronto,web design company,10,,0,,,commercial,web_design,True,False
getpromoted website designing company in gurgaon web design gurgaon,web design company,10,,0,,,commercial,web_design,False,False
best wordpress themes for web design company,web design company,10,,0,MEDIUM,,commercial,web_design,True,False
web design company inspiration,web design company,10,,0,LOW,,commercial,web_design,False,False
web design & development company in bangalore,web design company,10,,0,LOW,,commercial,web_design,False,False
best web design company in vizag,web design company,10,,0,LOW,,commercial,web_design,True,False
banner for web design company,web design company,10,,0,,52,commercial,web_design,False,False
web design company profile template free,web design company,10,,0,LOW,,navigational,web_design,False,False
web design company in kalyani,web design company,10,,0,LOW,,commercial,web_design,False,False
web design company in vadapalani,web design company,10,,0,MEDIUM,,commercial,web_design,False,False
web design company in las vegas,web design company,10,,0.03,LOW,,commercial,web_design,False,False
web design company canberra,web design company,10,,0,,,commercial,web_design,False,False
best law firm web design company,web design company,10,,0,LOW,,commercial,web_design,True,False
web design company in montreal,web design company,10,,0,LOW,,commercial,web_design,False,False
choosing a web design company,web design company,10,,0,,,commercial,web_design,False,False
web design company quotes,web design company,10,,0,,,commercial,web_design,False,False
web design company in mulund,web design company,10,,0.09,MEDIUM,,commercial,web_design,False,False
web design marketing company,web design company,10,,0.14,LOW,,commercial,web_design,False,False
leading web design company in chennai,web design company,10,,0,,,navigational,web_design,True,False
web and graphic design company,web design company,10,,0.52,MEDIUM,,commercial,other,False,False
low cost web design company in chennai,web design company,10,,0,LOW,,commercial,web_design,True,False
web design company cardiff,web design company,10,,0,LOW,,commercial,web_design,False,False
web design and development company in malaysia,web design company,10,,0,,,commercial,web_design,False,False
ct web design company,web design company,10,,0,LOW,,commercial,web_design,False,False
web design company jobs,web design company,10,,0,,,commercial,web_design,False,False
web design company website template themeforest,web design company,10,,0,,,navigational,web_design,False,False
web design company in viman nagar pune,web design company,10,,0,,,commercial,web_design,False,False
best web design company in surat,web design company,10,,0,LOW,54,commercial,web_design,True,False
web design company cork,web design company,10,,0,,,commercial,web_design,False,False
nextweb web design & app development company bangalore india,web design company,10,,0,,,navigational,web_design,False,False
dynamic web design company,web design company,10,,0,MEDIUM,,commercial,web_design,False,False
good names for a web design company,web design company,10,,0.6,MEDIUM,,commercial,web_design,True,False
web design company in maharashtra,web design company,10,,0,,96,commercial,web_design,False,False
web design company leeds,web design company,10,,0,,,commercial,web_design,False,False
best web design company in nepal,web design company,10,,0,,,commercial,web_design,True,False
best web design company bangladesh,web design company,10,,1.31,LOW,,commercial,web_design,True,False
web design company in himatnagar,web design company,10,,0,,,commercial,web_design,False,False
web design development company in chennai,web design company,10,,0,LOW,,commercial,web_design,False,False
web design company france,web design company,10,,0,LOW,,commercial,web_design,False,False
web design company name generator,web design company,10,,0.02,LOW,,commercial,web_design,False,False
good names for web design company,web design company,10,,0.6,MEDIUM,,commercial,web_design,True,False
best web design company houston,web design company,10,,0,,,commercial,web_design,True,False
web design company in kurnool,web design company,10,,0,,,navigational,web_design,False,False
jb soft system web design and development company in chennai,web design company,10,,0,,,navigational,web_design,False,False
web design company northampton,web design company,10,,0,,,commercial,web_design,False,False
web design company winnipeg,web design company,10,,0,,,commercial,web_design,False,False
star web india website design company application development,web design company,10,,0,LOW,,commercial,web_design,False,False
how to choose a web design company,web design company,10,,0,LOW,,informational,web_design,False,True
web design company milwaukee wi,web design company,10,,0,LOW,,commercial,web_design,False,False
technox technologies web design company in coimbatore,web design company,10,,0,LOW,,commercial,web_design,False,False
web design company in kalyan,web design company,10,,0,HIGH,,commercial,web_design,False,False
web design company in washington,web design company,10,,0,,,commercial,web_design,False,False
web design and development seo company,web design company,10,,0,LOW,,commercial,web_design,False,False
web design company in bihar,web design company,10,,0,LOW,,commercial,web_design,False,False
web design company dallas tx,web design company,10,,0,LOW,,commercial,web_design,False,False
which web design company uk,web design company,10,,0,,,commercial,web_design,False,True
smart solutions it web design & development company in patiala,web design company,10,,0,,,commercial,web_design,False,False
web design company name ideas,web design company,10,,0,LOW,44,commercial,web_design,False,False
web design company in barrackpore,web design company,10,,0.58,LOW,,navigational,web_design,False,False
tampa web design company,web design company,10,,0,LOW,,commercial,web_design,False,False
best web design company uk,web design company,10,,0,,,commercial,web_design,True,False
web design company in bharuch,web design company,10,,0,LOW,,commercial,web_design,False,False
sustainable web design company,web design company,10,,0,,,commercial,web_design,False,False
web design and development company in canada,web design company,10,,0,,,commercial,web_design,False,False
web design company seattle wa,web design company,10,,0,LOW,,commercial,web_design,False,False
web design company brooklyn,web design company,10,,0,,,commercial,web_design,False,False
web design company in navsari,web design company,10,,0,,,commercial,web_design,False,False
cranberry web design company,web design company,10,,0,,,navigational,web_design,False,False
web design company in pitampura,web design company,10,,0,HIGH,,commercial,web_design,False,False
top web design company in jaipur,web design company,10,,0,,,commercial,web_design,True,False
raleigh web design company,web design company,10,,0,,,commercial,web_design,False,False
web design company in jeddah,web design company,10,,0,LOW,,commercial,web_design,False,False
roofing company web design,web design company,10,,0,MEDIUM,,navigational,web_design,False,False
web design company name suggestions,web design company,10,,0,LOW,44,commercial,web_design,False,False
how to choose the right web design company,web design company,10,,0,,,informational,web_design,False,True
simple web design company,web design company,10,,0,,,commercial,web_design,False,False
web design company san jose,web design company,10,,4.14,MEDIUM,,commercial,web_design,False,False
web design company stoke on trent,web design company,10,,0,,,navigational,web_design,False,False
chennai based web design company,web design company,10,,0,,,commercial,web_design,False,False
best low cost web design company for small business,web design company,10,,0,,,commercial,web_design,True,False
web design company in nungambakkam,web design company,10,,0,LOW,,commercial,web_design,False,False
company profile design web,web design company,10,,1.07,HIGH,46,navigational,other,False,False
hvac web design company,web design company,10,,0,,,navigational,web_design,False,False
responsive web design company usa,web design company,10,,0,,,commercial,web_design,False,False
best web design for construction company,web design company,10,,0.49,MEDIUM,,commercial,web_design,True,False
web design company blogspot,web design company,10,,0,LOW,,commercial,web_design,False,False
web design and development company in australia,web design company,10,,0,MEDIUM,,commercial,web_design,False,False
vancouver web design company,web design company,10,,0,HIGH,67,commercial,web_design,False,False
web design company tagline,web design company,10,,0,LOW,,commercial,web_design,False,False
custom web application development company in bangalore,web development company,10,,0,LOW,,commercial,other,False,False
web development company malappuram,web development company,10,,0,LOW,,commercial,web_design,False,False
web development company san francisco,web development company,10,,0,,,commercial,web_design,False,False
web development company indianapolis,web development company,10,,0,,,commercial,web_design,False,False
web development company in karnataka,web development company,10,,0,LOW,47,commercial,web_design,False,False
list of web development company in delhi,web development company,10,,0,MEDIUM,,commercial,web_design,False,False
web development company san jose,web development company,10,,0,,,commercial,web_design,False,False
web development company canada list,web development company,10,,0,,,commercial,web_design,False,False
web development company visiting card,web development company,10,,0,HIGH,,navigational,web_design,False,False
web development company articles,web development company,10,,0,,,informational,web_design,False,False
web development company in rawalpindi,web development company,10,,0,,,commercial,web_design,False,False
best web development company in bhavnagar,web development company,10,,0,LOW,,commercial,web_design,True,False
concept infoway software web development company in ahmedabad india,web development company,10,,0,,,commercial,web_design,False,False
web development company careers,web development company,10,,0,,,commercial,web_design,False,False
web development company in estonia,web development company,10,,0,,,commercial,web_design,False,False
web development company advertisement,web development company,10,,0,LOW,47,commercial,web_design,False,False
progressive web app development company in india,web development company,10,,0,LOW,,commercial,other,False,False
list of web development company in ahmedabad,web development company,10,,0,,,commercial,web_design,False,False
best web development company in jalandhar,web development company,10,,0,LOW,,commercial,web_design,True,False
how to start a web development company,web development company,10,,0,LOW,52,informational,web_design,False,True
best web development company kochi,web development company,10,,0,LOW,,commercial,web_design,True,False
web development company in washington,web development company,10,,0,LOW,,commercial,web_design,False,False
good names for web development company,web development company,10,,0.23,MEDIUM,,commercial,web_design,True,False
web development company profile sample,web development company,10,,0,LOW,,navigational,web_design,False,False
dits remote custom software and web application development company photos,web development company,10,,0,,,commercial,other,False,False
organizational structure of web development company,web development company,10,,0,,,navigational,web_design,False,False
which is the best web development company,web development company,10,,0,LOW,,commercial,web_design,True,True
description for web development company,web development company,10,,0,LOW,,commercial,web_design,False,False
best slogan for web development company,web development company,10,,0,,,informational,web_design,True,False
landing page for web development company,web development company,10,,0,LOW,,navigational,web_design,False,False
how to start a web development company in india,web development company,10,,0,,62,informational,web_design,False,True
web development company ltd kolkata,web development company,10,,0,,,navigational,web_design,False,False
names for a web development company,web development company,10,,0,,,commercial,web_design,False,False
web development company in manchester,web development company,10,,0,,,commercial,web_design,False,False
best free wordpress theme for web development company,web development company,10,,0,,,commercial,web_design,True,False
web development company in perth,web development company,10,,3.67,LOW,,commercial,web_design,False,False
web development company charlotte,web development company,10,,0,,,commercial,web_design,False,False
web development company in ncr,web development company,10,,0,HIGH,,commercial,web_design,False,False
web development company in sonipat,web development company,10,,0.49,HIGH,,navigational,web_design,False,False
theme for web development company,web development company,10,,0.11,LOW,,navigational,web_design,False,False
zestgeek solutions web & mobile app development company,web development company,10,,0,LOW,,navigational,other,False,False
best web development company in philippines,web development company,10,,0,LOW,,commercial,web_design,True,False
content for web development company,web development company,10,,0,,,informational,web_design,False,False
web development company in chhattisgarh,web development company,10,,0,LOW,,commercial,web_design,False,False
how to register a web development company in india,web development company,10,,0,,,informational,web_design,False,True
web development company brochure,web development company,10,,0,LOW,,navigational,web_design,False,False
web application development company london,web development company,10,,0,HIGH,,commercial,other,False,False
best web development company in pakistan,web development company,10,,0,,,commercial,web_design,True,False
web development company usa list,web development company,10,,0,LOW,,commercial,web_design,False,False
web development company sites,web development company,10,,0.66,MEDIUM,100,informational,web_design,False,False
best web development company nashik,web development company,10,,0,,,commercial,web_design,True,False
php web development company in noida,web development company,10,,0,,,commercial,web_design,False,False
web development company aurangabad,web development company,10,,0,LOW,,commercial,web_design,False,False
software web development company india,web development company,10,,0,,,navigational,web_design,False,False
list of web development company in mumbai,web development company,10,,0,,,commercial,web_design,False,False
web development company in lagos,web development company,10,,0,,,commercial,web_design,False,False
marketing for web development company,web development company,10,,0,,,commercial,web_design,False,False
web development company limited kolkata,web development company,10,,0,,,navigational,web_design,False,False
web development company faq,web development company,10,,0,LOW,,informational,web_design,False,False
web app development company near me,web development company,10,,0,MEDIUM,,commercial,other,False,False
web development company in vancouver,web development company,10,,0,,,commercial,web_design,False,False
mbw web designing and development company,web development company,10,,0,LOW,,navigational,web_design,False,False
web development company in ankleshwar,web development company,10,,0,,,commercial,web_design,False,False
web development and web designing company,web development company,10,,0,,60,commercial,web_design,False,False
top web development company singapore,web development company,10,,0,,,commercial,web_design,True,False
web application development company in australia,web development company,10,,0,,,commercial,other,False,False
boston web development company,web development company,10,,0,LOW,,commercial,web_design,False,False
web portal development company in india,web development company,10,,0,LOW,,navigational,other,False,False
top web development company in australia,web development company,10,,0,LOW,,commercial,web_design,True,False
web application development company in kerala,web development company,10,,0,LOW,,commercial,other,False,False
best ecommerce web development company in india,web development company,10,,0,,,commercial,ecommerce,True,False
web development company for sale,web development company,10,,0,,,transactional,web_design,False,False
web development company poster,web development company,10,,0,LOW,,navigational,web_design,False,False
web development company china,web development company,10,,0.34,LOW,,commercial,web_design,False,False
free wordpress theme for web development company,web development company,10,,0,LOW,62,commercial,web_design,False,False
web development company in dhaka bangladesh,web development company,10,,0,,,commercial,web_design,False,False
best web development company in cochin,web development company,10,,0,LOW,,commercial,web_design,True,False
web development company about us content,web development company,10,,0,,,navigational,web_design,False,False
html theme for web development company,web development company,10,,0,,,navigational,web_design,False,False
free html templates for web development company,web development company,10,,0,LOW,,commercial,web_design,False,False
web development company in toronto canada,web development company,10,,3.06,HIGH,73,commercial,web_design,False,False
web development company estonia,web development company,10,,0,LOW,,commercial,web_design,False,False
web development company la,web development company,10,,0,HIGH,,commercial,web_design,False,False
web development company jodhpur,web development company,10,,0,LOW,30,navigational,web_design,False,False
web development consulting company,web development company,10,,0.68,HIGH,,commercial,web_design,False,False
php web development services company,web development company,10,,0,,,commercial,web_design,False,False
list of web development company in bangalore,web development company,10,,0,,,commercial,web_design,False,False
web development company in velachery,web development company,10,,0,HIGH,,commercial,web_design,False,False
taglines for web development company,web development company,10,,0,LOW,44,informational,web_design,False,False
web development company slogan,web development company,10,,0,LOW,,navigational,web_design,False,False
free wordpress themes for web development company,web development company,10,,0,LOW,62,commercial,web_design,False,False
review for web development company,web development company,10,,0,LOW,,commercial,web_design,False,False
free website templates for web development company,web development company,10,,0.97,MEDIUM,,commercial,web_design,False,False
web development company miami,web development company,10,,0,,,commercial,web_design,False,False
reliable web development company in india,web development company,10,,0,,,commercial,web_design,False,False
web development company in lebanon,web development company,10,,0,,,commercial,web_design,False,False
web development company in karachi,web development company,10,,0.12,LOW,,commercial,web_design,False,False
web development company list in bangladesh,web development company,10,,0,,,commercial,web_design,False,False
revintech web ios & android app development company in chennai,web development company,10,,0,,,navigational,other,False,False
web development company in chennai list,web development company,10,,1.23,LOW,,navigational,web_design,False,False
web development company south africa,web development company,10,,0,,50,commercial,web_design,False,False
web development company team,web development company,10,,0,,,commercial,web_design,False,False
xplore intellects pvt ltd web development company in coimbatore,web development company,10,,0,,,commercial,web_design,False,False
web development company in bhuj,web development company,10,,0,LOW,,commercial,web_design,False,False
top web development company in uae,web development company,10,,0,LOW,,commercial,web_design,True,False
web development company vancouver,web development company,10,,10.47,HIGH,,commercial,web_design,False,False
intcore web & mobile app development company,web development company,10,,0,,,navigational,other,False,False
template for web development company,web development company,10,,0.08,HIGH,56,navigational,web_design,False,False
web app development company services,web development company,10,,0,LOW,,commercial,other,False,False
codeigniter web development company in india,web development company,10,,0,LOW,,commercial,web_design,False,False
elsner technologies web and mobile development company ahmedabad,web development company,10,,0,LOW,,commercial,other,False,False
ideamagix web designing website & app development company,web development company,10,,0,,,navigational,web_design,False,False
python web development company india,web development company,10,,0,LOW,,navigational,web_design,False,False
professional web development company in india,web development company,10,,0,,,commercial,web_design,False,False
best web and mobile app development company,web development company,10,,1.96,HIGH,,commercial,other,True,False
web development company site,web development company,10,,0.66,MEDIUM,100,navigational,web_design,False,False
php web development company near me,web development company,10,,0,,,commercial,web_design,False,False
web development company cardiff,web development company,10,,0,,,commercial,web_design,False,False
the best web development company,web development company,10,,0,LOW,100,commercial,web_design,True,False
web designing and development company in navi mumbai,web development company,10,,0,LOW,,commercial,web_design,False,False
miami web development company,web development company,10,,0,LOW,,commercial,web_design,False,False
famous web development company,web development company,10,,0,,,informational,web_design,False,False
blazor web development company,web development company,10,,0,,,commercial,web_design,False,False
web development company website templates free download,web development company,10,,0,LOW,,navigational,web_design,False,False
web development company in munich,web development company,10,,0,,,commercial,web_design,False,False
web development company website template bootstrap,web development company,10,,0,,,navigational,web_design,False,False
construction company web development,web development company,10,,0,,,navigational,web_design,False,False
outsource ecommerce web development company,web development company,10,,0,LOW,,commercial,ecommerce,False,False
web development company in mohali chandigarh,web development company,10,,0,HIGH,47,commercial,web_design,False,False
web development company in junagadh,web development company,10,,0,LOW,,commercial,web_design,False,False
web development company in dumdum,web development company,10,,0,LOW,,navigational,web_design,False,False
web development company in chinchwad,web development company,10,,0,LOW,,commercial,web_design,False,False
web development company bd,web development company,10,,0,LOW,,commercial,web_design,False,False
web development company in arizona,web development company,10,,0,,,commercial,web_design,False,False
web development company in italy,web development company,10,,0,,,commercial,web_design,False,False
world best web development company,web development company,10,,0.85,LOW,100,commercial,web_design,True,False
best web development company rajkot,web development company,10,,0,,,commercial,web_design,True,False
web development company in burdwan,web development company,10,,0,,,commercial,web_design,False,False
web development company orlando,web development company,10,,4.82,HIGH,,commercial,web_design,False,False
web development company in whitefield bangalore,web development company,10,,0.7,MEDIUM,,commercial,web_design,False,False
questions to ask web development company,web development company,10,,0,,,informational,web_design,False,False
how to start your own web development company,web development company,10,,0,,,informational,web_design,False,True
web development company price list,web development company,10,,0,,,commercial,web_design,False,False
best tagline for web development company,web development company,10,,0,,,informational,web_design,True,False
marketing strategy for web development company,web development company,10,,0,LOW,,commercial,web_design,False,False
how web development company works,web development company,10,,0,,,informational,web_design,False,True
web development company in berlin,web development company,10,,6.68,LOW,,commercial,web_design,False,False
web development company directory,web development company,10,,0,HIGH,,informational,web_design,False,False
austin texas web development company,web development company,10,,0,,,commercial,web_design,False,False
top web and app development company in california,web development company,10,,0,,,commercial,other,True,False
saas web development company,web development company,10,,0,MEDIUM,,commercial,web_design,False,False
name ideas for web development company,web development company,10,,0,HIGH,,commercial,web_design,False,False
web designing and development company in chandigarh,web development company,10,,0,,47,commercial,web_design,False,False
web development company in islamabad,web development company,10,,0,,,commercial,web_design,False,False
web development company reviews,web development company,10,,0,LOW,,commercial,web_design,False,False
mern stack web development company,web development company,10,,0,LOW,,navigational,web_design,False,False
web development company patiala,web development company,10,,0,,,navigational,web_design,False,False
best web development company website,web development company,10,,1.08,MEDIUM,77,commercial,web_design,True,False
web development company seattle,web development company,10,,0,,,commercial,web_design,False,False
web development company profile ppt,web development company,10,,0,LOW,,navigational,web_design,False,False
react web app development company,web development company,10,,0,,,navigational,other,False,False
web development company structure,web development company,10,,0,,,navigational,web_design,False,False
what is web development company,web development company,10,,0,LOW,,informational,web_design,False,True
biggest web development company in the world,web development company,10,,0,LOW,,informational,web_design,True,False
web development company features,web development company,10,,0,,,informational,web_design,False,False
company profile web development,web development company,10,,0.52,LOW,,navigational,web_design,False,False
web development company hamilton,web development company,10,,0,,,commercial,web_design,False,False
php web development company in dubai,web development company,10,,0,LOW,,commercial,web_design,False,False
web portal development company in mumbai,web development company,10,,0,,,navigational,other,False,False
web development company in cyprus,web development company,10,,0,,,commercial,web_design,False,False
best web application development company in bangalore,web development company,10,,0,,,commercial,other,True,False
top web development company in world,web development company,10,,0.85,MEDIUM,,informational,web_design,True,False
list of web development company in jaipur,web development company,10,,0,,,navigational,web_design,False,False
client testimonials for web development company,web development company,10,,0,,,commercial,web_design,False,False
magento web development company india,web development company,10,,0,LOW,,navigational,ecommerce,False,False
web development company jobs,web development company,10,,0,,,commercial,web_design,False,False
leading web development company in kolkata,web development company,10,,0,LOW,,commercial,web_design,True,False
php web development company bangalore,web development company,10,,0,,,commercial,web_design,False,False
top web development company in ernakulam,web development company,10,,0,,,navigational,web_design,True,False
web development company packages,web development company,10,,0,LOW,,commercial,web_design,False,False
vibi software solutions web & app development company,web development company,10,,0,,,commercial,other,False,False
custom python web development company,web development company,10,,0,LOW,,commercial,web_design,False,False
web development company kolkata salt lake,web development company,10,,0,LOW,,commercial,web_design,False,False
full stack web development company india,web development company,10,,0.22,LOW,,navigational,web_design,False,False
mtouch labs pvt ltd web and mobile app development company,web development company,10,,0,,,navigational,other,False,False
custom web application development services company,web development company,10,,0,,,commercial,other,False,False
best web development company cochin,web development company,10,,0,,,commercial,web_design,True,False
web development company list in rajkot,web development company,10,,0,,,commercial,web_design,False,False
web development company columbus,web development company,10,,0,,,commercial,web_design,False,False
php web development company in uk,web development company,10,,0,,,commercial,web_design,False,False
about us content for web development company,web development company,10,,0,,,navigational,web_design,False,False
web development company brochure pdf,web development company,10,,0,LOW,,navigational,web_design,False,False
web development company in virginia,web development company,10,,0,LOW,,commercial,web_design,False,False
best web development company canada,web development company,10,,0,LOW,,commercial,web_design,True,False
react native web development company,web development company,10,,0,,,navigational,web_design,False,False
best web development company in navi mumbai,web development company,10,,0,LOW,,commercial,web_design,True,False
web development company in dubai list,web development company,10,,0,,,commercial,web_design,False,False
our services web development company,web development company,10,,0,,,commercial,web_design,False,False
business plan for web development company,web development company,10,,0,LOW,,commercial,web_design,False,False
list of web development company in noida,web development company,10,,0,LOW,,commercial,web_design,False,False
web development company content,web development company,10,,0,,,informational,web_design,False,False
joomla web development company india,web development company,10,,0,,,navigational,web_design,False,False
dits remote custom software and web application development company reviews,web development company,10,,0,,,commercial,other,False,False
web development company in himachal pradesh,web development company,10,,0,,,commercial,web_design,False,False
mobile app & web development company,web development company,10,,3.84,LOW,,commercial,web_design,False,False
web development company in brisbane,web development company,10,,9.86,HIGH,,commercial,web_design,False,False
best theme for web development company,web development company,10,,0,,,commercial,web_design,True,False
how to choose the best web development company,web development company,10,,0,LOW,,informational,web_design,True,True
web development company in salt lake,web development company,10,,0,LOW,,commercial,web_design,False,False
web and mobile app development company usa,web development company,10,,0,,,commercial,other,False,False
ruby on rails web development company,web development company,10,,0,LOW,,informational,web_design,False,False
web development company lahore,web development company,10,,0,,,commercial,web_design,False,False
technource top web & mobile app development company,web development company,10,,0,,,navigational,other,True,False
web development company terms and conditions,web development company,10,,0,LOW,,informational,web_design,False,False
web development company in pimpri chinchwad,web development company,10,,0.27,LOW,46,navigational,web_design,False,False
techeniac web app development company ahmedabad india,web development company,10,,0,,,navigational,other,False,False
web app development company in uae,web development company,10,,0,LOW,,commercial,other,False,False
drupal web development services company,web development company,10,,0,LOW,,navigational,web_design,False,False
crm for web development company,web development company,10,,0,,,commercial,web_design,False,False
php web development company in coimbatore,web development company,10,,0,,,commercial,web_design,False,False
industries we serve web development company,web development company,10,,0,,,informational,web_design,False,False
web development company australia list,web development company,10,,0,,,commercial,web_design,False,False
web development company banner images,web development company,10,,0,,,navigational,web_design,False,False
web development company brisbane,web development company,10,,0,LOW,,commercial,web_design,False,False
web development company in switzerland,web development company,10,,3.14,HIGH,,commercial,web_design,False,False
web development company coalition,web development company,10,,0,MEDIUM,,navigational,web_design,False,False
web application development company dubai,web development company,10,,0,LOW,,commercial,other,False,False
web development company winnipeg,web development company,10,,0,,,commercial,web_design,False,False
web development company in jharkhand,web development company,10,,0,LOW,,commercial,web_design,False,False
web development company in miami,web development company,10,,0,LOW,,commercial,web_design,False,False
web mobile app development company,web development company,10,,0,,85,commercial,other,False,False
web development company website template free download,web development company,10,,0,LOW,,navigational,web_design,False,False
web development company in belgaum,web development company,10,,5.87,LOW,,commercial,web_design,False,False
best web development company in west bengal,web development company,10,,0,,,commercial,web_design,True,False
best web development company in australia,web development company,10,,0,MEDIUM,,commercial,web_design,True,False
web development company in the philippines,web development company,10,,1.27,MEDIUM,,commercial,web_design,False,False
web application development company in canada,web development company,10,,0,,,commercial,other,False,False
laravel web application development company,web development company,10,,0,,,commercial,other,False,False
web development company in denmark,web development company,10,,0,,,commercial,web_design,False,False
asp dot net web development company,web development company,10,,0,,,navigational,web_design,False,False
web development company bristol,web development company,10,,0,LOW,,commercial,web_design,False,False
web development company names list,web development company,10,,0,LOW,,informational,web_design,False,False
web development company name list,web development company,10,,0,LOW,,informational,web_design,False,False
php web development company in kolkata,web development company,10,,0,,,commercial,web_design,False,False
php web development company uk,web development company,10,,0,HIGH,,commercial,web_design,False,False
web development company in sharjah,web development company,10,,0.52,LOW,,commercial,web_design,False,False
webserve technology web development company in vadodara,web development company,10,,0,,,commercial,web_design,False,False
web development company pvt ltd kolkata,web development company,10,,0,,,navigational,web_design,False,False
ahex technologies private limited web & mobile app development company,web development company,10,,0,,,commercial,other,False,False
web app development company in dubai,web development company,10,,0,LOW,,commercial,other,False,False
best web development company in toronto,web development company,10,,0,LOW,,commercial,web_design,True,False
mobiiworld web & mobile app development company,web development company,10,,0,,,navigational,other,False,False
web development company name generator,web development company,10,,0.02,LOW,,commercial,web_design,False,False
web development company in adelaide,web development company,10,,0,,,commercial,web_design,False,False
asp net web development company,web development company,10,,0,,,commercial,web_design,False,False
php web application development company in india,web development company,10,,0,,,commercial,other,False,False
web app development company in london,web development company,10,,0,HIGH,,commercial,other,False,False
digital marketing agency website design template,website design agency,10,,0,LOW,,commercial,web_design,False,False
business website design agency,website design agency,10,,0,LOW,,commercial,web_design,False,False
philadelphia website design agency,website design agency,10,,0,,,commercial,web_design,False,False
nonprofit website design agency,website design agency,10,,0,LOW,,navigational,web_design,False,False
travel agency website design free,website design agency,10,,0.51,MEDIUM,,navigational,web_design,False,False
website design agency in navi mumbai,website design agency,10,,0,LOW,,commercial,web_design,False,False
indie infotech website design and development agency chennai photos,website design agency,10,,0,,,commercial,web_design,False,False
website design for recruitment agency,website design agency,10,,0.95,LOW,,commercial,web_design,False,False
boutique website design agency,website design agency,10,,0,LOW,,commercial,web_design,False,False
best website design for digital marketing agency,website design agency,10,,1.01,LOW,,commercial,web_design,True,False
best recruitment agency website design,website design agency,10,,0,LOW,,commercial,web_design,True,False
ecommerce website design and development agency,website design agency,10,,0,,,commercial,ecommerce,False,False
digital marketing agency website design ideas,website design agency,10,,0,LOW,,commercial,web_design,False,False
website design agency newcastle,website design agency,10,,0.32,LOW,,commercial,web_design,False,False
creative agency website design inspiration,website design agency,10,,0,,,commercial,web_design,False,False
design agency website templates,website design agency,10,,0.03,LOW,,navigational,other,False,False
top website design agency in india,website design agency,10,,3.58,MEDIUM,,commercial,web_design,True,False
hotel website design agency,website design agency,10,,0,MEDIUM,,commercial,web_design,False,False
travel agency website design template,website design agency,10,,0.02,LOW,,navigational,web_design,False,False
website design and marketing agency,website design agency,10,,2.54,MEDIUM,,commercial,web_design,False,False
manufacturing website design agency,website design agency,10,,0,LOW,,navigational,web_design,False,False
freya interior design agency website template,website design agency,10,,0,,,navigational,other,False,False
staffing agency website design,website design agency,10,,0,LOW,,commercial,web_design,False,False
best website design agency bangalore,website design agency,10,,0,,,commercial,web_design,True,False
best digital agency website design,website design agency,10,,0,,,commercial,web_design,True,False
agency website design ideas,website design agency,10,,0,LOW,,commercial,web_design,False,False
web development agency website design,website design agency,10,,0,LOW,,commercial,web_design,False,False
website design agency portfolio,website design agency,10,,0,LOW,,commercial,web_design,False,False
headless wordpress website design agency,website design agency,10,,0,LOW,,navigational,web_design,False,False
agency website design figma,website design agency,10,,0,LOW,,navigational,web_design,False,False
website design agency vancouver,website design agency,10,,0,MEDIUM,,commercial,web_design,False,False
playful travel agency website design,website design agency,10,,0,,,navigational,web_design,False,False
website design agency vietnam,website design agency,10,,0,,,commercial,web_design,False,False
best website design agency toronto,website design agency,10,,0,HIGH,,commercial,web_design,True,False
website design agency in nigeria,website design agency,10,,0,,,commercial,web_design,False,False
travel website design agency,website design agency,10,,0.79,LOW,,commercial,web_design,False,False
website design agency manchester,website design agency,10,,0,MEDIUM,,commercial,web_design,False,False
website design agency preston,website design agency,10,,0,,,commercial,web_design,False,False
social media agency website design,website design agency,10,,0,LOW,,navigational,web_design,False,False
website design agency kerala,website design agency,10,,0,MEDIUM,,commercial,web_design,False,False
ad agency website design,website design agency,10,,0.86,LOW,,commercial,web_design,False,False
webshure digital marketing & website design agency,website design agency,10,,0,LOW,,commercial,web_design,False,False
sterco digitex website design & development digital marketing agency,website design agency,10,,0,,4,commercial,web_design,False,False
design agency website template free download,website design agency,10,,0,,,navigational,other,False,False
modern agency website design,website design agency,10,,0.4,LOW,,commercial,web_design,False,False
ascendly marketing agency & website design,website design agency,10,,0,,,commercial,web_design,False,False
website design agency miami,website design agency,10,,2.36,MEDIUM,,navigational,web_design,False,False
travel agency website design ideas,website design agency,10,,0.37,LOW,,commercial,web_design,False,False
model agency website design,website design agency,10,,0,,,commercial,web_design,False,False
expert website design & seo agency in doha qatar,website design agency,10,,0,,,commercial,web_design,False,False
marketing agency website design inspiration,website design agency,10,,0,LOW,,commercial,web_design,False,False
website design agency kent,website design agency,10,,0,,,commercial,web_design,False,False
how to find a website design agency,website design agency,10,,0,,,informational,web_design,False,True
website design agency wordpress theme,website design agency,10,,0.02,LOW,64,navigational,web_design,False,False
website design agency us,website design agency,10,,2.56,HIGH,,commercial,web_design,False,False
dentist website design agency,website design agency,10,,0,LOW,,commercial,web_design,False,False
website design agency devon,website design agency,10,,0,,,commercial,web_design,False,False
corporate website design agency,website design agency,10,,0,LOW,,commercial,web_design,False,False
ui ux design agency website,website design agency,10,,0.22,LOW,,navigational,other,False,False
best website design agency near me,website design agency,10,,0.38,LOW,,commercial,web_design,True,False
mobile website design agency,website design agency,10,,0,,,commercial,web_design,False,False
best marketing agency website design,website design agency,10,,0.65,LOW,,commercial,web_design,True,False
travel agency website ui design,website design agency,10,,0,LOW,,navigational,other,False,False
luxury website design agency,website design agency,10,,1.09,LOW,,commercial,web_design,False,False
graphic design agency website inspiration,website design agency,10,,0,,,commercial,other,False,False
squarespace website design agency,website design agency,10,,0,,,navigational,web_design,False,False
how to create a web design agency website,website design agency,10,,0,,,informational,web_design,False,True
web design agency website examples,website design agency,10,,0,,,navigational,web_design,False,False
agency website ui design,website design agency,10,,0,LOW,,navigational,other,False,False
best website design agency in usa,website design agency,10,,2.05,HIGH,,commercial,web_design,True,False
top website design agency in delhi,website design agency,10,,0,,,commercial,web_design,True,False
fashion website design agency,website design agency,10,,0,LOW,,commercial,web_design,False,False
website design and development agency in india,website design agency,10,,0,LOW,,commercial,web_design,False,False
advertising agency website design,website design agency,10,,0,MEDIUM,,commercial,web_design,False,False
what is a website design agency,website design agency,10,,0,,,informational,web_design,False,True
website design agency for lawyers,website design agency,10,,0,LOW,,commercial,web_design,False,False
hvac website design agency,website design agency,10,,0,LOW,,navigational,web_design,False,False
design agency website examples,website design agency,10,,0,,,navigational,other,False,False
viralistic digital agency website design,website design agency,10,,0,LOW,,navigational,web_design,False,False
website design agency brisbane,website design agency,10,,1.53,LOW,,commercial,web_design,False,False
best insurance agency website design,website design agency,10,,0,,,commercial,web_design,True,False
website design agency blog,website design agency,10,,0,,,informational,web_design,False,False
website design agency nottingham,website design agency,10,,0.58,MEDIUM,,commercial,web_design,False,False
bespoke website design agency london,website design agency,10,,0,,,commercial,web_design,False,False
agency website design template,website design agency,10,,0,LOW,,navigational,web_design,False,False
website design agency in toronto,website design agency,10,,0,,100,commercial,web_design,False,False
website design agency leicester,website design agency,10,,0,,,commercial,web_design,False,False
best website design agency in coimbatore,website design agency,10,,0,,,commercial,web_design,True,False
dental website design agency,website design agency,10,,0,LOW,,commercial,web_design,False,False
ecommerce website design agency uk,website design agency,10,,0,,,commercial,ecommerce,False,False
electrician website design agency,website design agency,10,,0,,,navigational,web_design,False,False
website design for digital marketing agency,website design agency,10,,0.49,LOW,,commercial,web_design,False,False
how to start a website design agency,website design agency,10,,0,LOW,,informational,web_design,False,True
website design agency bangkok,website design agency,10,,0,LOW,,commercial,web_design,False,False
website design agency canada,website design agency,10,,2.34,MEDIUM,,commercial,web_design,False,False
ai website design agency,website design agency,10,,0,LOW,,commercial,web_design,False,False
software agency website design,website design agency,10,,0,LOW,,commercial,web_design,False,False
website design agency bristol,website design agency,10,,0,,,commercial,web_design,False,False
construction website design agency,website design agency,10,,0,LOW,,navigational,web_design,False,False
website design agency boston,website design agency,10,,0,LOW,,commercial,web_design,False,False
seo website design agency,website design agency,10,,0,,,commercial,web_design,False,False
graphic design agency website template,website design agency,10,,0,LOW,,navigational,other,False,False
web agency website design,website design agency,10,,1.32,MEDIUM,,commercial,web_design,False,False
wix website design agency,website design agency,10,,0,LOW,,navigational,web_design,False,False
website design agency in goa,website design agency,10,,0,LOW,,commercial,web_design,False,False
website design agency in kochi,website design agency,10,,0,,,commercial,web_design,False,False
the website design agency,website design agency,10,,0,LOW,77,commercial,web_design,False,False
website agency design,website design agency,10,,0,LOW,77,commercial,other,False,False
creative agency website design contest,website design agency,10,,0,,,navigational,web_design,False,False
website design agency in uae,website design agency,10,,0,LOW,,commercial,web_design,False,False
website design agency in lagos,website design agency,10,,0,,,commercial,web_design,False,False
eco travel agency website design,website design agency,10,,0,LOW,,commercial,web_design,False,False
ui/ux design agency website,website design agency,10,,0.22,LOW,,navigational,other,False,False
digital marketing agency website ui design,website design agency,10,,0,LOW,,commercial,digital_mkt,False,False
website design agency hk,website design agency,10,,0,,,commercial,web_design,False,False
enterprise website design agency,website design agency,10,,0,LOW,,commercial,web_design,False,False
full service website design agency,website design agency,10,,0,LOW,,commercial,web_design,False,False
hubspot website design agency,website design agency,10,,0,LOW,,navigational,web_design,False,False
ecommerce website development company in mayiladuthurai,ecommerce development company,10,,0,,,commercial,ecommerce,False,False
ecommerce mobile app development company in india,ecommerce development company,10,,0,LOW,,commercial,ecommerce,False,False
ecommerce website development company in kochi,ecommerce development company,10,,0,LOW,,commercial,ecommerce,False,False
magento 2 ecommerce development company,ecommerce development company,10,,0,,,commercial,ecommerce,False,False
brainvire ecommerce and mobile app development company mumbai photos,ecommerce development company,10,,0,,,navigational,ecommerce,False,False
ecommerce store development company,ecommerce development company,10,,0,,,commercial,ecommerce,False,False
best ecommerce development company in usa,ecommerce development company,10,,0,LOW,,commercial,ecommerce,True,False
ecommerce app development company in mumbai,ecommerce development company,10,,0,LOW,,commercial,ecommerce,False,False
best ecommerce development company in delhi,ecommerce development company,10,,0,LOW,,commercial,ecommerce,True,False
ecommerce development company services,ecommerce development company,10,,0,LOW,,commercial,ecommerce,False,False
best ecommerce website development company in hyderabad,ecommerce development company,10,,0,LOW,,commercial,ecommerce,True,False
number one ecommerce development company in india,ecommerce development company,10,,0,,,commercial,ecommerce,False,False
ecommerce app development company in saudi arabia,ecommerce development company,10,,0,LOW,,commercial,ecommerce,False,False
ecommerce website development company in navi mumbai,ecommerce development company,10,,0,LOW,,commercial,ecommerce,False,False
ecommerce website development company services,ecommerce development company,10,,0,,,commercial,ecommerce,False,False
ecommerce development company uk,ecommerce development company,10,,0,MEDIUM,,commercial,ecommerce,False,False
elsner technologies ecommerce development company satellite,ecommerce development company,10,,0,,,commercial,ecommerce,False,False
best ecommerce website development company in ahmedabad,ecommerce development company,10,,0,LOW,,commercial,ecommerce,True,False
best magento ecommerce development company,ecommerce development company,10,,0,LOW,,commercial,ecommerce,True,False
ecommerce website development company in thane,ecommerce development company,10,,0,,,commercial,ecommerce,False,False
ecommerce app development company in chennai,ecommerce development company,10,,0,LOW,,commercial,ecommerce,False,False
ecommerce development company in singapore,ecommerce development company,10,,0,LOW,,commercial,ecommerce,False,False
best ecommerce website development company in bangalore,ecommerce development company,10,,0,LOW,,commercial,ecommerce,True,False
ecommerce portal development company,ecommerce development company,10,,0,LOW,,commercial,ecommerce,False,False
magento ecommerce development company india,ecommerce development company,10,,0,LOW,,commercial,ecommerce,False,False
ecommerce development company in uk,ecommerce development company,10,,7.77,HIGH,,commercial,ecommerce,False,False
ecommerce marketplace development company,ecommerce development company,10,,0,LOW,,commercial,ecommerce,False,False
ecommerce app development company in bangalore,ecommerce development company,10,,0,LOW,,commercial,ecommerce,False,False
multi vendor ecommerce website development company,ecommerce development company,10,,0.07,MEDIUM,,commercial,ecommerce,False,False
ecommerce website development company in,ecommerce development company,10,,0,LOW,30,commercial,ecommerce,False,False
ecommerce app development company in kerala,ecommerce development company,10,,0,,,commercial,ecommerce,False,False
brainvire ecommerce and mobile app development company mumbai,ecommerce development company,10,,0,,,navigational,ecommerce,False,False
ecommerce website development company in indore,ecommerce development company,10,,0,LOW,,commercial,ecommerce,False,False
best ecommerce website development company in bangladesh,ecommerce development company,10,,0,LOW,,commercial,ecommerce,True,False
ecommerce development company in new york,ecommerce development company,10,,0,,,commercial,ecommerce,False,False
best ecommerce wordpress development company in singapore,ecommerce development company,10,,0,,,commercial,ecommerce,True,False
virtina ecommerce web design and development company,ecommerce development company,10,,0,LOW,,navigational,ecommerce,False,False
ecommerce web development company in hyderabad,ecommerce development company,10,,0,,,commercial,ecommerce,False,False
benefits of hiring an ecommerce development company,ecommerce development company,10,,0,,,commercial,ecommerce,False,False
best ecommerce web development company,ecommerce development company,10,,0,LOW,,commercial,ecommerce,True,False
ecommerce web development company sydney,ecommerce development company,10,,0,,,commercial,ecommerce,False,False
ecommerce website design and development company in india,ecommerce development company,10,,0,LOW,,commercial,ecommerce,False,False
ecommerce website development company toronto,ecommerce development company,10,,0,,,commercial,ecommerce,False,False
ecommerce development company in lucknow,ecommerce development company,10,,0,,,commercial,ecommerce,False,False
ecommerce web development company in delhi ncr,ecommerce development company,10,,0,LOW,,commercial,ecommerce,False,False
ecommerce development company london,ecommerce development company,10,,0,HIGH,,commercial,ecommerce,False,False
ecommerce website development company in karur photos,ecommerce development company,10,,0,,,commercial,ecommerce,False,False
ecommerce website design & development company,ecommerce development company,10,,1.49,MEDIUM,,commercial,ecommerce,False,False
top ecommerce app development company,ecommerce development company,10,,0,LOW,,commercial,ecommerce,True,False
no 1 ecommerce development company in india,ecommerce development company,10,,0,,,navigational,ecommerce,True,False
ecommerce website development company in bhopal,ecommerce development company,10,,0,,,commercial,ecommerce,False,False
elsner technologies ecommerce development company navrangpura,ecommerce development company,10,,0,,,commercial,ecommerce,False,False
top ecommerce web development company in india,ecommerce development company,10,,0,,,commercial,ecommerce,True,False
ecommerce website development company in bangladesh,ecommerce development company,10,,0,,,commercial,ecommerce,False,False
ecommerce development company in ernakulam,ecommerce development company,10,,0,LOW,,navigational,ecommerce,False,False
ecommerce website development company kochi,ecommerce development company,10,,0,LOW,,navigational,ecommerce,False,False
best ecommerce web development company dubai,ecommerce development company,10,,0,LOW,,commercial,ecommerce,True,False
ecommerce app development company in hyderabad,ecommerce development company,10,,0,,,commercial,ecommerce,False,False
shopify ecommerce development company in india,ecommerce development company,10,,0,LOW,,commercial,ecommerce,False,False
metaverse ecommerce development company,ecommerce development company,10,,0,,,navigational,ecommerce,False,False
1 ecommerce development company in india,ecommerce development company,10,,0,,,commercial,ecommerce,False,False
ecommerce development company in bhubaneswar,ecommerce development company,10,,0,LOW,,commercial,ecommerce,False,False
ecommerce development company in australia,ecommerce development company,10,,0,LOW,,commercial,ecommerce,False,False
ecommerce website design and development company in bangalore,ecommerce development company,10,,0,LOW,,commercial,ecommerce,False,False
ecommerce development company near me,ecommerce development company,10,,0,LOW,,commercial,ecommerce,False,False
ecommerce web development company in usa,ecommerce development company,10,,0,,,commercial,ecommerce,False,False
brainvire ecommerce and mobile app development company mumbai reviews,ecommerce development company,10,,0,,,commercial,ecommerce,False,False
ecommerce development company qatar,ecommerce development company,10,,0,LOW,,commercial,ecommerce,False,False
ecommerce development company toronto,ecommerce development company,10,,0,,,commercial,ecommerce,False,False
ecommerce development company in london,ecommerce development company,10,,0,HIGH,,commercial,ecommerce,False,False
best ecommerce development company in bangalore,ecommerce development company,10,,0,LOW,,commercial,ecommerce,True,False
ecommerce website development company in uk,ecommerce development company,10,,0,,,commercial,ecommerce,False,False
top ecommerce website development company,ecommerce development company,10,,0,LOW,,commercial,ecommerce,True,False
best ecommerce website development company in pune,ecommerce development company,10,,0,LOW,,commercial,ecommerce,True,False
best ecommerce email marketing agency,ecommerce agency,10,,0,LOW,,commercial,ecommerce,True,False
ecommerce agency uk,ecommerce agency,10,,12.76,MEDIUM,,commercial,ecommerce,False,False
stryde ecommerce marketing agency,ecommerce agency,10,,0,LOW,,commercial,ecommerce,False,False
ecommerce agency nyc,ecommerce agency,10,,0,,,commercial,ecommerce,False,False
ecommerce ppc management agency,ecommerce agency,10,,0,LOW,,commercial,ecommerce,False,False
agency for ecommerce,ecommerce agency,10,,3.95,HIGH,0,commercial,ecommerce,False,False
ecommerce conversion optimization agency,ecommerce agency,10,,0,,,commercial,ecommerce,False,False
what is an ecommerce agency,ecommerce agency,10,,0,LOW,,informational,ecommerce,False,True
ecommerce marketing agency australia,ecommerce agency,10,,0.56,LOW,,commercial,ecommerce,False,False
ecommerce conversion rate optimization agency,ecommerce agency,10,,0,LOW,,commercial,ecommerce,False,False
facebook ads agency for ecommerce,ecommerce agency,10,,0,LOW,,commercial,ecommerce,False,False
ecommerce agency name ideas,ecommerce agency,10,,0,,,commercial,ecommerce,False,False
ecommerce marketing agency london,ecommerce agency,10,,0,,,commercial,ecommerce,False,False
ecommerce specialist agency,ecommerce agency,10,,0,,,commercial,ecommerce,False,False
ecommerce agency in london,ecommerce agency,10,,4.59,HIGH,,commercial,ecommerce,False,False
marketing agency ecommerce,ecommerce agency,10,,0,,9,commercial,ecommerce,False,False
ecommerce marketing agency melbourne,ecommerce agency,10,,0,,,commercial,ecommerce,False,False
what is an ecommerce marketing agency,ecommerce agency,10,,0,,,informational,ecommerce,False,True
global ecommerce agency,ecommerce agency,10,,0,HIGH,,commercial,ecommerce,False,False
ecommerce marketing agency singapore,ecommerce agency,10,,0,LOW,,commercial,ecommerce,False,False
ecommerce agency in pakistan,ecommerce agency,10,,0,,,commercial,ecommerce,False,False
ecommerce agency ireland,ecommerce agency,10,,0,HIGH,,commercial,ecommerce,False,False
trilogi the ecommerce agency,ecommerce agency,10,,0,,,navigational,ecommerce,False,False
ecommerce growth marketing agency,ecommerce agency,10,,1.15,MEDIUM,,commercial,ecommerce,False,False
ecommerce agency melbourne,ecommerce agency,10,,0,,,commercial,ecommerce,False,False
best ecommerce marketing agency india,ecommerce agency,10,,0,LOW,,commercial,ecommerce,True,False
ecommerce product photography agency,ecommerce agency,10,,0,,,navigational,ecommerce,False,False
ecommerce agency vancouver,ecommerce agency,10,,0,,,commercial,ecommerce,False,False
ecommerce development agency in kerala,ecommerce agency,10,,0,,,commercial,ecommerce,False,False
headless ecommerce development agency,ecommerce agency,10,,0,LOW,,navigational,ecommerce,False,False
digital ecommerce agency,ecommerce agency,10,,0,,,commercial,ecommerce,False,False
wordpress ecommerce agency,ecommerce agency,10,,0,,,commercial,ecommerce,False,False
ecommerce social media agency,ecommerce agency,10,,0,,,commercial,ecommerce,False,False
ecommerce today agency,ecommerce agency,10,,0,,,navigational,ecommerce,False,False
ecommerce development agency in india,ecommerce agency,10,,0,LOW,,commercial,ecommerce,False,False
ecommerce marketing agency canada,ecommerce agency,10,,0,,,commercial,ecommerce,False,False
ecommerce web design agency melbourne,ecommerce agency,10,,0,,,commercial,ecommerce,False,False
ecommerce agency london,ecommerce agency,10,,4.59,HIGH,,commercial,ecommerce,False,False
ecommerce agency hong kong,ecommerce agency,10,,7.65,HIGH,,commercial,ecommerce,False,False
ecommerce consulting agency,ecommerce agency,10,,0,LOW,,commercial,ecommerce,False,False
ecommerce website development agency in dubai,ecommerce agency,10,,0,,,commercial,ecommerce,False,False
ecommerce agency nottingham,ecommerce agency,10,,0,,,commercial,ecommerce,False,False
digital marketing ecommerce agency,ecommerce agency,10,,0,LOW,41,commercial,ecommerce,False,False
best ecommerce marketing agency rankstar,ecommerce agency,10,,0,,,commercial,ecommerce,True,False
ecommerce talent agency,ecommerce agency,10,,0,,,commercial,ecommerce,False,False
ecommerce email agency,ecommerce agency,10,,0,,,commercial,ecommerce,False,False
ecommerce marketing agency uk,ecommerce agency,10,,0,,,commercial,ecommerce,False,False
ecommerce seo agency melbourne,ecommerce agency,10,,0,,,commercial,ecommerce,False,False
ecommerce agency website,ecommerce agency,10,,2.35,HIGH,,commercial,ecommerce,False,False
ecommerce agency sydney,ecommerce agency,10,,0,MEDIUM,,commercial,ecommerce,False,False
ecommerce agency leeds,ecommerce agency,10,,0,LOW,,commercial,ecommerce,False,False
luxury ecommerce agency,ecommerce agency,10,,0,LOW,,commercial,ecommerce,False,False
ecommerce photography agency,ecommerce agency,10,,0,LOW,,commercial,ecommerce,False,False
ecommerce agency services,ecommerce agency,10,,0,,,commercial,ecommerce,False,False
ecommerce agency australia,ecommerce agency,10,,0,HIGH,,commercial,ecommerce,False,False
ecommerce agency amsterdam,ecommerce agency,10,,0,,,commercial,ecommerce,False,False
ecommerce marketing agency llc,ecommerce agency,10,,0,,,commercial,ecommerce,False,False
aleide web agency seo e ecommerce,ecommerce agency,10,,0,,,commercial,ecommerce,False,False
praella ecommerce agency,ecommerce agency,10,,0,LOW,,navigational,ecommerce,False,False
ecommerce paid ads agency,ecommerce agency,10,,0,,,commercial,ecommerce,False,False
ecommerce pr agency,ecommerce agency,10,,11.85,LOW,,commercial,ecommerce,False,False
ecommerce agency usa,ecommerce agency,10,,3.66,MEDIUM,,commercial,ecommerce,False,False
trellis ecommerce agency,ecommerce agency,10,,0,,,navigational,ecommerce,False,False
ecommerce recruitment agency london,ecommerce agency,10,,0,,,commercial,ecommerce,False,False
ecommerce agency software,ecommerce agency,10,,0,,,commercial,ecommerce,False,False
avex shopify plus ecommerce agency,ecommerce agency,10,,0,LOW,,navigational,ecommerce,False,False
ecommerce creative agency,ecommerce agency,10,,0,HIGH,,commercial,ecommerce,False,False
ecommerce digital advertising agency,ecommerce agency,10,,0,,,commercial,ecommerce,False,False
creative agency for ecommerce,ecommerce agency,10,,0,LOW,,commercial,ecommerce,False,False
best ecommerce digital marketing agency,ecommerce agency,10,,0,LOW,,commercial,ecommerce,True,False
ecommerce marketing agency sydney,ecommerce agency,10,,0,,,commercial,ecommerce,False,False
best ecommerce development agency,ecommerce agency,10,,0,LOW,,commercial,ecommerce,True,False
ecommerce branding agency,ecommerce agency,10,,0,LOW,,commercial,ecommerce,False,False
ecommerce marketing agency toronto,ecommerce agency,10,,0,,,commercial,ecommerce,False,False
ecommerce agency singapore,ecommerce agency,10,,0,LOW,,commercial,ecommerce,False,False
ecommerce agency manchester,ecommerce agency,10,,0,,,commercial,ecommerce,False,False
the ecommerce agency,ecommerce agency,10,,0,,0,navigational,ecommerce,False,False
ecommerce strategy agency,ecommerce agency,10,,0,,,commercial,ecommerce,False,False
what is ecommerce agency,ecommerce agency,10,,0,LOW,,informational,ecommerce,False,True
target ecommerce marketing agency london,ecommerce agency,10,,0,,,commercial,ecommerce,False,False
d2c ecommerce agency,ecommerce agency,10,,0,LOW,,commercial,ecommerce,False,False
best ecommerce seo agency effective marketer,ecommerce agency,10,,0,,,commercial,ecommerce,True,False
tiktok ecommerce agency,ecommerce agency,10,,0,,,navigational,ecommerce,False,False
ecommerce agency glasgow,ecommerce agency,10,,0,,,commercial,ecommerce,False,False
ecommerce marketing agency usa,ecommerce agency,10,,0,HIGH,,commercial,ecommerce,False,False
ecommerce digital marketing agency in india,ecommerce agency,10,,0,LOW,,commercial,ecommerce,False,False
seo ecommerce agency,ecommerce agency,10,,0,LOW,11,commercial,ecommerce,False,False
best digital marketing agency for ecommerce,ecommerce agency,10,,0.73,MEDIUM,,commercial,ecommerce,True,False
ecommerce & marketing course agency marketer affiliate free download,ecommerce agency,10,,0,,,transactional,ecommerce,False,False
fashion ecommerce agency,ecommerce agency,10,,0,LOW,,commercial,ecommerce,False,False
ecommerce facebook ad agency,ecommerce agency,10,,2.06,LOW,47,commercial,ecommerce,False,False
ecommerce agency list,ecommerce agency,10,,0,HIGH,,navigational,ecommerce,False,False
ecommerce agency edinburgh,ecommerce agency,10,,0,,,commercial,ecommerce,False,False
shopify ecommerce agency in india,ecommerce agency,10,,4.08,LOW,,commercial,ecommerce,False,False
ecommerce magento development agency,ecommerce agency,10,,0,LOW,,commercial,ecommerce,False,False
ecommerce development agency in delhi,ecommerce agency,10,,0,,,commercial,ecommerce,False,False
ecommerce recruitment agency,ecommerce agency,10,,0,LOW,,commercial,ecommerce,False,False
ecommerce agency bristol,ecommerce agency,10,,0,,,commercial,ecommerce,False,False
ecommerce seo agency sydney,ecommerce agency,10,,0,LOW,,commercial,ecommerce,False,False
ecommerce agency jobs,ecommerce agency,10,,0,LOW,,navigational,ecommerce,False,False
ecommerce agency meaning,ecommerce agency,10,,0,LOW,,informational,ecommerce,False,False
ecommerce agency miami,ecommerce agency,10,,0,,,commercial,ecommerce,False,False
ecommerce & marketing course agency marketer affiliate,ecommerce agency,10,,0.76,HIGH,,commercial,ecommerce,False,False
ecommerce agency canada,ecommerce agency,10,,0,HIGH,,commercial,ecommerce,False,False
ecommerce agency montreal,ecommerce agency,10,,0,,,commercial,ecommerce,False,False
top ecommerce seo agency,ecommerce agency,10,,0,,,commercial,ecommerce,True,False
1 ecommerce agency,ecommerce agency,10,,1.56,MEDIUM,,navigational,ecommerce,False,False
ecommerce customer service agency,ecommerce agency,10,,0,LOW,,navigational,ecommerce,False,False
ecommerce brand strategy agency,ecommerce agency,10,,0,,,commercial,ecommerce,False,False
best ecommerce ads agency,ecommerce agency,10,,0,MEDIUM,,commercial,ecommerce,True,False
ecommerce content agency,ecommerce agency,10,,0,HIGH,,commercial,ecommerce,False,False
ecommerce digital marketing agency in mumbai,ecommerce agency,10,,0,,,commercial,ecommerce,False,False
ecommerce digital marketing agency india,ecommerce agency,10,,0,LOW,,commercial,ecommerce,False,False
ecommerce agency in bangalore,ecommerce agency,10,,0.28,MEDIUM,,commercial,ecommerce,False,False
ecommerce web design agency dubai,ecommerce agency,10,,0,LOW,,commercial,ecommerce,False,False
ecommerce seo agency uk,ecommerce agency,10,,0,MEDIUM,,commercial,ecommerce,False,False
ecommerce agency brisbane,ecommerce agency,10,,0,,,commercial,ecommerce,False,False
dtc ecommerce agency,ecommerce agency,10,,0,,,navigational,ecommerce,False,False
ecommerce support agency,ecommerce agency,10,,0,,,commercial,ecommerce,False,False
best ecommerce marketing agency in india,ecommerce agency,10,,1.63,LOW,,commercial,ecommerce,True,False
how to start an ecommerce agency,ecommerce agency,10,,0,,,informational,ecommerce,False,True
headless ecommerce agency,ecommerce agency,10,,0,LOW,,navigational,ecommerce,False,False
ecommerce marketing agency miami,ecommerce agency,10,,0,LOW,,commercial,ecommerce,False,False
ecommerce design agency london,ecommerce agency,10,,0,,,commercial,ecommerce,False,False
agency ecommerce theme,ecommerce agency,10,,0,,,commercial,ecommerce,False,False
tiktok agency for ecommerce,ecommerce agency,10,,0,LOW,,commercial,ecommerce,False,False
ecommerce and digital marketing agency,ecommerce agency,10,,0,,,commercial,ecommerce,False,False
ecommerce seo agency usa,ecommerce agency,10,,0,HIGH,,commercial,ecommerce,False,False
ecommerce agency new york,ecommerce agency,10,,0,,,commercial,ecommerce,False,False
oxedent ecommerce ppc agency,ecommerce agency,10,,0,,,navigational,ecommerce,False,False
ecommerce video agency,ecommerce agency,10,,1.59,MEDIUM,,commercial,ecommerce,False,False
ecommerce marketing agency dubai,ecommerce agency,10,,0,MEDIUM,,commercial,ecommerce,False,False
ziffity ecommerce agency,ecommerce agency,10,,0,,,navigational,ecommerce,False,False
ecommerce marketing agency los angeles,ecommerce agency,10,,0,LOW,,commercial,ecommerce,False,False
commerce9 ecommerce development agency,ecommerce agency,10,,0,LOW,,commercial,ecommerce,False,False
ecommerce agency malaysia,ecommerce agency,10,,0,,,commercial,ecommerce,False,False
best ecommerce web development agency in india,ecommerce agency,10,,0,LOW,,commercial,ecommerce,True,False
magento ecommerce agency london,ecommerce agency,10,,0,,,commercial,ecommerce,False,False
ecommerce agency dubai,ecommerce agency,10,,0,MEDIUM,,commercial,ecommerce,False,False
ecommerce solutions agency,ecommerce agency,10,,0,,,commercial,ecommerce,False,False
ecommerce agency los angeles,ecommerce agency,10,,0,,,commercial,ecommerce,False,False
digital marketing agency ecommerce business,ecommerce agency,10,,0,,,commercial,ecommerce,False,False
ecommerce web design agency london,ecommerce agency,10,,0,LOW,,commercial,ecommerce,False,False
local ecommerce development agency,ecommerce agency,10,,0,LOW,,commercial,ecommerce,False,False
magento ecommerce agency,ecommerce agency,10,,0,LOW,,commercial,ecommerce,False,False
top ecommerce agency,ecommerce agency,10,,0,LOW,,commercial,ecommerce,True,False
ecommerce automation agency,ecommerce agency,10,,0,,,commercial,ecommerce,False,False
ecommerce agency toronto,ecommerce agency,10,,0,,,commercial,ecommerce,False,False
ecommerce social media marketing agency,ecommerce agency,10,,0,LOW,,commercial,ecommerce,False,False
ecommerce optimization agency,ecommerce agency,10,,0,,,commercial,ecommerce,False,False
b2b ecommerce agency,ecommerce agency,10,,0,LOW,,commercial,ecommerce,False,False
best ecommerce website development agency in india,ecommerce agency,10,,0,LOW,,commercial,ecommerce,True,False
ecommerce seo marketing agency,ecommerce agency,10,,0,LOW,,commercial,ecommerce,False,False
white label ecommerce agency,ecommerce agency,10,,0,,,commercial,ecommerce,False,False
email marketing agency for ecommerce,ecommerce agency,10,,0,LOW,,commercial,ecommerce,False,False
ecommerce ux agency,ecommerce agency,10,,0,LOW,,navigational,ecommerce,False,False
facebook ad agency for ecommerce,ecommerce agency,10,,0,LOW,,commercial,ecommerce,False,False
ecommerce facebook ads agency,ecommerce agency,10,,2.06,LOW,,commercial,ecommerce,False,False
engine23 ecommerce agency,ecommerce agency,10,,0,,,commercial,ecommerce,False,False
ecommerce agency summit,ecommerce agency,10,,0,LOW,,navigational,ecommerce,False,False
ecommerce setup agency,ecommerce agency,10,,1.83,HIGH,,commercial,ecommerce,False,False
ecommerce shopify agency,ecommerce agency,10,,0,LOW,,commercial,ecommerce,False,False
ecommerce agency coalition,ecommerce agency,10,,0,,,navigational,ecommerce,False,False
shopify store development course,shopify development,10,,0.35,LOW,,informational,ecommerce,False,False
shopify theme development for online store 2.0,shopify development,10,,0,,,navigational,ecommerce,False,False
shopify cli for theme development,shopify development,10,,0,LOW,,commercial,ecommerce,False,False
shopify app development jobs,shopify development,10,,0,,,navigational,ecommerce,False,False
shopify store design and development,shopify development,10,,0,LOW,,navigational,ecommerce,False,False
shopify development expert,shopify development,10,,0,LOW,63,commercial,ecommerce,False,False
shopify theme development course free download,shopify development,10,,0,LOW,,navigational,ecommerce,False,False
shopify theme development 2024,shopify development,10,,0,,,informational,ecommerce,False,False
what is shopify app development,shopify development,10,,0,LOW,,informational,ecommerce,False,True
shopify development near me,shopify development,10,,0,LOW,,navigational,ecommerce,False,False
shopify headless theme development with hydrogen 2022,shopify development,10,,0,,,commercial,ecommerce,False,False
shopify app development tutorial node js,shopify development,10,,0,,,navigational,ecommerce,False,False
shopify front end development,shopify development,10,,0,LOW,,navigational,ecommerce,False,False
shopify public app development,shopify development,10,,0,LOW,,commercial,ecommerce,False,False
custom shopify website development,shopify development,10,,0,LOW,,navigational,ecommerce,False,False
how to transfer development store shopify,shopify development,10,,0,LOW,,informational,ecommerce,False,True
shopify website development companies,shopify development,10,,11.46,LOW,48,commercial,ecommerce,False,False
shopify theme development 2.0,shopify development,10,,0,,,commercial,ecommerce,False,False
create shopify development store,shopify development,10,,0,LOW,,transactional,ecommerce,False,False
shopify theme development tutorial,shopify development,10,,0.13,LOW,47,informational,ecommerce,False,False
shopify development blog,shopify development,10,,0,LOW,,informational,ecommerce,False,False
shopify enable custom app development,shopify development,10,,0,,,informational,ecommerce,False,False
shopify plus web development agency,shopify development,10,,0,,,commercial,ecommerce,False,False
shopify app development tutorial php,shopify development,10,,0,,50,informational,ecommerce,False,False
shopify allow custom app development,shopify development,10,,0,,,informational,ecommerce,False,False
shopify hydrogen development,shopify development,10,,0,LOW,,commercial,ecommerce,False,False
shopify business development manager,shopify development,10,,0,,,navigational,ecommerce,False,False
shopify corporate development,shopify development,10,,0,,,navigational,ecommerce,False,False
shopify app development using php,shopify development,10,,0,,,commercial,ecommerce,False,False
shopify install app on development store,shopify development,10,,0,,,navigational,ecommerce,False,False
shopify theme development docs,shopify development,10,,0,LOW,,informational,ecommerce,False,False
udemy shopify development,shopify development,10,,0,,,navigational,ecommerce,False,False
shopify app development using laravel,shopify development,10,,0,LOW,,commercial,ecommerce,False,False
shopify web design and development,shopify development,10,,0.76,LOW,,commercial,ecommerce,False,False
what is shopify web development,shopify development,10,,0,LOW,,informational,ecommerce,False,True
shopify app development with laravel,shopify development,10,,0,LOW,,informational,ecommerce,False,False
shopify theme development online store 2.0 tailwindcss free download,shopify development,10,,0,,,navigational,ecommerce,False,False
shopify theme development online store 2.0 tailwindcss,shopify development,10,,0,,,navigational,ecommerce,False,False
local shopify development,shopify development,10,,0,LOW,,navigational,ecommerce,False,False
shopify 2.0 theme development,shopify development,10,,0,LOW,,commercial,ecommerce,False,False
shopify partners development stores,shopify development,10,,0,LOW,,navigational,ecommerce,False,False
shopify development company in london,shopify development,10,,3.42,LOW,,commercial,ecommerce,False,False
shopify development platform,shopify development,10,,0,LOW,,commercial,ecommerce,False,False
shopify delete development store,shopify development,10,,0,,,navigational,ecommerce,False,False
best shopify development agency in india,shopify development,10,,0,LOW,,commercial,ecommerce,True,False
shopify theme development workflow,shopify development,10,,0,LOW,,informational,ecommerce,False,False
shopify sales development representative salary,shopify development,10,,0,,,informational,ecommerce,False,False
shopify app development roadmap,shopify development,10,,0,LOW,,informational,ecommerce,False,False
shopify development company in california,shopify development,10,,0,LOW,,commercial,ecommerce,False,False
app development in shopify,shopify development,10,,0,LOW,38,commercial,ecommerce,False,False
shopify sales development rep salary,shopify development,10,,0,,,informational,ecommerce,False,False
shopify theme development create shopify themes,shopify development,10,,0,,,navigational,ecommerce,False,False
shopify partner development program,shopify development,10,,0,,,navigational,ecommerce,False,False
shopify development sydney,shopify development,10,,0,,,navigational,ecommerce,False,False
shopify payment gateway development,shopify development,10,,0,,,commercial,ecommerce,False,False
shopify app development tutorial for beginners,shopify development,10,,0,,,informational,ecommerce,False,False
shopify liquid development,shopify development,10,,0,LOW,,commercial,ecommerce,False,False
shopify plus website development,shopify development,10,,0,LOW,,navigational,ecommerce,False,False
shopify private app development,shopify development,10,,0,LOW,,commercial,ecommerce,False,False
shopify app development tutorial laravel,shopify development,10,,0,,,informational,ecommerce,False,False
shopify design and development,shopify development,10,,0,LOW,,commercial,ecommerce,False,False
best shopify app development company,shopify development,10,,0,,,commercial,ecommerce,True,False
shopify development store limitations,shopify development,10,,0,,,informational,ecommerce,False,False
shopify development environment,shopify development,10,,0,LOW,,commercial,ecommerce,False,False
top shopify app development company,shopify development,10,,0,LOW,,informational,ecommerce,True,False
shopify online store development,shopify development,10,,0,LOW,,commercial,ecommerce,False,False
shopify theme development roadmap,shopify development,10,,0,LOW,,informational,ecommerce,False,False
shopify theme development bangla,shopify development,10,,0,,,navigational,ecommerce,False,False
web development shopify,shopify development,10,,2.38,HIGH,55,commercial,ecommerce,False,False
best shopify app development services,shopify development,10,,0,,,commercial,ecommerce,True,False
shopify website development london,shopify development,10,,0,,,navigational,ecommerce,False,False
shopify module development,shopify development,10,,0,,,commercial,ecommerce,False,False
shopify web development tutorial,shopify development,10,,0,,,informational,ecommerce,False,False
shopify plugin development tutorial,shopify development,10,,0,,,informational,ecommerce,False,False
learn shopify theme development,shopify development,10,,4.69,LOW,,informational,ecommerce,False,False
change shopify store from development to production,shopify development,10,,0,,,transactional,ecommerce,False,False
top shopify development agency,shopify development,10,,2.16,HIGH,,navigational,ecommerce,True,False
shopify development dubai,shopify development,10,,0,LOW,,commercial,ecommerce,False,False
shopify development images,shopify development,10,,0,LOW,,informational,ecommerce,False,False
shopify payments development store,shopify development,10,,0,,,navigational,ecommerce,False,False
shopify local development,shopify development,10,,0,LOW,,navigational,ecommerce,False,False
custom shopify website development services,shopify development,10,,0,LOW,,commercial,ecommerce,False,False
shopify 2.0 development,shopify development,10,,0,,,commercial,ecommerce,False,False
shopify theme development with react,shopify development,10,,0,,,navigational,ecommerce,False,False
shopify api development,shopify development,10,,0,LOW,,informational,ecommerce,False,False
shopify theme development tools,shopify development,10,,0,LOW,,commercial,ecommerce,False,False
shopify website development charges,shopify development,10,,0,LOW,,commercial,ecommerce,False,False
shopify development learn shopify liquid programming,shopify development,10,,0,,,informational,ecommerce,False,False
shopify app development for beginners create shopify apps,shopify development,10,,0,LOW,,informational,ecommerce,False,False
shopify website development proposal pdf,shopify development,10,,0,LOW,,navigational,ecommerce,False,False
how to learn shopify development,shopify development,10,,0,LOW,,informational,ecommerce,False,True
shopify development company noida,shopify development,10,,0,LOW,,commercial,ecommerce,False,False
shopify development manager salary,shopify development,10,,0,,,informational,ecommerce,False,False
shopify create a development store,shopify development,10,,0,LOW,,navigational,ecommerce,False,False
shopify theme development local,shopify development,10,,0,LOW,,commercial,ecommerce,False,False
shopify website development india,shopify development,10,,1.52,LOW,,navigational,ecommerce,False,False
udemy shopify theme development,shopify development,10,,0,,,navigational,ecommerce,False,False
shopify theme development services india,shopify development,10,,0,LOW,,commercial,ecommerce,False,False
shopify development agency in pune,shopify development,10,,0,LOW,,commercial,ecommerce,False,False
shopify ecommerce website development cost in india,shopify development,10,,0,LOW,,commercial,ecommerce,False,False
how to create development store shopify,shopify development,10,,0,LOW,,informational,ecommerce,False,True
shopify business development,shopify development,10,,0,LOW,,commercial,ecommerce,False,False
shopify pos app development,shopify development,10,,0,LOW,,navigational,ecommerce,False,False
shopify theme development tutorial for beginners,shopify development,10,,0,LOW,,commercial,ecommerce,False,False
shopify app development certification exam answers,shopify development,10,,0,,,informational,ecommerce,False,False
shopify development services coalition technologies,shopify development,10,,0,LOW,,commercial,ecommerce,False,False
shopify create development store,shopify development,10,,0,LOW,,navigational,ecommerce,False,False
top 10 shopify development company,shopify development,10,,0,,,commercial,ecommerce,True,False
shopify app development book,shopify development,10,,0,,,informational,ecommerce,False,False
complete professional shopify store development training,shopify development,10,,0,,,transactional,ecommerce,False,False
website development on shopify,shopify development,10,,0,MEDIUM,33,commercial,ecommerce,False,False
shopify remove password from development store,shopify development,10,,0,LOW,,navigational,ecommerce,False,False
unlimited shopify development,shopify development,10,,0,,,commercial,ecommerce,False,False
shopify app development india,shopify development,10,,0,LOW,,navigational,ecommerce,False,False
shopify development store password,shopify development,10,,0,,,navigational,ecommerce,False,False
what is shopify development plan,shopify development,10,,0,,,informational,ecommerce,False,True
shopify development store to production,shopify development,10,,0,LOW,,navigational,ecommerce,False,False
shopify development store remove password,shopify development,10,,0,LOW,,navigational,ecommerce,False,False
shopify test app on development store,shopify development,10,,0,,,navigational,ecommerce,False,False
development plan shopify,shopify development,10,,0,,,commercial,ecommerce,False,False
shopify app development php,shopify development,10,,0,LOW,,commercial,ecommerce,False,False
how to allow custom app development in shopify,shopify development,10,,0,,,informational,ecommerce,False,True
what is shopify website development,shopify development,10,,0,LOW,,informational,ecommerce,False,True
shopify development mode,shopify development,10,,0,LOW,,informational,ecommerce,False,False
shopify plugin development language,shopify development,10,,0,LOW,,commercial,ecommerce,False,False
shopify ecommerce development companies,shopify development,10,,0,LOW,37,commercial,ecommerce,False,False
shopify development agency near me,shopify development,10,,0,LOW,,navigational,ecommerce,False,False
shopify cli theme development,shopify development,10,,0,,,navigational,ecommerce,False,False
shopify backend development,shopify development,10,,0,LOW,,commercial,ecommerce,False,False
create development store shopify,shopify development,10,,0,LOW,,navigational,ecommerce,False,False
website development shopify,shopify development,10,,2.38,HIGH,33,commercial,ecommerce,False,False
shopify themes development,shopify development,10,,0,LOW,8,commercial,ecommerce,False,False
what is a shopify development store,shopify development,10,,0,LOW,,informational,ecommerce,False,True
shopify website development dubai,shopify development,10,,0,LOW,,navigational,ecommerce,False,False
shopify app development in usa,shopify development,10,,0,LOW,,commercial,ecommerce,False,False
shopify website design and development,shopify development,10,,0.76,LOW,,navigational,ecommerce,False,False
shopify development miami,shopify development,10,,0,LOW,,commercial,ecommerce,False,False
shopify widget development,shopify development,10,,0,,,navigational,ecommerce,False,False
create a development store shopify,shopify development,10,,0,LOW,,transactional,ecommerce,False,False
best shopify development services,shopify development,10,,0,LOW,,commercial,ecommerce,True,False
shopify development fundamentals assessment,shopify development,10,,0,LOW,,informational,ecommerce,False,False
how to delete development store shopify,shopify development,10,,0,,,informational,ecommerce,False,True
shopify development roadmap,shopify development,10,,0,LOW,,informational,ecommerce,False,False
shopify theme development kit,shopify development,10,,0,,,navigational,ecommerce,False,False
shopify development melbourne,shopify development,10,,0,,50,navigational,ecommerce,False,False
shopify website development in dubai,shopify development,10,,0,LOW,,navigational,ecommerce,False,False
shopify hydrogen development store,shopify development,10,,0,,,navigational,ecommerce,False,False
shopify custom theme development tutorial,shopify development,10,,0.51,LOW,,informational,ecommerce,False,False
shopify theme development course free,shopify development,10,,0.03,LOW,,informational,ecommerce,False,False
shopify development reddit,shopify development,10,,0,LOW,,navigational,ecommerce,False,False
shopify local theme development,shopify development,10,,0,LOW,,navigational,ecommerce,False,False
shopify partners development store,shopify development,10,,0,LOW,,navigational,ecommerce,False,False
shopify website development packages,shopify development,10,,0,LOW,,commercial,ecommerce,False,False
shopify marketplace development company,shopify development,10,,0,LOW,,commercial,ecommerce,False,False
shopify development site,shopify development,10,,0,LOW,,navigational,ecommerce,False,False
shopify app development node js,shopify development,10,,0,,,navigational,ecommerce,False,False
shopify app development udemy,shopify development,10,,0,,,navigational,ecommerce,False,False
shopify local development environment,shopify development,10,,0,,,navigational,ecommerce,False,False
shopify development services usa,shopify development,10,,0,LOW,,commercial,ecommerce,False,False
shopify development experts,shopify development,10,,0,LOW,63,commercial,ecommerce,False,False
shopify app development for beginners: create shopify apps,shopify development,10,,0,LOW,,informational,ecommerce,False,False
shopify development plan,shopify development,10,,0,LOW,,commercial,ecommerce,False,False
headless shopify development,shopify development,10,,0,LOW,,navigational,ecommerce,False,False
custom app development shopify,shopify development,10,,0,LOW,,navigational,ecommerce,False,False
shopify development pros,shopify development,10,,0,LOW,,commercial,ecommerce,False,False
shopify website development near me,shopify development,10,,0,LOW,,navigational,ecommerce,False,False
shopify theme development 2025,shopify development,10,,0,,,commercial,ecommerce,False,False
shopify theme local development,shopify development,10,,0,LOW,,navigational,ecommerce,False,False
what is shopify theme development,shopify development,10,,0,LOW,,informational,ecommerce,False,True
shopify development agency dubai,shopify development,10,,0,LOW,,commercial,ecommerce,False,False
transfer development store shopify,shopify development,10,,0,,,navigational,ecommerce,False,False
shopify partner development store,shopify development,10,,0,LOW,,navigational,ecommerce,False,False
shopify development usa,shopify development,10,,0,HIGH,,commercial,ecommerce,False,False
shopify app development company india,shopify development,10,,0,,,navigational,ecommerce,False,False
shopify mobile app development agency,shopify development,10,,0,LOW,,commercial,ecommerce,False,False
shopify liquid theme development,shopify development,10,,0,LOW,,navigational,ecommerce,False,False
shopify development delhi,shopify development,10,,0,,,navigational,ecommerce,False,False
shopify payment app development,shopify development,10,,0,LOW,,commercial,ecommerce,False,False
shopify development calgary,shopify development,10,,0,,,navigational,ecommerce,False,False
shopify app development language,shopify development,10,,0,,,navigational,ecommerce,False,False
shopify application development pdf,shopify development,10,,0,LOW,,navigational,ecommerce,False,False
theme development in shopify,shopify development,10,,0,LOW,8,commercial,ecommerce,False,False
shopify theme development documentation,shopify development,10,,0,LOW,,informational,ecommerce,False,False
shopify app development laravel,shopify development,10,,0,,,commercial,ecommerce,False,False
laravel shopify app development,shopify development,10,,0,LOW,,commercial,ecommerce,False,False
shopify app development reddit,shopify development,10,,0,LOW,,informational,ecommerce,False,False
shopify development store referral,shopify development,10,,0,LOW,,navigational,ecommerce,False,False
shopify design and development services,shopify development,10,,0,LOW,,commercial,ecommerce,False,False
best shopify development company in chennai,shopify development,10,,0,LOW,,commercial,ecommerce,True,False
the shopify development handbook pdf,shopify development,10,,0,,,informational,ecommerce,False,False
app development for shopify,shopify development,10,,0,MEDIUM,38,commercial,ecommerce,False,False
shopify website design & development,shopify development,10,,0,LOW,,navigational,ecommerce,False,False
advanced shopify theme development,shopify development,10,,0,LOW,,commercial,ecommerce,False,False
shopify app development with remix,shopify development,10,,0,LOW,,navigational,ecommerce,False,False
top shopify development agency in india,shopify development,10,,0,LOW,,commercial,ecommerce,True,False
shopify development services in dubai,shopify development,10,,0,LOW,,commercial,ecommerce,False,False
how to create a development store in shopify,shopify development,10,,0,LOW,,informational,ecommerce,False,True
shopify development fundamentals badge,shopify development,10,,0,,,navigational,ecommerce,False,False
shopify development london,shopify development,10,,0,,,commercial,ecommerce,False,False
shopify app development certification,shopify development,10,,0,LOW,,informational,ecommerce,False,False
shopify setup development environment,shopify development,10,,0,,,informational,ecommerce,False,False
shopify php app development,shopify development,10,,0,,,commercial,ecommerce,False,False
shopify app local development,shopify development,10,,0,,,navigational,ecommerce,False,False
shopify development fundamentals assessment questions,shopify development,10,,0,LOW,,informational,ecommerce,False,False
shopify plus development store,shopify development,10,,0,LOW,,navigational,ecommerce,False,False
shopify app development in php,shopify development,10,,0,,,commercial,ecommerce,False,False
learn shopify web development,shopify development,10,,0.35,HIGH,,informational,ecommerce,False,False
shopify development process,shopify development,10,,0,,,commercial,ecommerce,False,False
shopify theme development cost,shopify development,10,,0,LOW,,commercial,ecommerce,False,False
shopify development agency reviews,shopify development,10,,0,LOW,,informational,ecommerce,False,False
learn shopify app development,shopify development,10,,0,LOW,,informational,ecommerce,False,False
shopify plus development experts,shopify development,10,,0,LOW,,navigational,ecommerce,False,False
shopify theme development agency,shopify development,10,,0,LOW,,navigational,ecommerce,False,False
shopify app development react,shopify development,10,,0,,,navigational,ecommerce,False,False
shopify app development remix,shopify development,10,,0,LOW,,commercial,ecommerce,False,False
shopify ecommerce development india,shopify development,10,,0,LOW,,commercial,ecommerce,False,False
enable custom app development shopify,shopify development,10,,0,,,informational,ecommerce,False,False
shopify development fundamentals assessment answers,shopify development,10,,0,,,informational,ecommerce,False,False
shopify site development,shopify development,10,,0,LOW,,commercial,ecommerce,False,False
delete development store shopify,shopify development,10,,0,,,informational,ecommerce,False,False
shopify theme development udemy,shopify development,10,,0,LOW,,navigational,ecommerce,False,False
shopify theme development guide,shopify development,10,,0,,,informational,ecommerce,False,False
shopify web development companies,shopify development,10,,0,MEDIUM,,commercial,ecommerce,False,False
shopify app development hindi,shopify development,10,,0,,,navigational,ecommerce,False,False
shopify development toronto,shopify development,10,,0,LOW,,commercial,ecommerce,False,False
shopify development price,shopify development,10,,0,LOW,,commercial,ecommerce,False,False
shopify development full course,shopify development,10,,0.29,LOW,,informational,ecommerce,False,False
shopify development company uk,shopify development,10,,2.03,HIGH,,navigational,ecommerce,False,False
shopify development company delhi,shopify development,10,,0,LOW,,navigational,ecommerce,False,False
shopify app development python,shopify development,10,,0,,,commercial,ecommerce,False,False
shopify product development,shopify development,10,,0,,,commercial,ecommerce,False,False
shopify website development full course,shopify development,10,,0,,,commercial,ecommerce,False,False
shopify app development guide,shopify development,10,,0,LOW,,informational,ecommerce,False,False
shopify research and development,shopify development,10,,0,,,commercial,ecommerce,False,False
shopify offline development,shopify development,10,,0,,,informational,ecommerce,False,False
shopify development book,shopify development,10,,0,,,informational,ecommerce,False,False
shopify theme development certification,shopify development,10,,0,LOW,,informational,ecommerce,False,False
how to create shopify development store,shopify development,10,,2.5,LOW,,informational,ecommerce,False,True
shopify frontend development,shopify development,10,,0,LOW,,commercial,ecommerce,False,False
shopify development tutorial,shopify development,10,,0,LOW,65,informational,ecommerce,False,False
shopify theme development in hindi,shopify development,10,,0,,,navigational,ecommerce,False,False
shopify transfer development store,shopify development,10,,0,LOW,,navigational,ecommerce,False,False
shopify website development proposal,shopify development,10,,0,LOW,,navigational,ecommerce,False,False
allow custom app development shopify,shopify development,10,,0,LOW,,informational,ecommerce,False,False
shopify app development full course,shopify development,10,,0,,,informational,ecommerce,False,False
best shopify development companies in india,shopify development,10,,2.76,HIGH,,commercial,ecommerce,True,False
shopify development workflow,shopify development,10,,0,,,informational,ecommerce,False,False
deep agency ai,ai agency,10,,0,,,informational,other,False,False
ai workflow automation agency,ai agency,10,,1.64,MEDIUM,,commercial,other,False,False
best niches for ai automation agency,ai agency,10,,0,LOW,,commercial,ai_agents,True,False
agency ai solutions github,ai agency,10,,0,,,commercial,other,False,False
ai agency list,ai agency,10,,0,LOW,,navigational,ai_agents,False,False
ai automation agency hub reviews,ai agency,10,,0,,,commercial,ai_agents,False,False
health ai agency,ai agency,10,,0,LOW,,commercial,ai_agents,False,False
ai powered virtual assistant agency for specific industries,ai agency,10,,0,,,commercial,other,False,False
human agency ai,ai agency,10,,0,LOW,,navigational,other,False,False
ai avatar agency,ai agency,10,,0.5,LOW,,navigational,other,False,False
ai integration agency,ai agency,10,,0,HIGH,,navigational,other,False,False
ai automation agency how to start,ai agency,10,,1.1,MEDIUM,,informational,ai_agents,False,False
ai automation agency accelerator by liam ottley,ai agency,10,,0,LOW,,commercial,ai_agents,False,False
ai and human agency,ai agency,10,,0,,,informational,other,False,False
ai automation agency kya hota hai,ai agency,10,,0,LOW,,commercial,ai_agents,False,False
ai automation agency australia,ai agency,10,,0,HIGH,,commercial,ai_agents,False,False
ai travel agency,ai agency,10,,0.42,LOW,,commercial,other,False,False
ai agents for marketing agency,ai agency,10,,0,LOW,,commercial,ai_agents,False,False
what is ai agency business model,ai agency,10,,0,LOW,,informational,ai_agents,False,True
ai agency names,ai agency,10,,0.91,LOW,,navigational,ai_agents,False,False
ai marketing agency uk,ai agency,10,,1.92,HIGH,,commercial,other,False,False
agency ai elias torres,ai agency,10,,0,,,navigational,other,False,False
ai agency wordpress theme,ai agency,10,,0.81,LOW,,commercial,ai_agents,False,False
advertising agency ai,ai agency,10,,0,,,commercial,other,False,False
ad agency ai,ai agency,10,,0,LOW,,commercial,other,False,False
ai marketing agency st albans,ai agency,10,,0,,,commercial,other,False,False
ai video generation agency,ai agency,10,,1.4,MEDIUM,,commercial,other,False,False
agency swarm ai,ai agency,10,,0,,,commercial,other,False,False
ai agency digital marketing,ai agency,10,,1.42,LOW,10,commercial,ai_agents,False,False
national ai agency,ai agency,10,,0,LOW,,navigational,ai_agents,False,False
agency ai careers,ai agency,10,,0,LOW,,navigational,other,False,False
ai agency for small business,ai agency,10,,1.27,LOW,,commercial,ai_agents,False,False
ai staffing agency or everyday extras,ai agency,10,,0,LOW,,navigational,other,False,False
ai software development agency,ai agency,10,,2.86,MEDIUM,,commercial,other,False,False
build ai automation agency,ai agency,10,,9.66,MEDIUM,,commercial,ai_agents,False,False
ai automation agency niches,ai agency,10,,0,LOW,,navigational,ai_agents,False,False
ai tools for digital marketing agency,ai agency,10,,0,LOW,,commercial,digital_mkt,False,False
agency ai csm,ai agency,10,,0,,,navigational,other,False,False
ai branding agency,ai agency,10,,0,MEDIUM,,commercial,other,False,False
ai automation agency for small businesses,ai agency,10,,1.02,MEDIUM,,commercial,ai_agents,False,False
ai marketing agency australia,ai agency,10,,3.14,HIGH,,commercial,other,False,False
agency ai sequoia,ai agency,10,,0,,,navigational,other,False,False
ai services agency with ai agents,ai agency,10,,0,,,navigational,ai_agents,False,False
ai automation agency jobs,ai agency,10,,0,LOW,,navigational,ai_agents,False,False
digital marketing agency ai automation support,ai agency,10,,0,MEDIUM,,commercial,ai_agents,False,False
is ai agency profitable,ai agency,10,,0,LOW,,informational,ai_agents,False,True
start ai automation agency,ai agency,10,,4.94,HIGH,,commercial,ai_agents,False,False
ai staffing agency sims 4,ai agency,10,,0,,,navigational,other,False,False
ai marketing agency in usa,ai agency,10,,3.63,HIGH,,commercial,other,False,False
ai automation agency template,ai agency,10,,0,LOW,,navigational,ai_agents,False,False
liam ottley ai automation agency,ai agency,10,,0,LOW,,navigational,ai_agents,False,False
ai social media marketing agency,ai agency,10,,1.96,LOW,,commercial,other,False,False
ai copywriting agency,ai agency,10,,0,,,commercial,other,False,False
ai implementation agency,ai agency,10,,0.63,MEDIUM,,navigational,other,False,False
ai web agency,ai agency,10,,0.85,HIGH,,commercial,other,False,False
how to start ai agency business,ai agency,10,,3.19,HIGH,,informational,ai_agents,False,True
the agency ai specialist,ai agency,10,,0,LOW,,commercial,other,False,False
agency name generator ai,ai agency,10,,0,MEDIUM,,commercial,other,False,False
ai advantage agency,ai agency,10,,0,HIGH,,commercial,other,False,False
ai human resources recruitment agency,ai agency,10,,0,,,navigational,other,False,False
ai and automation agency,ai agency,10,,1.43,MEDIUM,,navigational,other,False,False
ai agency uk,ai agency,10,,0.48,LOW,,commercial,ai_agents,False,False
digital agency ai,ai agency,10,,2.85,HIGH,,commercial,other,False,False
ai video creator agency,ai agency,10,,2.09,MEDIUM,,commercial,other,False,False
ai marketing agency course,ai agency,10,,0.76,HIGH,,commercial,other,False,False
ai automation agency 2025,ai agency,10,,0,,,commercial,ai_agents,False,False
thrive agency ai,ai agency,10,,0,,,navigational,other,False,False
ai agency amsterdam,ai agency,10,,0,,,navigational,ai_agents,False,False
defence ai project agency,ai agency,10,,0,LOW,,navigational,other,False,False
ai automation agency blueprint,ai agency,10,,0.63,LOW,,navigational,ai_agents,False,False
ai king insurance agency,ai agency,10,,0,,,navigational,other,False,False
best ai tools for digital marketing agency,ai agency,10,,0,MEDIUM,,commercial,digital_mkt,True,False
international energy agency ai energy consumption,ai agency,10,,0,,,navigational,other,False,False
ai automation agency tools,ai agency,10,,0,LOW,,commercial,ai_agents,False,False
ai agency mentorship,ai agency,10,,0,LOW,,commercial,ai_agents,False,False
ai agency start,ai agency,10,,0,,,transactional,ai_agents,False,False
agency ai customer success,ai agency,10,,0,,,navigational,other,False,False
white label ai automation agency,ai agency,10,,1.79,LOW,,commercial,ai_agents,False,False
ai consultancy agency,ai agency,10,,0.35,MEDIUM,,commercial,other,False,False
ai for marketing agency,ai agency,10,,0,,16,commercial,other,False,False
instant ai agency pdf,ai agency,10,,0,,,navigational,ai_agents,False,False
ai agency toronto,ai agency,10,,0,,,commercial,ai_agents,False,False
ads agency ai,ai agency,10,,0,LOW,,commercial,other,False,False
ai tools for marketing agency,ai agency,10,,0,LOW,,commercial,other,False,False
ai automation agency the real world,ai agency,10,,0,,,navigational,ai_agents,False,False
elatre ai creative digital marketing agency photos,ai agency,10,,0,,,commercial,digital_mkt,False,False
the real world ai automation agency,ai agency,10,,0,,,navigational,ai_agents,False,False
ai social media agency,ai agency,10,,0.9,HIGH,,commercial,other,False,False
ai solution agency,ai agency,10,,3.68,HIGH,,navigational,other,False,False
ai agency name generator,ai agency,10,,0.05,LOW,,commercial,ai_agents,False,False
how to learn ai automation agency,ai agency,10,,0,MEDIUM,,informational,ai_agents,False,True
ai automation agency ideas,ai agency,10,,0,,,commercial,ai_agents,False,False
unorthodox ai agency,ai agency,10,,0,,,navigational,ai_agents,False,False
agency and ai,ai agency,10,,0,LOW,,informational,other,False,False
ai agency website templates,ai agency,10,,0.01,LOW,,navigational,ai_agents,False,False
air ai agency,ai agency,10,,0,LOW,,navigational,ai_agents,False,False
automation agency ai,ai agency,10,,0,HIGH,16,navigational,other,False,False
start ai marketing agency,ai agency,10,,0,HIGH,,commercial,other,False,False
best ai tools for marketing agency,ai agency,10,,0,HIGH,,commercial,other,True,False
creative agency ai,ai agency,10,,0.44,MEDIUM,,commercial,other,False,False
ai tech agency,ai agency,10,,0,LOW,,commercial,other,False,False
deep agency ai models,ai agency,10,,0,,,informational,other,False,False
ai for travel agency,ai agency,10,,0.4,MEDIUM,,commercial,other,False,False
ai agency ideas,ai agency,10,,0,LOW,,commercial,ai_agents,False,False
ai web design agency,ai agency,10,,0,LOW,,commercial,web_design,False,False
ai agency university,ai agency,10,,0,,,navigational,ai_agents,False,False
ai automation agency examples,ai agency,10,,0.66,LOW,,informational,ai_agents,False,False
ai tools for agency,ai agency,10,,0,MEDIUM,,commercial,other,False,False
ai agent marketing agency,ai agency,10,,0.97,LOW,,commercial,ai_agents,False,False
ai ofm agency,ai agency,10,,0,MEDIUM,,navigational,other,False,False
ai personal branding agency,ai agency,10,,0,LOW,,commercial,other,False,False
ai agency vault,ai agency,10,,0,LOW,,navigational,ai_agents,False,False
agency ai funding,ai agency,10,,0,,,commercial,other,False,False
ai web development agency,ai agency,10,,0.81,LOW,,commercial,web_design,False,False
sims 4 ai staffing agency or everyday extras,ai agency,10,,0,,,navigational,other,False,False
ai marketing agency meaning,ai agency,10,,0,LOW,,commercial,other,False,False
what is ai marketing agency,ai agency,10,,0,LOW,,informational,other,False,True
greg squibbs ai agency,ai agency,10,,0,,,navigational,ai_agents,False,False
ai agency what is it,ai agency,10,,0,LOW,,informational,ai_agents,False,False
is ai automation agency saturated,ai agency,10,,0,LOW,,informational,ai_agents,False,True
ai agency franchise,ai agency,10,,0,LOW,,commercial,ai_agents,False,False
ai growth agency,ai agency,10,,0,LOW,,commercial,other,False,False
ai tech agency presentation,ai agency,10,,0,,,informational,other,False,False
optimind ai automation agency,ai agency,10,,0,HIGH,,commercial,ai_agents,False,False
model agency ai,ai agency,10,,0,,,commercial,other,False,False
ai digital media agency,ai agency,10,,0,LOW,,commercial,other,False,False
ai agency london,ai agency,10,,6.49,HIGH,,commercial,ai_agents,False,False
ai agency 3.0,ai agency,10,,0,,,commercial,ai_agents,False,False
ai automation agency explained,ai agency,10,,0,,,transactional,ai_agents,False,False
ai insurance agency,ai agency,10,,0,LOW,,navigational,other,False,False
free ai marketing agency,ai agency,10,,0,,,commercial,other,False,False
ai automation agency in hindi,ai agency,10,,0,LOW,,navigational,ai_agents,False,False
is ai automation agency legit,ai agency,10,,0,,,informational,ai_agents,False,True
how to start ai marketing agency,ai agency,10,,0,HIGH,,commercial,other,False,True
future ai agency & technology wordpress theme,ai agency,10,,0,LOW,,navigational,ai_agents,False,False
ai agency singapore,ai agency,10,,0,LOW,,navigational,ai_agents,False,False
ai smma agency,ai agency,10,,0,,,navigational,other,False,False
does ai have agency,ai agency,10,,0,,,informational,other,False,True
ai accelerator agency,ai agency,10,,0,,,navigational,other,False,False
agency ai agents,ai agency,10,,4.64,LOW,,navigational,ai_agents,False,False
ai fashion model agency,ai agency,10,,0,LOW,,commercial,other,False,False
general agency ai,ai agency,10,,0,LOW,,navigational,other,False,False
the agency ai specialist github,ai agency,10,,0,LOW,,transactional,other,False,False
digital marketing in an ai world futureproofing your ppc agency,ai agency,10,,0,LOW,,commercial,digital_mkt,False,False
agency agents ai,ai agency,10,,0,LOW,,commercial,other,False,False
ai marketing agency reddit,ai agency,10,,0,LOW,,commercial,other,False,False
ai automation agency accelerator liam ottley,ai agency,10,,0,LOW,,commercial,ai_agents,False,False
ai automation agency n8n,ai agency,10,,0,LOW,,navigational,ai_agents,False,False
ai agency usa,ai agency,10,,4.96,HIGH,,navigational,ai_agents,False,False
kizuna ai agency,ai agency,10,,0,,,navigational,ai_agents,False,False
ai automation agency model,ai agency,10,,0,LOW,,commercial,ai_agents,False,False
ai media agency,ai agency,10,,0,LOW,,commercial,other,False,False
ai automation marketing agency,ai agency,10,,0.6,MEDIUM,,commercial,ai_agents,False,False
the instant ai agency pdf,ai agency,10,,0,LOW,,navigational,ai_agents,False,False
automated agency ai reviews,ai agency,10,,0,LOW,,commercial,other,False,False
ai driven agency,ai agency,10,,0,LOW,,informational,other,False,False
ai automation agency by andrew tate,ai agency,10,,0,LOW,,informational,ai_agents,False,False
ai agency accelerator,ai agency,10,,0,LOW,,commercial,ai_agents,False,False
ai debt collection agency,ai agency,10,,0,LOW,,commercial,other,False,False
what is ai agency business,ai agency,10,,1.65,LOW,,informational,ai_agents,False,True
ai agency marketing,ai agency,10,,0,MEDIUM,16,commercial,ai_agents,False,False
ai automation digital agency,ai agency,10,,0,,,commercial,ai_agents,False,False
ai agency website template free,ai agency,10,,0.88,LOW,,informational,ai_agents,False,False
agency in ai,ai agency,10,,0,LOW,67,informational,other,False,False
ai agency sydney,ai agency,10,,0,LOW,,navigational,ai_agents,False,False
agency ai linkedin,ai agency,10,,0,,,navigational,other,False,False
detail ai modeling agency,ai agency,10,,0,,,navigational,other,False,False
meta capital ai automation agency,ai agency,10,,0,,,navigational,ai_agents,False,False
ai agency starter kit,ai agency,10,,0,MEDIUM,,informational,ai_agents,False,False
ai agency yc,ai agency,10,,0,LOW,,navigational,ai_agents,False,False
ai agency company,ai agency,10,,1.65,LOW,,commercial,ai_agents,False,False
ai receptionist agency,ai agency,10,,1.04,MEDIUM,,navigational,other,False,False
ai website agency,ai agency,10,,0.85,HIGH,34,navigational,other,False,False
ai agent for marketing agency,ai agency,10,,0,HIGH,,transactional,ai_agents,False,False
what is an ai automation agency,ai agency,10,,0,LOW,,informational,ai_agents,False,True
ai optimisation agency,ai agency,10,,0,LOW,,commercial,other,False,False
how to start an ai automation agency step by step,ai agency,10,,4.8,MEDIUM,,informational,ai_agents,False,True
ai automation agency liam ottley,ai agency,10,,0,LOW,,navigational,ai_agents,False,False
ai automation agency pdf,ai agency,10,,1.28,LOW,,navigational,ai_agents,False,False
ai marketing agency white label,ai agency,10,,0,,,commercial,other,False,False
the voice ai agency,ai agency,10,,0,,,commercial,ai_agents,False,False
ai influencer marketing agency,ai agency,10,,1.89,LOW,,commercial,other,False,False
what ai automation agency,ai agency,10,,0,LOW,,informational,ai_agents,False,True
ai video creation agency,ai agency,10,,1.06,MEDIUM,,commercial,other,False,False
ai agency malaysia,ai agency,10,,0,LOW,,commercial,ai_agents,False,False
ai transformation agency,ai agency,10,,0.77,MEDIUM,,commercial,other,False,False
digital marketing agency ai,ai agency,10,,0,LOW,10,commercial,digital_mkt,False,False
real estate ai automation agency,ai agency,10,,2.15,MEDIUM,,commercial,ai_agents,False,False
ai automation agency reviews,ai agency,10,,0,LOW,,commercial,ai_agents,False,False
ai content writing agency,ai agency,10,,0,MEDIUM,,commercial,other,False,False
aaa ai automation agency,ai agency,10,,2.17,LOW,,navigational,ai_agents,False,False
how to get clients for ai agency,ai agency,10,,1.65,MEDIUM,,informational,ai_agents,False,True
ai agency growth,ai agency,10,,0,LOW,,commercial,ai_agents,False,False
start an ai automation agency,ai agency,10,,0.13,HIGH,,transactional,ai_agents,False,False
ai automation agency real estate,ai agency,10,,0,,,navigational,ai_agents,False,False
ai automation agency reddit,ai agency,10,,0,LOW,,informational,ai_agents,False,False
ai and education human agency in an automated world,ai agency,10,,0,,,informational,other,False,False
ai automation agency full course,ai agency,10,,1.94,HIGH,,navigational,ai_agents,False,False
how to get clients for ai automation agency,ai agency,10,,0.89,MEDIUM,,commercial,ai_agents,False,True
multiplier ai best marketing agency in hyderabad,ai agency,10,,0,,,commercial,other,True,False
ai automation agency 2024,ai agency,10,,0,,,informational,ai_agents,False,False
ai agency discord,ai agency,10,,0,LOW,,navigational,ai_agents,False,False
ai automation agency chatbot,ai agency,10,,0,,,commercial,ai_agents,False,False
framer ai agency template,ai agency,10,,0,LOW,,navigational,ai_agents,False,False
digital ai agency,ai agency,10,,0,LOW,,commercial,ai_agents,False,False
ai automation agency london,ai agency,10,,0,LOW,,navigational,ai_agents,False,False
ai creative studio agency,ai agency,10,,0,LOW,,commercial,other,False,False
ai agency 3.0 reeve yew,ai agency,10,,0,,,informational,ai_agents,False,False
how much do ai automation agency make,ai agency,10,,0,LOW,,commercial,ai_agents,False,True
ai agency book,ai agency,10,,0,LOW,,commercial,ai_agents,False,False
ai automation agency discord,ai agency,10,,0,,,navigational,ai_agents,False,False
international energy agency energy and ai,ai agency,10,,0,LOW,,commercial,other,False,False
ai infrastructure agency,ai agency,10,,0,MEDIUM,,navigational,other,False,False
ai agency reeve,ai agency,10,,0,LOW,,navigational,ai_agents,False,False
what is an ai marketing agency,ai agency,10,,0,LOW,,informational,other,False,True
ai agency of the year,ai agency,10,,0,,,informational,ai_agents,False,False
agency ai github,ai agency,10,,0,LOW,,navigational,other,False,False
ai talent agency,ai agency,10,,0,LOW,,commercial,other,False,False
ai automation agency in dubai,ai agency,10,,1.79,MEDIUM,,commercial,ai_agents,False,False
ai speakers agency,ai agency,10,,0,,,navigational,other,False,False
starting an ai automation agency,ai agency,10,,0.13,HIGH,,commercial,ai_agents,False,False
start an ai marketing agency,ai agency,10,,0,,,transactional,other,False,False
ai automation agency tutorial,ai agency,10,,0.1,HIGH,,navigational,ai_agents,False,False
ai agency white label,ai agency,10,,3.19,MEDIUM,,commercial,ai_agents,False,False
ai united insurance agency,ai agency,10,,0,,,navigational,other,False,False
design agency ai,ai agency,10,,0,,,commercial,other,False,False
impact of ai assistance on student agency,ai agency,10,,0,LOW,,informational,other,False,False
ai chatbot automation agency,ai agency,10,,0,,,commercial,other,False,False
ai and agency,ai agency,10,,0.38,MEDIUM,,informational,other,False,False
what does an ai agency do,ai agency,10,,0,LOW,,informational,ai_agents,False,True
ai automation agency list,ai agency,10,,1.91,LOW,,navigational,ai_agents,False,False
how to create an ai automation agency,ai agency,10,,0,HIGH,,informational,ai_agents,False,True
ai marketing automation agency,ai agency,10,,3.03,LOW,,commercial,other,False,False
ai saas agency,ai agency,10,,0.91,MEDIUM,,navigational,other,False,False
ai recruitment agency uk,ai agency,10,,2.94,HIGH,,commercial,other,False,False
international energy agency ai,ai agency,10,,0,LOW,,navigational,other,False,False
the ai agency,ai agency,10,,1.62,LOW,67,navigational,ai_agents,False,False
free agency ai,ai agency,10,,0,,,commercial,other,False,False
what is an ai agency and how does it work,ai agency,10,,2.01,LOW,,informational,ai_agents,False,True
ai smart advertising agency,ai agency,10,,0,,,commercial,other,False,False
ai automation agency website template,ai agency,10,,0.09,LOW,,navigational,ai_agents,False,False
ai optimization agency,ai agency,10,,2.9,LOW,,commercial,other,False,False
ai automation agency skool,ai agency,10,,0,LOW,,navigational,ai_agents,False,False
how to make ai marketing agency,ai agency,10,,0.58,MEDIUM,,informational,other,False,True
brilliant brains ai driven growth marketing agency,ai agency,10,,0,LOW,,commercial,other,False,False
ai marketing agency services,ai agency,10,,0,LOW,,commercial,other,False,False
how to start an ai marketing agency,ai agency,10,,0,,,commercial,other,False,True
ai agent development python,ai agent development,10,,0,,,navigational,ai_agents,False,False
software development ai agent,ai agent development,10,,6.04,HIGH,,commercial,ai_agents,False,False
andrej karpathy ai agent development timeline,ai agent development,10,,0,LOW,,transactional,ai_agents,False,False
ai agent for business development,ai agent development,10,,5.98,LOW,,transactional,ai_agents,False,False
declone labs pvt ltd ai agent development company photos,ai agent development,10,,0,LOW,,commercial,ai_agents,False,False
ai agent development process,ai agent development,10,,0,LOW,,informational,ai_agents,False,False
ai agent system development,ai agent development,10,,0,,,commercial,ai_agents,False,False
ai agent development internship in bangalore,ai agent development,10,,3.87,HIGH,,commercial,ai_agents,False,False
embabel ai agent development java,ai agent development,10,,0,LOW,,transactional,ai_agents,False,False
learn ai agent development,ai agent development,10,,0,HIGH,,informational,ai_agents,False,False
google ai software agent development,ai agent development,10,,0,,,commercial,other,False,False
ai agent development kit,ai agent development,10,,0.65,MEDIUM,,transactional,ai_agents,False,False
ai agent capability development,ai agent development,10,,0,,,informational,ai_agents,False,False
ai agent development roadmap,ai agent development,10,,1.8,MEDIUM,,informational,ai_agents,False,False
ai agent for game development,ai agent development,10,,0,LOW,,commercial,ai_agents,False,False
ai agent development team,ai agent development,10,,4.06,LOW,,navigational,ai_agents,False,False
datastax ai agent development,ai agent development,10,,0,,,commercial,ai_agents,False,False
best ai agent for app development,ai agent development,10,,2.64,MEDIUM,,commercial,ai_agents,True,False
ai agent development lifecycle,ai agent development,10,,0.53,MEDIUM,,informational,ai_agents,False,False
ai agent game development,ai agent development,10,,0.05,HIGH,,commercial,ai_agents,False,False
google agent development kit ai agents,ai agent development,10,,0,LOW,49,commercial,ai_agents,False,False
no code ai agent development,ai agent development,10,,0,LOW,,commercial,ai_agents,False,False
mobile app development ai agent,ai agent development,10,,0.59,HIGH,,commercial,ai_agents,False,False
ai agent production era development toolkit,ai agent development,10,,0,,,commercial,ai_agents,False,False
ai coding agent development,ai agent development,10,,0,LOW,,commercial,other,False,False
ai agent for website development,ai agent development,10,,1.23,HIGH,,transactional,ai_agents,False,False
best ide for ai agent development,ai agent development,10,,5.76,MEDIUM,,commercial,ai_agents,True,False
generative engine optimization wiki,generative engine optimization,10,,0,LOW,,commercial,ai_seo,False,False
generative engine optimization marketing,generative engine optimization,10,,1.44,LOW,,commercial,ai_seo,False,False
generative engine optimization checklist,generative engine optimization,10,,0,LOW,,commercial,ai_seo,False,False
geo generative engine optimization arxiv,generative engine optimization,10,,0,LOW,,commercial,ai_seo,False,False
generative engine optimization expert in kerala,generative engine optimization,10,,0,LOW,,commercial,ai_seo,False,False
generative engine optimization report,generative engine optimization,10,,0,LOW,,commercial,ai_seo,False,False
best generative engine optimization for ai focused businesses,generative engine optimization,10,,0,,,commercial,ai_seo,True,False
generative engine optimization jobs,generative engine optimization,10,,0,LOW,,commercial,ai_seo,False,False
how generative engine optimization geo rewrites the rules of search,generative engine optimization,10,,0,LOW,,informational,ai_seo,False,True
generative engine optimization startups,generative engine optimization,10,,1.78,LOW,,commercial,ai_seo,False,False
generative engine optimization statistics,generative engine optimization,10,,0,LOW,,commercial,ai_seo,False,False
best tools for generative engine optimization,generative engine optimization,10,,0,,,commercial,ai_seo,True,False
top generative engine optimization companies in ai,generative engine optimization,10,,0,,,commercial,ai_seo,True,False
generative engine optimization case study,generative engine optimization,10,,0,LOW,,commercial,ai_seo,False,False
generative engine optimization how to dominate ai search,generative engine optimization,10,,1.93,LOW,,commercial,ai_seo,False,False
geo: generative engine optimization paper,generative engine optimization,10,,0,LOW,,commercial,ai_seo,False,False
generative engine optimization tips,generative engine optimization,10,,0,,,commercial,ai_seo,False,False
generative engine optimization reddit,generative engine optimization,10,,0,LOW,,commercial,ai_seo,False,False
generative engine optimization free course,generative engine optimization,10,,0,LOW,,commercial,ai_seo,False,False
generative engine optimization vs aeo,generative engine optimization,10,,0,LOW,,commercial,ai_seo,False,False
geo generative engine optimization tools,generative engine optimization,10,,1.55,MEDIUM,,commercial,ai_seo,False,False
top rated generative engine optimization for ai,generative engine optimization,10,,0,,,commercial,ai_seo,True,False
geo generative engine optimization pdf,generative engine optimization,10,,0,LOW,,commercial,ai_seo,False,False
generative engine optimization vs seo,generative engine optimization,10,,0,LOW,,commercial,ai_seo,False,False
how to measure generative engine optimization,generative engine optimization,10,,0,,,informational,ai_seo,False,True
generative engine optimization software,generative engine optimization,10,,0.33,LOW,,commercial,ai_seo,False,False
generative engine optimization wikipedia,generative engine optimization,10,,0,LOW,,commercial,ai_seo,False,False
generative ai engine optimization,generative engine optimization,10,,0.74,MEDIUM,,informational,other,False,False
generative engine optimization best practices,generative engine optimization,10,,0.58,LOW,,commercial,ai_seo,True,False
generative engine optimization full course,generative engine optimization,10,,0.21,HIGH,,commercial,ai_seo,False,False
generative engine optimization expert,generative engine optimization,10,,0,LOW,,commercial,ai_seo,False,False
how generative engine optimization works,generative engine optimization,10,,0.83,LOW,,informational,ai_seo,False,True
generative engine optimization guide,generative engine optimization,10,,0,LOW,,commercial,ai_seo,False,False
leading generative engine optimization services in ai industry,generative engine optimization,10,,0,,,commercial,ai_seo,True,False
generative engine optimization webinar,generative engine optimization,10,,0,LOW,,commercial,ai_seo,False,False
top generative engine optimization tools for ai search results,generative engine optimization,10,,0,,,commercial,ai_seo,True,False
top solutions for ai visibility and generative engine optimization,generative engine optimization,10,,0,,,commercial,ai_seo,True,False
leading generative engine optimization services for ai products,generative engine optimization,10,,0,,,commercial,ai_seo,True,False
generative engine optimization how to,generative engine optimization,10,,0,,,informational,ai_seo,False,False
what's the best generative engine optimization strategy for ai,generative engine optimization,10,,0,LOW,,informational,ai_seo,True,False
geo generative engine optimization pranjal aggarwal,generative engine optimization,10,,0,,,commercial,ai_seo,False,False
generative engine optimization arxiv,generative engine optimization,10,,0,LOW,,commercial,ai_seo,False,False
generative engine optimization github,generative engine optimization,10,,0,LOW,,commercial,ai_seo,False,False
answer engine optimization vs generative engine optimization,generative engine optimization,10,,0,LOW,,commercial,ai_seo,False,False
generative engine optimization checker,generative engine optimization,10,,1.28,LOW,,commercial,ai_seo,False,False
how does generative ai assist in search engine optimization,generative engine optimization,10,,0,LOW,,informational,other,False,True
best rated generative engine optimization for ai,generative engine optimization,10,,0,,,commercial,ai_seo,True,False
geo: generative engine optimization aggarwal,generative engine optimization,10,,0,LOW,,commercial,ai_seo,False,False
google generative engine optimization,generative engine optimization,10,,0,LOW,,commercial,ai_seo,False,False
generative engine optimization or geo,generative engine optimization,10,,0,,,informational,ai_seo,False,False
generative engine optimization research paper,generative engine optimization,10,,0,LOW,,informational,ai_seo,False,False
generative engine optimization book,generative engine optimization,10,,0,LOW,,commercial,ai_seo,False,False
how does generative engine optimization work,generative engine optimization,10,,0.41,LOW,,informational,ai_seo,False,True
generative engine optimization pdf,generative engine optimization,10,,4.11,LOW,,informational,ai_seo,False,False
generative engine optimization audit,generative engine optimization,10,,0,LOW,,commercial,ai_seo,False,False
geo generative engine optimization paper,generative engine optimization,10,,0,LOW,,commercial,ai_seo,False,False
which generative engine optimization is best for ai,generative engine optimization,10,,0,,,commercial,ai_seo,True,True
generative ai search engine optimization,generative engine optimization,10,,0,LOW,,commercial,ai_seo,False,False
generative engine optimization paper,generative engine optimization,10,,0,LOW,,informational,ai_seo,False,False
ai tools with best generative engine optimization features,generative engine optimization,10,,0,,,commercial,ai_seo,True,False
top generative engine optimization strategies for ai visibility,generative engine optimization,10,,0,LOW,,commercial,ai_seo,True,False
generative engine optimization semrush,generative engine optimization,10,,0,LOW,,commercial,ai_seo,False,False
generative engine optimization what is it,generative engine optimization,10,,0,LOW,,informational,ai_seo,False,False
semrush generative engine optimization,generative engine optimization,10,,0,LOW,,commercial,ai_seo,False,False
generative engine optimization and answer engine optimization,generative engine optimization,10,,0,HIGH,,commercial,ai_seo,False,False
best answer engine optimization solutions for ai tech,answer engine optimization,10,,0,,,commercial,ai_seo,True,False
answer engine optimization tutorial,answer engine optimization,10,,0,LOW,,commercial,ai_seo,False,False
most popular answer engine optimization for ai products,answer engine optimization,10,,0,,,commercial,ai_seo,False,False
answer engine optimization zero click searches,answer engine optimization,10,,0,,,commercial,ai_seo,False,False
best answer engine optimization services,answer engine optimization,10,,0,LOW,,commercial,ai_seo,True,False
top answer engine optimization services for ai industry,answer engine optimization,10,,0,,,commercial,ai_seo,True,False
how to do answer engine optimization,answer engine optimization,10,,0.78,MEDIUM,,informational,ai_seo,False,True
answer engine optimization wikipedia,answer engine optimization,10,,0,LOW,,informational,ai_seo,False,False
answer engine optimization reddit,answer engine optimization,10,,0,LOW,,commercial,ai_seo,False,False
best answer engine optimization methods for ai visibility,answer engine optimization,10,,0,,,commercial,ai_seo,True,False
best answer engine optimization for ai focused tech,answer engine optimization,10,,0,,,commercial,ai_seo,True,False
best practices for answer engine optimization,answer engine optimization,10,,0,LOW,,commercial,ai_seo,True,False
answer engine optimization course free,answer engine optimization,10,,0.17,LOW,,commercial,ai_seo,False,False
what is the best software for answer engine optimization,answer engine optimization,10,,0,,,commercial,ai_seo,True,True
top answer engine optimization options for ai visibility products,answer engine optimization,10,,0,,,commercial,ai_seo,True,False
best answer engine optimization for ai driven platforms,answer engine optimization,10,,0,,,commercial,ai_seo,True,False
answer engine optimization definition,answer engine optimization,10,,0,LOW,,informational,ai_seo,False,False
best answer engine optimization services for ai visibility,answer engine optimization,10,,0,,,commercial,ai_seo,True,False
answer engine optimization certification,answer engine optimization,10,,0.53,MEDIUM,,commercial,ai_seo,False,False
best answer engine optimization for enhancing ai visibility,answer engine optimization,10,,0,LOW,,commercial,ai_seo,True,False
what's the best answer engine optimization tool,answer engine optimization,10,,0,LOW,,informational,ai_seo,True,False
ai answer engine optimization,answer engine optimization,10,,0,LOW,,commercial,ai_seo,False,False
answer engine optimization full course,answer engine optimization,10,,0,,,commercial,ai_seo,False,False
best rated answer engine optimization tools,answer engine optimization,10,,0,LOW,,commercial,ai_seo,True,False
top rated answer engine optimization for ai products,answer engine optimization,10,,0,,,commercial,ai_seo,True,False
website design india freelance,web design company,10,,0,LOW,,navigational,web_design,False,False
best web design company in the world,web design company,10,,0.48,MEDIUM,,commercial,web_design,True,False
companies that make websites for you,web design company,10,,0,HIGH,,informational,other,False,False
best website design companies for small business,web design company,10,,0,LOW,92,commercial,web_design,True,False
list of web development company in india,web development company,10,,1.32,HIGH,,commercial,web_design,False,False
freelance web developer company names,web development company,10,,0,,,commercial,other,False,False
web designing event names,web development company,10,,0,,,informational,web_design,False,False
real estate development company name ideas,web development company,10,,0,LOW,,informational,other,False,False
domain name for web developer,web development company,10,,0,HIGH,,commercial,other,False,False
names for website business,web development company,10,,0,,,commercial,other,False,False
best web development company in the world,web development company,10,,0,LOW,100,commercial,web_design,True,False
top 10 web development company in hyderabad,web development company,10,,0,,,commercial,web_design,True,False
e commerce web development project,ecommerce development company,10,,0,LOW,,commercial,web_design,False,False
ecommerce development services in india,ecommerce development company,10,,0,LOW,,commercial,ecommerce,False,False
best ecommerce development services,ecommerce development company,10,,0,LOW,,commercial,ecommerce,True,False
top 10 digital marketing agency near me,digital marketing agency,10,,0,LOW,,commercial,digital_mkt,True,False
best digital marketing agency in india instagram,digital marketing agency,10,,0,LOW,,commercial,digital_mkt,True,False
digital marketing agency list in usa,digital marketing agency,10,,0,HIGH,,commercial,digital_mkt,False,False
list of digital marketing agency in delhi,digital marketing agency,10,,0,LOW,,commercial,digital_mkt,False,False
top 50 digital marketing companies in hyderabad,digital marketing agency,10,,0,LOW,,commercial,digital_mkt,True,False
digital marketing startup companies in hyderabad,digital marketing agency,10,,1.51,MEDIUM,,commercial,digital_mkt,False,False
