domain,n_competitors,best_rank,links_to
oppalerts.com,9,0,absoluteweb.com|elogic.co|heycarson.com|iwdagency.com|magefan.com|netalico.com|optimum7.com|sherocommerce.com|swankyagency.com
eliterankdirectory.com,9,0,absoluteweb.com|elogic.co|heycarson.com|iwdagency.com|magefan.com|netalico.com|optimum7.com|sherocommerce.com|swankyagency.com
accio.com,8,157,absoluteweb.com|digitalsuits.co|elogic.co|heycarson.com|iwdagency.com|magefan.com|sherocommerce.com|swankyagency.com
robuta.com,8,6,absoluteweb.com|elogic.co|iwdagency.com|magefan.com|netalico.com|optimum7.com|sherocommerce.com|swankyagency.com
worldbusinesspromote.com,8,0,absoluteweb.com|heycarson.com|iwdagency.com|magefan.com|netalico.com|optimum7.com|sherocommerce.com|swankyagency.com
enterprisedirectoryhub.com,8,0,absoluteweb.com|heycarson.com|iwdagency.com|magefan.com|netalico.com|optimum7.com|sherocommerce.com|swankyagency.com
primecompanydirectory.com,8,0,absoluteweb.com|heycarson.com|iwdagency.com|magefan.com|netalico.com|optimum7.com|sherocommerce.com|swankyagency.com
businesslistingportal.com,7,0,absoluteweb.com|heycarson.com|iwdagency.com|magefan.com|netalico.com|sherocommerce.com|swankyagency.com
allistingdirectory.com,7,0,absoluteweb.com|heycarson.com|iwdagency.com|magefan.com|netalico.com|sherocommerce.com|swankyagency.com
linkpointdirectory.com,7,0,absoluteweb.com|heycarson.com|iwdagency.com|magefan.com|netalico.com|sherocommerce.com|swankyagency.com
skylinkseo.site,7,0,absoluteweb.com|heycarson.com|iwdagency.com|magefan.com|netalico.com|sherocommerce.com|swankyagency.com
nckl.gov.kh,6,212,absoluteweb.com|elogic.co|heycarson.com|magefan.com|sherocommerce.com|swankyagency.com
subdomainfinder.io,6,184,elogic.co|iwdagency.com|magefan.com|optimum7.com|sherocommerce.com|swankyagency.com
trustlist.uk,6,51,absoluteweb.com|digitalsuits.co|elogic.co|iwdagency.com|sherocommerce.com|swankyagency.com
pubrio.com,6,0,absoluteweb.com|elogic.co|magefan.com|netalico.com|sherocommerce.com|swankyagency.com
get.ind.in,6,0,elogic.co|heycarson.com|iwdagency.com|magefan.com|netalico.com|optimum7.com
phinin.com,6,0,absoluteweb.com|heycarson.com|iwdagency.com|magefan.com|netalico.com|optimum7.com
booksreadr.org,6,0,absoluteweb.com|heycarson.com|iwdagency.com|netalico.com|sherocommerce.com|swankyagency.com
seodirectorypro.com,6,0,absoluteweb.com|heycarson.com|iwdagency.com|netalico.com|sherocommerce.com|swankyagency.com
fastrankdirectory.com,6,0,absoluteweb.com|heycarson.com|iwdagency.com|netalico.com|sherocommerce.com|swankyagency.com
powerlinkdirectory.com,6,0,absoluteweb.com|heycarson.com|iwdagency.com|netalico.com|sherocommerce.com|swankyagency.com
seobacklinkdirectory.com,6,0,absoluteweb.com|heycarson.com|iwdagency.com|netalico.com|sherocommerce.com|swankyagency.com
authorityprodirectory.com,6,0,absoluteweb.com|heycarson.com|iwdagency.com|netalico.com|sherocommerce.com|swankyagency.com
globalrankdirectory.com,6,0,absoluteweb.com|heycarson.com|iwdagency.com|netalico.com|sherocommerce.com|swankyagency.com
seotrafficdirectory.com,6,0,absoluteweb.com|heycarson.com|iwdagency.com|netalico.com|sherocommerce.com|swankyagency.com
traffichubdirectory.com,6,0,absoluteweb.com|heycarson.com|iwdagency.com|netalico.com|sherocommerce.com|swankyagency.com
linkboostdirectory.com,6,0,absoluteweb.com|heycarson.com|iwdagency.com|netalico.com|sherocommerce.com|swankyagency.com
worldseodirectory.com,6,0,absoluteweb.com|heycarson.com|iwdagency.com|netalico.com|sherocommerce.com|swankyagency.com
topsiterankdirectory.com,6,0,absoluteweb.com|heycarson.com|iwdagency.com|netalico.com|sherocommerce.com|swankyagency.com
yelpdirectory.com,6,0,absoluteweb.com|heycarson.com|iwdagency.com|netalico.com|sherocommerce.com|swankyagency.com
glood.ai,6,0,absoluteweb.com|elogic.co|iwdagency.com|optimum7.com|sherocommerce.com|swankyagency.com
daolink.mom,6,0,absoluteweb.com|heycarson.com|iwdagency.com|optimum7.com|sherocommerce.com|swankyagency.com
seomuda.id,6,0,absoluteweb.com|heycarson.com|iwdagency.com|optimum7.com|sherocommerce.com|swankyagency.com
messageceo.com,5,79,absoluteweb.com|iwdagency.com|optimum7.com|sherocommerce.com|swankyagency.com
decoupage-paper.com,5,51,absoluteweb.com|heycarson.com|iwdagency.com|magefan.com|optimum7.com
avelize.com,5,50,absoluteweb.com|elogic.co|iwdagency.com|netalico.com|sherocommerce.com
partnerbase.com,5,49,iwdagency.com|magefan.com|netalico.com|optimum7.com|sherocommerce.com
concejomunicipaldechinu.gov.co,5,29,absoluteweb.com|heycarson.com|iwdagency.com|magefan.com|swankyagency.com
scaleshopify.com,5,24,elogic.co|heycarson.com|netalico.com|sherocommerce.com|swankyagency.com
vuink.com,5,24,absoluteweb.com|digitalsuits.co|heycarson.com|iwdagency.com|optimum7.com
m98ufa.com,5,0,heycarson.com|iwdagency.com|magefan.com|netalico.com|optimum7.com
plumeriamarketing.com,5,0,heycarson.com|iwdagency.com|magefan.com|netalico.com|optimum7.com
infowebworld.com,5,0,absoluteweb.com|elogic.co|iwdagency.com|netalico.com|swankyagency.com
constitute.net,5,0,heycarson.com|iwdagency.com|magefan.com|netalico.com|optimum7.com
ahrefs-links.com,5,0,absoluteweb.com|heycarson.com|iwdagency.com|netalico.com|sherocommerce.com
backlinkboostdirectory.com,5,0,absoluteweb.com|heycarson.com|iwdagency.com|netalico.com|sherocommerce.com
pagesearch.net,5,0,absoluteweb.com|heycarson.com|iwdagency.com|magefan.com|swankyagency.com
torun-stolarz.pl,5,0,absoluteweb.com|heycarson.com|iwdagency.com|optimum7.com|swankyagency.com
shoplogist.com,5,0,heycarson.com|iwdagency.com|optimum7.com|sherocommerce.com|swankyagency.com
shopify.com,4,161,digitalsuits.co|heycarson.com|magefan.com|netalico.com
casestudies.com,4,137,absoluteweb.com|iwdagency.com|netalico.com|sherocommerce.com
lestow.com,4,51,absoluteweb.com|digitalsuits.co|elogic.co|netalico.com
agencylist.com,4,51,absoluteweb.com|elogic.co|iwdagency.com|sherocommerce.com
clientsbee.com,4,51,digitalsuits.co|heycarson.com|iwdagency.com|sherocommerce.com
peekwire.com,4,14,absoluteweb.com|digitalsuits.co|netalico.com|swankyagency.com
wtoregister.com,4,7,absoluteweb.com|iwdagency.com|netalico.com|sherocommerce.com
thimpress.com,4,0,absoluteweb.com|magefan.com|netalico.com|swankyagency.com
text.com,4,0,absoluteweb.com|elogic.co|netalico.com|sherocommerce.com
zxdok.ggff.net,4,0,elogic.co|magefan.com|netalico.com|sherocommerce.com
skin-laser-imaging.org,4,0,absoluteweb.com|elogic.co|netalico.com|swankyagency.com
elogic.co,4,0,absoluteweb.com|iwdagency.com|netalico.com|swankyagency.com
freeworlddirectory.com,4,0,heycarson.com|iwdagency.com|magefan.com|netalico.com
backlink.solutions,4,0,heycarson.com|iwdagency.com|magefan.com|netalico.com
million.pro,4,0,heycarson.com|iwdagency.com|magefan.com|netalico.com
w3bdirectory.com,4,0,absoluteweb.com|heycarson.com|iwdagency.com|netalico.com
highground.asia,4,0,absoluteweb.com|netalico.com|sherocommerce.com|swankyagency.com
vendorland.com,4,0,absoluteweb.com|iwdagency.com|netalico.com|sherocommerce.com
zoominfo.com,4,0,elogic.co|iwdagency.com|sherocommerce.com|swankyagency.com
2x9.co,4,0,absoluteweb.com|iwdagency.com|sherocommerce.com|swankyagency.com
articlement.com,4,0,elogic.co|heycarson.com|magefan.com|optimum7.com
bestadultdirectory.com,4,0,heycarson.com|iwdagency.com|magefan.com|optimum7.com
topdevs.ai,4,0,absoluteweb.com|iwdagency.com|optimum7.com|sherocommerce.com
siteprice.org,4,0,absoluteweb.com|heycarson.com|iwdagency.com|sherocommerce.com
mediedirectory.com,4,0,heycarson.com|iwdagency.com|optimum7.com|sherocommerce.com
globalcocolk.com,4,0,absoluteweb.com|heycarson.com|iwdagency.com|sherocommerce.com
usaseodirectory.com,4,0,absoluteweb.com|heycarson.com|iwdagency.com|sherocommerce.com
astrologlar.com,4,0,absoluteweb.com|heycarson.com|iwdagency.com|sherocommerce.com
sisgroup.lk,4,0,absoluteweb.com|heycarson.com|iwdagency.com|sherocommerce.com
m-he.com,4,0,absoluteweb.com|heycarson.com|iwdagency.com|sherocommerce.com
platodata.ai,3,149,absoluteweb.com|elogic.co|netalico.com
mgt-commerce.com,3,116,elogic.co|iwdagency.com|magefan.com
businessfirms.co,3,94,absoluteweb.com|digitalsuits.co|elogic.co
mobileappdaily.com,3,84,absoluteweb.com|elogic.co|iwdagency.com
entrepreneursbreak.com,3,79,elogic.co|netalico.com|optimum7.com
honeyhat.com,3,76,heycarson.com|optimum7.com|sherocommerce.com
geeksscan.com,3,72,digitalsuits.co|elogic.co|optimum7.com
techbullion.com,3,70,digitalsuits.co|iwdagency.com|netalico.com
mikegingerich.com,3,60,digitalsuits.co|elogic.co|optimum7.com
postgradoune.edu.pe,3,58,heycarson.com|magefan.com|optimum7.com
coleap.com,3,57,absoluteweb.com|netalico.com|sherocommerce.com
nerdbot.com,3,57,digitalsuits.co|elogic.co|netalico.com
klaviyo.com,3,55,heycarson.com|magefan.com|swankyagency.com
eztalks.com,3,51,digitalsuits.co|elogic.co|netalico.com
selfgrowth.app,3,51,digitalsuits.co|elogic.co|optimum7.com
cbinsights.com,3,44,elogic.co|sherocommerce.com|swankyagency.com
ecomdesignpro.com,3,43,absoluteweb.com|optimum7.com|sherocommerce.com
awesomejobs.io,3,42,iwdagency.com|netalico.com|sherocommerce.com
cience.com,3,40,absoluteweb.com|netalico.com|optimum7.com
bit.ly,3,35,heycarson.com|iwdagency.com|swankyagency.com
growjo.com,3,34,absoluteweb.com|digitalsuits.co|sherocommerce.com
amraandelma.com,3,28,absoluteweb.com|heycarson.com|swankyagency.com
usawire.com,3,23,digitalsuits.co|netalico.com|optimum7.com
speakrj.com,3,23,digitalsuits.co|elogic.co|netalico.com
1800dtc.com,3,19,absoluteweb.com|netalico.com|swankyagency.com
digitalsuits.co,3,13,absoluteweb.com|elogic.co|netalico.com
themarketingagency.ca,3,7,digitalsuits.co|netalico.com|swankyagency.com
a2zdevcenter.com,3,0,absoluteweb.com|elogic.co|netalico.com
bigfolio.co,3,0,netalico.com|optimum7.com|sherocommerce.com
studiorank.ai,3,0,absoluteweb.com|elogic.co|netalico.com
checkthat.ai,3,0,elogic.co|iwdagency.com|netalico.com
citeddigital.co,3,0,netalico.com|sherocommerce.com|swankyagency.com
99ecommerceexperts.com,3,0,netalico.com|sherocommerce.com|swankyagency.com
domainnameshub.com,3,0,heycarson.com|iwdagency.com|netalico.com
websitescrawl.com,3,0,heycarson.com|netalico.com|sherocommerce.com
forbes.com,3,0,elogic.co|netalico.com|optimum7.com
contactout.com,3,0,absoluteweb.com|iwdagency.com|netalico.com
grokipedia.com,3,0,iwdagency.com|netalico.com|sherocommerce.com
allaboutseo.net,3,0,heycarson.com|iwdagency.com|netalico.com
aitrillion.com,3,0,elogic.co|netalico.com|swankyagency.com
onelittleweb.com,3,0,absoluteweb.com|netalico.com|swankyagency.com
amasty.net,3,0,iwdagency.com|netalico.com|sherocommerce.com
domainnamesbook.com,3,0,heycarson.com|iwdagency.com|netalico.com
allreviews.in,3,0,heycarson.com|iwdagency.com|netalico.com
backlinks.cyou,3,0,absoluteweb.com|heycarson.com|netalico.com
catchexperts.com,3,0,absoluteweb.com|netalico.com|sherocommerce.com
noratr.app,3,0,absoluteweb.com|magefan.com|netalico.com
new.net.in,3,0,heycarson.com|iwdagency.com|netalico.com
avenuez.com,3,0,absoluteweb.com|netalico.com|sherocommerce.com
scayla.co.il,3,0,elogic.co|sherocommerce.com|swankyagency.com
yuko.so,3,0,elogic.co|heycarson.com|swankyagency.com
hashnode.dev,3,0,elogic.co|sherocommerce.com|swankyagency.com
webiano.digital,3,0,elogic.co|sherocommerce.com|swankyagency.com
seodirectorysite.com,3,0,heycarson.com|magefan.com|swankyagency.com
blueswitch.com,3,0,absoluteweb.com|sherocommerce.com|swankyagency.com
fingerprint.to,3,0,absoluteweb.com|sherocommerce.com|swankyagency.com
rankvanceseo.info,3,0,iwdagency.com|optimum7.com|swankyagency.com
pendium.ai,3,0,iwdagency.com|magefan.com|swankyagency.com
ododuorpremium.com,3,0,absoluteweb.com|iwdagency.com|swankyagency.com
212.52.6.47,3,0,heycarson.com|magefan.com|swankyagency.com
ecomxagency.com,3,0,heycarson.com|sherocommerce.com|swankyagency.com
avada.io,3,0,absoluteweb.com|sherocommerce.com|swankyagency.com
startupintros.com,3,0,elogic.co|iwdagency.com|sherocommerce.com
five.co.in,3,0,absoluteweb.com|iwdagency.com|optimum7.com
dltech.forum,3,0,heycarson.com|iwdagency.com|sherocommerce.com
datanyze.com,3,0,absoluteweb.com|iwdagency.com|optimum7.com
kobedigital.com,3,0,absoluteweb.com|heycarson.com|iwdagency.com
leadsightpro.com,3,0,absoluteweb.com|iwdagency.com|sherocommerce.com
xedulichdaklak.com,3,0,absoluteweb.com|heycarson.com|iwdagency.com
yellowpages.com,3,0,absoluteweb.com|iwdagency.com|sherocommerce.com
feedspot.com,3,0,absoluteweb.com|iwdagency.com|sherocommerce.com
4thandjawn.com,3,0,absoluteweb.com|iwdagency.com|sherocommerce.com
sohofiy.com,3,0,heycarson.com|iwdagency.com|sherocommerce.com
fastrankingdirectory.com,3,0,absoluteweb.com|iwdagency.com|sherocommerce.com
liquidweb.com,3,0,iwdagency.com|magefan.com|sherocommerce.com
aidirectoryzone.com,3,0,heycarson.com|iwdagency.com|sherocommerce.com
webusdirectory.com,3,0,heycarson.com|iwdagency.com|sherocommerce.com
allbusinesdirectory.com,3,0,heycarson.com|iwdagency.com|sherocommerce.com
worldrankdirectory.com,3,0,heycarson.com|iwdagency.com|sherocommerce.com
rankmeetsitesdirectory.com,3,0,heycarson.com|iwdagency.com|sherocommerce.com
linkhubdirectory.com,3,0,heycarson.com|iwdagency.com|sherocommerce.com
seozonedirectory.com,3,0,heycarson.com|iwdagency.com|sherocommerce.com
mediapostdirectory.com,3,0,heycarson.com|iwdagency.com|sherocommerce.com
gaister.com,3,0,heycarson.com|iwdagency.com|sherocommerce.com
mydeepin.ru,3,0,heycarson.com|iwdagency.com|sherocommerce.com
ahrefsdirectory.com,3,0,heycarson.com|iwdagency.com|sherocommerce.com
kingranks.com,3,0,absoluteweb.com|heycarson.com|iwdagency.com
cacaolandbmt.com,3,0,absoluteweb.com|heycarson.com|sherocommerce.com
onemilliondomains.com,3,0,absoluteweb.com|heycarson.com|magefan.com
productionfunctionusa.com,3,0,absoluteweb.com|heycarson.com|sherocommerce.com
seotech2.com,3,0,absoluteweb.com|heycarson.com|sherocommerce.com
digitalsuits.uk,2,256,digitalsuits.co|swankyagency.com
tenten.co,2,141,absoluteweb.com|sherocommerce.com
ppcinfo.com,2,135,magefan.com|swankyagency.com
best-shopify-plus-development-companies.com,2,119,elogic.co|swankyagency.com
justwebworld.com,2,118,elogic.co|optimum7.com
itewiki.fi,2,117,iwdagency.com|sherocommerce.com
flokii.com,2,117,absoluteweb.com|digitalsuits.co
pantheonuk.org,2,98,digitalsuits.co|optimum7.com
carefocusdaily.com,2,97,optimum7.com|swankyagency.com
imaginebusiness.es,2,96,elogic.co|heycarson.com
techktimes.com,2,96,digitalsuits.co|elogic.co
wellicious.com,2,96,heycarson.com|magefan.com
behance.net,2,90,digitalsuits.co|elogic.co
financialcontent.com,2,86,absoluteweb.com|netalico.com
ranktracker.com,2,85,netalico.com|optimum7.com
channelsdrive.com,2,79,digitalsuits.co|elogic.co
newsanyway.com,2,79,digitalsuits.co|elogic.co
tipsfromcomputertechs.com,2,79,digitalsuits.co|elogic.co
ultracommerce.co,2,79,absoluteweb.com|sherocommerce.com
saashub.com,2,77,magefan.com|sherocommerce.com
trendyapayzeka.com.tr,2,68,digitalsuits.co|elogic.co
timebusinessnews.com,2,67,netalico.com|optimum7.com
refpropos.online,2,63,digitalsuits.co|netalico.com
storeleads.app,2,63,magefan.com|sherocommerce.com
wiza.co,2,61,iwdagency.com|optimum7.com
getassist.net,2,60,digitalsuits.co|elogic.co
amazingviralnews.com,2,57,elogic.co|optimum7.com
intently.co,2,57,absoluteweb.com|sherocommerce.com
countwordsfree.com,2,52,digitalsuits.co|netalico.com
phdeck.com,2,52,heycarson.com|magefan.com
ultimatestatusbar.com,2,51,digitalsuits.co|netalico.com
shopifyagencydirectory.com,2,51,netalico.com|swankyagency.com
wpfastestcache.com,2,51,digitalsuits.co|netalico.com
inkl.com,2,51,digitalsuits.co|netalico.com
tacticlinks.com,2,51,elogic.co|swankyagency.com
enosisoutsourcing.com,2,51,digitalsuits.co|elogic.co
es2017.io,2,51,digitalsuits.co|elogic.co
guidebrain.com,2,51,digitalsuits.co|elogic.co
thescholartimes.com,2,51,digitalsuits.co|elogic.co
publicistpaper.com,2,51,digitalsuits.co|elogic.co
valiantceo.com,2,51,digitalsuits.co|elogic.co
getblogo.com,2,51,digitalsuits.co|elogic.co
thebusinesstime.co.uk,2,51,digitalsuits.co|elogic.co
affine.pro,2,51,digitalsuits.co|elogic.co
quorablog.com,2,51,digitalsuits.co|elogic.co
5ms.co.uk,2,51,magefan.com|sherocommerce.com
chartsattack.com,2,51,digitalsuits.co|optimum7.com
scholarlyo.com,2,51,digitalsuits.co|optimum7.com
pinoybisnes.com,2,51,digitalsuits.co|optimum7.com
sisfoperch.edu.pe,2,47,heycarson.com|magefan.com
weglot.com,2,46,magefan.com|swankyagency.com
getrecharge.com,2,45,absoluteweb.com|swankyagency.com
8ch.net,2,45,digitalsuits.co|elogic.co
esad.edu.br,2,45,heycarson.com|magefan.com
solutionhow.com,2,44,digitalsuits.co|elogic.co
staymodern.ai,2,42,optimum7.com|swankyagency.com
yeahhub.com,2,41,elogic.co|optimum7.com
package-maven.com,2,40,iwdagency.com|magefan.com
topcoreidea.com,2,35,digitalsuits.co|netalico.com
topitfirms.co,2,35,absoluteweb.com|elogic.co
fontica.com,2,35,digitalsuits.co|elogic.co
trendytarzen.com,2,35,digitalsuits.co|elogic.co
celebritiesincome.com,2,35,digitalsuits.co|elogic.co
theworldbeast.com,2,33,heycarson.com|optimum7.com
ritzhospitality.edu.np,2,32,heycarson.com|swankyagency.com
thestartupmag.com,2,32,digitalsuits.co|elogic.co
partnerpage.io,2,29,absoluteweb.com|swankyagency.com
teamrockie.com,2,26,digitalsuits.co|elogic.co
amasty.com,2,25,elogic.co|netalico.com
reverbico.com,2,25,digitalsuits.co|elogic.co
ipwithease.com,2,24,digitalsuits.co|elogic.co
staffingtalk.com,2,23,digitalsuits.co|netalico.com
ceoweekly.com,2,23,absoluteweb.com|netalico.com
opsmatters.com,2,23,digitalsuits.co|netalico.com
nerdisa.com,2,23,elogic.co|swankyagency.com
edutechbuddy.com,2,23,digitalsuits.co|elogic.co
ultraupdates.com,2,23,digitalsuits.co|elogic.co
wikipout.com,2,23,digitalsuits.co|elogic.co
websta.me,2,23,digitalsuits.co|elogic.co
notifyninja.com,2,23,iwdagency.com|optimum7.com
ecommerce-for-business.com,2,23,absoluteweb.com|optimum7.com
thewiremagazine.com,2,23,digitalsuits.co|optimum7.com
stackwho.com,2,23,optimum7.com|sherocommerce.com
primefirms.co,2,15,elogic.co|netalico.com
nyweekly.com,2,14,absoluteweb.com|netalico.com
productopedias.blogspot.com,2,14,digitalsuits.co|elogic.co
linuxtechlab.com,2,14,digitalsuits.co|elogic.co
100cms.org,2,14,iwdagency.com|magefan.com
bethnalgreenventures.com,2,14,heycarson.com|magefan.com
opteo.com,2,14,heycarson.com|magefan.com
theninehertz.com,2,14,heycarson.com|magefan.com
zephyrnet.com,2,13,absoluteweb.com|elogic.co
artsyltech.com,2,12,digitalsuits.co|iwdagency.com
martech360.com,2,11,absoluteweb.com|optimum7.com
heyneuron.com,2,10,magefan.com|sherocommerce.com
appsruntheworld.com,2,7,absoluteweb.com|netalico.com
village.do,2,7,digitalsuits.co|netalico.com
altiusdirectory.com,2,7,netalico.com|swankyagency.com
stormy.ai,2,7,elogic.co|netalico.com
happenstance.ai,2,7,heycarson.com|swankyagency.com
comparable-companies.com,2,7,absoluteweb.com|swankyagency.com
founderoperator.com,2,7,elogic.co|swankyagency.com
axiomq.com,2,7,digitalsuits.co|elogic.co
trustworthyseocompany.com,2,7,iwdagency.com|optimum7.com
reliablecounter.com,2,7,digitalsuits.co|optimum7.com
edesk.com,2,6,digitalsuits.co|elogic.co
sherocommerce.com,2,4,absoluteweb.com|heycarson.com
vanchat.io,2,1,heycarson.com|sherocommerce.com
simplesformalidade.com,2,0,elogic.co|netalico.com
postsdirectory.com,2,0,iwdagency.com|netalico.com
getwiser.ai,2,0,absoluteweb.com|netalico.com
blackbeltcommerce.com,2,0,netalico.com|sherocommerce.com
hubp.de,2,0,magefan.com|netalico.com
hubako.com,2,0,netalico.com|swankyagency.com
marketingltb.com,2,0,netalico.com|sherocommerce.com
times-online.com,2,0,absoluteweb.com|netalico.com
mymotherlode.com,2,0,absoluteweb.com|netalico.com
businessinsurance.com,2,0,absoluteweb.com|netalico.com
gylab.com,2,0,netalico.com|sherocommerce.com
digitalreference.co,2,0,netalico.com|sherocommerce.com
thriveagency.com,2,0,magefan.com|netalico.com
webfueldigital.com,2,0,netalico.com|swankyagency.com
magentoassociation.org,2,0,magefan.com|netalico.com
ecommercefastlane.com,2,0,netalico.com|sherocommerce.com
thedatascientist.com,2,0,iwdagency.com|netalico.com
mydomaininfo.com,2,0,iwdagency.com|netalico.com
neudesk.com,2,0,absoluteweb.com|netalico.com
wholesalehelper.io,2,0,netalico.com|swankyagency.com
braid.in,2,0,heycarson.com|netalico.com
colasdn.top,2,0,netalico.com|sherocommerce.com
shopplaza.io,2,0,netalico.com|swankyagency.com
websitesreports.com,2,0,iwdagency.com|netalico.com
gitmemories.com,2,0,netalico.com|sherocommerce.com
information.net.in,2,0,heycarson.com|netalico.com
99w.im,2,0,heycarson.com|netalico.com
proseoarticles.com,2,0,heycarson.com|netalico.com
linkanews.com,2,0,heycarson.com|netalico.com
prolinksdirectory.com,2,0,heycarson.com|netalico.com
linkodirectory.com,2,0,heycarson.com|netalico.com
rankerdirectory.com,2,0,heycarson.com|netalico.com
a2zseoarticles.com,2,0,heycarson.com|netalico.com
postonseo.com,2,0,heycarson.com|netalico.com
clicktohigh.com,2,0,heycarson.com|netalico.com
businessnewses.com,2,0,heycarson.com|netalico.com
proseolinksdirectory.com,2,0,heycarson.com|netalico.com
globalseoarticles.com,2,0,heycarson.com|netalico.com
seohubdirectory.com,2,0,heycarson.com|netalico.com
sitesnewses.com,2,0,heycarson.com|netalico.com
smartsbusinesswire.com,2,0,optimum7.com|swankyagency.com
businessheraldonline.com,2,0,optimum7.com|swankyagency.com
margly.io,2,0,sherocommerce.com|swankyagency.com
seo-anomaly-top-41.xyz,2,0,elogic.co|swankyagency.com
seo-anomaly-top-58.xyz,2,0,elogic.co|swankyagency.com
seo-anomaly-top-59.xyz,2,0,elogic.co|swankyagency.com
seo-anomaly-top-53.xyz,2,0,elogic.co|swankyagency.com
patchworks.io,2,0,sherocommerce.com|swankyagency.com
safentrusted.com,2,0,magefan.com|swankyagency.com
worldtopwebsite.com,2,0,iwdagency.com|swankyagency.com
rankvanceauthority.info,2,0,iwdagency.com|swankyagency.com
checkoutchamp.com,2,0,sherocommerce.com|swankyagency.com
appstoreresearch.com,2,0,sherocommerce.com|swankyagency.com
opensend.com,2,0,absoluteweb.com|swankyagency.com
webspirit.agency,2,0,absoluteweb.com|swankyagency.com
luma.com,2,0,absoluteweb.com|swankyagency.com
heseven.com,2,0,sherocommerce.com|swankyagency.com
bluecantera.com,2,0,absoluteweb.com|swankyagency.com
xgentech.net,2,0,absoluteweb.com|swankyagency.com
toplinksdirectory.com,2,0,heycarson.com|swankyagency.com
mdctechmarketing.com,2,0,absoluteweb.com|swankyagency.com
assurances.gov.gh,2,0,heycarson.com|swankyagency.com
whatarethebest.com,2,0,iwdagency.com|swankyagency.com
bestarticleworld.com,2,0,sherocommerce.com|swankyagency.com
wearepresta.com,2,0,sherocommerce.com|swankyagency.com
rechargeast.com,2,0,absoluteweb.com|swankyagency.com
codism.io,2,0,absoluteweb.com|swankyagency.com
digitalmarketingjobs.com,2,0,sherocommerce.com|swankyagency.com
brandradar.org,2,0,absoluteweb.com|swankyagency.com
techbehemoths.com,2,0,absoluteweb.com|swankyagency.com
bukiimmobilien.ch,2,0,absoluteweb.com|swankyagency.com
vidau.ai,2,0,elogic.co|swankyagency.com
prolinkseo.com,2,0,sherocommerce.com|swankyagency.com
piscatore.dk,2,0,absoluteweb.com|swankyagency.com
techsaaz.com,2,0,sherocommerce.com|swankyagency.com
biztrapper.com,2,0,absoluteweb.com|swankyagency.com
iwebchk.com,2,0,elogic.co|iwdagency.com
eyexcon.com,2,0,elogic.co|optimum7.com
validexamdumps.com,2,0,elogic.co|magefan.com
websitedata.app,2,0,elogic.co|magefan.com
bhs-links-r40.xyz,2,0,elogic.co|iwdagency.com
developnsolve.com,2,0,absoluteweb.com|elogic.co
pagepilot.ai,2,0,elogic.co|heycarson.com
bhs-links-r23.xyz,2,0,elogic.co|iwdagency.com
bhs-links-r38.xyz,2,0,elogic.co|iwdagency.com
bhs-links-r31.xyz,2,0,elogic.co|iwdagency.com
bhs-links-r26.xyz,2,0,elogic.co|iwdagency.com
bhs-links-r2.xyz,2,0,elogic.co|iwdagency.com
qa4exam.com,2,0,elogic.co|magefan.com
intentwire.com,2,0,elogic.co|sherocommerce.com
aprendermarketing.es,2,0,absoluteweb.com|elogic.co
neverbounce.com,2,0,elogic.co|sherocommerce.com
onlign-lab.com,2,0,elogic.co|optimum7.com
designveloper.com,2,0,absoluteweb.com|elogic.co
builtin.com,2,0,iwdagency.com|sherocommerce.com
yassinemalti.com,2,0,iwdagency.com|sherocommerce.com
toptohigh.com,2,0,heycarson.com|iwdagency.com
bemeir.com,2,0,iwdagency.com|magefan.com
vivasoftltd.co,2,0,absoluteweb.com|iwdagency.com
wonvision.com,2,0,iwdagency.com|magefan.com
searchenginejournal.com,2,0,iwdagency.com|sherocommerce.com
spurnow.com,2,0,absoluteweb.com|iwdagency.com
dribbble.com,2,0,absoluteweb.com|iwdagency.com
learnwoo.com,2,0,absoluteweb.com|iwdagency.com
zenocloud.io,2,0,iwdagency.com|magefan.com
prowebthemes.com,2,0,iwdagency.com|magefan.com
healthroutedaily.co,2,0,iwdagency.com|sherocommerce.com
interactone.com,2,0,iwdagency.com|magefan.com
g2.com,2,0,absoluteweb.com|iwdagency.com
wowlinks.site,2,0,heycarson.com|iwdagency.com
seorantau.com,2,0,iwdagency.com|sherocommerce.com
datainsightsmarket.com,2,0,iwdagency.com|sherocommerce.com
onlinesalesguidetip.com,2,0,absoluteweb.com|iwdagency.com
tigrendev.com,2,0,absoluteweb.com|iwdagency.com
dexknows.com,2,0,iwdagency.com|sherocommerce.com
thecloudherald.com,2,0,iwdagency.com|sherocommerce.com
clicktorankdirectoy.com,2,0,heycarson.com|iwdagency.com
ratingfacts.com,2,0,absoluteweb.com|iwdagency.com
whenregistered.com,2,0,heycarson.com|iwdagency.com
seonib.com,2,0,absoluteweb.com|sherocommerce.com
wifitalents.com,2,0,absoluteweb.com|magefan.com
techleads.fyi,2,0,absoluteweb.com|sherocommerce.com
mapquest.com,2,0,absoluteweb.com|sherocommerce.com
sanomads.com,2,0,absoluteweb.com|heycarson.com
dcoutesnjacob.com,2,0,absoluteweb.com|sherocommerce.com
designcontest.es,2,0,absoluteweb.com|sherocommerce.com
backlink.business,2,0,absoluteweb.com|heycarson.com
epictures.homes,2,0,absoluteweb.com|heycarson.com
fx-algorithm.com,2,0,absoluteweb.com|sherocommerce.com
platoaistream.com,2,0,absoluteweb.com|heycarson.com
friv.rest,2,0,absoluteweb.com|sherocommerce.com
wallpaperhub.github.io,2,0,heycarson.com|magefan.com
exclusivevillarentals.co.za,2,0,heycarson.com|sherocommerce.com
linkpitcherdirectory.com,2,0,heycarson.com|sherocommerce.com
webscountry.com,2,0,heycarson.com|sherocommerce.com
backlinktime.com,2,0,heycarson.com|sherocommerce.com
worldlinksites.com,2,0,heycarson.com|sherocommerce.com
multiranks.com,2,0,heycarson.com|sherocommerce.com
indexaward.com,2,0,magefan.com|optimum7.com
eesel.ai,2,0,magefan.com|sherocommerce.com
integration.zone,2,0,optimum7.com|sherocommerce.com
absolutewebservices.com,1,401,absoluteweb.com
ncwcoin.com,1,398,absoluteweb.com
beatlas.com,1,366,sherocommerce.com
lebos.com,1,358,absoluteweb.com
powdervalley.com,1,350,sherocommerce.com
growlightheaven.com,1,313,absoluteweb.com
horusstraps.com,1,300,absoluteweb.com
sunilanddetailing.com,1,290,absoluteweb.com
fether.app,1,288,swankyagency.com
slashthemes.com,1,288,heycarson.com
tigear.com,1,270,absoluteweb.com
marcusofficefurniture.com,1,266,absoluteweb.com
faranofineart.com,1,258,absoluteweb.com
meritdiamond.com,1,257,absoluteweb.com
sherodesigns.com,1,253,sherocommerce.com
magefan.top,1,248,magefan.com
flawlessbeautyandskin.com,1,247,absoluteweb.com
a4binder.com,1,245,sherocommerce.com
bangslabs.com,1,238,absoluteweb.com
dragonpharmalabs.com,1,236,absoluteweb.com
larochere-na.com,1,236,sherocommerce.com
cubix-ecommerce.com,1,234,absoluteweb.com
gastronomicainternacional.com,1,231,absoluteweb.com
ontoplist.com,1,228,absoluteweb.com
commerceconversations.com,1,219,absoluteweb.com
swankyagency.fr,1,217,swankyagency.com
baileys.shop,1,217,swankyagency.com
chnu.edu.ua,1,209,elogic.co
qualityenv.com,1,205,sherocommerce.com
aw-productions.com,1,204,absoluteweb.com
dominate.co,1,203,iwdagency.com
123articleonline.com,1,203,optimum7.com
invenoeng.com,1,202,absoluteweb.com
cheneybrothers.com,1,202,absoluteweb.com
interiorwebdesign.com,1,201,iwdagency.com
zeemly.com,1,200,magefan.com
theendlessskein.com,1,193,sherocommerce.com
gauge.agency,1,190,sherocommerce.com
pointecompanies.com,1,189,absoluteweb.com
turcomusa.com,1,188,elogic.co
yulu-foods.com,1,186,absoluteweb.com
dycoventures.com,1,186,absoluteweb.com
paul-okhrem.com,1,174,elogic.co
blackbirdcigar.com,1,167,absoluteweb.com
hiddentechies.com,1,167,magefan.com
producthubx.com,1,166,magefan.com
artcomputer.ch,1,157,magefan.com
sherocommerce-com.myshopify.com,1,156,sherocommerce.com
coastalautoshipping.com,1,155,absoluteweb.com
jobgether.com,1,152,optimum7.com
isramrealtygroup.com,1,151,absoluteweb.com
theymakeapps.com,1,150,digitalsuits.co
earbuds-bluetooth.myshopify.com,1,148,swankyagency.com
shoplift.ai,1,148,absoluteweb.com
longislandwatch.com,1,147,sherocommerce.com
reamaze.com,1,146,heycarson.com
balmor.org,1,146,sherocommerce.com
convercy.app,1,143,swankyagency.com
salesforce.com,1,143,elogic.co
grandwestern.com,1,143,absoluteweb.com
cartunited.com,1,142,heycarson.com
magentech.com,1,139,magefan.com
yakimachief.com,1,137,magefan.com
amznusa.com,1,135,elogic.co
briefinghome.ch,1,135,iwdagency.com
webmasterserve.com,1,130,netalico.com
protectmats.com,1,129,magefan.com
hyva.io,1,128,elogic.co
getsitecontrol.com,1,128,heycarson.com
beyondhealth.com,1,126,absoluteweb.com
cabinetm.com,1,126,magefan.com
companyxyz.io,1,124,heycarson.com
weareunderground.com,1,122,heycarson.com
blog-demo-magefan-top.myshopify.com,1,121,magefan.com
cheftania.com,1,117,absoluteweb.com
freshdesk.com,1,117,heycarson.com
shopexperts.com,1,116,heycarson.com
ailternative.com,1,116,magefan.com
digitalagencynetwork.com,1,113,absoluteweb.com
lookvacations.com,1,112,magefan.com
qureos.com,1,112,optimum7.com
yuhiro-global.com,1,112,sherocommerce.com
yakimachief.eu,1,111,magefan.com
boardhost.com,1,111,digitalsuits.co
leafe.com,1,109,heycarson.com
switchthemes.co,1,106,heycarson.com
eeemiami.com,1,105,absoluteweb.com
pricen.ai,1,105,sherocommerce.com
poweraa.com,1,104,absoluteweb.com
woolman.co,1,104,heycarson.com
letsknowit.com,1,104,magefan.com
we0.ai,1,103,sherocommerce.com
theturtleeffect.com,1,100,heycarson.com
ryanmarkel.com,1,100,optimum7.com
appsmarketplace.co.in,1,99,magefan.com
businessmodelanalyst.com,1,98,elogic.co
softwareone.com,1,98,magefan.com
software-developer-india.com,1,98,sherocommerce.com
businesslistings.net.au,1,96,elogic.co
lrdesign.se,1,96,magefan.com
innercityboxing.com,1,96,digitalsuits.co
outlookappins.com,1,96,digitalsuits.co
marketminute.com,1,95,netalico.com
amazon.com,1,91,sherocommerce.com
visme.co,1,89,elogic.co
bbqbarbecuestore.it,1,89,magefan.com
apibit.com,1,88,magefan.com
bravosresearch.com,1,87,absoluteweb.com
swissmarineaquatics.com,1,87,magefan.com
pimsical.app,1,86,swankyagency.com
sendcloud.com,1,84,swankyagency.com
adobecommerceagencies.com,1,83,elogic.co
anonup.com,1,83,digitalsuits.co
littlestreamsoftware.com,1,82,heycarson.com
24ways.org,1,81,optimum7.com
themakogroup.com,1,80,iwdagency.com
techverdi.com,1,79,netalico.com
sonicmenuusa.com,1,79,netalico.com
easybib.co.uk,1,79,netalico.com
ultahost.com,1,79,elogic.co
uplarn.com,1,79,elogic.co
matriu.es,1,79,iwdagency.com
agenticcommerce.cloud,1,79,magefan.com
matratzen.at,1,79,magefan.com
mitsubishiyadak.com,1,79,magefan.com
schlafraum.at,1,79,magefan.com
apzomedia.com,1,79,digitalsuits.co
latinverge.com,1,79,digitalsuits.co
batcameroon-lnp.org,1,79,digitalsuits.co
thepureindianstore.com,1,79,digitalsuits.co
churchofsovereigntemples.com,1,79,digitalsuits.co
kleinburgearlylearning.ca,1,79,digitalsuits.co
bcohouston.com,1,79,digitalsuits.co
xcion.org,1,79,digitalsuits.co
allblogthings.com,1,79,digitalsuits.co
blogville.us,1,79,optimum7.com
marketingsource.com,1,79,optimum7.com
redmaomail.com,1,78,magefan.com
acquireprime.com,1,77,sherocommerce.com
responsesource.com,1,74,swankyagency.com
bzotech.com,1,74,magefan.com
designbump.com,1,74,digitalsuits.co
convert.com,1,73,swankyagency.com
realnad.com,1,73,absoluteweb.com
retoxretreat.com,1,72,absoluteweb.com
magemastery.net,1,72,magefan.com
textually.org,1,72,digitalsuits.co
goapplyjob.online,1,72,optimum7.com
magentoeesti.eu,1,71,magefan.com
savedelete.com,1,70,elogic.co
crazyfishinternational.com,1,70,absoluteweb.com
grenvillestation.com,1,70,magefan.com
ceratanawymiar.pl,1,69,magefan.com
tovagliasumisura.it,1,69,magefan.com
ririhair.com,1,69,magefan.com
martech.zone,1,68,netalico.com
designjobs.careers,1,68,swankyagency.com
manolinda.de,1,68,magefan.com
sweetcityusa.com,1,68,magefan.com
shomoysoft.com,1,68,digitalsuits.co
indeedseo.com,1,68,digitalsuits.co
904elite.net,1,68,digitalsuits.co
saijitech.com,1,68,digitalsuits.co
thegoneapp.org,1,68,digitalsuits.co
jobtailor.co,1,68,optimum7.com
aprinta.com,1,67,magefan.com
idtcpack.com,1,67,magefan.com
asfilters.com,1,67,magefan.com
tfn-ukltd.com,1,67,magefan.com
fnarecords.net,1,67,magefan.com
hkais.com,1,67,magefan.com
jung-hebetechnik.shop,1,67,magefan.com
p548732.webspaceconfig.de,1,66,magefan.com
ybierling.com,1,65,elogic.co
360magento.com,1,65,magefan.com
techtradersystem.com,1,64,optimum7.com
worddocx.com,1,63,elogic.co
paypal.com,1,63,iwdagency.com
meet-magento.com,1,63,magefan.com
raleighpublicrecord.org,1,63,digitalsuits.co
chandigarhbuzz.com,1,63,digitalsuits.co
jeulin.com,1,62,magefan.com
predis.ai,1,62,sherocommerce.com
uaapstore.com,1,60,iwdagency.com
accountiod.com,1,60,digitalsuits.co
cartstars.com,1,59,absoluteweb.com
hitricks.com,1,59,optimum7.com
up2staff.com,1,57,netalico.com
programistamagento.pl,1,57,magefan.com
protectmytable.com,1,57,magefan.com
novoshoes.uk,1,57,magefan.com
multitouches.co.uk,1,57,magefan.com
novoshoes.co.uk,1,57,magefan.com
sanditlibri.it,1,57,magefan.com
vitaminaweb.com,1,57,optimum7.com
globalpetindustry.com,1,56,swankyagency.com
oliverpos.com,1,56,elogic.co
submitexpress.com,1,56,elogic.co
wp-plugins-directory.com,1,56,optimum7.com
searates.com,1,55,elogic.co
wingswest.com,1,55,magefan.com
tomeva.fr,1,55,magefan.com
printables.ae,1,55,magefan.com
toggerybishop.com,1,55,magefan.com
emillosanto.com,1,55,magefan.com
panaderialaesquina.com,1,55,magefan.com
ipoh.com.my,1,55,digitalsuits.co
itexus.com,1,54,elogic.co
thewatchtower.com,1,54,digitalsuits.co
aihello.com,1,53,optimum7.com
dailytechnologystudy.com,1,53,optimum7.com
powerhomebiz.com,1,52,digitalsuits.co
bigwordsarepowerful.com,1,52,optimum7.com
addblog.co.uk,1,51,netalico.com
inmagazine.co.uk,1,51,netalico.com
englishsunglish.com,1,51,netalico.com
siit.co,1,51,netalico.com
connectionswordle.com,1,51,netalico.com
swiftnis.com,1,51,netalico.com
blooket.it.com,1,51,netalico.com
blogflying.co.uk,1,51,netalico.com
dotimes.co.uk,1,51,netalico.com
namescastle.com,1,51,netalico.com
intelligentnews.co.uk,1,51,netalico.com
wisenode.co.uk,1,51,netalico.com
wonderdig.com,1,51,netalico.com
bharatflux.com,1,51,netalico.com
mymagazinehub.com,1,51,netalico.com
otechworld.com,1,51,netalico.com
poetryoceans.com,1,51,netalico.com
lawsuitzone.com,1,51,netalico.com
bizwell.co.uk,1,51,netalico.com
travelsbird.com,1,51,netalico.com
marcorepublic.com,1,51,netalico.com
decoratorsadvice.com,1,51,netalico.com
interworldradio.com,1,51,netalico.com
thetechnotricks.com,1,51,netalico.com
ventsmagazine.co.uk,1,51,netalico.com
whiitelist.com,1,51,netalico.com
etargetlimited.co.uk,1,51,netalico.com
poetryaddiction.net,1,51,netalico.com
mcdsmenucanada.com,1,51,netalico.com
metamagazine.co.uk,1,51,netalico.com
pedrovazpaulo.net,1,51,netalico.com
digitalpress.it.com,1,51,netalico.com
kivomind.com,1,51,netalico.com
findmagazine.co.uk,1,51,netalico.com
gorod.it.com,1,51,netalico.com
titfees.net,1,51,netalico.com
consolidatetimes.com,1,51,netalico.com
finitenames.com,1,51,netalico.com
whatnetworksph.com,1,51,netalico.com
poetryvalley.com,1,51,netalico.com
itscouriertracking.com,1,51,netalico.com
technotricks.com.in,1,51,netalico.com
vatonlinecalculator.co.uk,1,51,netalico.com
homedecorchamp.com,1,51,netalico.com
thefintechzoom.it.com,1,51,netalico.com
pepperboy.today,1,51,netalico.com
myliberla.org,1,51,netalico.com
ustimemag.com,1,51,netalico.com
organicblog.co.uk,1,51,netalico.com
konversky.co.uk,1,51,netalico.com
dippermagazine.co.uk,1,51,netalico.com
goldbuzz.co.uk,1,51,netalico.com
greenrecord.co.uk,1,51,netalico.com
dotmagazine.co.uk,1,51,netalico.com
cutedp.org,1,51,netalico.com
yourgtechcolony.com,1,51,netalico.com
bandurart.com,1,51,netalico.com
thefuturai.net,1,51,netalico.com
thedesigninspiration.com,1,51,netalico.com
eman-network.com,1,51,netalico.com
qiuzziz.com.co,1,51,netalico.com
geekzilla.io,1,51,netalico.com
talksknow.com,1,51,netalico.com
tuaw.com,1,51,netalico.com
readability.com,1,51,netalico.com
remotely.jobs,1,51,netalico.com
storeboard.com,1,51,elogic.co
wallofmonitors.com,1,51,elogic.co
smartshift.fr,1,51,elogic.co
aniarticles.com,1,51,elogic.co
widgetbox.com,1,51,elogic.co
techmagzinepure.com,1,51,elogic.co
softvisiondevelopment.com,1,51,elogic.co
teletype.in,1,51,elogic.co
adpushup.com,1,51,elogic.co
somaliupdate.com,1,51,elogic.co
agency-partners.com,1,51,elogic.co
googleedits.com,1,51,elogic.co
agencycake.com,1,51,elogic.co
futurewithtech.com,1,51,elogic.co
urlumbrella.com,1,51,elogic.co
galeon1.com,1,51,elogic.co
techshout.com,1,51,elogic.co
realitypaper.com,1,51,elogic.co
truegossiper.com,1,51,elogic.co
abcmoney.co.uk,1,51,elogic.co
getwox.com,1,51,elogic.co
jguru.com,1,51,elogic.co
informationntechnology.com,1,51,elogic.co
worldnewsreddit.com,1,51,elogic.co
definithing.com,1,51,elogic.co
dsnews.co.uk,1,51,elogic.co
adlibweb.com,1,51,elogic.co
daniweb.com,1,51,elogic.co
wiseintro.co,1,51,elogic.co
istouchidhackedyet.com,1,51,elogic.co
diversitynewsmagazine.com,1,51,elogic.co
stylemotivation.com,1,51,elogic.co
businessdiary.com.ph,1,51,elogic.co
hellboundbloggers.com,1,51,elogic.co
froggyads.com,1,51,iwdagency.com
led-cloth.com,1,51,iwdagency.com
callupcontact.com,1,51,iwdagency.com
plurifarmdent.ro,1,51,iwdagency.com
indexo.dev,1,51,absoluteweb.com
lumepost.com,1,51,absoluteweb.com
hasthemes.com,1,51,absoluteweb.com
applanding.page,1,51,heycarson.com
mtea.be,1,51,magefan.com
itukraine.org.ua,1,51,magefan.com
trustradar.net,1,51,magefan.com
maryseboutique.com,1,51,magefan.com
phantom-research.com,1,51,magefan.com
depozitagro.ro,1,51,magefan.com
macsmartialarts.com,1,51,magefan.com
stratcom.academy,1,51,digitalsuits.co
stratcom.training,1,51,digitalsuits.co
thelibertarianrepublic.com,1,51,digitalsuits.co
wonderworldspace.com,1,51,digitalsuits.co
realwealthbusiness.com,1,51,digitalsuits.co
rprinvesting.com,1,51,digitalsuits.co
friendbookmark.com,1,51,digitalsuits.co
orbitingweb.com,1,51,digitalsuits.co
guanabee.com,1,51,digitalsuits.co
qrius.com,1,51,digitalsuits.co
justallstar.org,1,51,digitalsuits.co
myboomboxx.net,1,51,digitalsuits.co
eliteshost.com,1,51,digitalsuits.co
saaspirate.com,1,51,digitalsuits.co
craftypuns.com,1,51,digitalsuits.co
namezorigins.com,1,51,digitalsuits.co
macsecurity.net,1,51,digitalsuits.co
moguldom.com,1,51,digitalsuits.co
amirarticles.com,1,51,digitalsuits.co
investorshangout.com,1,51,digitalsuits.co
techunwrapped.com,1,51,digitalsuits.co
arreh.com,1,51,digitalsuits.co
coherentmarketinsights.com,1,51,digitalsuits.co
thewatchtower.ae,1,51,digitalsuits.co
startupbooted.com,1,51,digitalsuits.co
omgflix.co.uk,1,51,digitalsuits.co
cubeduel.com,1,51,digitalsuits.co
xivents.com,1,51,digitalsuits.co
atlantaseoguy.net,1,51,digitalsuits.co
sandwichfreedomhall.com,1,51,digitalsuits.co
gifs.com,1,51,digitalsuits.co
readme.io,1,51,digitalsuits.co
hettichinc.com,1,51,digitalsuits.co
letsdiskuss.com,1,51,digitalsuits.co
championconstructionandfence.com,1,51,digitalsuits.co
aliamaro.com,1,51,digitalsuits.co
beaconsoft.net,1,51,digitalsuits.co
worldlifemag.com,1,51,digitalsuits.co
houstonfurnituredirect.com,1,51,digitalsuits.co
barrettpropane.org,1,51,digitalsuits.co
quizplus.com,1,51,digitalsuits.co
techktimes.co.uk,1,51,digitalsuits.co
euroeducation.net,1,51,digitalsuits.co
evergreendesigns.net,1,51,digitalsuits.co
theincmagazine.com,1,51,digitalsuits.co
gracejabbaribio.com,1,51,digitalsuits.co
nevadabusinesschronicles.com,1,51,digitalsuits.co
ridinglessonspittsburgh.com,1,51,digitalsuits.co
luxuryridedubai.com,1,51,digitalsuits.co
networkustad.com,1,51,digitalsuits.co
knoxville-pmg.com,1,51,digitalsuits.co
buddhasbyrebecca.com,1,51,digitalsuits.co
kimberlyannsdesigns.com,1,51,digitalsuits.co
tunnel2tech.com,1,51,digitalsuits.co
gendou.com,1,51,digitalsuits.co
partyballoonse.com,1,51,digitalsuits.co
reflectionlivingkc.com,1,51,digitalsuits.co
wellthielife.com,1,51,digitalsuits.co
flevy.com,1,51,digitalsuits.co
mitmunk.com,1,51,digitalsuits.co
butterfliesrustraining.com,1,51,digitalsuits.co
afcmlex.org,1,51,digitalsuits.co
saltlakecityseocompany.org,1,51,digitalsuits.co
meharhijab.com,1,51,digitalsuits.co
ubcmorrilton.com,1,51,digitalsuits.co
vunela.com,1,51,digitalsuits.co
cannath3rapyny.com,1,51,digitalsuits.co
thestripesblog.com,1,51,digitalsuits.co
gauravtiwari.org,1,51,digitalsuits.co
empoweryoune.com,1,51,digitalsuits.co
saas-space.com,1,51,digitalsuits.co
businesstechmoney.com,1,51,digitalsuits.co
skyikids.com,1,51,digitalsuits.co
canalsideexperiences.com,1,51,digitalsuits.co
icdst.org,1,51,digitalsuits.co
slcommunitychurch.com,1,51,digitalsuits.co
roelitfit.com,1,51,digitalsuits.co
2amagazine.com,1,51,digitalsuits.co
richpriddis.com,1,51,digitalsuits.co
onlinegeeks.info,1,51,digitalsuits.co
bbcruss.org,1,51,digitalsuits.co
agoldenthreadcounseling.com,1,51,digitalsuits.co
zionelira.com,1,51,digitalsuits.co
restnova.com,1,51,digitalsuits.co
studentscholarships.org,1,51,digitalsuits.co
4lhddutilityconstruction.com,1,51,digitalsuits.co
sogedicom.com,1,51,digitalsuits.co
fgvamerica.com,1,51,digitalsuits.co
baltimorecouplestherapy.com,1,51,digitalsuits.co
barrebyemma.com,1,51,digitalsuits.co
waybinary.com,1,51,digitalsuits.co
digitaledge.org,1,51,digitalsuits.co
entretech.org,1,51,digitalsuits.co
technologyify.com,1,51,digitalsuits.co
theceoviews.com,1,51,digitalsuits.co
gamingspell.com,1,51,digitalsuits.co
fintechzoompro.net,1,51,digitalsuits.co
namefy.com,1,51,digitalsuits.co
yelloyello.com,1,51,digitalsuits.co
business-money.com,1,51,digitalsuits.co
thebookbag.co.uk,1,51,digitalsuits.co
fontsarena.com,1,51,digitalsuits.co
latestintech.com,1,51,digitalsuits.co
gistrat.com,1,51,digitalsuits.co
ityug247.com,1,51,digitalsuits.co
tidbitsofexperience.com,1,51,digitalsuits.co
isitvivid.com,1,51,digitalsuits.co
atulhost.com,1,51,digitalsuits.co
techniciansnow.com,1,51,digitalsuits.co
alltechbuzz.net,1,51,digitalsuits.co
onlinegeeks.net,1,51,digitalsuits.co
yahoonewstoday.com,1,51,digitalsuits.co
redlasso.com,1,51,digitalsuits.co
webfreen.com,1,51,digitalsuits.co
askcorran.com,1,51,digitalsuits.co
emailspedia.com,1,51,digitalsuits.co
digitalsevaa.com,1,51,digitalsuits.co
metatalks.uk,1,51,optimum7.com
promizi.com,1,51,optimum7.com
biocandy.com,1,51,optimum7.com
strategyanddesign.co,1,51,optimum7.com
fooyoh.com,1,51,optimum7.com
puraslineas.com,1,51,optimum7.com
earnmoneynetwork.com,1,51,optimum7.com
design4users.com,1,51,optimum7.com
shoppingallabout.com,1,51,optimum7.com
techallabout.com,1,51,optimum7.com
finanssenteret.as,1,51,optimum7.com
supportfortechnology.com,1,51,optimum7.com
chillaxdigital.com,1,51,optimum7.com
icmarketingfunnels.com,1,51,optimum7.com
whnex.com,1,51,sherocommerce.com
ipaas.com,1,51,sherocommerce.com
contentjam.com,1,51,sherocommerce.com
level7seo.com,1,51,sherocommerce.com
twaino.com,1,50,magefan.com
aptgadget.com,1,50,digitalsuits.co
c99.nl,1,50,optimum7.com
jobboardly.com,1,50,optimum7.com
guiadohost.com,1,49,elogic.co
close.com,1,49,elogic.co
adobe.com,1,49,iwdagency.com
ugi.com.hk,1,49,magefan.com
elcolmadobristol.co.uk,1,49,magefan.com
baritaliaclub.com,1,49,magefan.com
zenmedia.com,1,49,optimum7.com
161.35.2.122,1,48,magefan.com
webiators.com,1,48,magefan.com
blogarama.com,1,48,optimum7.com
proseoai.com,1,47,iwdagency.com
gorgias.com,1,47,absoluteweb.com
threesisters.com,1,47,magefan.com
darila-vike.si,1,47,magefan.com
opalhouse.com.hk,1,47,magefan.com
lampadeabbronzantieurosun.it,1,47,magefan.com
fallenheroesproject.org,1,46,digitalsuits.co
itjobs.pt,1,45,elogic.co
dhanleelainvestments.com,1,45,digitalsuits.co
rankmath.com,1,44,magefan.com
oscprofessionals.com,1,44,magefan.com
reliquia.net,1,44,digitalsuits.co
quickref.me,1,44,digitalsuits.co
cyberdb.co,1,44,digitalsuits.co
baczek.me,1,43,elogic.co
huuu.biz,1,43,elogic.co
growsera.com,1,43,magefan.com
partybagsandsupplies.co.uk,1,43,magefan.com
casadeluz.org,1,43,digitalsuits.co
hopestech.co.uk,1,42,netalico.com
findsaudi.com,1,42,elogic.co
mawad.com,1,42,magefan.com
populi-mode.de,1,42,magefan.com
hostclue.com,1,41,elogic.co
evolvetogrow.com.au,1,41,elogic.co
themillionaireposts.com,1,41,optimum7.com
adbeauty.com.hk,1,40,magefan.com
radeksmach.com,1,40,magefan.com
serversmtp.com,1,40,magefan.com
besteshoppin.blogspot.com,1,40,optimum7.com
postco.co,1,39,swankyagency.com
dishatechnology.in,1,39,magefan.com
goprospero.com,1,38,elogic.co
firegento.com,1,38,magefan.com
darklab.sh,1,37,elogic.co
techreviewer.co,1,37,elogic.co
gametracker.com,1,37,digitalsuits.co
installupdatenow.com,1,37,optimum7.com
ambientia.fi,1,37,sherocommerce.com
powerdmarc.com,1,36,elogic.co
wallee.com,1,36,iwdagency.com
sofastcart.com,1,36,magefan.com
seozinesoo.wixsite.com,1,36,optimum7.com
sixmagazine.co.uk,1,35,netalico.com
punzify.com,1,35,netalico.com
ventsmagazine.it.com,1,35,netalico.com
captionsnest.com,1,35,netalico.com
applicationformat.net,1,35,netalico.com
iocmkt.com.in,1,35,netalico.com
blogbuz.co.uk,1,35,netalico.com
jbsagolf.com,1,35,netalico.com
metapress.com,1,35,netalico.com
businesnewswire.com,1,35,netalico.com
servicelist.io,1,35,netalico.com
magecloud.net,1,35,netalico.com
crazypaths.com,1,35,swankyagency.com
feast-magazine.co.uk,1,35,elogic.co
techalook.com,1,35,elogic.co
marketbusinesstech.com,1,35,elogic.co
vervetimes.com,1,35,elogic.co
techtiptrick.com,1,35,elogic.co
mage2.pro,1,35,iwdagency.com
tischdeckenfolie.de,1,35,magefan.com
veo.ma,1,35,magefan.com
4-software-downloads.com,1,35,digitalsuits.co
memprize.com,1,35,digitalsuits.co
dailywebpoint.com,1,35,digitalsuits.co
devicemaze.com,1,35,digitalsuits.co
sandstonechurch.org,1,35,digitalsuits.co
thenewsgod.com,1,35,digitalsuits.co
studio22glasgow.com,1,35,digitalsuits.co
cryptominingu.com,1,35,digitalsuits.co
dottrusty.com,1,35,digitalsuits.co
mexicanmadness.com,1,35,digitalsuits.co
citizensrestoringliberty.com,1,35,digitalsuits.co
albahiabeauty.com,1,35,digitalsuits.co
renewellnessmt.com,1,35,digitalsuits.co
allsaintsleicester.com,1,35,digitalsuits.co
oldfield.com.au,1,35,digitalsuits.co
technochops.com,1,35,digitalsuits.co
stepfamilynetwork.com,1,35,digitalsuits.co
shopchicagobloom.com,1,35,digitalsuits.co
answerdiary.com,1,35,digitalsuits.co
theadultdvdhouse.com,1,35,digitalsuits.co
mingomakesit.com,1,35,digitalsuits.co
documentarytube.com,1,35,digitalsuits.co
avastips.com,1,35,digitalsuits.co
seoymanu.com,1,35,digitalsuits.co
webeys.com,1,35,digitalsuits.co
designingforuncertainty.com,1,35,optimum7.com
wouterj.nl,1,35,optimum7.com
okendo.io,1,34,swankyagency.com
telstarsurf.com,1,34,magefan.com
parlakoto.com,1,34,magefan.com
edentalbiz.com,1,34,magefan.com
gorr.shop,1,34,magefan.com
teepolku.fi,1,34,magefan.com
thisisant.com,1,34,digitalsuits.co
guitricks.com,1,34,optimum7.com
afterhoursecom.com,1,33,swankyagency.com
phpdev.app,1,33,magefan.com
sitebureau.com,1,33,optimum7.com
thehotskills.com,1,32,elogic.co
swordstoday.ie,1,32,absoluteweb.com
keepandshare.com,1,32,digitalsuits.co
codelessplatforms.com,1,31,swankyagency.com
erpintegrationagencies.com,1,30,elogic.co
northamericancrystal.com,1,30,iwdagency.com
iwdextensions.com,1,30,iwdagency.com
1800d2c.com,1,30,absoluteweb.com
rag.media,1,30,absoluteweb.com
plc.agency,1,30,magefan.com
crowdin.com,1,30,magefan.com
techhbs.com,1,30,digitalsuits.co
recruiter.com,1,30,optimum7.com
netalico.dev,1,29,netalico.com
yfmep.com,1,29,swankyagency.com
ecommerce-platforms.com,1,29,heycarson.com
advancedlogic.eu,1,29,magefan.com
elevatedclothingco.com,1,29,magefan.com
508fabmachining.com,1,29,digitalsuits.co
jobcase.com,1,29,digitalsuits.co
wellnessbusinessconsulting.com,1,29,optimum7.com
pdmeasurement.com,1,28,netalico.com
carmatec.com,1,28,elogic.co
oberlo.com,1,28,heycarson.com
machinaalbestrating.nl,1,28,magefan.com
mediamusic.md,1,28,magefan.com
fawwi-taschen.de,1,28,magefan.com
packagist.org,1,28,magefan.com
likecareer.com,1,28,optimum7.com
intersales.de,1,27,elogic.co
77thhub.asia,1,27,iwdagency.com
kaufmanwills.com,1,27,heycarson.com
professionaloutdoormedia.org,1,27,optimum7.com
magenest.com,1,26,magefan.com
lcarscom.org,1,26,digitalsuits.co
meritline.com,1,26,digitalsuits.co
basilpuglisi.com,1,26,optimum7.com
mergr.com,1,26,sherocommerce.com
syncer.nl,1,25,swankyagency.com
wisebusinessplans.com,1,25,elogic.co
competitors.app,1,25,elogic.co
dropshippinghelps.com,1,25,heycarson.com
rattan-gardenfurniture.co.uk,1,25,magefan.com
m2web.dev,1,25,magefan.com
ubooks.pk,1,25,magefan.com
investmentalk.com,1,25,digitalsuits.co
kachibito.net,1,25,optimum7.com
wappler.io,1,25,optimum7.com
marketingtochina.com,1,24,elogic.co
red-website-design.co.uk,1,24,elogic.co
pvplive.net,1,24,elogic.co
smallbiztechnology.com,1,24,optimum7.com
manipalblog.com,1,24,optimum7.com
fameperson.com,1,23,netalico.com
swifttech3.com,1,23,netalico.com
futurebyteblog.com,1,23,netalico.com
thelaptopadviser.org,1,23,netalico.com
digitalmagaizne.co.uk,1,23,netalico.com
todaynews.co.uk,1,23,netalico.com
addmagazine.co.uk,1,23,netalico.com
articlecube.com,1,23,netalico.com
thehansindia.com,1,23,netalico.com
apsense.com,1,23,netalico.com
datarecovee.com,1,23,netalico.com
aspirantsg.com,1,23,netalico.com
usm.my,1,23,swankyagency.com
sendrella.com,1,23,swankyagency.com
piminto.com,1,23,elogic.co
unitymedianews.com,1,23,elogic.co
bunity.com,1,23,elogic.co
jagsnbrady.com,1,23,elogic.co
f95zoneweb.net,1,23,elogic.co
alliancevirtualoffices.com,1,23,elogic.co
anyleads.com,1,23,elogic.co
siteefy.com,1,23,elogic.co
thewashingtonote.com,1,23,elogic.co
land-book.com,1,23,elogic.co
techbii.com,1,23,elogic.co
savemyleads.com,1,23,elogic.co
emerline.com,1,23,elogic.co
livinggossip.com,1,23,elogic.co
elivestory.com,1,23,elogic.co
edmondscommerce.co.uk,1,23,elogic.co
dancingwear.co.uk,1,23,iwdagency.com
vanheesbv.com,1,23,iwdagency.com
autohaki.com.pl,1,23,iwdagency.com
dziekan.co,1,23,absoluteweb.com
giraldazshane.pages.dev,1,23,absoluteweb.com
gooddomain.co.il,1,23,absoluteweb.com
cmofirst.com,1,23,absoluteweb.com
meskakosmetyczka.blogspot.com,1,23,absoluteweb.com
cbdispeace.com,1,23,heycarson.com
usedkeurigkcupsdiscount.blogspot.com,1,23,heycarson.com
tafelzeilopmaat.nl,1,23,magefan.com
billdesk.io,1,23,magefan.com
changelogwp.com,1,23,magefan.com
tafelzeilopmaat.be,1,23,magefan.com
nappedetable.be,1,23,magefan.com
magento-developer.pl,1,23,magefan.com
nappedetable.fr,1,23,magefan.com
zippywines.shop,1,23,magefan.com
solariumeurosun.com,1,23,magefan.com
technorecharge.ca,1,23,magefan.com
abhasolutions.in,1,23,magefan.com
onlineayurvedaworld.com,1,23,magefan.com
frenohamulce.pl,1,23,magefan.com
deepakc.com,1,23,magefan.com
newsnreleases.com,1,23,digitalsuits.co
blacknewsdaily.com,1,23,digitalsuits.co
gadgetfreeks.com,1,23,digitalsuits.co
denafrips.com,1,23,digitalsuits.co
needsomefun.net,1,23,digitalsuits.co
pnews.org,1,23,digitalsuits.co
citygoldmedia.net,1,23,digitalsuits.co
digitaladblog.com,1,23,digitalsuits.co
bttbike.com,1,23,digitalsuits.co
cloudysocial.com,1,23,digitalsuits.co
skillsyouneed.com,1,23,digitalsuits.co
temple.edu,1,23,digitalsuits.co
ashsaidit.com,1,23,digitalsuits.co
smartguy.com,1,23,digitalsuits.co
annasangelsdogrescue.org,1,23,digitalsuits.co
imaginedanceacademy.com,1,23,digitalsuits.co
lion-design.co.uk,1,23,digitalsuits.co
foundersguide.com,1,23,digitalsuits.co
trendoxygen.com,1,23,digitalsuits.co
worldcrypto.global,1,23,digitalsuits.co
dibonacomemorials.com,1,23,digitalsuits.co
meadowlandsigns.com,1,23,digitalsuits.co
writeforusarchitecture.com,1,23,digitalsuits.co
cohoesbridgesinc.org,1,23,digitalsuits.co
gigaroxx.com,1,23,digitalsuits.co
goghcrazyartstudio.com,1,23,digitalsuits.co
traditionalstudies.org,1,23,digitalsuits.co
goodtogorestoration.com,1,23,digitalsuits.co
the120club.com,1,23,digitalsuits.co
triplenetrent.com,1,23,digitalsuits.co
catrainingacademy.com,1,23,digitalsuits.co
marketbusinesstimes.com,1,23,digitalsuits.co
g23lcs.com,1,23,digitalsuits.co
pawspetmarket.com,1,23,digitalsuits.co
p3ter.fr,1,23,digitalsuits.co
koboxingandfitnessmhk.com,1,23,digitalsuits.co
levelupbasketballtrainingllc.com,1,23,digitalsuits.co
21strongfoundation.org,1,23,digitalsuits.co
onlinethreatalerts.com,1,23,digitalsuits.co
marshmallowchallenge.com,1,23,digitalsuits.co
missrachelnetworth.com,1,23,digitalsuits.co
starleaf.com,1,23,digitalsuits.co
nipponese.news,1,23,digitalsuits.co
hacktrix.com,1,23,digitalsuits.co
citizensjournals.com,1,23,digitalsuits.co
techtrendspro.com,1,23,digitalsuits.co
etherfree.net,1,23,digitalsuits.co
universenewsnetwork.com,1,23,digitalsuits.co
anydayguide.com,1,23,digitalsuits.co
tms-outsource.com,1,23,digitalsuits.co
veotag.com,1,23,digitalsuits.co
europeanmagazine.net,1,23,digitalsuits.co
bestdigitalupdates.com,1,23,digitalsuits.co
uspto.report,1,23,optimum7.com
jobverse.io,1,23,optimum7.com
bloggingkiss.com,1,23,optimum7.com
mediaboss.net,1,23,optimum7.com
debt-to-income.com,1,23,optimum7.com
traffic-circle.com,1,23,optimum7.com
sixtymarketing.com,1,23,optimum7.com
asaelurbano.com,1,23,optimum7.com
nationallabout.com,1,23,optimum7.com
jayrobinson.org,1,23,optimum7.com
sir.kr,1,23,optimum7.com
butterflyslabs.com,1,23,optimum7.com
newsnblogs.com,1,23,optimum7.com
lifestyleallabout.com,1,23,optimum7.com
ideasatrandom.com,1,23,optimum7.com
headusnext.com,1,23,optimum7.com
guideallabout.com,1,23,optimum7.com
business-stepbystep.com,1,23,optimum7.com
oursnetwork.com,1,23,optimum7.com
blackboxsocialmedia.com,1,23,optimum7.com
hqgrandeprairie.com,1,23,optimum7.com
tu.tv,1,23,optimum7.com
great-wallpaper.com,1,23,optimum7.com
draft-vip.com,1,23,optimum7.com
investconcept.net,1,23,optimum7.com
dailyfinancestudy.com,1,23,optimum7.com
chandigarhofficial.com,1,23,optimum7.com
rtca.com,1,23,optimum7.com
thevistek.com,1,23,optimum7.com
infinite.education,1,23,sherocommerce.com
rankingroad.it,1,23,sherocommerce.com
punajuaj.com,1,23,sherocommerce.com
techysumo.com,1,22,elogic.co
elovate.io,1,22,magefan.com
asmallbusinessdirectory.com,1,22,optimum7.com
webkitbits.com,1,22,optimum7.com
lapa.ninja,1,21,heycarson.com
gitranks.com,1,21,magefan.com
webtrends-optimize.com,1,20,swankyagency.com
noupe.com,1,20,elogic.co
mageworx.com,1,20,elogic.co
gov.fm,1,20,digitalsuits.co
nandbox.com,1,20,digitalsuits.co
huzzaz.com,1,20,digitalsuits.co
011bq.com,1,19,absoluteweb.com
logixbox.nl,1,19,magefan.com
forkandflair.com,1,19,digitalsuits.co
em360tech.com,1,19,digitalsuits.co
chasehatchery.com,1,19,digitalsuits.co
instantencore.com,1,19,digitalsuits.co
loqate.com,1,18,swankyagency.com
mobilehomestuffstore.com,1,18,magefan.com
digrigpowersports.com,1,18,magefan.com
companionlink.com,1,18,digitalsuits.co
natecue.com,1,17,elogic.co
findtheneedle.co.uk,1,17,elogic.co
digitalagencyjobs.co,1,17,absoluteweb.com
btwritingportfolio.blogspot.com,1,17,heycarson.com
sourcepulse.org,1,17,magefan.com
aivie.ch,1,17,magefan.com
textfiend.net,1,17,digitalsuits.co
itacumens.com,1,17,digitalsuits.co
technologyforyou.org,1,16,digitalsuits.co
growingforward.net,1,16,optimum7.com
themarkelfamily.com,1,16,optimum7.com
stripe.partners,1,15,elogic.co
psqqq.com,1,15,heycarson.com
onlineconsultant.jp,1,15,optimum7.com
scscwebdude.blogspot.com,1,15,optimum7.com
customerservicemanager.com,1,15,optimum7.com
rankerblog.co.uk,1,14,netalico.com
apexmagazine.co.uk,1,14,netalico.com
otsnews.co.uk,1,14,netalico.com
iemrobotics.com,1,14,netalico.com
reelsmedia.co.uk,1,14,netalico.com
radarmagazine.com,1,14,netalico.com
edumanias.com,1,14,elogic.co
apkhumble.com,1,14,elogic.co
gudstory.com,1,14,elogic.co
debugbar.com,1,14,elogic.co
techlila.com,1,14,elogic.co
timeofinfo.com,1,14,elogic.co
irnpost.com,1,14,elogic.co
wadline.com,1,14,elogic.co
telecomdrive.com,1,14,elogic.co
computers1000.com,1,14,absoluteweb.com
kabukithemes.com,1,14,heycarson.com
petcetera.co.uk,1,14,magefan.com
vintageopticalshop.com,1,14,magefan.com
advanceledsupply.com,1,14,magefan.com
unfs.edu.pe,1,14,magefan.com
rjuuc.edu.np,1,14,magefan.com
lojaespacovick.com.br,1,14,magefan.com
cloudtweaks.com,1,14,digitalsuits.co
parmaks.com,1,14,digitalsuits.co
brazendenver.com,1,14,digitalsuits.co
quikforce.com,1,14,digitalsuits.co
ltstesting.com,1,14,digitalsuits.co
arwen-undomiel.com,1,14,digitalsuits.co
weldingandstuff.net,1,14,digitalsuits.co
worldnewswire.net,1,14,digitalsuits.co
treythomasdreamcatchers.com,1,14,digitalsuits.co
bubbleheadmotorparts.com,1,14,digitalsuits.co
orzsystems.com,1,14,digitalsuits.co
themarketingblog.co.uk,1,14,digitalsuits.co
onmybet.com,1,14,digitalsuits.co
bestschoolnews.com,1,14,digitalsuits.co
esports-adbureau.com,1,14,digitalsuits.co
aclovestreetdecals.com,1,14,digitalsuits.co
thecontentauthority.com,1,14,digitalsuits.co
4howtodo.com,1,14,digitalsuits.co
myventurepad.com,1,14,digitalsuits.co
press.farm,1,14,digitalsuits.co
abancommercials.com,1,14,digitalsuits.co
digitalivan.com,1,14,optimum7.com
usamagazine.net,1,14,optimum7.com
magentoexpertforum.com,1,13,elogic.co
itolist.eu,1,13,elogic.co
firebearstudio.com,1,13,iwdagency.com
pagefly.io,1,13,heycarson.com
boldcommerce.com,1,13,heycarson.com
m2epro.com,1,13,magefan.com
codingvilla.in,1,13,magefan.com
lb908.com,1,13,digitalsuits.co
atlantacreativeevents.com,1,13,digitalsuits.co
wpauthorbox.com,1,13,digitalsuits.co
sufio.com,1,12,swankyagency.com
kudobuzz.com,1,12,heycarson.com
doralutz.com,1,12,magefan.com
rankfirms.com,1,12,digitalsuits.co
mlmdiary.com,1,12,digitalsuits.co
khaleejmag.com,1,12,optimum7.com
athoscommerce.com,1,11,absoluteweb.com
remotejobs.com,1,11,optimum7.com
seojobs.com,1,11,optimum7.com
techfelts.com,1,10,netalico.com
aimindupdate.com,1,10,elogic.co
supplychaingamechanger.com,1,10,elogic.co
8kun.top,1,10,elogic.co
harveynormancommercialequipment.com.au,1,10,magefan.com
ascompressors.com,1,10,magefan.com
ramayansupply.com,1,10,magefan.com
ipanemaaustralia.com.au,1,10,magefan.com
publicitytop.com,1,10,digitalsuits.co
alongtheboards.com,1,10,optimum7.com
filmdaily.co,1,9,elogic.co
imrnat.com,1,9,magefan.com
atamgo.com,1,9,digitalsuits.co
globenewswire.com,1,9,optimum7.com
opinew.com,1,8,swankyagency.com
provenexpert.com,1,8,elogic.co
firmsuggest.com,1,8,digitalsuits.co
spacecoastdaily.com,1,8,digitalsuits.co
eplaneai.com,1,8,optimum7.com
businessnewsbox.com,1,8,optimum7.com
globaleconomyedition.com,1,7,netalico.com
idiomsinsider.com,1,7,netalico.com
widerweekly.co.uk,1,7,netalico.com
instander-official.com,1,7,netalico.com
popularmarathi.in,1,7,netalico.com
parkmagazineny.com,1,7,netalico.com
list-crawlers.com,1,7,netalico.com
brapodd.se,1,7,swankyagency.com
trustburn.com,1,7,swankyagency.com
thecodecube.net,1,7,swankyagency.com
aipersonalization.cloud,1,7,elogic.co
jt.org,1,7,elogic.co
entrepreneurshipinabox.com,1,7,elogic.co
msnnewsworld.com,1,7,elogic.co
branchenorte.de,1,7,elogic.co
unternehmensauskunft.com,1,7,elogic.co
acompio.co.uk,1,7,elogic.co
gisuser.com,1,7,elogic.co
forceperformers.com,1,7,elogic.co
awplife.com,1,7,elogic.co
appstudio.ca,1,7,elogic.co
knowledgeeager.com,1,7,elogic.co
9ch.net,1,7,elogic.co
cart-help.com,1,7,elogic.co
luhhu.com,1,7,elogic.co
livegames.tech,1,7,elogic.co
dotnek.com,1,7,elogic.co
leadgenapp.io,1,7,elogic.co
thesocialmediamonthly.com,1,7,elogic.co
techpanga.com,1,7,elogic.co
dunebook.com,1,7,elogic.co
kodyadamson.yolasite.com,1,7,elogic.co
aiseomate.com,1,7,iwdagency.com
cpoclub.com,1,7,iwdagency.com
oasiscoolers.com,1,7,iwdagency.com
stag.in,1,7,iwdagency.com
getredo.com,1,7,absoluteweb.com
peetcho.com,1,7,absoluteweb.com
seobaby.co,1,7,absoluteweb.com
karrahwjess.pages.dev,1,7,absoluteweb.com
elizabethwcoral.pages.dev,1,7,absoluteweb.com
meghanwpavla.pages.dev,1,7,absoluteweb.com
sophroniazlusa.pages.dev,1,7,absoluteweb.com
lauriebird.net,1,7,absoluteweb.com
emilinewmarta.pages.dev,1,7,absoluteweb.com
eleanorezwren.pages.dev,1,7,absoluteweb.com
barbara-annewkirby.pages.dev,1,7,absoluteweb.com
developerszone.net,1,7,heycarson.com
wpstandard.com,1,7,heycarson.com
fortunateinvestor.com,1,7,heycarson.com
brickspacelab.notion.site,1,7,heycarson.com
beanninjas.com,1,7,heycarson.com
techcos.co,1,7,magefan.com
avada-development.web.app,1,7,magefan.com
sportkasteel.nl,1,7,magefan.com
pratsdigital.in,1,7,magefan.com
dailylist.in,1,7,magefan.com
sneakersenzo.nl,1,7,magefan.com
ycrsoft.com,1,7,magefan.com
crumz.net,1,7,magefan.com
thebrandhopper.com,1,7,digitalsuits.co
sproutwired.com,1,7,digitalsuits.co
spacewar.com,1,7,digitalsuits.co
energy-daily.com,1,7,digitalsuits.co
onthisveryspot.com,1,7,digitalsuits.co
accordinglaw.com,1,7,digitalsuits.co
usupdates.org,1,7,digitalsuits.co
nafex.net,1,7,digitalsuits.co
upbeatgeek.com,1,7,digitalsuits.co
hockeybuzz.com,1,7,digitalsuits.co
parcheweb.com,1,7,digitalsuits.co
smithfieldtimes.com,1,7,digitalsuits.co
studyinginswitzerland.com,1,7,digitalsuits.co
zappiestsolutions.com,1,7,digitalsuits.co
thetradable.com,1,7,digitalsuits.co
theridgewoodblog.net,1,7,digitalsuits.co
marvelfitny.com,1,7,digitalsuits.co
feedbax.ai,1,7,digitalsuits.co
contentbase.com,1,7,digitalsuits.co
connectingsurvivors.com,1,7,digitalsuits.co
intpolicydigest.org,1,7,digitalsuits.co
newpakweb.com,1,7,digitalsuits.co
brilliantstarchildcare.com,1,7,digitalsuits.co
juliomarchi.blogspot.com,1,7,digitalsuits.co
easyworknet.net,1,7,digitalsuits.co
coworkinglondon.com,1,7,digitalsuits.co
leadgrowdevelop.com,1,7,digitalsuits.co
azrockradio.com,1,7,digitalsuits.co
reportwire.org,1,7,digitalsuits.co
phoneswiki.com,1,7,digitalsuits.co
digital-business-news.com,1,7,digitalsuits.co
windypierre.com,1,7,digitalsuits.co
successamericaninvestors.com,1,7,digitalsuits.co
incrediblethings.com,1,7,digitalsuits.co
moneytaskforce.com,1,7,digitalsuits.co
readership.org,1,7,digitalsuits.co
hitechwork.com,1,7,digitalsuits.co
mainenewsonline.com,1,7,digitalsuits.co
jealouscomputers.com,1,7,digitalsuits.co
littlelioness.net,1,7,digitalsuits.co
funtecho.com,1,7,digitalsuits.co
insiderpaper.com,1,7,digitalsuits.co
netsworths.com,1,7,optimum7.com
cartoonwise.com,1,7,optimum7.com
danielnytra.com,1,7,optimum7.com
saasmetrics.co,1,7,optimum7.com
marketsharegroup.com,1,7,optimum7.com
whitespacestrategy.com,1,7,optimum7.com
dewarticles.com,1,7,optimum7.com
younggogetter.com,1,7,optimum7.com
bitsmonkey.blogspot.com,1,7,optimum7.com
synfig.org,1,7,optimum7.com
dailyworldpost.com,1,7,optimum7.com
worldranksolutions.com,1,7,optimum7.com
freebusinessideas.net,1,7,optimum7.com
theeventchronicle.com,1,7,optimum7.com
gforgames.com,1,7,optimum7.com
strategyinsights.biz,1,7,sherocommerce.com
aitimejournal.com,1,6,elogic.co
telstarsurf.es,1,6,magefan.com
fixza.nl,1,6,magefan.com
hostinger.com,1,6,magefan.com
tiffanysbakeryphilly.com,1,6,magefan.com
tdafrica.com,1,6,magefan.com
greenbrier.com,1,6,magefan.com
bitrates.com,1,6,digitalsuits.co
eworkfromhomejobs.com,1,6,optimum7.com
ecommerce.jobs,1,6,optimum7.com
rankingvideos.club,1,6,optimum7.com
websitebuildingnow.com,1,6,optimum7.com
scalefusion.com,1,5,elogic.co
softuni.bg,1,5,elogic.co
futurecommerce.com,1,5,absoluteweb.com
personalizarxforce.com,1,5,magefan.com
codigobit.info,1,5,optimum7.com
cotinga.io,1,4,elogic.co
curryestate.com,1,4,digitalsuits.co
azbigmedia.com,1,4,digitalsuits.co
nathlafmarketing.com,1,4,optimum7.com
dothtml5.com,1,4,optimum7.com
websitebuilderawards.net,1,3,elogic.co
itechgyan.com,1,3,elogic.co
topink.co.nz,1,3,magefan.com
telstarsurf.nl,1,3,magefan.com
tecompro.com.co,1,3,magefan.com
northernpossession24.gitlab.io,1,3,magefan.com
theseospot.com,1,3,digitalsuits.co
clickraven.com,1,3,digitalsuits.co
toriltv.com,1,2,swankyagency.com
naturalhomeremediesfor.com,1,2,swankyagency.com
metapack.com,1,2,swankyagency.com
7chan.org,1,2,elogic.co
triptoli.com,1,2,magefan.com
imaginaformacion.com,1,2,magefan.com
techraisal.com,1,2,digitalsuits.co
qajobboard.com,1,2,optimum7.com
jobsforseo.com,1,2,optimum7.com
pixteller.com,1,1,elogic.co
smartcoding.com.au,1,1,elogic.co
parrot.ru,1,1,elogic.co
help2heal.co.uk,1,1,digitalsuits.co
hamishmacewan.org,1,1,optimum7.com
hackmedia.net,1,1,sherocommerce.com
pctechmag.com,1,0,netalico.com
laaster.com,1,0,netalico.com
upstore.cloud,1,0,netalico.com
desiremarketing.io,1,0,netalico.com
lyzr.ai,1,0,netalico.com
rckstrmedia.com,1,0,netalico.com
smartwriter.ai,1,0,netalico.com
alwaysopencommerce.com,1,0,netalico.com
cantech.in,1,0,netalico.com
bostoninstituteofanalytics.org,1,0,netalico.com
openaiagent.io,1,0,netalico.com
cloudpanel.io,1,0,netalico.com
iamdigimarketing.com,1,0,netalico.com
lighthousecommerce.com,1,0,netalico.com
zavify.co.uk,1,0,netalico.com
ntxia.org,1,0,netalico.com
slidessaver.com,1,0,netalico.com
badmashshayari.com,1,0,netalico.com
f22labs.com,1,0,netalico.com
seaislenews.com,1,0,netalico.com
crumbllineup.us,1,0,netalico.com
theactionelite.com,1,0,netalico.com
koofie.net,1,0,netalico.com
reveriepage.com,1,0,netalico.com
solmonarc.com,1,0,netalico.com
eztalks.gitbook.io,1,0,netalico.com
wedbush.com,1,0,netalico.com
thepilotnews.com,1,0,netalico.com
theantlersamerican.com,1,0,netalico.com
knowledgenile.com,1,0,netalico.com
fingerlakes1.com,1,0,netalico.com
webpeak.org,1,0,netalico.com
otterab.com,1,0,netalico.com
ourcodeworld.com,1,0,netalico.com
uploadarticle.com.co,1,0,netalico.com
winstonmediawire.com,1,0,netalico.com
mynewsgh.com,1,0,netalico.com
newportvermontdailyexpress.com,1,0,netalico.com
theeveningleader.com,1,0,netalico.com
wapakdailynews.com,1,0,netalico.com
chroniclejournal.com,1,0,netalico.com
woonsocketcall.com,1,0,netalico.com
minyanville.com,1,0,netalico.com
codingkart.com,1,0,netalico.com
markmeets.com,1,0,netalico.com
techaheadcorp.ae,1,0,netalico.com
brandedpoetry.com,1,0,netalico.com
kuthira.com.co,1,0,netalico.com
todaysmagazine.co.uk,1,0,netalico.com
tekglide.com,1,0,netalico.com
kulfiy.com,1,0,netalico.com
myclassnews.com,1,0,netalico.com
usatimes.it.com,1,0,netalico.com
bhoomi-rtconline.com,1,0,netalico.com
artdaily.cc,1,0,netalico.com
weframetech.com,1,0,netalico.com
englishilm.com,1,0,netalico.com
bestkoditips.com,1,0,netalico.com
puremagazine.co.uk,1,0,netalico.com
forbesjapan.com,1,0,netalico.com
intelligenthq.com,1,0,netalico.com
thepinnaclelist.com,1,0,netalico.com
dutable.com,1,0,netalico.com
ticketdocker.com,1,0,netalico.com
sosoactive.com,1,0,netalico.com
webiq.com.ng,1,0,netalico.com
craftberry.co,1,0,netalico.com
alltechmagazine.com,1,0,netalico.com
helloroketto.com,1,0,netalico.com
fabric.inc,1,0,netalico.com
bantechsolutions.com,1,0,netalico.com
skillspeedpower.com,1,0,netalico.com
urlscan.io,1,0,netalico.com
aijourn.com,1,0,netalico.com
tutvid.com,1,0,netalico.com
ohsem.me,1,0,netalico.com
blankitinerary.com,1,0,netalico.com
ecomoptix.com,1,0,netalico.com
arcoptimizer.com,1,0,netalico.com
sitepronews.com,1,0,netalico.com
dualmedia.com,1,0,netalico.com
noname0519.com,1,0,netalico.com
outrightcrm.com,1,0,netalico.com
bigcommerce.com,1,0,netalico.com
goodmenproject.com,1,0,netalico.com
theinscribermag.com,1,0,netalico.com
saleshandy.com,1,0,netalico.com
suakrn15.blogspot.com,1,0,netalico.com
zabasearch.com,1,0,netalico.com
aadarsh.in,1,0,netalico.com
dailytrust.com,1,0,netalico.com
thisdaylive.com,1,0,netalico.com
wemotif.com,1,0,netalico.com
goodfirms.co,1,0,netalico.com
bigcommerce.com.au,1,0,netalico.com
bigcommerce.co.uk,1,0,netalico.com
newfashionsharing.com,1,0,netalico.com
mytotalretail.com,1,0,netalico.com
southafricatoday.net,1,0,netalico.com
webseodirectory.com,1,0,netalico.com
marketersmedia.com,1,0,netalico.com
nangkasumateradecorationj1.web.app,1,0,netalico.com
portotheme.com,1,0,netalico.com
getharvest.com,1,0,netalico.com
boutique-cle-en-main.com,1,0,netalico.com
skopemag.com,1,0,netalico.com
amourvert.com,1,0,netalico.com
fitinline.com,1,0,netalico.com
php-download.com,1,0,netalico.com
hispidahispidadecorationj1.web.app,1,0,netalico.com
markwilliamlewis.com,1,0,netalico.com
analyticsinsight.net,1,0,netalico.com
ezilon.com,1,0,netalico.com
amphibiusbayamdecorationj1.web.app,1,0,netalico.com
websitesnewses.com,1,0,netalico.com
wayseolinks.com,1,0,netalico.com
globalseodirectory.com,1,0,netalico.com
bilalarticles.com,1,0,netalico.com
wayseodirectory.com,1,0,netalico.com
hostseolinks.com,1,0,netalico.com
globalproseo.com,1,0,netalico.com
theworldnewswire.com,1,0,swankyagency.com
theglobaleuropean.com,1,0,swankyagency.com
saaskart.co,1,0,swankyagency.com
newsfromeurope.com,1,0,swankyagency.com
theconversionbible.com,1,0,swankyagency.com
maatos.com,1,0,swankyagency.com
vchicdesigns.com,1,0,swankyagency.com
elma3had.com,1,0,swankyagency.com
alphaomegadigital.com.au,1,0,swankyagency.com
searchengineinsight.com,1,0,swankyagency.com
ucconnection.org,1,0,swankyagency.com
vevolmedia.com,1,0,swankyagency.com
firmbase.co,1,0,swankyagency.com
zotasell.com,1,0,swankyagency.com
horologikalluxury.com,1,0,swankyagency.com
smarttalksuccess.com,1,0,swankyagency.com
tinyseo.com,1,0,swankyagency.com
phenomena.org,1,0,swankyagency.com
exactwhy.com,1,0,swankyagency.com
phranking.com,1,0,swankyagency.com
undergroundecom.com,1,0,swankyagency.com
emarsys.com,1,0,swankyagency.com
etdropship.com,1,0,swankyagency.com
threadpoint.agency,1,0,swankyagency.com
campaignrefinery.com,1,0,swankyagency.com
amworldgroup.com,1,0,swankyagency.com
digital.marketing,1,0,swankyagency.com
pressreleasezen.com,1,0,swankyagency.com
microcapnews.com,1,0,swankyagency.com
tvshowauditions.info,1,0,swankyagency.com
marketinghubdaily.com,1,0,swankyagency.com
brandlive.pl,1,0,swankyagency.com
pkf-francisclark.co.uk,1,0,swankyagency.com
sotadigital.io,1,0,swankyagency.com
homeopathyfor.us,1,0,swankyagency.com
spolidoro.com.br,1,0,swankyagency.com
lite14.net,1,0,swankyagency.com
1jing-design.com.tw,1,0,swankyagency.com
11equitypartners.com,1,0,swankyagency.com
directiveconsulting.com,1,0,swankyagency.com
sourcefed.com,1,0,swankyagency.com
gooddecisions.com,1,0,swankyagency.com
getfunneled.com,1,0,swankyagency.com
bebee.com,1,0,swankyagency.com
coletiv.com,1,0,swankyagency.com
drrandolph.com,1,0,swankyagency.com
hhgourmet.com,1,0,swankyagency.com
uaestore.com,1,0,swankyagency.com
dpo-privacy-support.com,1,0,swankyagency.com
successxl.com,1,0,swankyagency.com
cartcoders.com,1,0,swankyagency.com
fundz.net,1,0,swankyagency.com
rogueimc.org,1,0,swankyagency.com
startupmag.co.uk,1,0,swankyagency.com
lamora.net,1,0,swankyagency.com
futurecoworker.ai,1,0,swankyagency.com
blogpros.com,1,0,swankyagency.com
syncer.io,1,0,swankyagency.com
ccequipos.com.mx,1,0,swankyagency.com
jgpaintingandremodeling.net,1,0,swankyagency.com
joinbrands.com,1,0,swankyagency.com
value-based-platforms.com,1,0,swankyagency.com
deltafulfilment.co.uk,1,0,swankyagency.com
beststartup.co.uk,1,0,swankyagency.com
hungrybear.net,1,0,swankyagency.com
sroberts.co.uk,1,0,swankyagency.com
acquire.co.in,1,0,swankyagency.com
easysubscription.io,1,0,swankyagency.com
thoka.network,1,0,swankyagency.com
inforcapital.com,1,0,swankyagency.com
contentpowered.com,1,0,swankyagency.com
itsupplychain.com,1,0,swankyagency.com
ecommerceceo.com,1,0,swankyagency.com
digitalnation.scot,1,0,swankyagency.com
thenyctimes.com,1,0,swankyagency.com
journalofbusinessnews.com,1,0,swankyagency.com
europeanglobaltimes.com,1,0,swankyagency.com
smartwebagency.co.uk,1,0,swankyagency.com
aussiecareerportal.com,1,0,swankyagency.com
quikly.com,1,0,swankyagency.com
capitolhilltimes.com,1,0,swankyagency.com
brightsfuture.com,1,0,swankyagency.com
localseoresources.com,1,0,swankyagency.com
emphas.is,1,0,swankyagency.com
web-in-a-click.com,1,0,swankyagency.com
remotejobshive.com,1,0,swankyagency.com
ecommercemanager.co,1,0,swankyagency.com
scaling.co,1,0,swankyagency.com
gm-design.co.uk,1,0,swankyagency.com
myhubble.money,1,0,swankyagency.com
duovoltart.com,1,0,swankyagency.com
streetregister.com,1,0,swankyagency.com
writtenlyhub.com,1,0,swankyagency.com
nextmentors.com,1,0,swankyagency.com
mimoji.com,1,0,swankyagency.com
friendhood.net,1,0,swankyagency.com
longislandreport.org,1,0,swankyagency.com
titanblue.com.au,1,0,swankyagency.com
webteamconcept.com,1,0,swankyagency.com
ebusinessplanet.com,1,0,swankyagency.com
cfxmagazine.com,1,0,swankyagency.com
ciffnoo.com,1,0,swankyagency.com
jusgift.com,1,0,swankyagency.com
getmesa.com,1,0,swankyagency.com
withreach-five.vercel.app,1,0,swankyagency.com
thedigitalchapter.com,1,0,swankyagency.com
thefreefinancialadvisor.com,1,0,swankyagency.com
gopreneurs.com,1,0,swankyagency.com
goodsciencing.com,1,0,swankyagency.com
arteza.fr,1,0,swankyagency.com
imone2015.com,1,0,swankyagency.com
d-h.st,1,0,swankyagency.com
luxedb.com,1,0,swankyagency.com
hubspotes.com,1,0,swankyagency.com
latabloid.com,1,0,swankyagency.com
epubzone.org,1,0,swankyagency.com
humane.net,1,0,swankyagency.com
forkstofeet.com,1,0,swankyagency.com
newsblaze.com,1,0,swankyagency.com
zigpoll.com,1,0,swankyagency.com
eastsideco.com,1,0,swankyagency.com
ideacrossing.org,1,0,swankyagency.com
xovakstudio.com,1,0,swankyagency.com
fullstop360.com,1,0,swankyagency.com
contentstudio.io,1,0,swankyagency.com
cuevideos.com,1,0,swankyagency.com
tryitonme.com,1,0,swankyagency.com
simplyhired.com.au,1,0,swankyagency.com
publish0x.com,1,0,swankyagency.com
data4ecom.com,1,0,swankyagency.com
catsy.com,1,0,swankyagency.com
allpodcasts.com,1,0,swankyagency.com
baretnews.com,1,0,swankyagency.com
bossesmag.com,1,0,swankyagency.com
blerrp.com,1,0,swankyagency.com
trondstidkontroll.com,1,0,swankyagency.com
markopolo.ai,1,0,swankyagency.com
axcessnews.com,1,0,swankyagency.com
sozee.ai,1,0,swankyagency.com
social-matic.com,1,0,swankyagency.com
lmcordoba.com.ar,1,0,swankyagency.com
icc-court.com,1,0,swankyagency.com
usfeatures.com,1,0,swankyagency.com
syncer.eu,1,0,swankyagency.com
infotechinc.net,1,0,swankyagency.com
ecommercemasterplan.com,1,0,swankyagency.com
videoai.me,1,0,swankyagency.com
chatty.net,1,0,swankyagency.com
atypica.ai,1,0,swankyagency.com
mooflife.com,1,0,swankyagency.com
ranksarticle.com,1,0,swankyagency.com
redeemly.ai,1,0,swankyagency.com
onlygolfnews.com,1,0,swankyagency.com
nova-day.com,1,0,swankyagency.com
softpowerbiz.com,1,0,swankyagency.com
emplicit.co,1,0,swankyagency.com
solega.co,1,0,swankyagency.com
betterranking.co.uk,1,0,swankyagency.com
quorage.com,1,0,swankyagency.com
cwill.com,1,0,swankyagency.com
financialeducatorscouncil.org,1,0,swankyagency.com
niranjanyamgar.in,1,0,swankyagency.com
theskinsciencecompany.com.au,1,0,swankyagency.com
site-spring.com,1,0,swankyagency.com
womensconference.org,1,0,swankyagency.com
toptraveltrends.com,1,0,swankyagency.com
theglimpse.com,1,0,swankyagency.com
tasteterminal.com,1,0,swankyagency.com
xpr.media,1,0,swankyagency.com
thedailyhaze.com,1,0,swankyagency.com
fabric-analytics.com,1,0,swankyagency.com
uncannycs.com,1,0,swankyagency.com
bilue.com.au,1,0,swankyagency.com
ukuncut.org.uk,1,0,swankyagency.com
growthautomated.ai,1,0,swankyagency.com
impro.email,1,0,swankyagency.com
supplychainit.com,1,0,swankyagency.com
prologisfreight.com,1,0,swankyagency.com
11.agency,1,0,swankyagency.com
stickydigital.io,1,0,swankyagency.com
demannenvandelft.nl,1,0,swankyagency.com
stacker.com,1,0,swankyagency.com
aachocolates.com,1,0,swankyagency.com
storegrowth.io,1,0,swankyagency.com
businessabc.net,1,0,swankyagency.com
compartes.com,1,0,swankyagency.com
sota.holdings,1,0,swankyagency.com
gridinsoft.ua,1,0,swankyagency.com
gridinsoft.com,1,0,swankyagency.com
sadeceticaret.co,1,0,swankyagency.com
stomart.co.uk,1,0,swankyagency.com
eiredigital.com,1,0,swankyagency.com
trueroas.com,1,0,swankyagency.com
meetchatty.com,1,0,swankyagency.com
tangbuy.com,1,0,swankyagency.com
marketingadvice.ai,1,0,swankyagency.com
xipirons.fr,1,0,swankyagency.com
rankpa.com,1,0,swankyagency.com
viralnation.com,1,0,swankyagency.com
ingrid.com,1,0,swankyagency.com
dbmanagers.com,1,0,swankyagency.com
vestus.studio,1,0,swankyagency.com
mikepaim.com,1,0,swankyagency.com
dojobusiness.com,1,0,swankyagency.com
24siteshop.com,1,0,swankyagency.com
rezaid.co.uk,1,0,swankyagency.com
munro.agency,1,0,swankyagency.com
salesmate.io,1,0,swankyagency.com
appletree.co.in,1,0,swankyagency.com
desidose.in,1,0,swankyagency.com
cybez.com,1,0,swankyagency.com
sobot.io,1,0,swankyagency.com
similarweb.com,1,0,swankyagency.com
charlecoweb.com,1,0,swankyagency.com
ontapgroup.com,1,0,swankyagency.com
911waterheaterdeerpark.com,1,0,swankyagency.com
inblog.ai,1,0,swankyagency.com
search-wizards.com.au,1,0,swankyagency.com
cuisinesansfrontieres.ch,1,0,swankyagency.com
feelmydeal.com,1,0,swankyagency.com
stiddle.com,1,0,swankyagency.com
saintcolumbabrooklyn.org,1,0,swankyagency.com
nohara.in,1,0,swankyagency.com
nubizsol.com,1,0,swankyagency.com
wallmanderco.se,1,0,swankyagency.com
codrington.edu.bb,1,0,swankyagency.com
company-nl.myshopify.com,1,0,swankyagency.com
metabacklinks.com,1,0,elogic.co
cognautic.com,1,0,elogic.co
andresseo.expert,1,0,elogic.co
139.59.60.115,1,0,elogic.co
startgain.org,1,0,elogic.co
updimes.com,1,0,elogic.co
centralauctiongroup.com,1,0,elogic.co
hostprinter.com,1,0,elogic.co
seo-anomaly-d-29.xyz,1,0,elogic.co
seo-cartel-sl34.xyz,1,0,elogic.co
aibusinessweekly.net,1,0,elogic.co
fmemodules.com,1,0,elogic.co
prerender.io,1,0,elogic.co
seo-anomaly-d-15.xyz,1,0,elogic.co
keithswann.my.id,1,0,elogic.co
financiallyfitlifeacademy.com,1,0,elogic.co
best-ai-governance-consultants.com,1,0,elogic.co
ndlabs.dev,1,0,elogic.co
usemate.ai,1,0,elogic.co
milosolutions.com,1,0,elogic.co
optimum7.com,1,0,elogic.co
ragistry.com,1,0,elogic.co
skima.ai,1,0,elogic.co
expresspigeon.com,1,0,elogic.co
expertlifetips.com,1,0,elogic.co
dllstudios.com,1,0,elogic.co
wpriders.com,1,0,elogic.co
private.coffee,1,0,elogic.co
zipdo.co,1,0,elogic.co
queenssurgical.net,1,0,elogic.co
lengow.com,1,0,elogic.co
handwiki.org,1,0,elogic.co
bhs-links-r24.xyz,1,0,elogic.co
adbeacon.com,1,0,elogic.co
veritly.co.uk,1,0,elogic.co
logicsofts.co.uk,1,0,elogic.co
seo-cartel-laurina.xyz,1,0,elogic.co
b2becommerceagencies.com,1,0,elogic.co
jumpseller.com.ar,1,0,elogic.co
gsf.digital,1,0,elogic.co
byteztech.com,1,0,elogic.co
qdaily.org,1,0,elogic.co
jumpseller.co.uk,1,0,elogic.co
promoteproject.com,1,0,elogic.co
seo-cartel-tabi.xyz,1,0,elogic.co
fudge.ai,1,0,elogic.co
jumpseller.mx,1,0,elogic.co
jumpseller.com,1,0,elogic.co
jumpseller.cl,1,0,elogic.co
jumpseller.in,1,0,elogic.co
jumpseller.pt,1,0,elogic.co
jumpseller.com.pe,1,0,elogic.co
jumpseller.co,1,0,elogic.co
seo-anomaly-d-30.xyz,1,0,elogic.co
uvik.net,1,0,elogic.co
best-b2b-ecommerce-agencies.com,1,0,elogic.co
best-magento-agencies.com,1,0,elogic.co
moormarketing.com.au,1,0,elogic.co
best-ecommerce-development-companies.com,1,0,elogic.co
best-shopify-plus-agencies.com,1,0,elogic.co
casapaiva.pt,1,0,elogic.co
devsquad.com,1,0,elogic.co
digitalglobaltimes.com,1,0,elogic.co
ecomone.com,1,0,elogic.co
paradisosolutions.com,1,0,elogic.co
devrant.com,1,0,elogic.co
businessday.in,1,0,elogic.co
wudoseo.com,1,0,elogic.co
amoritestore.com,1,0,elogic.co
muench.dev,1,0,elogic.co
reddog.group,1,0,elogic.co
tisdigitech.com,1,0,elogic.co
spotcovery.com,1,0,elogic.co
urlshort.at,1,0,elogic.co
svitla.com,1,0,elogic.co
verityscore.io,1,0,elogic.co
nightjar.so,1,0,elogic.co
alhena.ai,1,0,elogic.co
tellows.com,1,0,elogic.co
llmstxt.info,1,0,elogic.co
businessformation.io,1,0,elogic.co
seo-cartel-excelsa.xyz,1,0,elogic.co
seo-cartel-ruiru.xyz,1,0,elogic.co
wikidata.org,1,0,elogic.co
wpfrank.com,1,0,elogic.co
gleamhub.net,1,0,elogic.co
seo-anomaly-d-26.xyz,1,0,elogic.co
seo-anomaly-d-6.xyz,1,0,elogic.co
seo-anomaly-d-1.xyz,1,0,elogic.co
ontrack.agency,1,0,elogic.co
wisdmlabs.com,1,0,elogic.co
joshuawarren.com,1,0,elogic.co
emvigotech.com,1,0,elogic.co
exchangeosttopstconverter.net,1,0,elogic.co
67.205.186.198,1,0,elogic.co
growthrocks.com,1,0,elogic.co
ctribesociety.com,1,0,elogic.co
ivugangingo.com,1,0,elogic.co
seo-anomaly-d-3.xyz,1,0,elogic.co
upnorthmedia.co,1,0,elogic.co
rebusadvertising.com,1,0,elogic.co
seo-cartel-villasarchi.xyz,1,0,elogic.co
gordianhense.com,1,0,elogic.co
arphost.com,1,0,elogic.co
unit-m.de,1,0,elogic.co
techradiant.co,1,0,elogic.co
eximiastudio.com,1,0,elogic.co
webtwizz.com,1,0,elogic.co
sfd-jsc.com,1,0,elogic.co
wgtsolutions.com,1,0,elogic.co
webbiquity.com,1,0,elogic.co
seo-cartel-batian.xyz,1,0,elogic.co
mastroke.com,1,0,elogic.co
seo-cartel-heirloom.xyz,1,0,elogic.co
genevieaslinger.my.id,1,0,elogic.co
searchenginecage.com,1,0,elogic.co
mylocalservices.co.uk,1,0,elogic.co
chrisdeewaard.com,1,0,elogic.co
exabytes.my,1,0,elogic.co
seo-anomaly-d-10.xyz,1,0,elogic.co
seo-cartel-caturra.xyz,1,0,elogic.co
cirklestudio.co,1,0,elogic.co
fragmatic.ai,1,0,elogic.co
hostingduty.com,1,0,elogic.co
dtcroas.com,1,0,elogic.co
poslanews.com,1,0,elogic.co
steviesipla.my.id,1,0,elogic.co
pharmasolutions.rs,1,0,elogic.co
glance.com,1,0,elogic.co
seo-anomaly-d-5.xyz,1,0,elogic.co
goyellow.de,1,0,elogic.co
saasmaste.com,1,0,iwdagency.com
mouthains.com,1,0,iwdagency.com
marketingexperts.click,1,0,iwdagency.com
gmware.com,1,0,iwdagency.com
ebool.com,1,0,iwdagency.com
techdogs.com,1,0,iwdagency.com
ppc4.com,1,0,iwdagency.com
techretaries.com,1,0,iwdagency.com
capcut.com,1,0,iwdagency.com
millennium-digital.com,1,0,iwdagency.com
krishaweb.com,1,0,iwdagency.com
xrea.com,1,0,iwdagency.com
materialsindustry.com,1,0,iwdagency.com
gpsgadgets.co.uk,1,0,iwdagency.com
techqa.club,1,0,iwdagency.com
futbolbasetrainer.es,1,0,iwdagency.com
kopivy.com,1,0,iwdagency.com
powr.io,1,0,iwdagency.com
wpwebify.com,1,0,iwdagency.com
infydots.com,1,0,iwdagency.com
stikadoo.com.ph,1,0,iwdagency.com
drcelsopeixoto.com.br,1,0,iwdagency.com
retroadventures.hu,1,0,iwdagency.com
coruzant.com,1,0,iwdagency.com
chocolatemoosedc.com,1,0,iwdagency.com
iaiad.org,1,0,iwdagency.com
iplocation.net,1,0,iwdagency.com
kanisshka.com,1,0,iwdagency.com
totemika.cl,1,0,iwdagency.com
tycoonstory.com,1,0,iwdagency.com
olivare.com.ar,1,0,iwdagency.com
kis.si,1,0,iwdagency.com
mawdoo3.com,1,0,iwdagency.com
jivochat.com,1,0,iwdagency.com
dumblittleman.com,1,0,iwdagency.com
shippingauditor.com,1,0,iwdagency.com
themeforx.blogspot.com,1,0,iwdagency.com
ecombe.com,1,0,iwdagency.com
similars.net,1,0,iwdagency.com
webtechpreneur.com,1,0,iwdagency.com
imzuber.com,1,0,iwdagency.com
tantawisurgicalsupplies.com,1,0,iwdagency.com
qastack.jp,1,0,iwdagency.com
appscentral.net,1,0,iwdagency.com
bolbamtravels.cloud,1,0,iwdagency.com
sureprofitscoach.com,1,0,iwdagency.com
rdvmedia.ae,1,0,iwdagency.com
artofcards.in,1,0,iwdagency.com
vcareall.com,1,0,iwdagency.com
runnersathletics.com,1,0,iwdagency.com
instabam.com,1,0,iwdagency.com
siruk.io,1,0,iwdagency.com
optimumfeedback.com,1,0,iwdagency.com
guideroyal.com,1,0,iwdagency.com
insidea.com,1,0,iwdagency.com
virusword.com,1,0,iwdagency.com
linkcenter.com,1,0,iwdagency.com
region.co.in,1,0,iwdagency.com
hrbmagazine.org,1,0,iwdagency.com
databoostdirectory.com,1,0,iwdagency.com
marketingagencynearme.com,1,0,iwdagency.com
eltrino.com,1,0,iwdagency.com
philca.ch,1,0,iwdagency.com
devrims.com,1,0,iwdagency.com
tonoreswine.com,1,0,iwdagency.com
seonextlevel.com,1,0,iwdagency.com
verma.hr,1,0,iwdagency.com
thesisowl.com,1,0,iwdagency.com
teknokrat.ac.id,1,0,iwdagency.com
pressabout.com,1,0,iwdagency.com
articleside.com,1,0,iwdagency.com
studiosegmenti.com,1,0,iwdagency.com
toptierdirectory.com,1,0,iwdagency.com
topmarketingdirectory.com,1,0,iwdagency.com
seoprodirectory.com,1,0,iwdagency.com
nexioe.com,1,0,iwdagency.com
webdirectoryzone.com,1,0,iwdagency.com
shelia-strong.pages.dev,1,0,iwdagency.com
domainsandsites.com,1,0,iwdagency.com
koffee-express.com,1,0,iwdagency.com
world-businesses.com,1,0,iwdagency.com
margaret-ware.pages.dev,1,0,iwdagency.com
newdirectory.in,1,0,iwdagency.com
prodirectoryguide.com,1,0,iwdagency.com
homegrail.com,1,0,iwdagency.com
authorize.net,1,0,iwdagency.com
exampledirectory.com,1,0,iwdagency.com
weebly.com,1,0,iwdagency.com
scalahosting.com,1,0,iwdagency.com
rankeddirectory.com,1,0,iwdagency.com
marketingzonedirectory.com,1,0,iwdagency.com
linkbuildingdirectory.com,1,0,iwdagency.com
socialrankdirectory.com,1,0,iwdagency.com
prolistingdirectory.com,1,0,iwdagency.com
seologixdirectory.com,1,0,iwdagency.com
aibacklinkdirectory.com,1,0,iwdagency.com
aiarticledirectory.com,1,0,iwdagency.com
topbacklinksdirectory.com,1,0,iwdagency.com
topsaasdirectory.com,1,0,iwdagency.com
linkflowdirectory.com,1,0,iwdagency.com
baidudirectory.com,1,0,iwdagency.com
websolodirectory.com,1,0,iwdagency.com
backlinksdirectoryhub.com,1,0,iwdagency.com
flickrdirectory.com,1,0,iwdagency.com
quickfinddirectory.com,1,0,iwdagency.com
seoelitedirectory.com,1,0,iwdagency.com
seodirectoryzone.com,1,0,iwdagency.com
saaswebdirectory.com,1,0,iwdagency.com
saasdirectoryzone.com,1,0,iwdagency.com
cnndirectory.com,1,0,iwdagency.com
getaprogrammer.co,1,0,iwdagency.com
bizboost.co.jp,1,0,iwdagency.com
wiki-pedias.ru,1,0,iwdagency.com
themasterdirectory.com,1,0,iwdagency.com
thedirectoryportal.com,1,0,iwdagency.com
highauthoritydirectory.com,1,0,iwdagency.com
algolinkers.agency,1,0,iwdagency.com
primeseodirectory.com,1,0,iwdagency.com
mediumdirectory.com,1,0,iwdagency.com
mohitedigitalservices.com,1,0,iwdagency.com
rankifydirectory.com,1,0,iwdagency.com
tumblrdirectory.com,1,0,iwdagency.com
solodirectoryzone.com,1,0,iwdagency.com
rankfastdirectory.com,1,0,iwdagency.com
superbhubdirectory.com,1,0,iwdagency.com
smartwaydirectory.com,1,0,iwdagency.com
yandex.com.tr,1,0,iwdagency.com
searchstackdirectory.com,1,0,iwdagency.com
verifieddirectory.com,1,0,iwdagency.com
supremedirectory.com,1,0,iwdagency.com
lichtman.com,1,0,iwdagency.com
websiteworlddirectory.com,1,0,iwdagency.com
topworlddirectory.com,1,0,iwdagency.com
besttopdirectory.com,1,0,iwdagency.com
worldzonedirectory.com,1,0,iwdagency.com
topviraldirectory.com,1,0,iwdagency.com
rankingwebdirectory.com,1,0,iwdagency.com
worldwebsitesdirectory.com,1,0,iwdagency.com
seowebsitesdirectory.com,1,0,iwdagency.com
topdomaindirectory.com,1,0,iwdagency.com
webbranddirectory.com,1,0,iwdagency.com
weeblydirectory.com,1,0,iwdagency.com
monarchyscripts.blogspot.com,1,0,iwdagency.com
vimeodirectory.com,1,0,iwdagency.com
marketinghubdirectory.com,1,0,iwdagency.com
bicaradata.com,1,0,iwdagency.com
mostrankingdirectory.com,1,0,iwdagency.com
rankzonedirectory.com,1,0,iwdagency.com
marketingdirectoy.com,1,0,iwdagency.com
worldsitedirectory.com,1,0,iwdagency.com
worldmarketingdirectoy.com,1,0,iwdagency.com
viralzonedirectory.com,1,0,iwdagency.com
marketinghubdirectoy.com,1,0,iwdagency.com
postlinkdirectory.com,1,0,iwdagency.com
diversification.com,1,0,iwdagency.com
seobooastdirectory.com,1,0,iwdagency.com
codeseodirectory.com,1,0,iwdagency.com
mostrankdirectory.com,1,0,iwdagency.com
webguestpostsdirectory.com,1,0,iwdagency.com
guestpostsdirectory.com,1,0,iwdagency.com
webzonedirectory.com,1,0,iwdagency.com
saasdirectorywebsites.com,1,0,iwdagency.com
webreviewsdirectory.com,1,0,iwdagency.com
worldwidetoparticle.com,1,0,iwdagency.com
guestpostwebdirectory.com,1,0,iwdagency.com
socialwebdirectory.com,1,0,iwdagency.com
socialzonedirectory.com,1,0,iwdagency.com
mostrankddirectory.com,1,0,iwdagency.com
linkzonedirectory.com,1,0,iwdagency.com
rankhubdirectory.com,1,0,iwdagency.com
bestbusniessdirectory.com,1,0,iwdagency.com
topsitedirectoy.com,1,0,iwdagency.com
meezoom.com,1,0,iwdagency.com
mediazonedirectory.com,1,0,iwdagency.com
websiteslinkdirectory.com,1,0,iwdagency.com
clicktobuydirectory.com,1,0,iwdagency.com
websitedirectoy.com,1,0,iwdagency.com
onlinegenericmedicine.com,1,0,iwdagency.com
webpostdirectory.com,1,0,iwdagency.com
businesswebsitesdirectory.com,1,0,iwdagency.com
smartdirectoryhub.com,1,0,iwdagency.com
ravedigital.in,1,0,iwdagency.com
craft.co,1,0,iwdagency.com
ulike.com,1,0,iwdagency.com
ailistingdirectory.com,1,0,iwdagency.com
seosolodirectory.com,1,0,iwdagency.com
seotechdirectory.com,1,0,iwdagency.com
refetrust.com,1,0,iwdagency.com
primedirectoryzone.com,1,0,iwdagency.com
californiarecorder.com,1,0,iwdagency.com
glamup-shop.com,1,0,iwdagency.com
broadleafcommerce.com,1,0,iwdagency.com
usdirectorylist.com,1,0,iwdagency.com
directorycloudhub.com,1,0,iwdagency.com
gplmods.com,1,0,iwdagency.com
marketlister.com,1,0,iwdagency.com
webranksite.com,1,0,iwdagency.com
wiki2.org,1,0,iwdagency.com
rubydigitalagency.com,1,0,absoluteweb.com
stay.ai,1,0,absoluteweb.com
piperic.com,1,0,absoluteweb.com
advisable.fr,1,0,absoluteweb.com
hostlist.io,1,0,absoluteweb.com
cynosuredesigns.co.uk,1,0,absoluteweb.com
designerdiscussion.com,1,0,absoluteweb.com
vrus.vercel.app,1,0,absoluteweb.com
sabadsaz.com,1,0,absoluteweb.com
konigle.com,1,0,absoluteweb.com
newspaperworlds.com,1,0,absoluteweb.com
leadstal.com,1,0,absoluteweb.com
sanity.io,1,0,absoluteweb.com
flurryjournal.com,1,0,absoluteweb.com
pistorinoalam.com,1,0,absoluteweb.com
wowbix.com,1,0,absoluteweb.com
sherbrookerecord.com,1,0,absoluteweb.com
hubspot.com,1,0,absoluteweb.com
mystagingwebsite.com,1,0,absoluteweb.com
marketdaily.com,1,0,absoluteweb.com
hiwebsite.net,1,0,absoluteweb.com
bigdipper.online,1,0,absoluteweb.com
romanpizzaacademy.com,1,0,absoluteweb.com
psdtohtmlninja.com,1,0,absoluteweb.com
aronwebsolutions.co.uk,1,0,absoluteweb.com
themoderndispatch.com,1,0,absoluteweb.com
linqbuzz.com,1,0,absoluteweb.com
indeedforyou.eu,1,0,absoluteweb.com
redo.com,1,0,absoluteweb.com
momoadvisors.com,1,0,absoluteweb.com
plytix.com,1,0,absoluteweb.com
cheap-backlinks-here.ink,1,0,absoluteweb.com
gruv.ai,1,0,absoluteweb.com
cnet.com,1,0,absoluteweb.com
graphicdesignjunction.com,1,0,absoluteweb.com
absolute.miami,1,0,absoluteweb.com
trustedhumans.com,1,0,absoluteweb.com
aronwebsolutions.com,1,0,absoluteweb.com
macroter.com,1,0,absoluteweb.com
indicationthought16.pythonanywhere.com,1,0,absoluteweb.com
warpdriven.ai,1,0,absoluteweb.com
seosandwitch.com,1,0,absoluteweb.com
mylandingpages.co,1,0,absoluteweb.com
ateliereleaurorei.ro,1,0,absoluteweb.com
firms.com,1,0,absoluteweb.com
thedigitaltips.com,1,0,absoluteweb.com
malogoszcz.eu,1,0,absoluteweb.com
advisable.es,1,0,absoluteweb.com
ekomfy.com,1,0,absoluteweb.com
nbot.ai,1,0,absoluteweb.com
spottedcow.media,1,0,absoluteweb.com
thexceed.com,1,0,absoluteweb.com
prothor-ing.com,1,0,absoluteweb.com
revan-me.com,1,0,absoluteweb.com
hwnerds.com,1,0,absoluteweb.com
theambiencenews.com,1,0,absoluteweb.com
advisable.com,1,0,absoluteweb.com
advisable.gr,1,0,absoluteweb.com
advisable.it,1,0,absoluteweb.com
thesocialhouseja.com,1,0,absoluteweb.com
lopezexpressgt.com,1,0,absoluteweb.com
walisha.org,1,0,absoluteweb.com
topsoftwarefirms.com,1,0,absoluteweb.com
bigtrakisback.com,1,0,absoluteweb.com
kerriezdonna.pages.dev,1,0,absoluteweb.com
retroactivo.es,1,0,absoluteweb.com
loyaltylion.com,1,0,absoluteweb.com
building-industry.eu,1,0,absoluteweb.com
greattraveladvisor.com,1,0,absoluteweb.com
buytechtools.com,1,0,absoluteweb.com
glassdoor.co.in,1,0,absoluteweb.com
hasansiddiqui.digital,1,0,absoluteweb.com
webbookstudio.com,1,0,absoluteweb.com
eseospace.com,1,0,absoluteweb.com
mylocalservices.com,1,0,absoluteweb.com
heddaqanjanette.pages.dev,1,0,absoluteweb.com
virtuousreviews.com,1,0,absoluteweb.com
orvus.net,1,0,absoluteweb.com
selectedfirms.co,1,0,absoluteweb.com
tydo.com,1,0,absoluteweb.com
websuitable.com,1,0,absoluteweb.com
worldwidelogisticsusa.com,1,0,absoluteweb.com
northbeam.io,1,0,absoluteweb.com
uforocks.com,1,0,absoluteweb.com
the4.co,1,0,absoluteweb.com
codexoxo.com,1,0,absoluteweb.com
coachellawinery.com,1,0,absoluteweb.com
b2bea.org,1,0,absoluteweb.com
bluejc.com,1,0,absoluteweb.com
primariasabiertas.com,1,0,absoluteweb.com
b2bglobal.pro,1,0,absoluteweb.com
themorning-news336.blogspot.com,1,0,absoluteweb.com
seogpa.com,1,0,absoluteweb.com
clodura.ai,1,0,absoluteweb.com
reyesadr.com,1,0,absoluteweb.com
researchgiant.com,1,0,absoluteweb.com
wecodepros.com,1,0,absoluteweb.com
vinteum.io,1,0,absoluteweb.com
thefrontendcompany.com,1,0,absoluteweb.com
smamarketing.net,1,0,absoluteweb.com
oqtechnology.com,1,0,absoluteweb.com
miswebdesign.com,1,0,absoluteweb.com
bippermedia.com,1,0,absoluteweb.com
crowdcrux.com,1,0,absoluteweb.com
kyanon.digital,1,0,absoluteweb.com
fyresite.com,1,0,absoluteweb.com
batve.com,1,0,absoluteweb.com
mycontentquest.com,1,0,absoluteweb.com
heroagencies.com,1,0,absoluteweb.com
shahbazahmd.com,1,0,absoluteweb.com
marasy.org,1,0,absoluteweb.com
ellissazkally.pages.dev,1,0,absoluteweb.com
agencyspotter.com,1,0,absoluteweb.com
localbiz-directory.com,1,0,absoluteweb.com
snap-report.com,1,0,absoluteweb.com
uahot.com,1,0,absoluteweb.com
absolute-web.io,1,0,absoluteweb.com
cytocbd.com,1,0,absoluteweb.com
newlyregddomains.com,1,0,absoluteweb.com
flexable.work,1,0,absoluteweb.com
neoreach.com,1,0,absoluteweb.com
wpwebelite.com,1,0,absoluteweb.com
toplist.co.in,1,0,absoluteweb.com
onthemap.com,1,0,absoluteweb.com
byteout.com,1,0,absoluteweb.com
seedx.us,1,0,absoluteweb.com
sifpa.net,1,0,absoluteweb.com
appadvice.com,1,0,absoluteweb.com
thealmostdone.com,1,0,absoluteweb.com
visionarydatareports.com,1,0,absoluteweb.com
eulayantonetta.pages.dev,1,0,absoluteweb.com
agence-pegaze.com,1,0,absoluteweb.com
besenreiser.org,1,0,absoluteweb.com
toppodcast.com,1,0,absoluteweb.com
digitalwebpanama.com,1,0,absoluteweb.com
jobsearcher.com,1,0,absoluteweb.com
siachen.com,1,0,absoluteweb.com
insightmarketreports.com,1,0,absoluteweb.com
blueparking.co.th,1,0,absoluteweb.com
synara.tech,1,0,absoluteweb.com
froghire.ai,1,0,absoluteweb.com
berlinscarf.ir,1,0,absoluteweb.com
contenthurricane.com,1,0,absoluteweb.com
homewerx.org,1,0,absoluteweb.com
uxplanet.org,1,0,absoluteweb.com
waxwing.ai,1,0,absoluteweb.com
webarian.ir,1,0,absoluteweb.com
shipstation.com,1,0,absoluteweb.com
nogood.io,1,0,absoluteweb.com
freshysites.com,1,0,absoluteweb.com
toptechglobal.in,1,0,absoluteweb.com
yotpo.com,1,0,absoluteweb.com
saturnboats.com,1,0,absoluteweb.com
multidots.com,1,0,absoluteweb.com
1stcallglasscare.com,1,0,absoluteweb.com
thereviewwizard.com,1,0,heycarson.com
nextsale.io,1,0,heycarson.com
aimaqiche.com,1,0,heycarson.com
starterstory.com,1,0,heycarson.com
wkdomains.com,1,0,heycarson.com
ditechsolutionsllc.com,1,0,heycarson.com
hypertrack.com,1,0,heycarson.com
lubbil.com,1,0,heycarson.com
kmackenzie.co.uk,1,0,heycarson.com
jake-jorgovan.com,1,0,heycarson.com
upqode.com,1,0,heycarson.com
freerobux99.web.app,1,0,heycarson.com
ecommerceappreview.com,1,0,heycarson.com
mediavar.com,1,0,heycarson.com
poesiademorras.com,1,0,heycarson.com
greenbayhotelstoday.com,1,0,heycarson.com
uame.edu.mx,1,0,heycarson.com
vgpcreatives.myshopify.com,1,0,heycarson.com
cdn-alpha.com,1,0,heycarson.com
ouis-guesthouse.com,1,0,heycarson.com
escuela-indecopi.edu.pe,1,0,heycarson.com
gdrive-z4.firebaseapp.com,1,0,heycarson.com
couchsurfing.com,1,0,heycarson.com
ingrid-bucher.pages.dev,1,0,heycarson.com
alignediq.com,1,0,heycarson.com
eightception.com,1,0,heycarson.com
gdrive-z6.firebaseapp.com,1,0,heycarson.com
hostingersite.com,1,0,heycarson.com
nvecta.com,1,0,heycarson.com
fractalapps.dev,1,0,heycarson.com
revenue-boost.app,1,0,heycarson.com
searchalldomains.com,1,0,heycarson.com
fuelyourdigital.com,1,0,heycarson.com
madeitourselves.com,1,0,heycarson.com
newdirectory.org,1,0,heycarson.com
ecombalance.com,1,0,heycarson.com
aurago.com.br,1,0,heycarson.com
starcourts.com,1,0,heycarson.com
memberfix.rocks,1,0,heycarson.com
graciela-compton.pages.dev,1,0,heycarson.com
microsaashq.com,1,0,heycarson.com
kendra-duchesne.pages.dev,1,0,heycarson.com
th3farhat.com,1,0,heycarson.com
stepthroughtheportal.com,1,0,heycarson.com
shopify.dev,1,0,heycarson.com
freerobux360.web.app,1,0,heycarson.com
prlog.ru,1,0,heycarson.com
fitnesstrackerchina.com,1,0,heycarson.com
bootstrappingecommerce.com,1,0,heycarson.com
leksandstrand.se,1,0,heycarson.com
creceri.com,1,0,heycarson.com
trustaine.com,1,0,heycarson.com
harlieemmeline.pages.dev,1,0,heycarson.com
gigbic.com,1,0,heycarson.com
bobbie-horne.pages.dev,1,0,heycarson.com
min-carr.pages.dev,1,0,heycarson.com
websitesocean.com,1,0,heycarson.com
naomi-wood.pages.dev,1,0,heycarson.com
myworks.dev,1,0,heycarson.com
digitalerena.com,1,0,heycarson.com
yourcrisppictures.blogspot.com,1,0,heycarson.com
scalingapps.co,1,0,heycarson.com
wanda-shannon.pages.dev,1,0,heycarson.com
getflits.com,1,0,heycarson.com
maliaqletitia.pages.dev,1,0,heycarson.com
konstanze-kern.pages.dev,1,0,heycarson.com
aligow.com,1,0,heycarson.com
ada-brunet.pages.dev,1,0,heycarson.com
jedgar.co,1,0,heycarson.com
hotfri.com,1,0,heycarson.com
anja-dietrich.pages.dev,1,0,heycarson.com
domainsquiz.com,1,0,heycarson.com
vincelogodesign.com,1,0,heycarson.com
lauradolgy.com,1,0,heycarson.com
directorylinkup.com,1,0,heycarson.com
growave.io,1,0,heycarson.com
dotpim.com,1,0,heycarson.com
motelfrancia.cl,1,0,heycarson.com
mandy-bernard.pages.dev,1,0,heycarson.com
nnqhch.com,1,0,heycarson.com
cukasihsejahtera.org,1,0,heycarson.com
cvh.gov.np,1,0,heycarson.com
arabicwebdirectory.com,1,0,heycarson.com
digitaloctane.co,1,0,heycarson.com
best-dragon.com,1,0,heycarson.com
ivanilsonribeiro.com.br,1,0,heycarson.com
irene-aubin.pages.dev,1,0,heycarson.com
emmanuelmcallisterj1blog.web.app,1,0,heycarson.com
enlared.biz,1,0,heycarson.com
pdfbookee.com,1,0,heycarson.com
besafe.in,1,0,heycarson.com
myftpupload.com,1,0,heycarson.com
adzbusiness.com,1,0,heycarson.com
99ranks.com,1,0,heycarson.com
linksnewses.com,1,0,heycarson.com
wiltrud-zeller.pages.dev,1,0,heycarson.com
englishouse.mx,1,0,heycarson.com
honestecommerce.com,1,0,heycarson.com
astrawaveseo.com,1,0,heycarson.com
hillary-watts.pages.dev,1,0,heycarson.com
lydia-moreau.pages.dev,1,0,heycarson.com
getrhys.com,1,0,heycarson.com
pearl-fitzpatrick.pages.dev,1,0,heycarson.com
egegelisimailedanisma.com,1,0,heycarson.com
innovaton.cl,1,0,heycarson.com
kate-allan.pages.dev,1,0,heycarson.com
optimizers.studio,1,0,heycarson.com
muchmore.in,1,0,heycarson.com
wilma-malik.pages.dev,1,0,heycarson.com
socialbiz4themasses.media,1,0,heycarson.com
microlinksite.com,1,0,heycarson.com
veronika-hofer.pages.dev,1,0,heycarson.com
topbilliondirectory.com,1,0,heycarson.com
cindy-gaudet.pages.dev,1,0,heycarson.com
missy-forbes.pages.dev,1,0,heycarson.com
kristen-wheeler.pages.dev,1,0,heycarson.com
gertrud-barth.pages.dev,1,0,heycarson.com
beate-ehlert.pages.dev,1,0,heycarson.com
lin-lau.pages.dev,1,0,heycarson.com
connie-mcmillan.pages.dev,1,0,heycarson.com
angie-beck.pages.dev,1,0,heycarson.com
emma-wilms.pages.dev,1,0,heycarson.com
realypay.com,1,0,heycarson.com
tamara-thiemann.pages.dev,1,0,heycarson.com
acciyo.com,1,0,heycarson.com
topdirectory.in,1,0,heycarson.com
pnb.gov.sl,1,0,heycarson.com
livewebsites.net,1,0,heycarson.com
gameplaying.info,1,0,heycarson.com
annette-burch.pages.dev,1,0,heycarson.com
ancashnoticias.com,1,0,heycarson.com
publicdirectory.in,1,0,heycarson.com
aboutdirectory.com,1,0,heycarson.com
heidrun-geisler.pages.dev,1,0,heycarson.com
techpark.org,1,0,heycarson.com
hebagh.com,1,0,heycarson.com
income.net.in,1,0,heycarson.com
alpana.co.in,1,0,heycarson.com
atthost24.pl,1,0,heycarson.com
summary.co.in,1,0,heycarson.com
touristpoints.in,1,0,heycarson.com
geraldawamalle.pages.dev,1,0,heycarson.com
advertiseyourdomain.com,1,0,heycarson.com
susanparks.pages.dev,1,0,heycarson.com
tint.melbourne,1,0,heycarson.com
uaehistory.com,1,0,heycarson.com
pedrojavilamarketing.blogspot.com,1,0,heycarson.com
diffshop.com,1,0,heycarson.com
paytabs.com,1,0,heycarson.com
showdirectory.in,1,0,heycarson.com
livyyjoanna.pages.dev,1,0,heycarson.com
ecomm.design,1,0,heycarson.com
xperteria.com,1,0,heycarson.com
hackerville.ro,1,0,heycarson.com
sepoy.net,1,0,heycarson.com
marketbullseye.com,1,0,heycarson.com
judge.me,1,0,heycarson.com
lodgefarm-plants.com,1,0,heycarson.com
gagan.tokyo,1,0,heycarson.com
atvgrup.ru,1,0,heycarson.com
dolgify.com,1,0,heycarson.com
gdrive-z.firebaseapp.com,1,0,heycarson.com
texasbuildingupgrades.com,1,0,heycarson.com
aqualogo.dk,1,0,heycarson.com
ellemccann.com,1,0,heycarson.com
food-stadium.com,1,0,heycarson.com
ddwenterprises.com,1,0,heycarson.com
babyoops.com.tw,1,0,heycarson.com
finduzzcatcafe.se,1,0,heycarson.com
sepanodp.com,1,0,heycarson.com
zanya.net,1,0,heycarson.com
the-aupair.co.za,1,0,heycarson.com
secinfinity.net,1,0,heycarson.com
sabaqinsure.ly,1,0,heycarson.com
eshop.tj,1,0,heycarson.com
heartsofoaksc.com,1,0,heycarson.com
georgehotel.ru,1,0,heycarson.com
tamozhnya-info.ru,1,0,heycarson.com
share-view.com,1,0,heycarson.com
ravware.com,1,0,heycarson.com
pansofic.com,1,0,heycarson.com
kitenzo.com,1,0,heycarson.com
thearticletime.com,1,0,heycarson.com
softranks.com,1,0,heycarson.com
britabmeghan.pages.dev,1,0,heycarson.com
grapesandgoods.com,1,0,heycarson.com
overjoy.ai,1,0,heycarson.com
webhubsites.com,1,0,heycarson.com
oreinternational.blogspot.com,1,0,heycarson.com
toplinksites.com,1,0,heycarson.com
prepostlink.com,1,0,heycarson.com
shopifyexpertdevelopers.com,1,0,heycarson.com
topupdirectory.com,1,0,heycarson.com
articmaze.com,1,0,heycarson.com
worldwideranks.com,1,0,heycarson.com
npm.io,1,0,heycarson.com
rankdirectorysite.com,1,0,heycarson.com
developmentmi.com,1,0,heycarson.com
starsarticle.com,1,0,heycarson.com
directorycell.com,1,0,heycarson.com
searchhotels.in,1,0,heycarson.com
buntya.com,1,0,heycarson.com
linkwebdirectory.com,1,0,heycarson.com
websiteslist.net,1,0,heycarson.com
shopify.link,1,0,heycarson.com
addurl.pro,1,0,heycarson.com
worldmetrics.org,1,0,magefan.com
radiookapi.net,1,0,magefan.com
akworldservice.com,1,0,magefan.com
sam-commerce.com,1,0,magefan.com
bhs-links-r54.xyz,1,0,magefan.com
podigee.io,1,0,magefan.com
like.tg,1,0,magefan.com
bhs-links-r59.xyz,1,0,magefan.com
bhs-links-r41.xyz,1,0,magefan.com
navigatecommerce.com,1,0,magefan.com
bhs-links-r58.xyz,1,0,magefan.com
darwinapps.com,1,0,magefan.com
bhs-links-r53.xyz,1,0,magefan.com
peakframeworks.com,1,0,magefan.com
howuku.com,1,0,magefan.com
propecia4us.top,1,0,magefan.com
bhs-links-r42.xyz,1,0,magefan.com
instantly.ai,1,0,magefan.com
bhs-links-r45.xyz,1,0,magefan.com
bhs-links-r52.xyz,1,0,magefan.com
bhs-links-r60.xyz,1,0,magefan.com
bhs-links-r46.xyz,1,0,magefan.com
bhs-links-r50.xyz,1,0,magefan.com
bhs-links-r57.xyz,1,0,magefan.com
bhs-links-r55.xyz,1,0,magefan.com
bhs-links-r48.xyz,1,0,magefan.com
bhs-links-r43.xyz,1,0,magefan.com
electroiq.com,1,0,magefan.com
rankdots.com,1,0,magefan.com
nextdigitalagency.com,1,0,magefan.com
housecupcoffee.com,1,0,magefan.com
crochampion.com,1,0,magefan.com
seo-anomaly-delhi.space,1,0,magefan.com
intelia.nl,1,0,magefan.com
seo-anomaly-beijing.site,1,0,magefan.com
wp-rankings.com,1,0,magefan.com
rubin.com.np,1,0,magefan.com
multon.ee,1,0,magefan.com
lilacandcreme.com,1,0,magefan.com
jennywhichello.com,1,0,magefan.com
scandiweb.com,1,0,magefan.com
endertech.com,1,0,magefan.com
meet-magento.co.uk,1,0,magefan.com
dapago.net,1,0,magefan.com
ritnerdigital.com,1,0,magefan.com
opace.agency,1,0,magefan.com
allaccessible.org,1,0,magefan.com
recited.io,1,0,magefan.com
magezon.com,1,0,magefan.com
powerlit.nl,1,0,magefan.com
piclur.com,1,0,magefan.com
pedicuregroothandel.nl,1,0,magefan.com
itdelight.io,1,0,magefan.com
ksiazyk.com,1,0,magefan.com
wp-safety.org,1,0,magefan.com
introncnc.com,1,0,magefan.com
monsoonconsulting.com,1,0,magefan.com
multon.it,1,0,magefan.com
soyoyu.cc,1,0,magefan.com
butoa.com,1,0,magefan.com
toolswala.net,1,0,magefan.com
seo-anomaly-s6.xyz,1,0,magefan.com
drumbfounded.com,1,0,magefan.com
seo-anomaly-s9.xyz,1,0,magefan.com
zenbridge.com.au,1,0,magefan.com
seo-anomaly-s5.xyz,1,0,magefan.com
seo-anomaly-s4.xyz,1,0,magefan.com
bharatiya.news,1,0,magefan.com
seo-anomaly-s10.xyz,1,0,magefan.com
seo-anomaly-s7.xyz,1,0,magefan.com
seo-anomaly-s3.xyz,1,0,magefan.com
seo-anomaly-s8.xyz,1,0,magefan.com
seo-anomaly-s2.xyz,1,0,magefan.com
metricsrule.com,1,0,magefan.com
milesmarketing.co.uk,1,0,magefan.com
seo-anomaly-osaka.online,1,0,magefan.com
outrank.so,1,0,magefan.com
milisima.com,1,0,magefan.com
swetrix.com,1,0,magefan.com
magentoexpert.info,1,0,magefan.com
webmedic.com,1,0,magefan.com
vipearner.com,1,0,magefan.com
seodesignchicago.com,1,0,magefan.com
seo-anomaly-beijing.website,1,0,magefan.com
seo-anomaly-mexico.online,1,0,magefan.com
seosalmanblog.blogspot.com,1,0,magefan.com
seo-anomaly-mumbai.website,1,0,magefan.com
seo-anomaly-jakarta.online,1,0,magefan.com
contrast.digital,1,0,magefan.com
fixthephoto.com,1,0,magefan.com
heylingo.io,1,0,magefan.com
seo-anomaly-kolkata.online,1,0,magefan.com
supportsages.com,1,0,magefan.com
polecanehostingi.pl,1,0,magefan.com
loyally.ai,1,0,magefan.com
courtneymarievalenzuela.com,1,0,magefan.com
clockhire13.gitlab.io,1,0,magefan.com
seo-anomaly-istanbul.site,1,0,magefan.com
seo-anomaly-tokyo.online,1,0,magefan.com
seo-anomaly-beijing.online,1,0,magefan.com
affresources.com,1,0,magefan.com
3webapps.com,1,0,magefan.com
seo-anomaly-shanghai.space,1,0,magefan.com
seo-anomaly-shenzhen.online,1,0,magefan.com
lamuscle.com,1,0,magefan.com
seo-anomaly-guangzhou.site,1,0,magefan.com
seo-anomaly-moscow.online,1,0,magefan.com
seo-anomaly-seoul.online,1,0,magefan.com
seo-anomaly-lagos.online,1,0,magefan.com
seo-anomaly-jakarta.site,1,0,magefan.com
seo-anomaly-sao-paulo.website,1,0,magefan.com
seo-anomaly-delhi.website,1,0,magefan.com
seo-anomaly-dhaka.website,1,0,magefan.com
seo-anomaly-manila.site,1,0,magefan.com
seo-anomaly-cairo.site,1,0,magefan.com
seo-anomaly-manila.website,1,0,magefan.com
seo-anomaly-delhi.site,1,0,magefan.com
nullpro.net,1,0,magefan.com
seo-anomaly-istanbul.online,1,0,magefan.com
prytulafoundation.org,1,0,magefan.com
seo-anomaly-mexico.space,1,0,magefan.com
seo-anomaly-mexico.website,1,0,magefan.com
seo-anomaly-osaka.space,1,0,magefan.com
meetanshi.com,1,0,magefan.com
seo-anomaly-karachi.space,1,0,magefan.com
seo-anomaly-rio.site,1,0,magefan.com
seo-anomaly-kolkata.website,1,0,magefan.com
seo-anomaly-seoul.website,1,0,magefan.com
seo-anomaly-shenzhen.website,1,0,magefan.com
seo-anomaly-shenzhen.space,1,0,magefan.com
seo-anomaly-guangzhou.website,1,0,magefan.com
seo-anomaly-los-angeles.online,1,0,magefan.com
seo-anomaly-manila.space,1,0,magefan.com
aulaperu.edu.pe,1,0,magefan.com
smartupworld.com,1,0,magefan.com
seo-anomaly-istanbul.website,1,0,magefan.com
abilogic.com,1,0,magefan.com
seo-anomaly-los-angeles.website,1,0,magefan.com
clapcreative.com,1,0,magefan.com
seo-anomaly-dhaka.space,1,0,magefan.com
miragefilmfest.com,1,0,magefan.com
seo-anomaly-lagos.space,1,0,magefan.com
ashokhall.com,1,0,magefan.com
seo-anomaly-delhi.online,1,0,magefan.com
arfadia.com,1,0,magefan.com
sideshowkuts.com,1,0,magefan.com
seo-anomaly-rio.space,1,0,magefan.com
seo-anomaly-lagos.site,1,0,magefan.com
accessgo.de,1,0,magefan.com
seo-anomaly-dhaka.online,1,0,magefan.com
acornpublishingllc.com,1,0,digitalsuits.co
retainful.com,1,0,digitalsuits.co
scitechportalstlucia.com,1,0,optimum7.com
specialeventclub.com,1,0,optimum7.com
orlandojobs.com,1,0,optimum7.com
techpresslaos.com,1,0,optimum7.com
hlb.im,1,0,optimum7.com
laayounetechobserver.com,1,0,optimum7.com
solomonislandsculturetimes.com,1,0,optimum7.com
myanmartechnologybulletin.com,1,0,optimum7.com
worldadvertisingreport.com,1,0,optimum7.com
technologywirecambodia.com,1,0,optimum7.com
seolinksindex.com,1,0,optimum7.com
codecondo.com,1,0,optimum7.com
cyprusculturereview.com,1,0,optimum7.com
technologyreportcyprus.com,1,0,optimum7.com
arkansasculturalgazette.com,1,0,optimum7.com
alaskanculturedaily.com,1,0,optimum7.com
globaltechnewspalestine.com,1,0,optimum7.com
contentcreators.com,1,0,optimum7.com
techdailybrunei.com,1,0,optimum7.com
culturelifestyledailyvirginia.com,1,0,optimum7.com
businesspostexaminer.com,1,0,optimum7.com
smallbusinessesinthenews.com,1,0,optimum7.com
vaticantechnologyreview.com,1,0,optimum7.com
saotomeandprincipeculture.com,1,0,optimum7.com
lifestylereportertogo.com,1,0,optimum7.com
techreportervirginislands.com,1,0,optimum7.com
stemtimesconnecticut.com,1,0,optimum7.com
northernmarianaislandsculturebeat.com,1,0,optimum7.com
technologyreviewmississippi.com,1,0,optimum7.com
scitechnorthernmarianaislands.com,1,0,optimum7.com
technologyjournalnepal.com,1,0,optimum7.com
tongatechpress.com,1,0,optimum7.com
smbandme.com,1,0,optimum7.com
bahamasculturenews.com,1,0,optimum7.com
niuelifestylereview.com,1,0,optimum7.com
worldpostreporter.com,1,0,optimum7.com
trinidadtobagoculturedaily.com,1,0,optimum7.com
burunditechnologyinsider.com,1,0,optimum7.com
consumerproductsworld.com,1,0,optimum7.com
worldreportmonitor.com,1,0,optimum7.com
businesstimesjournal.com,1,0,optimum7.com
investorworldreview.com,1,0,optimum7.com
hifivestar.com,1,0,optimum7.com
sotirisbassakaropoulos.com,1,0,optimum7.com
funafutitechreport.com,1,0,optimum7.com
omantechnologyreporter.com,1,0,optimum7.com
techtrendsfrenchpolynesia.com,1,0,optimum7.com
niuetechpost.com,1,0,optimum7.com
dailytechnewsseychelles.com,1,0,optimum7.com
georgiantechnologynews.com,1,0,optimum7.com
syriaculturetoday.com,1,0,optimum7.com
technologydigestyemen.com,1,0,optimum7.com
globaltechtimes.com,1,0,optimum7.com
culturejournalcookislands.com,1,0,optimum7.com
technologyweekliechtenstein.com,1,0,optimum7.com
technologymonitormoldova.com,1,0,optimum7.com
kibo.careers,1,0,optimum7.com
fountaincity.tech,1,0,optimum7.com
klmpolimer.com,1,0,optimum7.com
newsonjapan.com,1,0,optimum7.com
jamaicantechreport.com,1,0,optimum7.com
tutorialchip.com,1,0,optimum7.com
haitiscienceandme.com,1,0,optimum7.com
isotope13.ai,1,0,optimum7.com
technewsstvincentgrenadines.com,1,0,optimum7.com
worldtechpressstkittsnevis.com,1,0,optimum7.com
thefloridaherald.com,1,0,optimum7.com
thewebmagazine.org,1,0,optimum7.com
scitechworldequatorialguinea.com,1,0,optimum7.com
agencemoire.com,1,0,optimum7.com
techjournalmauritius.com,1,0,optimum7.com
appsmanager.in,1,0,optimum7.com
strategicconnection.net,1,0,optimum7.com
technetworkgrenada.com,1,0,optimum7.com
lifestylepressreleases.com,1,0,optimum7.com
sanmarinotechnews.com,1,0,optimum7.com
surinametechnews.com,1,0,optimum7.com
techbulletinbarbados.com,1,0,optimum7.com
montserrattechupdate.com,1,0,optimum7.com
tajikistantechdaily.com,1,0,optimum7.com
guadeloupetechnologydigest.com,1,0,optimum7.com
webdew.com,1,0,optimum7.com
technologydigestbermuda.com,1,0,optimum7.com
technologycentermalta.com,1,0,optimum7.com
worldtechcaboverde.com,1,0,optimum7.com
completeconnection.ca,1,0,optimum7.com
creativediary.net,1,0,optimum7.com
techdailydominicanrepublic.com,1,0,optimum7.com
techfocusguyana.com,1,0,optimum7.com
syriabusinessjournal.com,1,0,optimum7.com
marshallislandstechjournal.com,1,0,optimum7.com
techchannelmadagascar.com,1,0,optimum7.com
techpresstogo.com,1,0,optimum7.com
thisladyblogs.com,1,0,optimum7.com
microsiervos.com,1,0,optimum7.com
andorratechmonitor.com,1,0,optimum7.com
guadeloupecultureonline.com,1,0,optimum7.com
arubasciencewire.com,1,0,optimum7.com
technologyreviewdjibouti.com,1,0,optimum7.com
reuniontechnologydigest.com,1,0,optimum7.com
cartoonbrew.com,1,0,optimum7.com
priceofbusiness.com,1,0,optimum7.com
dimeadozen.ai,1,0,optimum7.com
leadcatch.ee,1,0,optimum7.com
entrepreneur-resources.net,1,0,optimum7.com
temporary.link,1,0,optimum7.com
icopify.com,1,0,optimum7.com
cinema24horas.com,1,0,optimum7.com
delhibazar.online,1,0,optimum7.com
radioselva.org.pe,1,0,optimum7.com
bhs-links-jonin.xyz,1,0,optimum7.com
gregbabula.com,1,0,optimum7.com
agilebrandguide.com,1,0,optimum7.com
themincave.com,1,0,optimum7.com
saotomeandprincipetech.com,1,0,optimum7.com
stemminnesota.com,1,0,optimum7.com
scitechreportersolomonislands.com,1,0,optimum7.com
oregontechnologytoday.com,1,0,optimum7.com
lyften.com,1,0,optimum7.com
worldtechnewsturkmenistan.com,1,0,optimum7.com
floridanewswatch.com,1,0,optimum7.com
macaotechnologynetwork.com,1,0,optimum7.com
techjournalmauritania.com,1,0,optimum7.com
cookislandstechreporter.com,1,0,optimum7.com
bostontechnologyreview.com,1,0,optimum7.com
trinidadtobagostemnews.com,1,0,optimum7.com
samoantechcurrents.com,1,0,optimum7.com
bahamasstemnews.com,1,0,optimum7.com
technologytimessomalia.com,1,0,optimum7.com
stemtimesarkansas.com,1,0,optimum7.com
techportalmonaco.com,1,0,optimum7.com
falklandislandssciencetimes.com,1,0,optimum7.com
comorostechnologydigest.com,1,0,optimum7.com
telecommunicationspressreleases.com,1,0,optimum7.com
palaubusinessreport.com,1,0,optimum7.com
ryanborn.net,1,0,optimum7.com
dailycommercemartinique.com,1,0,optimum7.com
martiniquesciencereporter.com,1,0,optimum7.com
easttimortechnologypress.com,1,0,optimum7.com
guineabissaubusinessupdate.com,1,0,optimum7.com
guineabissautechdigest.com,1,0,optimum7.com
floridamarketingnews.com,1,0,optimum7.com
floridasmallbusinesstoday.com,1,0,optimum7.com
floridamanufacturingtimes.com,1,0,optimum7.com
asiasmallbusinesstimes.com,1,0,optimum7.com
hawaiianbusinesspost.com,1,0,optimum7.com
stemreviewturkscaicos.com,1,0,optimum7.com
virginiabusinessbulletin.com,1,0,optimum7.com
virginislandscommercereport.com,1,0,optimum7.com
scitechtodaybhutan.com,1,0,optimum7.com
africabusinesswatch.com,1,0,optimum7.com
technologychanneldominica.com,1,0,optimum7.com
economicnewsdominica.com,1,0,optimum7.com
techlifevirginislands.com,1,0,optimum7.com
bhutanbusinessnews.com,1,0,optimum7.com
gravityjack.com,1,0,optimum7.com
itechfy.com,1,0,optimum7.com
wlpropel.com,1,0,optimum7.com
bcardscreation.com,1,0,optimum7.com
likecs.com,1,0,optimum7.com
clickz.com,1,0,optimum7.com
kapasari.com,1,0,optimum7.com
specialistid.com,1,0,optimum7.com
workreap.com,1,0,optimum7.com
bhs-links-genin.xyz,1,0,optimum7.com
landroidapps.com,1,0,optimum7.com
selfmoneycare.com,1,0,optimum7.com
koronapos.com,1,0,optimum7.com
cyberteraonline.co.za,1,0,optimum7.com
revistacliche.com.br,1,0,optimum7.com
sona.com,1,0,optimum7.com
remotejobs.ninja,1,0,optimum7.com
i4lead.com,1,0,optimum7.com
opentools.ai,1,0,optimum7.com
crowdreviews.com,1,0,optimum7.com
getlocal.vip,1,0,optimum7.com
customerthink.com,1,0,optimum7.com
wjprototypes.com,1,0,optimum7.com
websurdity.com,1,0,optimum7.com
masrawysat111.com,1,0,optimum7.com
flyingvgroup.com,1,0,optimum7.com
marketingdigital.blog,1,0,optimum7.com
ningg.top,1,0,optimum7.com
readforlearn.com,1,0,optimum7.com
bevwo.com,1,0,optimum7.com
anomaly-seo-maplegrove.site,1,0,optimum7.com
yelogs.com,1,0,optimum7.com
rankai.ai,1,0,optimum7.com
idevie.com,1,0,optimum7.com
addify.com.au,1,0,optimum7.com
simonwillison.net,1,0,optimum7.com
hgiexchange.com,1,0,optimum7.com
babylovegrowth.ai,1,0,optimum7.com
rockuapps.com,1,0,optimum7.com
ecommerceparadise.com,1,0,optimum7.com
sprwt.io,1,0,optimum7.com
bestqualitybacklinks.com,1,0,optimum7.com
anomaly-seo-meadowbrook.site,1,0,optimum7.com
salestechstar.com,1,0,optimum7.com
krybot.com,1,0,optimum7.com
weetechsolution.com,1,0,optimum7.com
100cbd.com.ua,1,0,optimum7.com
rocketclicks.com,1,0,optimum7.com
desktoppipeline.com,1,0,optimum7.com
qatestingjobs.com,1,0,optimum7.com
ufukerdogmus.com,1,0,optimum7.com
facetguard.com,1,0,optimum7.com
kidadigital.com.au,1,0,optimum7.com
links-bhs-sharp.xyz,1,0,optimum7.com
links-bhs-yellow.xyz,1,0,optimum7.com
gotinker.dev,1,0,sherocommerce.com
seofrancisco.com,1,0,sherocommerce.com
streamingvideoprovider.bg,1,0,sherocommerce.com
podvector.ai,1,0,sherocommerce.com
grhenterprises.com,1,0,sherocommerce.com
yourorganizingbusiness.com,1,0,sherocommerce.com
digitalmagazine.in,1,0,sherocommerce.com
novapixeldev.com,1,0,sherocommerce.com
simplystrategictalent.com,1,0,sherocommerce.com
marketingfomo.com,1,0,sherocommerce.com
alibaba.com,1,0,sherocommerce.com
cleancommit.io,1,0,sherocommerce.com
commercetracks.com,1,0,sherocommerce.com
echai.ventures,1,0,sherocommerce.com
scstrti.in,1,0,sherocommerce.com
livestorm.co,1,0,sherocommerce.com
megaprofitapps.com,1,0,sherocommerce.com
ecomhint.com,1,0,sherocommerce.com
smind.io,1,0,sherocommerce.com
56.155.147.73,1,0,sherocommerce.com
nosto.com,1,0,sherocommerce.com
waimao.host,1,0,sherocommerce.com
wranks.com,1,0,sherocommerce.com
ifgecommerce.com,1,0,sherocommerce.com
nivk.com,1,0,sherocommerce.com
strategy-insights.co,1,0,sherocommerce.com
wordpattern.org,1,0,sherocommerce.com
omologist.com,1,0,sherocommerce.com
optinify.ai,1,0,sherocommerce.com
stickersandposters.com,1,0,sherocommerce.com
mental-momentum.ai,1,0,sherocommerce.com
enigma.com,1,0,sherocommerce.com
remote.marketing,1,0,sherocommerce.com
ethercycle.com,1,0,sherocommerce.com
dotdigital.com,1,0,sherocommerce.com
podsearch.io,1,0,sherocommerce.com
biscuitsbundles.com,1,0,sherocommerce.com
funnelkit.com,1,0,sherocommerce.com
nicoras.com,1,0,sherocommerce.com
icylv5.azurewebsites.net,1,0,sherocommerce.com
shinedezigninfonet.com,1,0,sherocommerce.com
woodsideventures.co,1,0,sherocommerce.com
ooo.pink,1,0,sherocommerce.com
tamaragency.com,1,0,sherocommerce.com
vertu.com,1,0,sherocommerce.com
simply-commerce.co.uk,1,0,sherocommerce.com
bkthemes.design,1,0,sherocommerce.com
clickport.io,1,0,sherocommerce.com
starlogistique.ch,1,0,sherocommerce.com
pixc.com,1,0,sherocommerce.com
remotlyjobs.com,1,0,sherocommerce.com
pixihive.com,1,0,sherocommerce.com
corewebvitals.io,1,0,sherocommerce.com
digitalcommerce.fi,1,0,sherocommerce.com
nairobiwebexperts.com,1,0,sherocommerce.com
mypodcastdata.com,1,0,sherocommerce.com
argentotheme.com,1,0,sherocommerce.com
scalesta.com,1,0,sherocommerce.com
acelb.co,1,0,sherocommerce.com
iqmetrix.com,1,0,sherocommerce.com
shelbywalker.com,1,0,sherocommerce.com
clay.earth,1,0,sherocommerce.com
dotpixel.pk,1,0,sherocommerce.com
kiddycorner.org,1,0,sherocommerce.com
technewsmail.com,1,0,sherocommerce.com
liftbodyfocus.vip,1,0,sherocommerce.com
cornerstoneraleigh.org,1,0,sherocommerce.com
smartcabsnorwich.co.uk,1,0,sherocommerce.com
buchveroeffentlichen.com,1,0,sherocommerce.com
aruntastic.com,1,0,sherocommerce.com
violationfunding.com,1,0,sherocommerce.com
greatersavannah.org,1,0,sherocommerce.com
zimgateway.com,1,0,sherocommerce.com
xn--9d0b4b70vnol89ezvdmykd32abaw.kr,1,0,sherocommerce.com
fusioncreations.co.uk,1,0,sherocommerce.com
docarnettefoundation.org,1,0,sherocommerce.com
proplayersports.com,1,0,sherocommerce.com
simplygaurav.com,1,0,sherocommerce.com
911auto.it,1,0,sherocommerce.com
protechshine.com,1,0,sherocommerce.com
craze.cl,1,0,sherocommerce.com
fedclear.co.za,1,0,sherocommerce.com
rankstaseo.com,1,0,sherocommerce.com
lagrange.ninja,1,0,sherocommerce.com
domaffiliate.com,1,0,sherocommerce.com
hellomybd.com,1,0,sherocommerce.com
sketricgen.ai,1,0,sherocommerce.com
sandhilldigital.io,1,0,sherocommerce.com
hayakawa-itsoln.co.jp,1,0,sherocommerce.com
foxecom.com,1,0,sherocommerce.com
thewebdirectory.net,1,0,sherocommerce.com
digiteon.com,1,0,sherocommerce.com
zixzax69.com,1,0,sherocommerce.com
webseohk.com,1,0,sherocommerce.com
magespark.com,1,0,sherocommerce.com
marketingagent.blog,1,0,sherocommerce.com
razorscotterbestprice.blogspot.com,1,0,sherocommerce.com
invozone.com,1,0,sherocommerce.com
geneo.app,1,0,sherocommerce.com
modernretail.co.uk,1,0,sherocommerce.com
nflowtech.com,1,0,sherocommerce.com
webwej.com,1,0,sherocommerce.com
arhamtechnosoft.com,1,0,sherocommerce.com
educa-crece.site,1,0,sherocommerce.com
flamingos.pages.dev,1,0,sherocommerce.com
mktclarity.com,1,0,sherocommerce.com
twin-solutions.fr,1,0,sherocommerce.com
rivo.io,1,0,sherocommerce.com
ds3783.com,1,0,sherocommerce.com
reputabledesigners.com,1,0,sherocommerce.com
bureau.id,1,0,sherocommerce.com
softwareworld.co,1,0,sherocommerce.com
estoresexperts.com,1,0,sherocommerce.com
potaufab.fr,1,0,sherocommerce.com
foreignerds.com,1,0,sherocommerce.com
player.fm,1,0,sherocommerce.com
boredreading.com,1,0,sherocommerce.com
fobpack.info,1,0,sherocommerce.com
relixir.ai,1,0,sherocommerce.com
bestaudiworld.web.app,1,0,sherocommerce.com
forgeiq.ca,1,0,sherocommerce.com
superlabs.co,1,0,sherocommerce.com
futuretotech.al,1,0,sherocommerce.com
uptek.com,1,0,sherocommerce.com
ahrefs.com,1,0,sherocommerce.com
theimagealkemist.com,1,0,sherocommerce.com
helpotkotisivut.fi,1,0,sherocommerce.com
rishvi.co.uk,1,0,sherocommerce.com
techbuzz.com.pk,1,0,sherocommerce.com
nicoras.net,1,0,sherocommerce.com
autoseo.io,1,0,sherocommerce.com
tekaoriginals.com,1,0,sherocommerce.com
vserveecommerce.com,1,0,sherocommerce.com
nexttravel.in,1,0,sherocommerce.com
plumfind.com,1,0,sherocommerce.com
unofficialshopifypodcast.com,1,0,sherocommerce.com
bbb.org,1,0,sherocommerce.com
algolinkers.com,1,0,sherocommerce.com
sttinfo.fi,1,0,sherocommerce.com
profiletree.com,1,0,sherocommerce.com
backlinksources.com,1,0,sherocommerce.com
krismotion.com,1,0,sherocommerce.com
lifehack.org,1,0,sherocommerce.com
eturkey.net,1,0,sherocommerce.com
indianbusinessdirectory.in,1,0,sherocommerce.com
everydayweb.co,1,0,sherocommerce.com
virtocommerce.com,1,0,sherocommerce.com
w3development.net,1,0,sherocommerce.com
australianwebdirectory.info,1,0,sherocommerce.com
thails.com,1,0,sherocommerce.com
gropulse.com,1,0,sherocommerce.com
svea.com,1,0,sherocommerce.com
lantti.fi,1,0,sherocommerce.com
indianwebsites.in,1,0,sherocommerce.com
netzcart.com,1,0,sherocommerce.com
wpengine.com,1,0,sherocommerce.com
geektreks.com,1,0,sherocommerce.com
pepperi.com,1,0,sherocommerce.com
webbys.pages.dev,1,0,sherocommerce.com
advantive.com,1,0,sherocommerce.com
qikify.com,1,0,sherocommerce.com
hostingprof.com,1,0,sherocommerce.com
op360.com,1,0,sherocommerce.com
fastbase.com,1,0,sherocommerce.com
bb3w.com,1,0,sherocommerce.com
elsejob.com,1,0,sherocommerce.com
approosters.com,1,0,sherocommerce.com
oneidazbliss.pages.dev,1,0,sherocommerce.com
dreamworx.co.uk,1,0,sherocommerce.com
pocketstall.com,1,0,sherocommerce.com
dsitestatus.com,1,0,sherocommerce.com
superbcompanies.com,1,0,sherocommerce.com
panamerik.com,1,0,sherocommerce.com
glarity.app,1,0,sherocommerce.com
carpcpartsofbest-2u.blogspot.com,1,0,sherocommerce.com
elevatebuzz.com,1,0,sherocommerce.com
checkoutwc.com,1,0,sherocommerce.com
openmage.org,1,0,sherocommerce.com
2oceansvibe.com,1,0,sherocommerce.com
ansaroo.com,1,0,sherocommerce.com
mantaw.com,1,0,sherocommerce.com
epicos.com,1,0,sherocommerce.com
facts.dev,1,0,sherocommerce.com
eastmontdigital.com,1,0,sherocommerce.com
ordoro-dev.com,1,0,sherocommerce.com
arisweb.ru,1,0,sherocommerce.com
bakbak.in,1,0,sherocommerce.com
global-rank.pages.dev,1,0,sherocommerce.com
ezapprank.com,1,0,sherocommerce.com
ordoro.com,1,0,sherocommerce.com
cminds.com,1,0,sherocommerce.com
appdevelopmentcompanies.co,1,0,sherocommerce.com
lightsforchristmas.co,1,0,sherocommerce.com
ppchero.com,1,0,sherocommerce.com
qilins.pages.dev,1,0,sherocommerce.com
praella.com,1,0,sherocommerce.com
