keyword,location,cluster,sv,kd,intent,score
seo agency interamplify,in,india-local,22200,2.0,commercial,8000.0
near me digital marketing agency,in,india-local,12100,6.0,commercial,8000.0
digital marketing agency near me,in,india-local,12100,6.0,commercial,8000.0
seo agency in mumbai,in,india-local,8100,8.0,commercial,8000.0
small business seo services,us,ai-seo-geo-aeo,6600,12.0,commercial,6600.0
shopify development partners,us,ecommerce-shopify,18100,21.0,navigational,6000.0
agency web design,us,web-design,12100,21.0,commercial,6000.0
agency for web design,us,web-design,12100,21.0,commercial,6000.0
local seo services,us,ai-seo-geo-aeo,9900,17.0,commercial,6000.0
ai for seo,us,ai-seo-geo-aeo,8100,25.0,commercial,6000.0
seo company mumbai,in,india-local,8100,17.0,commercial,6000.0
seo company in mumbai india,in,india-local,8100,24.0,commercial,6000.0
seo company in mumbai,in,india-local,8100,20.0,commercial,6000.0
google digital marketing & e-commerce certificate,us,ai-seo-geo-aeo,5400,15.0,commercial,5400.0
agency seo,in,india-local,5400,0.0,commercial,5400.0
seo for agency,in,india-local,5400,0.0,commercial,5400.0
agency for seo,in,india-local,5400,0.0,commercial,5400.0
best digital marketing agency in india,in,india-local,5400,9.0,commercial,5400.0
best digital marketing agency india,in,india-local,5400,9.0,commercial,5400.0
seo optimisation agency,in,india-local,6600,17.0,commercial,4950.0
digital marketing agency noida,in,india-local,6600,24.0,commercial,4950.0
seo agency austin,us,ai-seo-geo-aeo,4400,12.0,commercial,4400.0
austin seo agency,us,ai-seo-geo-aeo,4400,4.0,commercial,4400.0
web design service for small business,us,web-design,4400,10.0,commercial,4400.0
web design services for small business,us,web-design,4400,0.0,commercial,4400.0
small business web design services,us,web-design,4400,0.0,commercial,4400.0
web design services small business,us,web-design,4400,10.0,commercial,4400.0
bangalore seo company,in,india-local,4400,8.0,commercial,4400.0
seo company in bangalore,in,india-local,4400,8.0,commercial,4400.0
seo agency in bangalore,in,india-local,4400,0.0,commercial,4400.0
b2b marketing agency,us,ai-seo-geo-aeo,5400,18.0,commercial,4050.0
digital marketing agency pune,in,india-local,5400,18.0,commercial,4050.0
seo agency,us,ai-seo-geo-aeo,27100,31.0,commercial,3600.0
shopify development partner,in,ecommerce-shopify,27100,29.0,commercial,3600.0
seo company,us,ai-seo-geo-aeo,22200,30.0,commercial,3600.0
seo consultant,us,ai-seo-geo-aeo,8100,30.0,commercial,3600.0
mumbai seo company,in,india-local,8100,30.0,commercial,3600.0
mumbai seo agency,in,india-local,8100,32.0,commercial,3600.0
seo agency mumbai,in,india-local,8100,31.0,commercial,3600.0
digital marketing agency in delhi,in,india-local,8100,31.0,commercial,3600.0
top digital marketing agency,in,india-local,8100,33.0,commercial,3600.0
biggest digital marketing agency,in,india-local,8100,28.0,commercial,3600.0
big digital marketing agency,in,india-local,8100,34.0,commercial,3600.0
digital marketing agency best,in,india-local,8100,33.0,commercial,3600.0
best digital marketing agency,in,india-local,8100,33.0,commercial,3600.0
digital marketing agency top,in,india-local,8100,33.0,commercial,3600.0
full-service marketing agency,us,ai-seo-geo-aeo,3600,0.0,commercial,3600.0
ai automation agency,us,ai-agent-automation,3600,6.0,navigational,3600.0
digital marketing agency in indore,in,india-local,3600,12.0,commercial,3600.0
ai for seo,in,ai-seo-geo-aeo,4400,20.0,commercial,3300.0
seo for small business,us,ai-seo-geo-aeo,4400,20.0,commercial,3300.0
colorado springs seo companies,us,ai-seo-geo-aeo,4400,18.0,commercial,3300.0
colorado springs seo company,us,ai-seo-geo-aeo,4400,16.0,commercial,3300.0
seo company bangalore,in,india-local,4400,19.0,commercial,3300.0
delhi seo company,in,india-local,4400,17.0,commercial,3300.0
seo company delhi ncr,in,india-local,4400,23.0,commercial,3300.0
seo company in delhi ncr,in,india-local,4400,23.0,commercial,3300.0
digital marketing agency in lucknow,in,india-local,4400,18.0,commercial,3300.0
web design company in new delhi,in,web-design,6600,33.0,commercial,2970.0
seo agency,in,india-local,6600,33.0,commercial,2970.0
digital marketing agency chennai,in,india-local,6600,31.0,commercial,2970.0
digital marketing agency in mumbai,in,india-local,6600,28.0,commercial,2970.0
digital marketing agency in hyd,in,india-local,6600,35.0,commercial,2970.0
seo audit service,us,seo-cost-audit,2900,11.0,commercial,2900.0
pricing seo,us,seo-cost-audit,2900,7.0,commercial,2900.0
pricing for seo,us,seo-cost-audit,2900,7.0,commercial,2900.0
seo pricing,us,seo-cost-audit,2900,7.0,commercial,2900.0
digital marketing agency surat,in,india-local,2900,10.0,commercial,2900.0
digital marketing agency in surat,in,india-local,2900,9.0,commercial,2900.0
search atlas ai seo software,us,ai-seo-geo-aeo,3600,25.0,commercial,2700.0
local seo agency,us,ai-seo-geo-aeo,3600,21.0,commercial,2700.0
seo consulting service,us,ai-seo-geo-aeo,3600,17.0,commercial,2700.0
web design company pune,in,web-design,3600,25.0,commercial,2700.0
seo company pune,in,india-local,3600,18.0,commercial,2700.0
pune seo company,in,india-local,3600,18.0,commercial,2700.0
seo company in pune,in,india-local,3600,19.0,commercial,2700.0
seo agency in chennai,in,india-local,3600,24.0,commercial,2700.0
seo company delhi,in,india-local,5400,34.0,commercial,2430.0
seo agency in delhi,in,india-local,5400,29.0,commercial,2430.0
seo optimization agency,in,india-local,5400,35.0,commercial,2430.0
ai seo tool,us,ai-seo-geo-aeo,2400,10.0,commercial,2400.0
ai seo tools,us,ai-seo-geo-aeo,2400,10.0,commercial,2400.0
ecommerce agency,us,ecommerce-shopify,2400,0.0,commercial,2400.0
agency ecommerce,us,ecommerce-shopify,2400,0.0,commercial,2400.0
web design small business,us,web-design,2400,4.0,commercial,2400.0
seo company noida,in,india-local,2400,14.0,commercial,2400.0
cost seo,us,seo-cost-audit,2900,19.0,commercial,2175.0
cost for seo,us,seo-cost-audit,2900,19.0,commercial,2175.0
seo cost,us,seo-cost-audit,2900,16.0,commercial,2175.0
cost of seo,us,seo-cost-audit,2900,19.0,commercial,2175.0
seo marketing cost,us,seo-cost-audit,2900,25.0,commercial,2175.0
seo marketing agency,us,ai-seo-geo-aeo,4400,32.0,commercial,1980.0
seo optimization company,in,india-local,4400,33.0,commercial,1980.0
seo company in delhi-ncr,in,india-local,4400,26.0,commercial,1980.0
seo delhi company,in,india-local,4400,34.0,commercial,1980.0
seo company india delhi,in,india-local,4400,30.0,commercial,1980.0
seo company delhi india,in,india-local,4400,30.0,commercial,1980.0
seo agency delhi,in,india-local,4400,33.0,commercial,1980.0
ai agent development companies,in,ai-agent-automation,1900,7.0,commercial,1900.0
ai automation agency,in,ai-agent-automation,2400,16.0,navigational,1800.0
ai automation agencies,in,ai-agent-automation,2400,16.0,commercial,1800.0
web design company in mumbai,in,web-design,2400,23.0,commercial,1800.0
noida web design company,in,web-design,2400,17.0,navigational,1800.0
seo audit services,us,seo-cost-audit,2400,16.0,commercial,1800.0
noida seo company,in,india-local,2400,18.0,commercial,1800.0
seo company in noida,in,india-local,2400,17.0,commercial,1800.0
digital marketing agency in chandigarh,in,india-local,2400,21.0,commercial,1800.0
email marketing agency,us,ai-seo-geo-aeo,3600,31.0,commercial,1620.0
ai automation agencies,us,ai-agent-automation,3600,29.0,commercial,1620.0
top seo company in india,in,india-local,3600,33.0,commercial,1620.0
seo agency in pune,in,india-local,3600,34.0,commercial,1620.0
best digital marketing agency hyderabad,in,india-local,3600,26.0,commercial,1620.0
shopify development partner,us,ecommerce-shopify,18100,36.0,commercial,1600.0
social media marketing agency,us,ai-seo-geo-aeo,12100,43.0,commercial,1600.0
web design agency,us,web-design,12100,41.0,commercial,1600.0
digital marketing agency in india,in,india-local,9900,39.0,commercial,1600.0
indian seo company,in,india-local,8100,44.0,commercial,1600.0
digital marketing agency delhi ncr,in,india-local,8100,39.0,commercial,1600.0
digital marketing agency in new delhi,in,india-local,8100,45.0,commercial,1600.0
delhi digital marketing agency,in,india-local,8100,43.0,commercial,1600.0
digital marketing agency delhi,in,india-local,8100,40.0,commercial,1600.0
digital marketing agency in delhi ncr,in,india-local,8100,42.0,commercial,1600.0
cost of web design,us,web-design,1600,13.0,commercial,1600.0
cost web design,us,web-design,1600,13.0,commercial,1600.0
seo company chandigarh,in,india-local,1600,0.0,commercial,1600.0
seo company surat,in,india-local,1600,7.0,navigational,1600.0
seo company in gurgaon,in,india-local,1600,10.0,commercial,1600.0
seo top company,in,india-local,1600,14.0,commercial,1600.0
seo company in chandigarh,in,india-local,1600,0.0,commercial,1600.0
chandigarh seo company,in,india-local,1600,12.0,commercial,1600.0
seo agency chandigarh,in,india-local,1600,8.0,commercial,1600.0
digital marketing agency in navi mumbai,in,india-local,1600,12.0,commercial,1600.0
web design company kolkata,in,web-design,1900,24.0,navigational,1425.0
web design company in kolkata,in,web-design,1900,24.0,commercial,1425.0
kolkata web design company,in,web-design,1900,24.0,navigational,1425.0
seo company in kerala,in,india-local,1900,23.0,commercial,1425.0
seo company kolkata,in,india-local,1900,23.0,commercial,1425.0
seo company in kolkata,in,india-local,1900,17.0,commercial,1425.0
kolkata seo company,in,india-local,1900,17.0,commercial,1425.0
best seo agency,us,ai-seo-geo-aeo,6600,36.0,commercial,1320.0
digital marketing agency mumbai,in,india-local,6600,43.0,commercial,1320.0
seo optimization cost,us,seo-cost-audit,2900,30.0,commercial,1305.0
cost of seo optimization,us,seo-cost-audit,2900,32.0,commercial,1305.0
seo company dubai,in,india-local,2900,32.0,commercial,1305.0
seo company uae,in,india-local,2900,30.0,commercial,1305.0
seo agency in dubai,in,india-local,2900,30.0,commercial,1305.0
digital marketing agency coimbatore,in,india-local,2900,33.0,commercial,1305.0
digital marketing agency in dubai,in,india-local,2900,31.0,commercial,1305.0
dubai digital marketing agency,in,india-local,2900,31.0,commercial,1305.0
digital marketing agency in coimbatore,in,india-local,2900,34.0,commercial,1305.0
web design company in indore,in,web-design,1300,9.0,commercial,1300.0
indore web design company,in,web-design,1300,0.0,navigational,1300.0
seo service cost,us,seo-cost-audit,1300,14.0,commercial,1300.0
seo company in coimbatore,in,india-local,1300,14.0,commercial,1300.0
top seo company in jaipur,in,india-local,1300,10.0,commercial,1300.0
seo company in hyderabad,in,india-local,1300,14.0,commercial,1300.0
seo company in surat,in,india-local,1300,3.0,commercial,1300.0
seo company hyderabad,in,india-local,1300,11.0,commercial,1300.0
seo company in faridabad,in,india-local,1300,1.0,commercial,1300.0
best seo company in jaipur,in,india-local,1300,8.0,commercial,1300.0
seo agency in hyderabad,in,india-local,1300,11.0,commercial,1300.0
best digital marketing agency in varanasi,in,india-local,1300,4.0,commercial,1300.0
web design cost india,in,india-local,1300,6.0,commercial,1300.0
web design cost,us,web-design,1600,23.0,commercial,1200.0
mumbai web design company,in,web-design,1600,23.0,commercial,1200.0
web design company at kolkata,in,web-design,1600,24.0,navigational,1200.0
seo marketing company in gurgaon,in,india-local,1600,18.0,commercial,1200.0
best seo company in noida,in,india-local,1600,17.0,commercial,1200.0
seo marketing company gurgaon,in,india-local,1600,18.0,commercial,1200.0
seo company gurgaon,in,india-local,1600,16.0,commercial,1200.0
digital marketing agency in vadodara,in,india-local,1600,16.0,commercial,1200.0
digital marketing agency patna,in,india-local,1600,17.0,commercial,1200.0
best digital marketing agency jaipur,in,india-local,1600,22.0,commercial,1200.0
web design for a small business,us,web-design,2400,28.0,commercial,1080.0
small web design business,us,web-design,2400,28.0,commercial,1080.0
small business web design,us,web-design,2400,28.0,commercial,1080.0
web design for small business,us,web-design,2400,28.0,commercial,1080.0
web design agency near me,us,web-design,2400,31.0,commercial,1080.0
web design company in hyderabad,in,web-design,2400,29.0,commercial,1080.0
web design company hyderabad,in,web-design,2400,28.0,navigational,1080.0
chandigarh digital marketing agency,in,india-local,2400,34.0,commercial,1080.0
ai tool for seo,us,ai-seo-geo-aeo,1000,15.0,commercial,1000.0
ai powered seo tool,us,ai-seo-geo-aeo,1000,8.0,commercial,1000.0
ai seo services,us,ai-seo-geo-aeo,1000,0.0,commercial,1000.0
ai seo agency,us,ai-seo-geo-aeo,1000,8.0,commercial,1000.0
ecommerce development company,us,ecommerce-shopify,1000,5.0,commercial,1000.0
ecommerce development companies,us,ecommerce-shopify,1000,5.0,commercial,1000.0
ecommerce seo agency,us,ecommerce-shopify,1000,3.0,commercial,1000.0
ecommerce seo agency,uk,ecommerce-shopify,1000,0.0,commercial,1000.0
web design for a small business,uk,web-design,1000,5.0,commercial,1000.0
small business web design,uk,web-design,1000,13.0,commercial,1000.0
web design small business,uk,web-design,1000,0.0,commercial,1000.0
web design for small business,uk,web-design,1000,5.0,commercial,1000.0
seo company rajkot,in,india-local,1000,0.0,commercial,1000.0
seo company in south delhi,in,india-local,1000,0.0,commercial,1000.0
seo company in rajkot,in,india-local,1000,1.0,commercial,1000.0
seo company in indore,in,india-local,1000,0.0,commercial,1000.0
seo company in mohali,in,india-local,1000,0.0,commercial,1000.0
american seo company,in,india-local,1000,9.0,commercial,1000.0
seo company mohali,in,india-local,1000,1.0,commercial,1000.0
seo company indore,in,india-local,1000,0.0,commercial,1000.0
seo company in usa,in,india-local,1000,9.0,commercial,1000.0
seo agency in kolkata,in,india-local,1000,6.0,commercial,1000.0
digital marketing agency in thane,in,india-local,1000,13.0,commercial,1000.0
best digital marketing agency chandigarh,in,india-local,1000,15.0,commercial,1000.0
top 10 digital marketing agency in india,in,india-local,1000,14.0,commercial,1000.0
top 10 digital marketing agency india,in,india-local,1000,14.0,commercial,1000.0
digital marketing agency in ghaziabad,in,india-local,1000,14.0,commercial,1000.0
web design cost,in,india-local,1000,6.0,commercial,1000.0
ai seo services,in,ai-seo-geo-aeo,1300,19.0,commercial,975.0
ai seo service,in,ai-seo-geo-aeo,1300,19.0,commercial,975.0
web development ecommerce,us,ecommerce-shopify,1300,20.0,commercial,975.0
web development for ecommerce,us,ecommerce-shopify,1300,17.0,commercial,975.0
web design company indore,in,web-design,1300,22.0,commercial,975.0
cost for seo services,us,seo-cost-audit,1300,21.0,commercial,975.0
best seo company jaipur,in,india-local,1300,23.0,commercial,975.0
seo company faridabad,in,india-local,1300,19.0,commercial,975.0
digital marketing agency in nyc,in,india-local,1300,23.0,commercial,975.0
ai and seo,in,ai-seo-geo-aeo,4400,36.0,commercial,880.0
seo company in delhi india,in,india-local,4400,43.0,commercial,880.0
seo company in delhi,in,india-local,4400,37.0,commercial,880.0
bangalore seo agency,in,india-local,4400,38.0,commercial,880.0
seo agency bangalore,in,india-local,4400,38.0,commercial,880.0
best ai seo tool,us,ai-seo-geo-aeo,880,4.0,commercial,880.0
best ai seo tools,us,ai-seo-geo-aeo,880,4.0,commercial,880.0
seo studio ai,in,ai-seo-geo-aeo,880,0.0,commercial,880.0
ai agent development services,in,ai-agent-automation,880,14.0,commercial,880.0
ai agent development service,in,ai-agent-automation,880,14.0,commercial,880.0
shopify development services,us,ecommerce-shopify,880,10.0,commercial,880.0
ecommerce development,us,ecommerce-shopify,880,1.0,commercial,880.0
ecommerce-development,us,ecommerce-shopify,880,7.0,commercial,880.0
ecommerce web development india,in,ecommerce-shopify,880,15.0,commercial,880.0
ecommerce web development in india,in,ecommerce-shopify,880,15.0,commercial,880.0
ecommerce website development in india,in,ecommerce-shopify,880,11.0,commercial,880.0
ecommerce marketing agency,us,ecommerce-shopify,880,15.0,commercial,880.0
seo audit services,uk,seo-cost-audit,880,0.0,commercial,880.0
low-cost seo services,us,seo-cost-audit,880,9.0,commercial,880.0
low cost seo service,us,seo-cost-audit,880,1.0,commercial,880.0
seo package cost,us,seo-cost-audit,880,0.0,commercial,880.0
seo packages cost,us,seo-cost-audit,880,0.0,commercial,880.0
seo pricing packages,us,seo-cost-audit,880,0.0,commercial,880.0
seo pricing package,us,seo-cost-audit,880,12.0,commercial,880.0
seo company navi mumbai,in,india-local,880,0.0,commercial,880.0
seo company in navi mumbai,in,india-local,880,0.0,commercial,880.0
best seo company in mohali,in,india-local,880,0.0,commercial,880.0
seo company in lucknow,in,india-local,880,0.0,commercial,880.0
seo agency in navi mumbai,in,india-local,880,0.0,commercial,880.0
digital marketing agency in ranchi,in,india-local,880,10.0,commercial,880.0
digital marketing agency in nashik,in,india-local,880,14.0,commercial,880.0
digital marketing agency in nagpur,in,india-local,880,14.0,commercial,880.0
ai for seo,uk,ai-seo-geo-aeo,1900,34.0,commercial,855.0
ai-seo,uk,ai-seo-geo-aeo,1900,34.0,commercial,855.0
ai agent development company,in,ai-agent-automation,1900,28.0,navigational,855.0
ai automation tools,us,ai-agent-automation,1900,31.0,commercial,855.0
ai automation tool,us,ai-agent-automation,1900,31.0,commercial,855.0
wordpress web design agency,us,web-design,1900,27.0,commercial,855.0
best seo company in delhi,in,india-local,1900,30.0,commercial,855.0
top seo company in delhi,in,india-local,1900,29.0,commercial,855.0
best seo company delhi,in,india-local,1900,30.0,commercial,855.0
seo agency near me,in,india-local,1900,31.0,commercial,855.0
best digital marketing agency chennai,in,india-local,1900,29.0,commercial,855.0
best digital marketing agency in chennai,in,india-local,1900,29.0,commercial,855.0
ai seo service,us,ai-seo-geo-aeo,1000,23.0,commercial,750.0
ai seo tools,in,ai-seo-geo-aeo,1000,24.0,commercial,750.0
ecommerce website design and development company,in,ecommerce-shopify,1000,25.0,commercial,750.0
web design company madurai madurai tamil nadu,in,web-design,1000,24.0,navigational,750.0
web design company madurai,in,web-design,1000,24.0,commercial,750.0
web design company in madurai,in,web-design,1000,24.0,commercial,750.0
madurai web design company,in,web-design,1000,24.0,navigational,750.0
seo company united states,in,india-local,1000,21.0,commercial,750.0
best seo company in mumbai,in,india-local,1000,18.0,commercial,750.0
usa seo company,in,india-local,1000,25.0,commercial,750.0
seo company in united states,in,india-local,1000,21.0,commercial,750.0
top seo company in mumbai,in,india-local,1000,16.0,commercial,750.0
seo company in the usa,in,india-local,1000,25.0,commercial,750.0
seo company in america,in,india-local,1000,21.0,commercial,750.0
seo agency usa,in,india-local,1000,16.0,commercial,750.0
seo agency us,in,india-local,1000,16.0,commercial,750.0
seo agency in usa,in,india-local,1000,16.0,commercial,750.0
best digital marketing agency near me,in,india-local,1000,23.0,commercial,750.0
best digital marketing agency in chandigarh,in,india-local,1000,17.0,commercial,750.0
cost of web design,in,india-local,1000,17.0,commercial,750.0
pune web design company,in,web-design,3600,40.0,commercial,720.0
web design and development company in pune,in,web-design,3600,40.0,commercial,720.0
seo company chennai,in,india-local,3600,36.0,commercial,720.0
seo company in chennai,in,india-local,3600,36.0,commercial,720.0
seo company in pune india,in,india-local,3600,38.0,commercial,720.0
seo agency pune,in,india-local,3600,38.0,commercial,720.0
digital marketing agency kochi,in,india-local,3600,44.0,commercial,720.0
seo writing ai,in,ai-seo-geo-aeo,1600,33.0,commercial,720.0
shopify web development company,in,ecommerce-shopify,1600,33.0,commercial,720.0
shopify development,in,ecommerce-shopify,1600,34.0,commercial,720.0
kerala web design company,in,web-design,1600,32.0,commercial,720.0
web design company in jaipur,in,web-design,1600,31.0,commercial,720.0
good seo company,in,india-local,1600,33.0,commercial,720.0
seo company in jaipur,in,india-local,1600,33.0,commercial,720.0
best seo agency,in,india-local,1600,35.0,commercial,720.0
digital marketing agency gurgaon,in,india-local,1600,28.0,commercial,720.0
digital marketing agency vadodara,in,india-local,1600,28.0,commercial,720.0
generative engine optimization geo services,us,ai-seo-geo-aeo,720,13.0,commercial,720.0
ai-automation agency,uk,ai-agent-automation,720,0.0,navigational,720.0
ai agent development company,us,ai-agent-automation,720,4.0,navigational,720.0
ai agent development companies,us,ai-agent-automation,720,0.0,commercial,720.0
zapier ai automation,us,ai-agent-automation,720,5.0,commercial,720.0
shopify development companies,us,ecommerce-shopify,720,15.0,commercial,720.0
web design agency nyc,us,web-design,720,13.0,commercial,720.0
responsive web design agency,us,web-design,720,0.0,commercial,720.0
web design company in trichy,in,web-design,720,0.0,commercial,720.0
web design company in gurgaon,in,web-design,720,13.0,commercial,720.0
web design company baroda,in,web-design,720,2.0,commercial,720.0
web design company in vadodara,in,web-design,720,2.0,commercial,720.0
trichy web design company,in,web-design,720,0.0,commercial,720.0
web design company trichy,in,web-design,720,0.0,commercial,720.0
low cost seo services,us,seo-cost-audit,720,2.0,commercial,720.0
seo services low cost,us,seo-cost-audit,720,9.0,commercial,720.0
best seo company lucknow,in,india-local,720,0.0,commercial,720.0
seo company in patna,in,india-local,720,0.0,commercial,720.0
best seo company chandigarh,in,india-local,720,2.0,commercial,720.0
best seo company kolkata,in,india-local,720,3.0,commercial,720.0
best seo company in lucknow,in,india-local,720,0.0,commercial,720.0
seo company patna,in,india-local,720,0.0,commercial,720.0
best seo company in kolkata,in,india-local,720,3.0,commercial,720.0
seo company noida india,in,india-local,720,1.0,commercial,720.0
top seo company in bangalore,in,india-local,720,12.0,commercial,720.0
best seo company in chandigarh,in,india-local,720,10.0,commercial,720.0
best seo agency in bangalore,in,india-local,720,10.0,commercial,720.0
shopify seo agency,in,india-local,720,8.0,commercial,720.0
seo agency in noida,in,india-local,720,1.0,commercial,720.0
best seo agency bangalore,in,india-local,720,10.0,commercial,720.0
ai agent development,in,ai-agent-automation,880,22.0,commercial,660.0
ecommerce development services,us,ecommerce-shopify,880,18.0,commercial,660.0
ecommerce web development company in india,in,ecommerce-shopify,880,19.0,commercial,660.0
seo audit service,uk,seo-cost-audit,880,19.0,commercial,660.0
seo packages pricing,us,seo-cost-audit,880,25.0,commercial,660.0
top seo company in dubai,in,india-local,880,16.0,commercial,660.0
best seo agency in dubai,in,india-local,880,23.0,commercial,660.0
web design cost in india,in,india-local,880,20.0,commercial,660.0
ai seo expert in india,in,ai-seo-geo-aeo,590,0.0,commercial,590.0
generative engine optimization services,us,ai-seo-geo-aeo,590,6.0,commercial,590.0
generative engine optimization service,us,ai-seo-geo-aeo,590,2.0,commercial,590.0
geo agency,us,ai-seo-geo-aeo,590,0.0,navigational,590.0
ai automation services,us,ai-agent-automation,590,1.0,commercial,590.0
ppc ecommerce agency,uk,ecommerce-shopify,590,6.0,commercial,590.0
ppc agency for ecommerce,uk,ecommerce-shopify,590,3.0,commercial,590.0
web design company in bhopal,in,web-design,590,2.0,commercial,590.0
best web design company in india,in,web-design,590,11.0,commercial,590.0
technical seo audit services,us,seo-cost-audit,590,0.0,commercial,590.0
technical seo audit service,us,seo-cost-audit,590,0.0,commercial,590.0
best seo company in bangalore,in,india-local,590,10.0,commercial,590.0
seo company in kochi,in,india-local,590,1.0,commercial,590.0
top denver seo company,in,india-local,590,0.0,commercial,590.0
seo agency in gurgaon,in,india-local,590,3.0,commercial,590.0
ecommerce site development,us,ecommerce-shopify,1300,27.0,commercial,585.0
ecommerce web development,us,ecommerce-shopify,1300,33.0,commercial,585.0
website ecommerce development,us,ecommerce-shopify,1300,31.0,commercial,585.0
ecommerce development website,us,ecommerce-shopify,1300,31.0,commercial,585.0
website development ecommerce,us,ecommerce-shopify,1300,31.0,commercial,585.0
ecommerce website development,us,ecommerce-shopify,1300,31.0,commercial,585.0
web development for ecommerce,in,ecommerce-shopify,1300,29.0,commercial,585.0
web development ecommerce,in,ecommerce-shopify,1300,31.0,commercial,585.0
website development ecommerce,in,ecommerce-shopify,1300,34.0,commercial,585.0
ecommerce website development,in,ecommerce-shopify,1300,34.0,commercial,585.0
ecommerce development website,in,ecommerce-shopify,1300,34.0,commercial,585.0
website ecommerce development,in,ecommerce-shopify,1300,34.0,commercial,585.0
ecommerce web development,in,ecommerce-shopify,1300,29.0,commercial,585.0
recruitment agency web design,uk,web-design,1300,31.0,commercial,585.0
web design company ernakulam,in,web-design,1300,33.0,navigational,585.0
seo service pricing,us,seo-cost-audit,1300,32.0,commercial,585.0
seo services pricing,us,seo-cost-audit,1300,29.0,commercial,585.0
digital marketing agency nyc,in,india-local,1300,34.0,commercial,585.0
digital marketing agency dehradun,in,india-local,1300,31.0,commercial,585.0
best digital marketing agency in kolkata,in,india-local,1300,27.0,commercial,585.0
best digital marketing agency kolkata,in,india-local,1300,27.0,commercial,585.0
digital marketing agency in bhopal,in,india-local,1300,31.0,commercial,585.0
digital marketing agency in dehradun,in,india-local,1300,31.0,commercial,585.0
cost for seo optimization,us,seo-cost-audit,2900,39.0,commercial,580.0
cost of seo marketing,us,seo-cost-audit,2900,43.0,commercial,580.0
dubai seo company,in,india-local,2900,40.0,commercial,580.0
seo company in uae,in,india-local,2900,45.0,commercial,580.0
seo company in dubai,in,india-local,2900,41.0,commercial,580.0
seo agency dubai,in,india-local,2900,42.0,commercial,580.0
digital marketing agency dubai,in,india-local,2900,45.0,commercial,580.0
digital marketing agency in gurgaon,in,india-local,2900,36.0,commercial,580.0
ai automation agency,uk,ai-agent-automation,720,21.0,navigational,540.0
ai agents for business,us,ai-agent-automation,720,16.0,commercial,540.0
shopify website development,us,ecommerce-shopify,720,23.0,commercial,540.0
headless e-commerce,us,ecommerce-shopify,720,23.0,commercial,540.0
best web design agency website,us,web-design,720,25.0,commercial,540.0
vadodara web design company,in,web-design,720,25.0,navigational,540.0
best seo company in pune,in,india-local,720,21.0,commercial,540.0
best seo company in kerala,in,india-local,720,19.0,commercial,540.0
best seo company kerala,in,india-local,720,19.0,commercial,540.0
best seo company bangalore,in,india-local,720,20.0,commercial,540.0
seo agency in jaipur,in,india-local,720,21.0,commercial,540.0
top seo agency in bangalore,in,india-local,720,22.0,commercial,540.0
best seo agency in hyderabad,in,india-local,720,16.0,commercial,540.0
seo agency jaipur,in,india-local,720,19.0,commercial,540.0
best seo agency in mumbai,in,india-local,720,19.0,commercial,540.0
ecommerce web development firm,in,ecommerce-shopify,1000,,commercial,500.0
web design and development agency,us,web-design,2400,45.0,commercial,480.0
digital marketing agency united states,in,india-local,2400,38.0,commercial,480.0
digital marketing agency usa,in,india-local,2400,39.0,commercial,480.0
ai seo company,us,ai-seo-geo-aeo,480,0.0,commercial,480.0
best ai tool for seo,us,ai-seo-geo-aeo,480,4.0,commercial,480.0
best ai tools for seo,us,ai-seo-geo-aeo,480,15.0,commercial,480.0
ai seo companies,us,ai-seo-geo-aeo,480,0.0,commercial,480.0
ai seo agency,uk,ai-seo-geo-aeo,480,0.0,commercial,480.0
ai seo agencies,uk,ai-seo-geo-aeo,480,0.0,commercial,480.0
ai agent development services,us,ai-agent-automation,480,2.0,commercial,480.0
ai agent development service,us,ai-agent-automation,480,0.0,commercial,480.0
ai automation specialist,us,ai-agent-automation,480,0.0,commercial,480.0
ai automation services,in,ai-agent-automation,480,1.0,commercial,480.0
ai automation service,in,ai-agent-automation,480,9.0,commercial,480.0
shopify theme development,us,ecommerce-shopify,480,4.0,commercial,480.0
shopify development company india,in,ecommerce-shopify,480,0.0,navigational,480.0
shopify development company in india,in,ecommerce-shopify,480,0.0,commercial,480.0
shopify development companies in india,in,ecommerce-shopify,480,0.0,commercial,480.0
ecommerce software development,us,ecommerce-shopify,480,0.0,commercial,480.0
ecommerce development software,us,ecommerce-shopify,480,6.0,commercial,480.0
ad agency ecommerce,us,ecommerce-shopify,480,14.0,commercial,480.0
ecommerce advertising agency,us,ecommerce-shopify,480,7.0,commercial,480.0
ecommerce ad agency,us,ecommerce-shopify,480,4.0,commercial,480.0
ecommerce ppc agency,uk,ecommerce-shopify,480,0.0,commercial,480.0
web design company in nagpur,in,web-design,480,15.0,commercial,480.0
responsive web design company,in,web-design,480,0.0,commercial,480.0
best seo agency in pune,in,india-local,480,14.0,commercial,480.0
seo agency in los angeles,in,india-local,480,14.0,commercial,480.0
ai tools for seo,us,ai-seo-geo-aeo,1000,35.0,commercial,450.0
ai-powered seo tools,us,ai-seo-geo-aeo,1000,26.0,commercial,450.0
shopify development services,in,ecommerce-shopify,1000,26.0,commercial,450.0
ecommerce website development company,in,ecommerce-shopify,1000,30.0,commercial,450.0
web design company in chandigarh,in,web-design,1000,29.0,commercial,450.0
web design and development company in hyderabad,in,web-design,1000,27.0,commercial,450.0
web design company bhubaneswar,in,web-design,1000,26.0,commercial,450.0
web design company in bhubaneswar,in,web-design,1000,33.0,commercial,450.0
tech seo audit,us,seo-cost-audit,1000,35.0,commercial,450.0
seo tech audit,us,seo-cost-audit,1000,35.0,commercial,450.0
pricing seo services,us,seo-cost-audit,1000,32.0,commercial,450.0
pricing for seo services,us,seo-cost-audit,1000,32.0,commercial,450.0
best seo company mumbai,in,india-local,1000,28.0,commercial,450.0
seo company about us,in,india-local,1000,28.0,commercial,450.0
seo company usa,in,india-local,1000,31.0,commercial,450.0
us seo company,in,india-local,1000,28.0,commercial,450.0
usa seo agency,in,india-local,1000,31.0,commercial,450.0
seo agency in us,in,india-local,1000,27.0,commercial,450.0
digital marketing agency england,in,india-local,1000,32.0,commercial,450.0
seo ai tools,us,ai-seo-geo-aeo,590,19.0,commercial,442.5
ai seo agency,in,ai-seo-geo-aeo,590,23.0,commercial,442.5
ai automation service,us,ai-agent-automation,590,22.0,commercial,442.5
shopify ecommerce website development,us,ecommerce-shopify,590,20.0,navigational,442.5
app development shopify,us,ecommerce-shopify,590,17.0,commercial,442.5
shopify ecommerce development company,us,ecommerce-shopify,590,22.0,commercial,442.5
shopify custom theme development,us,ecommerce-shopify,590,18.0,navigational,442.5
ecommerce web development services,us,ecommerce-shopify,590,22.0,commercial,442.5
ecommerce web development service,us,ecommerce-shopify,590,18.0,commercial,442.5
ecommerce-web-development-services,us,ecommerce-shopify,590,19.0,commercial,442.5
top web design agency,us,web-design,590,16.0,commercial,442.5
web design company in lucknow,in,web-design,590,21.0,commercial,442.5
seo low cost,us,seo-cost-audit,590,18.0,commercial,442.5
microsoft ai,us,ai-agent-automation,165000,95.0,commercial,400.0
seo services,us,ai-seo-geo-aeo,90500,54.0,commercial,400.0
marketing agency,us,ai-seo-geo-aeo,60500,75.0,commercial,400.0
ai agents,us,ai-agent-automation,60500,65.0,commercial,400.0
digital marketing agency,us,ai-seo-geo-aeo,49500,74.0,commercial,400.0
digital marketing digital marketing agency,in,india-local,49500,49.0,commercial,400.0
marketing agency digital,in,india-local,49500,49.0,commercial,400.0
digital marketing agency,in,india-local,49500,49.0,commercial,400.0
digital agency marketing,in,india-local,49500,49.0,commercial,400.0
shopify development partners,in,ecommerce-shopify,27100,49.0,navigational,400.0
seo marketing digital,us,ai-seo-geo-aeo,22200,65.0,commercial,400.0
seo marketing,us,ai-seo-geo-aeo,12100,75.0,commercial,400.0
seo company india,in,india-local,9900,55.0,commercial,400.0
digital marketing agency india,in,india-local,9900,49.0,commercial,400.0
india digital marketing agency,in,india-local,9900,49.0,commercial,400.0
ai and seo,us,ai-seo-geo-aeo,8100,47.0,commercial,400.0
influencer marketing agency,us,ai-seo-geo-aeo,8100,54.0,commercial,400.0
seo company in india,in,india-local,8100,51.0,commercial,400.0
seo company of india,in,india-local,8100,55.0,commercial,400.0
seo company from india,in,india-local,8100,55.0,commercial,400.0
india seo company,in,india-local,8100,55.0,commercial,400.0
indian seo agency,in,india-local,8100,51.0,commercial,400.0
seo agency in india,in,india-local,8100,65.0,commercial,400.0
india seo agency,in,india-local,8100,65.0,commercial,400.0
seo agency india,in,india-local,8100,51.0,commercial,400.0
digital marketing agency in bangalore,in,india-local,8100,75.0,commercial,400.0
digital marketing agency ahmedabad,in,india-local,8100,67.0,commercial,400.0
digital marketing agency in ahmedabad,in,india-local,8100,51.0,commercial,400.0
bangalore digital marketing agency,in,india-local,8100,56.0,commercial,400.0
digital marketing agency bangalore,in,india-local,8100,56.0,commercial,400.0
ai seo optimization,us,ai-seo-geo-aeo,880,29.0,commercial,396.0
shopify development service,us,ecommerce-shopify,880,26.0,commercial,396.0
shopify application development,in,ecommerce-shopify,880,30.0,commercial,396.0
ecommerce website development company india,in,ecommerce-shopify,880,33.0,commercial,396.0
ecommerce website development services india,in,ecommerce-shopify,880,33.0,commercial,396.0
ecommerce website development company in india,in,ecommerce-shopify,880,33.0,commercial,396.0
ecommerce website development india,in,ecommerce-shopify,880,30.0,commercial,396.0
web design agency in new york,us,web-design,880,28.0,commercial,396.0
semrush seo audit tool,us,seo-cost-audit,880,34.0,commercial,396.0
best seo company in dubai,in,india-local,880,31.0,commercial,396.0
digital marketing agency in australia,in,india-local,880,33.0,commercial,396.0
best ai seo,us,ai-seo-geo-aeo,390,14.0,commercial,390.0
ai seo service,uk,ai-seo-geo-aeo,390,0.0,commercial,390.0
ai seo services,uk,ai-seo-geo-aeo,390,10.0,commercial,390.0
ai automation near me,us,ai-agent-automation,390,0.0,commercial,390.0
development shopify store,in,ecommerce-shopify,390,2.0,navigational,390.0
shopify development store,in,ecommerce-shopify,390,2.0,navigational,390.0
development store shopify,in,ecommerce-shopify,390,2.0,navigational,390.0
app development ecommerce,us,ecommerce-shopify,390,0.0,commercial,390.0
software development ecommerce,us,ecommerce-shopify,390,0.0,commercial,390.0
ecommerce mobile application development,us,ecommerce-shopify,390,4.0,commercial,390.0
ecommerce application development services,us,ecommerce-shopify,390,12.0,commercial,390.0
ecommerce mobile application development,in,ecommerce-shopify,390,0.0,commercial,390.0
ecommerce development company in india,in,ecommerce-shopify,390,9.0,commercial,390.0
app development ecommerce,in,ecommerce-shopify,390,0.0,commercial,390.0
ecommerce development companies in india,in,ecommerce-shopify,390,2.0,commercial,390.0
ecommerce application development services,in,ecommerce-shopify,390,14.0,commercial,390.0
ecommerce digital marketing agency,us,ecommerce-shopify,390,4.0,commercial,390.0
digital marketing agency ecommerce,us,ecommerce-shopify,390,12.0,commercial,390.0
affordable small business web design,us,web-design,390,12.0,commercial,390.0
responsive web design agency,uk,web-design,390,0.0,commercial,390.0
web design company testimonials,in,web-design,390,0.0,commercial,390.0
softhunters web design and development digital marketing company in jaipur,in,web-design,390,0.0,commercial,390.0
local seo audit,us,seo-cost-audit,390,11.0,commercial,390.0
seo technical audit service,us,seo-cost-audit,390,0.0,commercial,390.0
seo technical audit services,us,seo-cost-audit,390,0.0,commercial,390.0
local seo pricing,us,seo-cost-audit,390,15.0,commercial,390.0
best seo agency usa,in,india-local,390,15.0,commercial,390.0
saas seo agency,in,india-local,390,0.0,commercial,390.0
best seo agency in noida,in,india-local,390,0.0,commercial,390.0
ai and seo,uk,ai-seo-geo-aeo,1900,37.0,commercial,380.0
best seo agency in delhi,in,india-local,1900,37.0,commercial,380.0
best digital marketing agency in noida,in,india-local,1900,36.0,commercial,380.0
best digital marketing agency noida,in,india-local,1900,36.0,commercial,380.0
seo ai tools,in,ai-seo-geo-aeo,480,23.0,commercial,360.0
automation agency ai,us,ai-agent-automation,480,25.0,navigational,360.0
theme development shopify,us,ecommerce-shopify,480,20.0,commercial,360.0
shopify development theme,us,ecommerce-shopify,480,24.0,navigational,360.0
shopify template development,us,ecommerce-shopify,480,19.0,commercial,360.0
shopify development india,in,ecommerce-shopify,480,25.0,navigational,360.0
ecommerce web design agency,uk,ecommerce-shopify,480,21.0,commercial,360.0
ecommerce marketing agency,uk,ecommerce-shopify,480,22.0,commercial,360.0
web design company in rajkot,in,web-design,480,19.0,commercial,360.0
rajkot web design company,in,web-design,480,19.0,navigational,360.0
average cost of seo,us,seo-cost-audit,480,16.0,commercial,360.0
average seo cost,us,seo-cost-audit,480,25.0,commercial,360.0
average cost for seo,us,seo-cost-audit,480,25.0,commercial,360.0
typical seo cost,us,seo-cost-audit,480,16.0,commercial,360.0
seo moz pricing,us,seo-cost-audit,480,25.0,commercial,360.0
delhi web design company,in,web-design,6600,100.0,commercial,330.0
web design company delhi,in,web-design,6600,99.0,commercial,330.0
seo audit,us,seo-cost-audit,6600,49.0,commercial,330.0
digital marketing agency hyderabad,in,india-local,6600,66.0,commercial,330.0
digital marketing agency in hyderabad,in,india-local,6600,66.0,commercial,330.0
digital marketing agency in chennai,in,india-local,6600,61.0,commercial,330.0
shopify development company,us,ecommerce-shopify,720,26.0,commercial,324.0
custom web design agency,us,web-design,720,35.0,commercial,324.0
web design company in faridabad,in,web-design,720,29.0,commercial,324.0
web design company in baroda,in,web-design,720,29.0,commercial,324.0
top seo company bangalore,in,india-local,720,29.0,commercial,324.0
best seo agency in chandigarh,in,india-local,720,26.0,commercial,324.0
best seo agency mumbai,in,india-local,720,26.0,commercial,324.0
ai automation tool,in,ai-agent-automation,1600,43.0,commercial,320.0
ai automation tools,in,ai-agent-automation,1600,43.0,commercial,320.0
shopify website development company,in,ecommerce-shopify,1600,40.0,navigational,320.0
shopify web development,in,ecommerce-shopify,1600,40.0,commercial,320.0
web design and development company in mumbai,in,web-design,1600,40.0,commercial,320.0
seo company coimbatore,in,india-local,1600,36.0,commercial,320.0
best digital marketing agency in pune,in,india-local,1600,37.0,commercial,320.0
seo ai agents,us,ai-seo-geo-aeo,320,2.0,commercial,320.0
best seo ai tool,us,ai-seo-geo-aeo,320,7.0,commercial,320.0
leading software for ai visibility and generative engine optimization,us,ai-seo-geo-aeo,320,3.0,commercial,320.0
generative engine optimization agency,us,ai-seo-geo-aeo,320,0.0,commercial,320.0
answer engine optimization tool,us,ai-seo-geo-aeo,320,13.0,commercial,320.0
ai automation consulting,us,ai-agent-automation,320,0.0,commercial,320.0
ai automation consultant,us,ai-agent-automation,320,0.0,commercial,320.0
ai automation companies,us,ai-agent-automation,320,3.0,commercial,320.0
ai automation company,us,ai-agent-automation,320,10.0,commercial,320.0
zapier ai automation,in,ai-agent-automation,320,15.0,commercial,320.0
shopify theme development,in,ecommerce-shopify,320,8.0,commercial,320.0
theme development shopify,in,ecommerce-shopify,320,8.0,commercial,320.0
ecommerce software development companies,us,ecommerce-shopify,320,12.0,commercial,320.0
ecommerce software development company,us,ecommerce-shopify,320,7.0,commercial,320.0
ecommerce website development cost,in,ecommerce-shopify,320,0.0,commercial,320.0
ecommerce site development cost,in,ecommerce-shopify,320,9.0,commercial,320.0
seo agency for ecommerce,us,ecommerce-shopify,320,5.0,commercial,320.0
ecommerce agency near me,us,ecommerce-shopify,320,0.0,navigational,320.0
ecommerce ppc agency,us,ecommerce-shopify,320,5.0,commercial,320.0
average cost for web design,us,web-design,320,14.0,commercial,320.0
average cost of web design,us,web-design,320,10.0,commercial,320.0
web design average cost,us,web-design,320,12.0,commercial,320.0
average web design cost,us,web-design,320,10.0,commercial,320.0
web design services for small business,uk,web-design,320,0.0,commercial,320.0
web design services small business,uk,web-design,320,2.0,commercial,320.0
web design service for small business,uk,web-design,320,0.0,commercial,320.0
b2b web design agency,uk,web-design,320,10.0,commercial,320.0
best web design agency website,uk,web-design,320,7.0,commercial,320.0
web design company udaipur,in,web-design,320,0.0,navigational,320.0
web design company mohali,in,web-design,320,0.0,commercial,320.0
white label seo audit tools,us,seo-cost-audit,320,9.0,commercial,320.0
white label seo audit tool,us,seo-cost-audit,320,5.0,commercial,320.0
technical seo audit services,uk,seo-cost-audit,320,1.0,commercial,320.0
technical seo audit service,uk,seo-cost-audit,320,0.0,commercial,320.0
cost of seo uk,us,seo-cost-audit,320,4.0,commercial,320.0
cost of seo in uk,us,seo-cost-audit,320,0.0,commercial,320.0
seo cost uk,us,seo-cost-audit,320,0.0,commercial,320.0
seo pricing uk,us,seo-cost-audit,320,0.0,commercial,320.0
seo agency austin,in,india-local,320,11.0,commercial,320.0
austin seo agency,in,india-local,320,0.0,commercial,320.0
local seo agency,in,india-local,320,7.0,commercial,320.0
best seo agency in kolkata,in,india-local,320,3.0,commercial,320.0
seo agency california,in,india-local,320,0.0,commercial,320.0
seo agency in south delhi,in,india-local,320,0.0,commercial,320.0
seo agency san diego,in,india-local,320,14.0,commercial,320.0
seo agency in kochi,in,india-local,320,0.0,commercial,320.0
white label seo agency,in,india-local,320,7.0,commercial,320.0
seo agency in austin,in,india-local,320,13.0,commercial,320.0
seo agency in california,in,india-local,320,5.0,commercial,320.0
ai seo agencies,in,ai-seo-geo-aeo,590,,commercial,295.0
shopify store development,us,ecommerce-shopify,390,25.0,commercial,292.5
ecommerce web design development company,us,ecommerce-shopify,390,19.0,commercial,292.5
ecommerce web development firm,us,ecommerce-shopify,390,19.0,commercial,292.5
ecommerce website development company,us,ecommerce-shopify,390,19.0,commercial,292.5
ecommerce website development service,in,ecommerce-shopify,390,24.0,commercial,292.5
ecommerce development company india,in,ecommerce-shopify,390,18.0,commercial,292.5
ecommerce development companies india,in,ecommerce-shopify,390,18.0,commercial,292.5
web design company for small business,us,web-design,390,19.0,commercial,292.5
affordable web design for small business,us,web-design,390,17.0,commercial,292.5
california web design agency,us,web-design,390,21.0,commercial,292.5
e commerce web design agency,us,web-design,390,16.0,commercial,292.5
web design agency california,us,web-design,390,21.0,commercial,292.5
web design company singapore,in,web-design,390,17.0,commercial,292.5
best web design company in mumbai,in,web-design,390,24.0,commercial,292.5
top web design company,in,web-design,390,25.0,commercial,292.5
web design company in varanasi,in,web-design,390,18.0,commercial,292.5
seo audit list,us,seo-cost-audit,390,24.0,commercial,292.5
technical audit seo,uk,seo-cost-audit,390,25.0,commercial,292.5
seo average cost,us,seo-cost-audit,390,25.0,commercial,292.5
seo company pricing,us,seo-cost-audit,390,21.0,commercial,292.5
seo agency in kerala,in,india-local,390,18.0,commercial,292.5
seo agency new york city,in,india-local,390,24.0,commercial,292.5
new york city seo agency,in,india-local,390,24.0,commercial,292.5
seo strategies,us,ai-seo-geo-aeo,5400,66.0,commercial,270.0
seo marketing services,us,ai-seo-geo-aeo,5400,53.0,commercial,270.0
web design company websites,in,web-design,5400,65.0,commercial,270.0
web design company in coimbatore,in,web-design,5400,98.0,commercial,270.0
web design design company,in,web-design,5400,100.0,commercial,270.0
company web design,in,web-design,5400,100.0,commercial,270.0
web design company coimbatore,in,web-design,5400,92.0,navigational,270.0
web design company bangalore,in,web-design,5400,55.0,commercial,270.0
web design company site,in,web-design,5400,77.0,commercial,270.0
company for web design,in,web-design,5400,100.0,commercial,270.0
web design website company,in,web-design,5400,65.0,commercial,270.0
web design company website,in,web-design,5400,65.0,navigational,270.0
coimbatore web design company,in,web-design,5400,90.0,navigational,270.0
design company web,in,web-design,5400,100.0,commercial,270.0
web design company sites,in,web-design,5400,83.0,commercial,270.0
web design for company,in,web-design,5400,100.0,commercial,270.0
web design company,in,web-design,5400,92.0,commercial,270.0
seo for company,in,india-local,5400,65.0,commercial,270.0
digital marketing agency in pune,in,india-local,5400,90.0,commercial,270.0
pune digital marketing agency,in,india-local,5400,81.0,commercial,270.0
ai agent development,us,ai-agent-automation,590,27.0,commercial,265.5
ai automation software,us,ai-agent-automation,590,32.0,commercial,265.5
ai automation platforms,us,ai-agent-automation,590,31.0,commercial,265.5
ai automation platform,us,ai-agent-automation,590,33.0,commercial,265.5
shopify application development,us,ecommerce-shopify,590,33.0,commercial,265.5
shopify development agency,in,ecommerce-shopify,590,27.0,navigational,265.5
shopify development agencies,in,ecommerce-shopify,590,27.0,commercial,265.5
ecommerce website development service,us,ecommerce-shopify,590,29.0,commercial,265.5
ecommerce-development,in,ecommerce-shopify,590,33.0,commercial,265.5
ecommerce development,in,ecommerce-shopify,590,33.0,commercial,265.5
ecommerce seo agency,in,india-local,590,29.0,commercial,265.5
shopify development company,in,ecommerce-shopify,1300,43.0,commercial,260.0
development ecommerce website,us,ecommerce-shopify,1300,37.0,commercial,260.0
web ecommerce development,in,ecommerce-shopify,1300,41.0,commercial,260.0
ecommerce site development,in,ecommerce-shopify,1300,37.0,commercial,260.0
cost of seo services,us,seo-cost-audit,1300,38.0,commercial,260.0
seo company for small business,in,india-local,1300,38.0,commercial,260.0
digital marketing agency new york city,in,india-local,1300,38.0,commercial,260.0
digital marketing agency in calicut,in,india-local,1300,39.0,commercial,260.0
new york digital marketing agency,in,india-local,1300,38.0,commercial,260.0
digital marketing agency in new york city,in,india-local,1300,38.0,commercial,260.0
digital marketing agency in new york,in,india-local,1300,38.0,commercial,260.0
best digital marketing agency pune,in,india-local,1300,37.0,commercial,260.0
nyc digital marketing agency,in,india-local,1300,41.0,commercial,260.0
digital marketing agency new york,in,india-local,1300,38.0,commercial,260.0
best ai for seo,us,ai-seo-geo-aeo,260,12.0,commercial,260.0
ai agent development platforms,us,ai-agent-automation,260,13.0,commercial,260.0
ai automation tool with no restrictions,us,ai-agent-automation,260,3.0,commercial,260.0
ai automation specialist job,us,ai-agent-automation,260,0.0,navigational,260.0
ai automation tools with no restrictions,us,ai-agent-automation,260,3.0,commercial,260.0
shopify website development cost in india,in,ecommerce-shopify,260,0.0,commercial,260.0
custom ecommerce development,us,ecommerce-shopify,260,0.0,commercial,260.0
ecommerce custom development,us,ecommerce-shopify,260,7.0,commercial,260.0
ecommerce software development services,us,ecommerce-shopify,260,5.0,commercial,260.0
ecommerce website development in bangalore,in,ecommerce-shopify,260,0.0,commercial,260.0
ecommerce website development company mumbai,in,ecommerce-shopify,260,5.0,commercial,260.0
ecommerce website development in delhi,in,ecommerce-shopify,260,7.0,commercial,260.0
ecommerce website development cost in india,in,ecommerce-shopify,260,2.0,commercial,260.0
ecommerce website development company in mumbai,in,ecommerce-shopify,260,0.0,commercial,260.0
ppc agency for ecommerce,us,ecommerce-shopify,260,14.0,commercial,260.0
ecommerce marketing agency usa,us,ecommerce-shopify,260,8.0,commercial,260.0
cheap small business web design,uk,web-design,260,7.0,commercial,260.0
affordable web design small business,uk,web-design,260,4.0,commercial,260.0
affordable web design for small business,uk,web-design,260,7.0,commercial,260.0
affordable small business web design,uk,web-design,260,15.0,commercial,260.0
saas web design agency,us,web-design,260,1.0,commercial,260.0
recruitment agency web design,us,web-design,260,0.0,commercial,260.0
seo audit templates,us,seo-cost-audit,260,0.0,commercial,260.0
seo audit template,us,seo-cost-audit,260,0.0,commercial,260.0
google seo cost,us,seo-cost-audit,260,11.0,commercial,260.0
healthcare seo agency,in,india-local,260,0.0,commercial,260.0
seo agency for healthcare,in,india-local,260,0.0,commercial,260.0
chicago seo agency,in,india-local,260,9.0,commercial,260.0
seo agency healthcare,in,india-local,260,0.0,commercial,260.0
best seo ai tools,us,ai-seo-geo-aeo,320,16.0,commercial,240.0
ai based seo tools,us,ai-seo-geo-aeo,320,22.0,commercial,240.0
ai seo platform,us,ai-seo-geo-aeo,320,20.0,commercial,240.0
profound generative engine optimization,us,ai-seo-geo-aeo,320,22.0,commercial,240.0
ecommerce website development company in chennai,in,ecommerce-shopify,320,20.0,commercial,240.0
ecommerce website development pricing,in,ecommerce-shopify,320,20.0,commercial,240.0
ecommerce website development price,in,ecommerce-shopify,320,16.0,commercial,240.0
cost for ecommerce website development,in,ecommerce-shopify,320,20.0,commercial,240.0
ppc ecommerce agency,us,ecommerce-shopify,320,22.0,commercial,240.0
wordpress web design company,in,web-design,320,21.0,commercial,240.0
best web design company in kerala,in,web-design,320,25.0,commercial,240.0
seo companies pricing,us,seo-cost-audit,320,17.0,commercial,240.0
seo agency canada,in,india-local,320,16.0,commercial,240.0
seo agency in san diego,in,india-local,320,25.0,commercial,240.0
whitelabel seo agency,in,india-local,320,24.0,commercial,240.0
san diego seo agency,in,india-local,320,17.0,commercial,240.0
web design low cost,in,india-local,320,22.0,commercial,240.0
internet marketing agency,us,ai-seo-geo-aeo,4400,64.0,commercial,220.0
digital agency,us,ai-seo-geo-aeo,4400,90.0,commercial,220.0
small business web design service,us,web-design,4400,66.0,commercial,220.0
web design agency,uk,web-design,4400,100.0,commercial,220.0
agency for web design,uk,web-design,4400,100.0,commercial,220.0
agency web design,uk,web-design,4400,100.0,commercial,220.0
seo of a company,in,india-local,4400,65.0,commercial,220.0
company seo,in,india-local,4400,65.0,commercial,220.0
seo company,in,india-local,4400,65.0,commercial,220.0
seo and company,in,india-local,4400,65.0,commercial,220.0
seo in company,in,india-local,4400,65.0,commercial,220.0
seo company in ahmedabad,in,india-local,4400,86.0,commercial,220.0
seo company ahmedabad,in,india-local,4400,86.0,commercial,220.0
ahmedabad seo company,in,india-local,4400,86.0,commercial,220.0
seo of company,in,india-local,4400,65.0,commercial,220.0
seo company seo,in,india-local,4400,65.0,commercial,220.0
digital marketing agency lucknow,in,india-local,4400,50.0,commercial,220.0
digital marketing agency in jaipur,in,india-local,4400,53.0,commercial,220.0
digital marketing agency in kolkata,in,india-local,4400,68.0,commercial,220.0
digital marketing agency kolkata,in,india-local,4400,85.0,commercial,220.0
ai tools for seo,in,ai-seo-geo-aeo,480,27.0,commercial,216.0
shopify development agency,us,ecommerce-shopify,480,32.0,navigational,216.0
shopify web development services,us,ecommerce-shopify,480,26.0,commercial,216.0
ecommerce web development company,in,ecommerce-shopify,480,33.0,commercial,216.0
ecommerce digital marketing agency,uk,ecommerce-shopify,480,30.0,commercial,216.0
ecommerce website design agency,uk,ecommerce-shopify,480,29.0,commercial,216.0
digital marketing agency ecommerce,uk,ecommerce-shopify,480,30.0,commercial,216.0
web design company in thane,in,web-design,480,28.0,commercial,216.0
web design company thane,in,web-design,480,28.0,commercial,216.0
best web design company in ahmedabad,in,web-design,480,27.0,commercial,216.0
seo agency los angeles,in,india-local,480,35.0,commercial,216.0
ai seo optimization tool,us,ai-seo-geo-aeo,210,15.0,commercial,210.0
best ai visibility platforms with seo capabilities,us,ai-seo-geo-aeo,210,6.0,commercial,210.0
surfer seo ai,us,ai-seo-geo-aeo,210,10.0,commercial,210.0
ai seo optimization tools,us,ai-seo-geo-aeo,210,15.0,commercial,210.0
seo ai agent,in,ai-seo-geo-aeo,210,13.0,commercial,210.0
seo ai agents,in,ai-seo-geo-aeo,210,13.0,commercial,210.0
best rated answer engine optimization tools,us,ai-seo-geo-aeo,210,4.0,commercial,210.0
ai automation agency services,us,ai-agent-automation,210,6.0,navigational,210.0
ai automation agency uk,uk,ai-agent-automation,210,7.0,commercial,210.0
ai agents for small business,us,ai-agent-automation,210,2.0,commercial,210.0
ai automation for small business,us,ai-agent-automation,210,10.0,commercial,210.0
ai automation society,us,ai-agent-automation,210,0.0,navigational,210.0
ai automation for small businesses,us,ai-agent-automation,210,10.0,commercial,210.0
shopify custom theme development,in,ecommerce-shopify,210,11.0,navigational,210.0
ecommerce website development services in india,us,ecommerce-shopify,210,10.0,commercial,210.0
magento ecommerce development companies,us,ecommerce-shopify,210,9.0,commercial,210.0
ecommerce development companies in usa,us,ecommerce-shopify,210,1.0,commercial,210.0
ecommerce website development in india,us,ecommerce-shopify,210,13.0,commercial,210.0
ecommerce web development in india,us,ecommerce-shopify,210,10.0,commercial,210.0
ecommerce website development company india,us,ecommerce-shopify,210,13.0,commercial,210.0
ecommerce web development india,us,ecommerce-shopify,210,11.0,commercial,210.0
ecommerce website development company in india,us,ecommerce-shopify,210,11.0,commercial,210.0
ecommerce website development company in bangalore,in,ecommerce-shopify,210,9.0,commercial,210.0
ecommerce application development,in,ecommerce-shopify,210,0.0,commercial,210.0
seo agency for ecommerce,uk,ecommerce-shopify,210,0.0,commercial,210.0
web design company small business,us,web-design,210,6.0,commercial,210.0
small business web design uk,uk,web-design,210,2.0,commercial,210.0
web design for small business uk,uk,web-design,210,4.0,commercial,210.0
web design agency san francisco,us,web-design,210,3.0,commercial,210.0
restaurant web design agency,uk,web-design,210,0.0,commercial,210.0
web design agency sheffield,uk,web-design,210,8.0,commercial,210.0
white label seo audit,us,seo-cost-audit,210,9.0,commercial,210.0
seo audit near me,us,seo-cost-audit,210,0.0,commercial,210.0
seo audit white label,us,seo-cost-audit,210,7.0,commercial,210.0
seo audit costs,us,seo-cost-audit,210,0.0,commercial,210.0
seo technical audit services,uk,seo-cost-audit,210,0.0,commercial,210.0
seo cost calculator,us,seo-cost-audit,210,0.0,commercial,210.0
seo google cost,us,seo-cost-audit,210,7.0,commercial,210.0
cost of google seo,us,seo-cost-audit,210,9.0,commercial,210.0
low-cost seo packages,us,seo-cost-audit,210,15.0,commercial,210.0
low cost seo packages,us,seo-cost-audit,210,15.0,commercial,210.0
cost of seo audit,us,seo-cost-audit,210,0.0,commercial,210.0
seo cost philippines,us,seo-cost-audit,210,11.0,commercial,210.0
seo audit cost,us,seo-cost-audit,210,0.0,commercial,210.0
seo software pricing,us,seo-cost-audit,210,1.0,commercial,210.0
seo pricing philippines,us,seo-cost-audit,210,0.0,commercial,210.0
seo agency noida,in,india-local,210,0.0,commercial,210.0
seo agency in brisbane,in,india-local,210,14.0,commercial,210.0
shopify development companies,in,ecommerce-shopify,1000,43.0,commercial,200.0
shopify development service,in,ecommerce-shopify,1000,38.0,commercial,200.0
ecommerce development companies,in,ecommerce-shopify,1000,45.0,commercial,200.0
ecommerce development company,in,ecommerce-shopify,1000,45.0,commercial,200.0
web design company near me,in,web-design,1000,43.0,commercial,200.0
technical audit seo,us,seo-cost-audit,1000,36.0,commercial,200.0
technical seo audit,us,seo-cost-audit,1000,36.0,commercial,200.0
seo company near me,in,india-local,1000,39.0,commercial,200.0
seo company america,in,india-local,1000,45.0,commercial,200.0
digital marketing agency united kingdom,in,india-local,1000,41.0,commercial,200.0
digital marketing agency in united kingdom,in,india-local,1000,41.0,commercial,200.0
digital marketing agency thane,in,india-local,1000,42.0,commercial,200.0
digital marketing agency uk,in,india-local,1000,43.0,commercial,200.0
ai seo agent,us,ai-seo-geo-aeo,260,17.0,commercial,195.0
best ai seo software,us,ai-seo-geo-aeo,260,16.0,commercial,195.0
ai seo content generator,us,ai-seo-geo-aeo,260,24.0,commercial,195.0
ai seo tools,uk,ai-seo-geo-aeo,260,19.0,commercial,195.0
ai tools with best generative engine optimization features,us,ai-seo-geo-aeo,260,20.0,commercial,195.0
ai automation business,us,ai-agent-automation,260,18.0,commercial,195.0
shopify ecommerce development,in,ecommerce-shopify,260,24.0,commercial,195.0
ecommerce solutions development,us,ecommerce-shopify,260,18.0,commercial,195.0
ecommerce development solution,us,ecommerce-shopify,260,16.0,commercial,195.0
custom ecommerce web development,us,ecommerce-shopify,260,18.0,commercial,195.0
ecommerce development solutions,us,ecommerce-shopify,260,22.0,commercial,195.0
ecommerce website development company delhi,in,ecommerce-shopify,260,22.0,commercial,195.0
web design cost calculator,us,web-design,260,23.0,commercial,195.0
detroit web design agency,us,web-design,260,25.0,commercial,195.0
kent web design agency,uk,web-design,260,25.0,commercial,195.0
seo audit companies,us,seo-cost-audit,260,21.0,commercial,195.0
seo agency in sydney,in,india-local,260,17.0,commercial,195.0
seo agency in chicago,in,india-local,260,19.0,commercial,195.0
seo agency chicago,in,india-local,260,20.0,commercial,195.0
web design company in bangalore,in,web-design,3600,72.0,commercial,180.0
web design company in pune,in,web-design,3600,67.0,commercial,180.0
india's best seo company,in,india-local,3600,64.0,commercial,180.0
best indian seo company,in,india-local,3600,51.0,commercial,180.0
best seo company india,in,india-local,3600,64.0,commercial,180.0
good seo company in india,in,india-local,3600,64.0,commercial,180.0
best company for seo in india,in,india-local,3600,64.0,commercial,180.0
leading seo company in india,in,india-local,3600,60.0,commercial,180.0
seo best company in india,in,india-local,3600,64.0,commercial,180.0
best seo company in india,in,india-local,3600,64.0,commercial,180.0
best seo agency india,in,india-local,3600,51.0,commercial,180.0
best seo agency in india,in,india-local,3600,51.0,commercial,180.0
top seo agency in india,in,india-local,3600,51.0,commercial,180.0
best digital marketing agency in hyderabad,in,india-local,3600,66.0,commercial,180.0
digital marketing agency indore,in,india-local,3600,56.0,commercial,180.0
best digital marketing agency in hyd,in,india-local,3600,66.0,commercial,180.0
digital marketing agency in kochi,in,india-local,3600,50.0,commercial,180.0
seo writer ai,us,ai-seo-geo-aeo,880,42.0,commercial,176.0
seo writing ai,us,ai-seo-geo-aeo,880,42.0,commercial,176.0
app development shopify,in,ecommerce-shopify,880,38.0,commercial,176.0
ecommerce website development services in india,in,ecommerce-shopify,880,42.0,commercial,176.0
ecommerce web development services in india,in,ecommerce-shopify,880,41.0,commercial,176.0
new york city web design agency,us,web-design,880,37.0,commercial,176.0
web design agency new york city,us,web-design,880,37.0,commercial,176.0
shopify web design company,in,web-design,880,40.0,navigational,176.0
top seo company dubai,in,india-local,880,41.0,commercial,176.0
ai seo software,us,ai-seo-geo-aeo,390,32.0,commercial,175.5
ai agent for automation,us,ai-agent-automation,390,33.0,commercial,175.5
shopify development stores,us,ecommerce-shopify,390,26.0,navigational,175.5
development store shopify,us,ecommerce-shopify,390,26.0,navigational,175.5
shopify development store,us,ecommerce-shopify,390,26.0,navigational,175.5
development shopify store,us,ecommerce-shopify,390,26.0,navigational,175.5
shopify store development,in,ecommerce-shopify,390,27.0,commercial,175.5
shopify web development service,in,ecommerce-shopify,390,31.0,commercial,175.5
ecommerce website designing agency,us,ecommerce-shopify,390,26.0,commercial,175.5
ecommerce web design agency,us,ecommerce-shopify,390,35.0,commercial,175.5
ecommerce advertising agency,uk,ecommerce-shopify,390,29.0,commercial,175.5
best web design agency london,uk,web-design,390,27.0,commercial,175.5
top web design company in delhi,in,web-design,390,26.0,commercial,175.5
top web design company in mumbai,in,web-design,390,34.0,commercial,175.5
seo audit checklist,us,seo-cost-audit,390,28.0,commercial,175.5
seo tech audit,uk,seo-cost-audit,390,34.0,commercial,175.5
tech seo audit,uk,seo-cost-audit,390,26.0,commercial,175.5
seo agency pricing,us,seo-cost-audit,390,33.0,commercial,175.5
seo agency in new york,in,india-local,390,27.0,commercial,175.5
new york seo agency,in,india-local,390,27.0,commercial,175.5
seo agency in nyc,in,india-local,390,27.0,commercial,175.5
seo agency new york,in,india-local,390,27.0,commercial,175.5
answer engine optimization agency,us,ai-seo-geo-aeo,170,6.0,navigational,170.0
shopify plus development agency,us,ecommerce-shopify,170,0.0,navigational,170.0
shopify plus development company,us,ecommerce-shopify,170,10.0,navigational,170.0
ecommerce development companies in india,us,ecommerce-shopify,170,10.0,commercial,170.0
ecommerce website design and development,us,ecommerce-shopify,170,15.0,commercial,170.0
ecommerce development company india,us,ecommerce-shopify,170,14.0,commercial,170.0
custom ecommerce software development,us,ecommerce-shopify,170,5.0,commercial,170.0
design development ecommerce site web,us,ecommerce-shopify,170,12.0,commercial,170.0
magento ecommerce development services,us,ecommerce-shopify,170,13.0,commercial,170.0
ecommerce web design & development,us,ecommerce-shopify,170,13.0,commercial,170.0
ecommerce website development company coimbatore,in,ecommerce-shopify,170,3.0,commercial,170.0
ecommerce website development company in coimbatore,in,ecommerce-shopify,170,6.0,commercial,170.0
b2b ecommerce agency,us,ecommerce-shopify,170,1.0,commercial,170.0
ecommerce development agency,uk,ecommerce-shopify,170,11.0,commercial,170.0
ecommerce seo agency london,uk,ecommerce-shopify,170,6.0,commercial,170.0
seo ecommerce agency,uk,ecommerce-shopify,170,0.0,commercial,170.0
web design low cost,us,web-design,170,11.0,commercial,170.0
small business web design package,us,web-design,170,0.0,commercial,170.0
small business web design packages,us,web-design,170,0.0,commercial,170.0
small business web design packages,uk,web-design,170,0.0,commercial,170.0
healthcare web design agency,us,web-design,170,13.0,commercial,170.0
custom web design agency,uk,web-design,170,2.0,commercial,170.0
white label seo audit tools,uk,seo-cost-audit,170,8.0,commercial,170.0
audit seo e commerce,uk,seo-cost-audit,170,0.0,commercial,170.0
seo audit agency,uk,seo-cost-audit,170,0.0,commercial,170.0
seo audit london,uk,seo-cost-audit,170,0.0,commercial,170.0
ecommerce seo audit,uk,seo-cost-audit,170,13.0,commercial,170.0
white label seo audit tool,uk,seo-cost-audit,170,6.0,commercial,170.0
seo monthly cost,us,seo-cost-audit,170,9.0,commercial,170.0
seo plan pricing,us,seo-cost-audit,170,14.0,commercial,170.0
seo pricing plan,us,seo-cost-audit,170,11.0,commercial,170.0
seo pricing models,us,seo-cost-audit,170,12.0,commercial,170.0
seo pricing and plans,us,seo-cost-audit,170,11.0,commercial,170.0
seo monthly pricing,us,seo-cost-audit,170,8.0,commercial,170.0
seo plans pricing,us,seo-cost-audit,170,6.0,commercial,170.0
monthly seo pricing,us,seo-cost-audit,170,8.0,commercial,170.0
seo pricing guide,us,seo-cost-audit,170,15.0,commercial,170.0
global seo agency,in,india-local,170,2.0,commercial,170.0
marketing ai automation,in,ai-agent-automation,320,,commercial,160.0
ai driven seo tools,us,ai-seo-geo-aeo,210,18.0,commercial,157.5
ai seo optimization,uk,ai-seo-geo-aeo,210,24.0,commercial,157.5
ai automation for business,us,ai-agent-automation,210,24.0,commercial,157.5
ai agent automation,us,ai-agent-automation,210,24.0,commercial,157.5
ai automation for businesses,us,ai-agent-automation,210,24.0,commercial,157.5
sales ai automation,us,ai-agent-automation,210,21.0,commercial,157.5
shopify ecommerce development services,us,ecommerce-shopify,210,23.0,commercial,157.5
ecommerce website development india,us,ecommerce-shopify,210,20.0,commercial,157.5
web design agency services,us,web-design,210,21.0,commercial,157.5
san francisco web design agency,us,web-design,210,19.0,commercial,157.5
web design agency in san francisco,us,web-design,210,19.0,commercial,157.5
google seo pricing,us,seo-cost-audit,210,18.0,commercial,157.5
seo pricing model,us,seo-cost-audit,210,25.0,commercial,157.5
seo agency brisbane,in,india-local,210,16.0,commercial,157.5
seo agency san francisco,in,india-local,210,24.0,commercial,157.5
development shopify,in,ecommerce-shopify,2900,58.0,commercial,145.0
web design company india,in,web-design,2900,52.0,commercial,145.0
indian web design company,in,web-design,2900,94.0,commercial,145.0
india web design company,in,web-design,2900,52.0,commercial,145.0
web design company in india,in,web-design,2900,52.0,commercial,145.0
seo site audit,us,seo-cost-audit,2900,63.0,commercial,145.0
seo audit of a website,us,seo-cost-audit,2900,48.0,commercial,145.0
website audit seo,us,seo-cost-audit,2900,73.0,commercial,145.0
seo web audit,us,seo-cost-audit,2900,70.0,commercial,145.0
audit seo site,us,seo-cost-audit,2900,63.0,commercial,145.0
seo audit for website,us,seo-cost-audit,2900,73.0,commercial,145.0
seo audit websites,us,seo-cost-audit,2900,76.0,commercial,145.0
seo audit tools,us,seo-cost-audit,2900,77.0,commercial,145.0
seo audit website,us,seo-cost-audit,2900,76.0,commercial,145.0
seo audit site,us,seo-cost-audit,2900,76.0,commercial,145.0
seo audit sites,us,seo-cost-audit,2900,76.0,commercial,145.0
seo audit tool,us,seo-cost-audit,2900,77.0,commercial,145.0
site audit seo,us,seo-cost-audit,2900,66.0,commercial,145.0
seo tool audit,us,seo-cost-audit,2900,77.0,commercial,145.0
seo audit of website,us,seo-cost-audit,2900,73.0,commercial,145.0
audit seo tool,us,seo-cost-audit,2900,77.0,commercial,145.0
website audit for seo,us,seo-cost-audit,2900,73.0,commercial,145.0
site seo audit,us,seo-cost-audit,2900,73.0,commercial,145.0
seo audit for websites,us,seo-cost-audit,2900,66.0,commercial,145.0
site audit for seo,us,seo-cost-audit,2900,66.0,commercial,145.0
audit seo website,us,seo-cost-audit,2900,53.0,commercial,145.0
seo tools audit,us,seo-cost-audit,2900,77.0,commercial,145.0
seo website audit,us,seo-cost-audit,2900,73.0,commercial,145.0
seo dubai company,in,india-local,2900,53.0,commercial,145.0
best digital marketing agency in delhi,in,india-local,2900,52.0,commercial,145.0
digital marketing agency in noida,in,india-local,2900,72.0,commercial,145.0
noida digital marketing agency,in,india-local,2900,72.0,commercial,145.0
marketing ai automation,us,ai-agent-automation,720,40.0,commercial,144.0
ecommerce development service,us,ecommerce-shopify,720,38.0,commercial,144.0
seo and web design agency,uk,web-design,720,42.0,commercial,144.0
best web design company in chennai,in,web-design,720,42.0,commercial,144.0
web design company in noida,in,web-design,720,39.0,commercial,144.0
best web design company chennai,in,web-design,720,42.0,commercial,144.0
semrush seo audit,us,seo-cost-audit,720,41.0,commercial,144.0
seo ai agent,us,ai-seo-geo-aeo,320,26.0,commercial,144.0
ai-based seo tools,us,ai-seo-geo-aeo,320,29.0,commercial,144.0
free seo ai tool,us,ai-seo-geo-aeo,320,28.0,commercial,144.0
shopify development account,in,ecommerce-shopify,320,31.0,navigational,144.0
shopify template development,in,ecommerce-shopify,320,34.0,commercial,144.0
shopify development theme,in,ecommerce-shopify,320,32.0,navigational,144.0
cost of ecommerce website development,in,ecommerce-shopify,320,27.0,commercial,144.0
ecommerce website design agency,us,ecommerce-shopify,320,26.0,commercial,144.0
bespoke web design agency,uk,web-design,320,31.0,commercial,144.0
best agency web design,uk,web-design,320,32.0,commercial,144.0
best web design agency,uk,web-design,320,32.0,commercial,144.0
usa web design company,in,web-design,320,31.0,commercial,144.0
web design company america,in,web-design,320,35.0,commercial,144.0
website seo audit service,us,seo-cost-audit,320,30.0,commercial,144.0
seo site audit service,us,seo-cost-audit,320,34.0,commercial,144.0
website seo audit services,us,seo-cost-audit,320,27.0,commercial,144.0
seo site audit services,us,seo-cost-audit,320,31.0,commercial,144.0
seo website audit services,us,seo-cost-audit,320,31.0,commercial,144.0
seo agency in canada,in,india-local,320,34.0,commercial,144.0
low cost web design,in,india-local,320,32.0,commercial,144.0
ai driven seo services,us,ai-seo-geo-aeo,140,6.0,commercial,140.0
ai seo title generator,us,ai-seo-geo-aeo,140,11.0,commercial,140.0
best ai tools for seo optimization,us,ai-seo-geo-aeo,140,1.0,commercial,140.0
best ai seo agency,us,ai-seo-geo-aeo,140,0.0,commercial,140.0
best ai tool for seo optimization,us,ai-seo-geo-aeo,140,14.0,commercial,140.0
ai tools seo,us,ai-seo-geo-aeo,140,14.0,commercial,140.0
ai seo company,uk,ai-seo-geo-aeo,140,0.0,commercial,140.0
ai seo companies,uk,ai-seo-geo-aeo,140,4.0,commercial,140.0
ai visibility solutions with best generative engine optimization,us,ai-seo-geo-aeo,140,0.0,commercial,140.0
recommended generative engine optimization software,us,ai-seo-geo-aeo,140,4.0,commercial,140.0
top solutions for ai visibility and generative engine optimization,us,ai-seo-geo-aeo,140,0.0,commercial,140.0
most effective ai visibility tools with generative engine optimization,us,ai-seo-geo-aeo,140,8.0,commercial,140.0
leading generative engine optimization services in ai industry,us,ai-seo-geo-aeo,140,0.0,commercial,140.0
top generative engine optimization companies in ai,us,ai-seo-geo-aeo,140,8.0,commercial,140.0
best answer engine optimization services,us,ai-seo-geo-aeo,140,13.0,commercial,140.0
best ai agents for business,us,ai-agent-automation,140,12.0,commercial,140.0
ai automation bootcamp,us,ai-agent-automation,140,0.0,commercial,140.0
uipath ai automation,us,ai-agent-automation,140,15.0,navigational,140.0
ecommerce magento development agency,us,ecommerce-shopify,140,10.0,commercial,140.0
b2b ecommerce web development,us,ecommerce-shopify,140,0.0,commercial,140.0
ecommerce software solution development,us,ecommerce-shopify,140,0.0,commercial,140.0
ecommerce web design and development,us,ecommerce-shopify,140,12.0,commercial,140.0
custom ecommerce development company,us,ecommerce-shopify,140,13.0,commercial,140.0
ecommerce development companies india,us,ecommerce-shopify,140,8.0,commercial,140.0
ecommerce application development,us,ecommerce-shopify,140,0.0,commercial,140.0
custom ecommerce development services,us,ecommerce-shopify,140,13.0,commercial,140.0
b2b ecommerce website development,us,ecommerce-shopify,140,0.0,commercial,140.0
digital marketing agency for ecommerce,us,ecommerce-shopify,140,14.0,commercial,140.0
ecommerce conversion rate optimisation agency,uk,ecommerce-shopify,140,2.0,commercial,140.0
best small business web design companies,us,web-design,140,10.0,commercial,140.0
manufacturing web design agency,us,web-design,140,0.0,navigational,140.0
hvac web design agency,us,web-design,140,0.0,navigational,140.0
top web design agency,uk,web-design,140,9.0,commercial,140.0
cost of seo for small business,us,seo-cost-audit,140,10.0,commercial,140.0
seo cost effective,us,seo-cost-audit,140,10.0,commercial,140.0
small business seo cost,us,seo-cost-audit,140,15.0,commercial,140.0
cost effective seo,us,seo-cost-audit,140,1.0,commercial,140.0
seo pricing plans,us,seo-cost-audit,140,11.0,commercial,140.0
seo audit pricing,us,seo-cost-audit,140,0.0,commercial,140.0
ai seo expert,in,ai-seo-geo-aeo,260,,commercial,130.0
ai seo company,in,ai-seo-geo-aeo,260,,commercial,130.0
ai powered seo tool,in,ai-seo-geo-aeo,260,,commercial,130.0
ai powered seo tools,in,ai-seo-geo-aeo,260,,commercial,130.0
ai seo companies,in,ai-seo-geo-aeo,260,,commercial,130.0
ai automation company,in,ai-agent-automation,260,,commercial,130.0
ai automation companies,in,ai-agent-automation,260,,commercial,130.0
web design cost estimator,us,web-design,260,,commercial,130.0
digital corsel best digital marketing company in bangalore seo agency,in,india-local,260,,commercial,130.0
adult seo agency,in,india-local,260,,commercial,130.0
ai seo strategies,us,ai-seo-geo-aeo,170,24.0,commercial,127.5
seo ai tools,uk,ai-seo-geo-aeo,170,20.0,commercial,127.5
seo tools ai,in,ai-seo-geo-aeo,170,24.0,commercial,127.5
generative engine optimization geo tools,us,ai-seo-geo-aeo,170,19.0,commercial,127.5
ecommerce development company usa,us,ecommerce-shopify,170,16.0,commercial,127.5
ecommerce website development company chennai,in,ecommerce-shopify,170,20.0,navigational,127.5
best ecommerce seo agency,us,ecommerce-shopify,170,25.0,commercial,127.5
ecommerce email marketing agency,us,ecommerce-shopify,170,17.0,commercial,127.5
b2b ecommerce agency,uk,ecommerce-shopify,170,22.0,commercial,127.5
shopify headless commerce,us,ecommerce-shopify,170,24.0,commercial,127.5
web design for insurance agency,us,web-design,170,18.0,commercial,127.5
insurance agency web design,us,web-design,170,18.0,commercial,127.5
web design agency hertfordshire,uk,web-design,170,24.0,commercial,127.5
local seo cost,us,seo-cost-audit,170,17.0,commercial,127.5
seo plans and pricing,us,seo-cost-audit,170,16.0,commercial,127.5
seo optimization pricing,us,seo-cost-audit,170,25.0,commercial,127.5
seo plan and pricing,us,seo-cost-audit,170,19.0,commercial,127.5
local seo pricing packages,us,seo-cost-audit,170,16.0,commercial,127.5
development shopify,us,ecommerce-shopify,2400,49.0,commercial,120.0
web design agency london,uk,web-design,2400,68.0,commercial,120.0
web design agency in london,uk,web-design,2400,100.0,commercial,120.0
web design london agency,uk,web-design,2400,100.0,commercial,120.0
web design agency london uk,uk,web-design,2400,68.0,commercial,120.0
london web design agency,uk,web-design,2400,87.0,commercial,120.0
hyderabad web design company,in,web-design,2400,46.0,navigational,120.0
web design and development company in chennai,in,web-design,2400,88.0,commercial,120.0
audit website seo,us,seo-cost-audit,2400,73.0,commercial,120.0
audit website for seo,us,seo-cost-audit,2400,66.0,commercial,120.0
seo page audit,us,seo-cost-audit,2400,66.0,commercial,120.0
digital marketing agency in united states,in,india-local,2400,63.0,commercial,120.0
top digital marketing agency india,in,india-local,2400,52.0,commercial,120.0
digital marketing agency in us,in,india-local,2400,52.0,commercial,120.0
digital marketing agency in the us,in,india-local,2400,54.0,commercial,120.0
india top digital marketing agency,in,india-local,2400,52.0,commercial,120.0
digital marketing agency us,in,india-local,2400,54.0,commercial,120.0
digital marketing agency in usa,in,india-local,2400,48.0,commercial,120.0
digital marketing agency in kerala,in,india-local,2400,58.0,commercial,120.0
top digital marketing agency in india,in,india-local,2400,52.0,commercial,120.0
digital marketing agency in pune india,in,india-local,2400,72.0,commercial,120.0
shopify ecommerce web development,us,ecommerce-shopify,590,40.0,commercial,118.0
ecommerce development service,in,ecommerce-shopify,590,45.0,commercial,118.0
ecommerce development services,in,ecommerce-shopify,590,41.0,commercial,118.0
web design agency chicago,us,web-design,590,39.0,commercial,118.0
wordpress web design agency,uk,web-design,590,38.0,commercial,118.0
web design company in kanpur,in,web-design,590,37.0,commercial,118.0
best web design company,in,web-design,590,40.0,commercial,118.0
seo audit semrush,us,seo-cost-audit,590,41.0,commercial,118.0
seo for ai search,us,ai-seo-geo-aeo,260,35.0,commercial,117.0
seo for ai,uk,ai-seo-geo-aeo,260,34.0,commercial,117.0
ai agent development platform,us,ai-agent-automation,260,28.0,commercial,117.0
ai automation solutions,us,ai-agent-automation,260,29.0,commercial,117.0
ai automation workflow,us,ai-agent-automation,260,27.0,commercial,117.0
ai automation workflows,us,ai-agent-automation,260,26.0,commercial,117.0
custom ecommerce website development,us,ecommerce-shopify,260,30.0,commercial,117.0
ecommerce website development services,us,ecommerce-shopify,260,27.0,commercial,117.0
ecommerce website development agency,us,ecommerce-shopify,260,32.0,commercial,117.0
ecommerce website development company in delhi ncr,in,ecommerce-shopify,260,29.0,commercial,117.0
ecommerce web development company in bangalore,in,ecommerce-shopify,260,29.0,commercial,117.0
ecommerce website development company in delhi,in,ecommerce-shopify,260,27.0,commercial,117.0
ecommerce digital agency,uk,ecommerce-shopify,260,30.0,commercial,117.0
ecommerce website development agency,uk,ecommerce-shopify,260,28.0,commercial,117.0
web design agency in calgary,us,web-design,260,26.0,commercial,117.0
sydney seo agency,in,india-local,260,30.0,commercial,117.0
ai agent seo,us,ai-seo-geo-aeo,110,5.0,commercial,110.0
seo tool ai,us,ai-seo-geo-aeo,110,10.0,commercial,110.0
ai agent for seo,us,ai-seo-geo-aeo,110,5.0,commercial,110.0
top ai seo tools,us,ai-seo-geo-aeo,110,9.0,commercial,110.0
generative ai seo software,us,ai-seo-geo-aeo,110,15.0,commercial,110.0
ai seo consultant,us,ai-seo-geo-aeo,110,0.0,commercial,110.0
ai tools for seo optimization,us,ai-seo-geo-aeo,110,7.0,commercial,110.0
ai tool for seo,uk,ai-seo-geo-aeo,110,12.0,commercial,110.0
ai seo agents,in,ai-seo-geo-aeo,110,13.0,commercial,110.0
ai seo agent,in,ai-seo-geo-aeo,110,13.0,commercial,110.0
leading generative engine optimization services for ai products,us,ai-seo-geo-aeo,110,6.0,commercial,110.0
generative engine optimization companies,us,ai-seo-geo-aeo,110,2.0,commercial,110.0
top generative engine optimization strategies for ai visibility,us,ai-seo-geo-aeo,110,0.0,commercial,110.0
generative engine optimization company,us,ai-seo-geo-aeo,110,4.0,commercial,110.0
generative engine optimization services,uk,ai-seo-geo-aeo,110,14.0,commercial,110.0
top answer engine optimization options for ai visibility products,us,ai-seo-geo-aeo,110,0.0,commercial,110.0
top answer engine optimization services for ai industry,us,ai-seo-geo-aeo,110,0.0,commercial,110.0
best answer engine optimization tools,us,ai-seo-geo-aeo,110,7.0,commercial,110.0
best answer engine optimization for ai driven platforms,us,ai-seo-geo-aeo,110,5.0,commercial,110.0
best answer engine optimization for enhancing ai visibility,us,ai-seo-geo-aeo,110,8.0,commercial,110.0
profound answer engine optimization,us,ai-seo-geo-aeo,110,8.0,commercial,110.0
andrej karpathy ai agent development timeline,us,ai-agent-automation,110,7.0,transactional,110.0
ai agent workflow automation,us,ai-agent-automation,110,15.0,commercial,110.0
ai automation in healthcare,us,ai-agent-automation,110,11.0,commercial,110.0
shopify plus development services,us,ecommerce-shopify,110,0.0,commercial,110.0
shopify development coalition,us,ecommerce-shopify,110,0.0,navigational,110.0
ecommerce development platforms,us,ecommerce-shopify,110,13.0,commercial,110.0
top ecommerce development companies,us,ecommerce-shopify,110,8.0,commercial,110.0
top ecommerce development company,us,ecommerce-shopify,110,8.0,commercial,110.0
cost for ecommerce website development,us,ecommerce-shopify,110,9.0,commercial,110.0
ecommerce website development price,us,ecommerce-shopify,110,13.0,commercial,110.0
ecommerce application development company,us,ecommerce-shopify,110,8.0,commercial,110.0
ecommerce software solutions development,us,ecommerce-shopify,110,0.0,commercial,110.0
ecommerce site development cost,us,ecommerce-shopify,110,15.0,commercial,110.0
ecommerce website development cost,us,ecommerce-shopify,110,13.0,commercial,110.0
seo agency ecommerce,us,ecommerce-shopify,110,0.0,commercial,110.0
full-service ecommerce agency,us,ecommerce-shopify,110,10.0,commercial,110.0
full service ecommerce agency,us,ecommerce-shopify,110,0.0,commercial,110.0
ecommerce seo agency uk,uk,ecommerce-shopify,110,0.0,commercial,110.0
nj small business web design company,us,web-design,110,13.0,commercial,110.0
web design company for small business,uk,web-design,110,0.0,commercial,110.0
webflow web design agency,us,web-design,110,15.0,commercial,110.0
web design agency ny,uk,web-design,110,14.0,commercial,110.0
local seo audit,uk,seo-cost-audit,110,0.0,commercial,110.0
seo audit companies,uk,seo-cost-audit,110,8.0,commercial,110.0
seo audit company,uk,seo-cost-audit,110,11.0,commercial,110.0
low cost seo,us,seo-cost-audit,110,1.0,commercial,110.0
seo software cost,us,seo-cost-audit,110,10.0,commercial,110.0
seo cost-effective,us,seo-cost-audit,110,11.0,commercial,110.0
seo cost for small business,us,seo-cost-audit,110,8.0,commercial,110.0
local seo services pricing,us,seo-cost-audit,110,5.0,commercial,110.0
ecommerce seo pricing,us,seo-cost-audit,110,0.0,commercial,110.0
seo ai agency,in,ai-seo-geo-aeo,210,,commercial,105.0
surfer seo ai,in,ai-seo-geo-aeo,210,,commercial,105.0
ai seo platform,in,ai-seo-geo-aeo,210,,commercial,105.0
ai agents for automation,in,ai-agent-automation,210,,commercial,105.0
n8n ai automation,in,ai-agent-automation,210,,navigational,105.0
ai automation platform,in,ai-agent-automation,210,,commercial,105.0
shopify website development agency,in,ecommerce-shopify,210,,navigational,105.0
shopify development company in usa,in,ecommerce-shopify,210,,commercial,105.0
shopify development companies in usa,in,ecommerce-shopify,210,,commercial,105.0
shopify web development agency,in,ecommerce-shopify,210,,navigational,105.0
shopify ecommerce web development,in,ecommerce-shopify,210,,commercial,105.0
shopify ecommerce website development,in,ecommerce-shopify,210,,navigational,105.0
ecommerce development company dubai,in,ecommerce-shopify,210,,commercial,105.0
rivulet iq web design & ecommerce development company,in,ecommerce-shopify,210,,commercial,105.0
seo agency b2b,in,india-local,210,,commercial,105.0
best seo agency gurgaon,in,india-local,210,,commercial,105.0
seo agency in coimbatore,in,india-local,210,,commercial,105.0
best seo agency in jaipur,in,india-local,210,,commercial,105.0
seo agency in dehradun,in,india-local,210,,commercial,105.0
seo agency in mohali,in,india-local,210,,commercial,105.0
low cost web design company in kolkata,in,india-local,210,,commercial,105.0
use ai for seo,us,ai-seo-geo-aeo,140,23.0,commercial,105.0
best seo ai,us,ai-seo-geo-aeo,140,24.0,commercial,105.0
ai software for seo,us,ai-seo-geo-aeo,140,23.0,commercial,105.0
seo ai tool free,us,ai-seo-geo-aeo,140,23.0,commercial,105.0
using ai for seo,us,ai-seo-geo-aeo,140,23.0,commercial,105.0
best ai seo tool,uk,ai-seo-geo-aeo,140,22.0,commercial,105.0
best ai seo tools,uk,ai-seo-geo-aeo,140,21.0,commercial,105.0
seo tool ai,in,ai-seo-geo-aeo,140,24.0,commercial,105.0
answer engine optimization aeo services,us,ai-seo-geo-aeo,140,25.0,commercial,105.0
best ai automation tools,us,ai-agent-automation,140,21.0,commercial,105.0
custom shopify development,us,ecommerce-shopify,140,20.0,commercial,105.0
shopify custom development,us,ecommerce-shopify,140,18.0,navigational,105.0
ecommerce digital agency,us,ecommerce-shopify,140,20.0,commercial,105.0
full-service ecommerce agency,uk,ecommerce-shopify,140,21.0,commercial,105.0
manchester ecommerce agency,uk,ecommerce-shopify,140,21.0,commercial,105.0
best small business web design,us,web-design,140,19.0,commercial,105.0
best web design for small business,us,web-design,140,21.0,commercial,105.0
phoenix web design agency,us,web-design,140,20.0,navigational,105.0
cheltenham web design agency,uk,web-design,140,18.0,commercial,105.0
web design agency cheltenham,uk,web-design,140,20.0,commercial,105.0
web design agency bournemouth,uk,web-design,140,17.0,commercial,105.0
low cost web design company in india,in,india-local,140,20.0,commercial,105.0
ai tool for seo,in,ai-seo-geo-aeo,480,41.0,commercial,96.0
seo ai tool,in,ai-seo-geo-aeo,480,38.0,commercial,96.0
shopify website development service,us,ecommerce-shopify,480,43.0,commercial,96.0
shopify website development services,us,ecommerce-shopify,480,44.0,commercial,96.0
b2b web design agency,us,web-design,480,37.0,commercial,96.0
e commerce web design agency,uk,web-design,480,42.0,commercial,96.0
e-commerce web design agency,uk,web-design,480,37.0,commercial,96.0
best web design company in hyderabad,in,web-design,480,45.0,commercial,96.0
australian seo agency,in,india-local,480,45.0,commercial,96.0
seo agency in australia,in,india-local,480,45.0,commercial,96.0
seo agency australia,in,india-local,480,45.0,commercial,96.0
los angeles seo agency,in,india-local,480,38.0,commercial,96.0
web design and development company india,in,web-design,1900,96.0,commercial,95.0
web design and development company in india,in,web-design,1900,99.0,commercial,95.0
digital marketing agency in mumbai india,in,india-local,1900,52.0,commercial,95.0
best digital marketing agency bangalore,in,india-local,1900,75.0,commercial,95.0
best digital marketing agency in bangalore,in,india-local,1900,75.0,commercial,95.0
ai driven seo tool,us,ai-seo-geo-aeo,210,28.0,commercial,94.5
ai agents automation,us,ai-agent-automation,210,33.0,commercial,94.5
magento ecommerce development,us,ecommerce-shopify,210,27.0,commercial,94.5
ecommerce development services usa,us,ecommerce-shopify,210,30.0,commercial,94.5
ecommerce magento development,us,ecommerce-shopify,210,32.0,commercial,94.5
ecommerce website development services india,us,ecommerce-shopify,210,28.0,commercial,94.5
ecommerce agency uk,uk,ecommerce-shopify,210,34.0,commercial,94.5
tampa web design agency,us,web-design,210,30.0,commercial,94.5
seo cost per month,us,seo-cost-audit,210,32.0,commercial,94.5
cost of seo per month,us,seo-cost-audit,210,32.0,commercial,94.5
seo tool pricing,us,seo-cost-audit,210,27.0,commercial,94.5
seo tools pricing,us,seo-cost-audit,210,27.0,commercial,94.5
seo agency in uae,in,india-local,210,32.0,commercial,94.5
affordable seo agency india,in,india-local,210,32.0,commercial,94.5
seo ai generator,us,ai-seo-geo-aeo,90,11.0,commercial,90.0
ai seo tools for small business,us,ai-seo-geo-aeo,90,3.0,commercial,90.0
seo ai agency,uk,ai-seo-geo-aeo,90,13.0,commercial,90.0
top rated generative engine optimization for ai,us,ai-seo-geo-aeo,90,0.0,commercial,90.0
best rated generative engine optimization for ai,us,ai-seo-geo-aeo,90,0.0,commercial,90.0
best ai visibility products with generative engine optimization,us,ai-seo-geo-aeo,90,0.0,commercial,90.0
best generative engine optimization for ai focused businesses,us,ai-seo-geo-aeo,90,0.0,commercial,90.0
top rated answer engine optimization for ai products,us,ai-seo-geo-aeo,90,0.0,commercial,90.0
what is the best software for answer engine optimization,us,ai-seo-geo-aeo,90,0.0,commercial,90.0
best answer engine optimization for ai focused tech,us,ai-seo-geo-aeo,90,9.0,commercial,90.0
best rated answer engine optimization for ai applications,us,ai-seo-geo-aeo,90,0.0,commercial,90.0
best geo agency,us,ai-seo-geo-aeo,90,5.0,commercial,90.0
best ai agents for small business,us,ai-agent-automation,90,0.0,commercial,90.0
shopify theme-development-services,us,ecommerce-shopify,90,0.0,navigational,90.0
shopify theme development service,us,ecommerce-shopify,90,6.0,commercial,90.0
b2b ecommerce development,us,ecommerce-shopify,90,6.0,commercial,90.0
b2b ecommerce development services,us,ecommerce-shopify,90,0.0,commercial,90.0
ecommerce website development company in kolkata,in,ecommerce-shopify,90,2.0,commercial,90.0
ecommerce web agency,us,ecommerce-shopify,90,10.0,commercial,90.0
ecommerce growth agency,us,ecommerce-shopify,90,4.0,commercial,90.0
ecommerce design agency,us,ecommerce-shopify,90,11.0,commercial,90.0
ecommerce email marketing agency,uk,ecommerce-shopify,90,0.0,commercial,90.0
ecommerce consulting agency,uk,ecommerce-shopify,90,0.0,commercial,90.0
seo agency ecommerce,uk,ecommerce-shopify,90,0.0,commercial,90.0
ecommerce recruitment agency,uk,ecommerce-shopify,90,0.0,commercial,90.0
ecommerce google ads agency,uk,ecommerce-shopify,90,0.0,commercial,90.0
headless e commerce development company,us,ecommerce-shopify,90,9.0,navigational,90.0
magento headless commerce,us,ecommerce-shopify,90,0.0,navigational,90.0
headless e-commerce development company,us,ecommerce-shopify,90,9.0,navigational,90.0
bigcommerce headless commerce,us,ecommerce-shopify,90,4.0,navigational,90.0
web design services cost,us,web-design,90,15.0,commercial,90.0
cost for web design services,us,web-design,90,14.0,commercial,90.0
web design cost for small business,us,web-design,90,7.0,commercial,90.0
cost of web design services,us,web-design,90,15.0,commercial,90.0
small business web design agency,us,web-design,90,6.0,commercial,90.0
small business web design company,uk,web-design,90,4.0,commercial,90.0
restaurant web design agency,us,web-design,90,0.0,commercial,90.0
web design agency charlotte,us,web-design,90,10.0,commercial,90.0
web design agency cambridge,us,web-design,90,10.0,commercial,90.0
affordable web design agency,us,web-design,90,14.0,commercial,90.0
cambridge web design agency,us,web-design,90,11.0,commercial,90.0
roofing web design agency,us,web-design,90,15.0,commercial,90.0
saas web design agency,uk,web-design,90,0.0,commercial,90.0
seo audit white label,uk,seo-cost-audit,90,13.0,commercial,90.0
enterprise seo audit,uk,seo-cost-audit,90,0.0,commercial,90.0
white label seo audit,uk,seo-cost-audit,90,11.0,commercial,90.0
seo audit list,uk,seo-cost-audit,90,15.0,commercial,90.0
average cost of seo for small business,us,seo-cost-audit,90,11.0,commercial,90.0
cost of seo in india,us,seo-cost-audit,90,0.0,commercial,90.0
seo cost india,us,seo-cost-audit,90,0.0,commercial,90.0
seo cost per keyword,us,seo-cost-audit,90,10.0,commercial,90.0
seo cost in india,us,seo-cost-audit,90,0.0,commercial,90.0
low cost seo plans,us,seo-cost-audit,90,0.0,commercial,90.0
low cost seo services for small business,us,seo-cost-audit,90,12.0,commercial,90.0
seo powersuite pricing,us,seo-cost-audit,90,7.0,commercial,90.0
seo pricing india,us,seo-cost-audit,90,0.0,commercial,90.0
seo pricing in india,us,seo-cost-audit,90,5.0,commercial,90.0
local seo company pricing,us,seo-cost-audit,90,8.0,commercial,90.0
amazon seo pricing,us,seo-cost-audit,90,0.0,commercial,90.0
white label seo pricing,us,seo-cost-audit,90,1.0,commercial,90.0
best ai seo tool,in,ai-seo-geo-aeo,170,,commercial,85.0
ai automation agency in india,in,ai-agent-automation,170,,commercial,85.0
ai agents automation,in,ai-agent-automation,170,,commercial,85.0
ai agent automation,in,ai-agent-automation,170,,commercial,85.0
shopify development company in delhi,in,ecommerce-shopify,170,,commercial,85.0
magento ecommerce development companies,in,ecommerce-shopify,170,,commercial,85.0
ecommerce web development dubai,in,ecommerce-shopify,170,,commercial,85.0
seo agency birmingham,in,india-local,170,,commercial,85.0
best ai seo tools 2025,us,ai-seo-geo-aeo,110,21.0,commercial,82.5
ai seo company coalition,us,ai-seo-geo-aeo,110,17.0,commercial,82.5
seo optimization ai tools,us,ai-seo-geo-aeo,110,24.0,commercial,82.5
ai agents for seo,us,ai-seo-geo-aeo,110,17.0,commercial,82.5
automated seo ai,us,ai-seo-geo-aeo,110,20.0,commercial,82.5
ai tools for seo,uk,ai-seo-geo-aeo,110,18.0,commercial,82.5
semrush generative engine optimization,us,ai-seo-geo-aeo,110,16.0,commercial,82.5
ai agents workflow automation,us,ai-agent-automation,110,16.0,commercial,82.5
tripleten ai automation bootcamp,us,ai-agent-automation,110,18.0,commercial,82.5
ecommerce website development pricing,us,ecommerce-shopify,110,16.0,commercial,82.5
cost of ecommerce website development,us,ecommerce-shopify,110,24.0,commercial,82.5
full service ecommerce agency,uk,ecommerce-shopify,110,16.0,commercial,82.5
digital marketing agency for ecommerce,uk,ecommerce-shopify,110,22.0,commercial,82.5
wordpress web design cost,us,web-design,110,16.0,commercial,82.5
best web design small business,us,web-design,110,19.0,commercial,82.5
design agency web,us,web-design,110,21.0,commercial,82.5
web design agency website design,us,web-design,110,20.0,commercial,82.5
web design agency san diego,us,web-design,110,25.0,commercial,82.5
average cost for seo services,us,seo-cost-audit,110,25.0,commercial,82.5
seo cost small business,us,seo-cost-audit,110,19.0,commercial,82.5
website seo cost,us,seo-cost-audit,110,21.0,commercial,82.5
average cost of seo services,us,seo-cost-audit,110,25.0,commercial,82.5
seo website cost,us,seo-cost-audit,110,17.0,commercial,82.5
cost of seo for website,us,seo-cost-audit,110,25.0,commercial,82.5
website seo pricing,us,seo-cost-audit,110,20.0,commercial,82.5
seo writer ai,in,ai-seo-geo-aeo,1600,77.0,commercial,80.0
shopify website development,in,ecommerce-shopify,1600,48.0,commercial,80.0
web design company mumbai,in,web-design,1600,94.0,commercial,80.0
web design company in kerala,in,web-design,1600,95.0,commercial,80.0
web design company kerala,in,web-design,1600,93.0,commercial,80.0
web design company in delhi,in,web-design,1600,100.0,commercial,80.0
free seo audit,us,seo-cost-audit,1600,77.0,commercial,80.0
seo audit free,us,seo-cost-audit,1600,77.0,commercial,80.0
free audit seo,us,seo-cost-audit,1600,77.0,commercial,80.0
seo audit for free,us,seo-cost-audit,1600,77.0,commercial,80.0
audit seo free,us,seo-cost-audit,1600,77.0,commercial,80.0
seo free audit,us,seo-cost-audit,1600,77.0,commercial,80.0
seo audit,uk,seo-cost-audit,1600,70.0,commercial,80.0
seo company best,in,india-local,1600,50.0,commercial,80.0
seo company in chd,in,india-local,1600,73.0,commercial,80.0
best company for seo,in,india-local,1600,50.0,commercial,80.0
seo best company,in,india-local,1600,50.0,commercial,80.0
best seo optimization company,in,india-local,1600,71.0,commercial,80.0
best seo company,in,india-local,1600,50.0,commercial,80.0
seo agency gurgaon,in,india-local,1600,47.0,commercial,80.0
seo agency best,in,india-local,1600,71.0,commercial,80.0
best digital marketing agency in ahmedabad,in,india-local,1600,51.0,commercial,80.0
best digital marketing agency in jaipur,in,india-local,1600,53.0,commercial,80.0
digital marketing agency navi mumbai,in,india-local,1600,58.0,commercial,80.0
ai agents for automation,us,ai-agent-automation,390,39.0,commercial,78.0
ai automation agents,in,ai-agent-automation,390,44.0,commercial,78.0
development stores shopify,us,ecommerce-shopify,390,39.0,navigational,78.0
shopify website development services,in,ecommerce-shopify,390,44.0,commercial,78.0
shopify website development service,in,ecommerce-shopify,390,41.0,commercial,78.0
ecommerce website design and development company,us,ecommerce-shopify,390,37.0,commercial,78.0
ecommerce-web-development-services,in,ecommerce-shopify,390,41.0,commercial,78.0
ecommerce web development services,in,ecommerce-shopify,390,41.0,commercial,78.0
ecommerce website development services,in,ecommerce-shopify,390,41.0,commercial,78.0
clay web design agency,us,web-design,390,38.0,commercial,78.0
best company for web design,in,web-design,390,40.0,commercial,78.0
seo technical audit,uk,seo-cost-audit,390,39.0,commercial,78.0
technical seo audit,uk,seo-cost-audit,390,39.0,commercial,78.0
nyc seo agency,in,india-local,390,44.0,commercial,78.0
seo agency nyc,in,india-local,390,39.0,commercial,78.0
ny seo agency,in,india-local,390,44.0,commercial,78.0
generative ai seo,us,ai-seo-geo-aeo,170,26.0,commercial,76.5
ai search seo,us,ai-seo-geo-aeo,170,27.0,commercial,76.5
seo writing ai,uk,ai-seo-geo-aeo,170,30.0,commercial,76.5
ecommerce website design development,us,ecommerce-shopify,170,33.0,commercial,76.5
ecommerce development company in india,us,ecommerce-shopify,170,28.0,commercial,76.5
ecommerce website design & development,us,ecommerce-shopify,170,33.0,commercial,76.5
ecommerce website development in chennai,in,ecommerce-shopify,170,26.0,commercial,76.5
dentist web design agency,us,web-design,170,32.0,commercial,76.5
best web design agency near me,uk,web-design,170,34.0,commercial,76.5
surfer seo pricing,us,seo-cost-audit,170,27.0,commercial,76.5
seo agency in delhi ncr,in,india-local,170,28.0,commercial,76.5
ai-powered seo,in,ai-seo-geo-aeo,140,,commercial,70.0
ai seo agency in india,in,ai-seo-geo-aeo,140,,commercial,70.0
best ai seo tools,in,ai-seo-geo-aeo,140,,commercial,70.0
ai powered seo,in,ai-seo-geo-aeo,140,,commercial,70.0
ai-driven seo,in,ai-seo-geo-aeo,140,,commercial,70.0
ai seo services india,in,ai-seo-geo-aeo,140,,commercial,70.0
ai seo company coalition,in,ai-seo-geo-aeo,140,,commercial,70.0
ai automation agency services,in,ai-agent-automation,140,,navigational,70.0
ai agent development tools,in,ai-agent-automation,140,,commercial,70.0
best ai automation tool,us,ai-agent-automation,140,,commercial,70.0
assista ai automation,in,ai-agent-automation,140,,transactional,70.0
ai automation specialist,in,ai-agent-automation,140,,commercial,70.0
ai automation for businesses,in,ai-agent-automation,140,,commercial,70.0
agentic ai automation,in,ai-agent-automation,140,,navigational,70.0
shopify store development service,in,ecommerce-shopify,140,,navigational,70.0
shopify store development services,in,ecommerce-shopify,140,,commercial,70.0
ecommerce web development agencies,in,ecommerce-shopify,140,,commercial,70.0
ecommerce development company in delhi ncr,in,ecommerce-shopify,140,,commercial,70.0
ecommerce website development agencies,in,ecommerce-shopify,140,,commercial,70.0
elsner technologies ecommerce development company shivranjani ayojan nagar,in,ecommerce-shopify,140,,commercial,70.0
ecommerce website development agency,in,ecommerce-shopify,140,,commercial,70.0
wordpress ecommerce development company,in,ecommerce-shopify,140,,commercial,70.0
ecommerce web development agency,in,ecommerce-shopify,140,,commercial,70.0
low cost web design kerala,in,india-local,140,,commercial,70.0
ai seo agency london,uk,ai-seo-geo-aeo,70,0.0,navigational,70.0
youtube seo ai,in,ai-seo-geo-aeo,70,2.0,commercial,70.0
which generative engine optimization is best for ai,us,ai-seo-geo-aeo,70,3.0,commercial,70.0
best generative engine optimization tools,us,ai-seo-geo-aeo,70,8.0,commercial,70.0
ai automation agency near me,us,ai-agent-automation,70,5.0,commercial,70.0
ai automation agency hub,us,ai-agent-automation,70,5.0,navigational,70.0
ai automation agency london,uk,ai-agent-automation,70,10.0,navigational,70.0
shopify development companies in india,us,ecommerce-shopify,70,0.0,commercial,70.0
shopify theme development services,us,ecommerce-shopify,70,9.0,commercial,70.0
shopify development india,us,ecommerce-shopify,70,0.0,navigational,70.0
shopify development company india,us,ecommerce-shopify,70,0.0,navigational,70.0
shopify development agency usa,us,ecommerce-shopify,70,9.0,navigational,70.0
shopify development company in india,us,ecommerce-shopify,70,0.0,commercial,70.0
shopify plus development,us,ecommerce-shopify,70,0.0,commercial,70.0
best ecommerce development company,us,ecommerce-shopify,70,15.0,commercial,70.0
ecommerce marketplace development,us,ecommerce-shopify,70,5.0,commercial,70.0
ecommerce store development services,us,ecommerce-shopify,70,3.0,commercial,70.0
ecommerce portal development,us,ecommerce-shopify,70,0.0,commercial,70.0
b2b ecommerce development agency,us,ecommerce-shopify,70,0.0,commercial,70.0
ecommerce website development kolkata,in,ecommerce-shopify,70,0.0,navigational,70.0
ecommerce website development company in pune,in,ecommerce-shopify,70,12.0,commercial,70.0
best ecommerce agency,us,ecommerce-shopify,70,0.0,commercial,70.0
ecommerce marketing agency australia,us,ecommerce-shopify,70,7.0,commercial,70.0
b2b ecommerce agency coalition,us,ecommerce-shopify,70,3.0,commercial,70.0
top ecommerce agency,us,ecommerce-shopify,70,4.0,commercial,70.0
magento ecommerce agency,us,ecommerce-shopify,70,0.0,commercial,70.0
ecommerce consulting agency,us,ecommerce-shopify,70,0.0,commercial,70.0
seo ecommerce agency,us,ecommerce-shopify,70,4.0,commercial,70.0
ecommerce ppc management agency,us,ecommerce-shopify,70,1.0,commercial,70.0
china ecommerce agency,us,ecommerce-shopify,70,7.0,commercial,70.0
ecommerce ppc agency london,uk,ecommerce-shopify,70,14.0,commercial,70.0
ecommerce paid search agency,uk,ecommerce-shopify,70,0.0,commercial,70.0
ecommerce agency near me,uk,ecommerce-shopify,70,0.0,navigational,70.0
ecommerce growth agency,uk,ecommerce-shopify,70,0.0,commercial,70.0
headless commerce development company,us,ecommerce-shopify,70,1.0,navigational,70.0
web design cost india,us,web-design,70,4.0,commercial,70.0
small business web design near me,us,web-design,70,6.0,commercial,70.0
best web design agency sheffield,uk,web-design,70,4.0,commercial,70.0
web design agency wolverhampton,uk,web-design,70,13.0,commercial,70.0
web design agency in sheffield,uk,web-design,70,12.0,commercial,70.0
web design agency berkshire,uk,web-design,70,10.0,commercial,70.0
woocommerce web design agency,uk,web-design,70,0.0,commercial,70.0
content audit seo,uk,seo-cost-audit,70,13.0,commercial,70.0
cost of seo audit,uk,seo-cost-audit,70,0.0,commercial,70.0
seo audit costs,uk,seo-cost-audit,70,0.0,commercial,70.0
seo audit examples,uk,seo-cost-audit,70,2.0,commercial,70.0
international seo audit,uk,seo-cost-audit,70,0.0,commercial,70.0
seo reseller audit,uk,seo-cost-audit,70,0.0,commercial,70.0
seo content audit,uk,seo-cost-audit,70,12.0,commercial,70.0
seo audit consultant,uk,seo-cost-audit,70,13.0,commercial,70.0
seo audit cost,uk,seo-cost-audit,70,6.0,commercial,70.0
low cost seo tools,us,seo-cost-audit,70,8.0,commercial,70.0
cost effective seo services,us,seo-cost-audit,70,0.0,commercial,70.0
otto seo pricing,us,seo-cost-audit,70,12.0,commercial,70.0
seo pricing singapore,us,seo-cost-audit,70,0.0,commercial,70.0
seo pricing packages uk,us,seo-cost-audit,70,4.0,commercial,70.0
top seo ai tools,us,ai-seo-geo-aeo,90,24.0,commercial,67.5
ai seo free,us,ai-seo-geo-aeo,90,22.0,commercial,67.5
ai tools for website seo,us,ai-seo-geo-aeo,90,22.0,commercial,67.5
best seo ai tools,uk,ai-seo-geo-aeo,90,24.0,commercial,67.5
seo ai agents,uk,ai-seo-geo-aeo,90,17.0,commercial,67.5
best seo ai tool,uk,ai-seo-geo-aeo,90,24.0,commercial,67.5
ai seo software,uk,ai-seo-geo-aeo,90,23.0,commercial,67.5
seo ai agent,uk,ai-seo-geo-aeo,90,17.0,commercial,67.5
ai agent development solutions,us,ai-agent-automation,90,22.0,commercial,67.5
ecommerce development platform,us,ecommerce-shopify,90,20.0,commercial,67.5
local web design agency,us,web-design,90,25.0,commercial,67.5
marketing agency web design,us,web-design,90,24.0,commercial,67.5
web design agency suffolk,uk,web-design,90,25.0,commercial,67.5
national geo agency,us,ai-seo-geo-aeo,1300,88.0,navigational,65.0
seo and web design agency,us,web-design,1300,97.0,commercial,65.0
best web design company coimbatore,in,web-design,1300,95.0,commercial,65.0
web design company in patna,in,web-design,1300,88.0,commercial,65.0
web design company in kochi,in,web-design,1300,75.0,commercial,65.0
best web design company in coimbatore,in,web-design,1300,100.0,commercial,65.0
web design company in chennai,in,web-design,1300,97.0,commercial,65.0
top web design company in coimbatore,in,web-design,1300,59.0,commercial,65.0
cochin web design company,in,web-design,1300,71.0,navigational,65.0
seo services cost,us,seo-cost-audit,1300,47.0,commercial,65.0
best seo company ahmedabad,in,india-local,1300,88.0,commercial,65.0
best seo company in ahmedabad,in,india-local,1300,88.0,commercial,65.0
best digital marketing agency in mumbai,in,india-local,1300,74.0,commercial,65.0
digital marketing agency nagpur,in,india-local,1300,53.0,commercial,65.0
digital marketing agency in ny,in,india-local,1300,47.0,commercial,65.0
best digital marketing agency in kerala,in,india-local,1300,50.0,commercial,65.0
best digital marketing agency in lucknow,in,india-local,1300,50.0,commercial,65.0
best digital marketing agency in kochi,in,india-local,1300,56.0,commercial,65.0
seo ai agency,us,ai-seo-geo-aeo,320,40.0,commercial,64.0
free seo ai tools,us,ai-seo-geo-aeo,320,41.0,commercial,64.0
ai seo optimization,in,ai-seo-geo-aeo,320,41.0,commercial,64.0
shopify ecommerce development company,in,ecommerce-shopify,320,37.0,commercial,64.0
ecommerce web development company,us,ecommerce-shopify,320,38.0,commercial,64.0
web design agency in los angeles,us,web-design,320,43.0,commercial,64.0
shopify web design agency,us,web-design,320,40.0,commercial,64.0
top web design agency uk,uk,web-design,320,43.0,commercial,64.0
american web design company,in,web-design,320,36.0,commercial,64.0
audit seo checklist,us,seo-cost-audit,320,37.0,commercial,64.0
seo optimization ai,us,ai-seo-geo-aeo,140,26.0,commercial,63.0
n8n ai automation,us,ai-agent-automation,140,34.0,navigational,63.0
ai automation tools for businesses,us,ai-agent-automation,140,33.0,commercial,63.0
magento ecommerce development company,us,ecommerce-shopify,140,29.0,commercial,63.0
london ecommerce agency,us,ecommerce-shopify,140,32.0,commercial,63.0
ecommerce website development agency london,uk,ecommerce-shopify,140,32.0,commercial,63.0
ecommerce website agency,uk,ecommerce-shopify,140,35.0,commercial,63.0
ecommerce web agency,uk,ecommerce-shopify,140,27.0,commercial,63.0
best web design company for small business,us,web-design,140,27.0,commercial,63.0
web design agency phoenix,us,web-design,140,32.0,commercial,63.0
web design staffing agency,uk,web-design,140,28.0,commercial,63.0
seo marketing pricing,us,seo-cost-audit,140,32.0,commercial,63.0
ai seo strategies,in,ai-seo-geo-aeo,110,,commercial,55.0
ai seo strategy,in,ai-seo-geo-aeo,110,,commercial,55.0
supercharge youtube seo with ai keyword generator,in,ai-seo-geo-aeo,110,,commercial,55.0
ai agent development solutions,in,ai-agent-automation,110,,commercial,55.0
ai agent development proposal,in,ai-agent-automation,110,,commercial,55.0
custom ai agent development,in,ai-agent-automation,110,,commercial,55.0
ai automation society,in,ai-agent-automation,110,,navigational,55.0
ai automation for business,in,ai-agent-automation,110,,commercial,55.0
ai automation specialist job,in,ai-agent-automation,110,,navigational,55.0
ai automation business,in,ai-agent-automation,110,,commercial,55.0
best ai automation tool,in,ai-agent-automation,110,,commercial,55.0
best ai automation tools,in,ai-agent-automation,110,,commercial,55.0
top shopify development companies in india,in,ecommerce-shopify,110,,commercial,55.0
shopify development agency in usa,in,ecommerce-shopify,110,,commercial,55.0
best shopify development company,in,ecommerce-shopify,110,,commercial,55.0
shopify website development company in india,in,ecommerce-shopify,110,,navigational,55.0
shopify plus development company,in,ecommerce-shopify,110,,navigational,55.0
shopify web development company in india,in,ecommerce-shopify,110,,navigational,55.0
top shopify development company in india,in,ecommerce-shopify,110,,commercial,55.0
shopify plus development services,in,ecommerce-shopify,110,,commercial,55.0
shopify plus development agency,in,ecommerce-shopify,110,,navigational,55.0
best shopify development companies,in,ecommerce-shopify,110,,commercial,55.0
opencart ecommerce development company,in,ecommerce-shopify,110,,commercial,55.0
custom ecommerce development company,in,ecommerce-shopify,110,,commercial,55.0
custom ecommerce web development,in,ecommerce-shopify,110,,commercial,55.0
arham technosoft an ecommerce development company,in,ecommerce-shopify,110,,navigational,55.0
low cost web design company,in,india-local,110,,commercial,55.0
seo for ai search engines,us,ai-seo-geo-aeo,70,24.0,commercial,52.5
best ai tools for seo,uk,ai-seo-geo-aeo,70,19.0,commercial,52.5
best ai tool for seo,uk,ai-seo-geo-aeo,70,17.0,commercial,52.5
ai based seo tools,uk,ai-seo-geo-aeo,70,24.0,commercial,52.5
best techniques for answer engine optimization in ai,us,ai-seo-geo-aeo,70,16.0,commercial,52.5
custom shopify development services,us,ecommerce-shopify,70,23.0,commercial,52.5
ecommerce website development companies,us,ecommerce-shopify,70,21.0,commercial,52.5
magento ecommerce development agency,us,ecommerce-shopify,70,25.0,commercial,52.5
ecommerce web development company india,in,ecommerce-shopify,70,19.0,commercial,52.5
ecommerce agency china,us,ecommerce-shopify,70,18.0,commercial,52.5
email marketing agency for ecommerce,us,ecommerce-shopify,70,25.0,commercial,52.5
luxury ecommerce agency,us,ecommerce-shopify,70,19.0,commercial,52.5
headless commerce development services,us,ecommerce-shopify,70,24.0,navigational,52.5
web design agency chester,uk,web-design,70,19.0,commercial,52.5
london marketing company marketing web design seo agency london,uk,web-design,70,22.0,commercial,52.5
seo agency cost,us,seo-cost-audit,70,18.0,commercial,52.5
ai-powered seo,us,ai-seo-geo-aeo,260,37.0,commercial,52.0
ai powered seo,us,ai-seo-geo-aeo,260,37.0,commercial,52.0
ai-driven seo,us,ai-seo-geo-aeo,260,44.0,commercial,52.0
semrush ai seo toolkit,us,ai-seo-geo-aeo,260,43.0,commercial,52.0
seo and ai,us,ai-seo-geo-aeo,260,41.0,commercial,52.0
ai seo tool,uk,ai-seo-geo-aeo,260,36.0,commercial,52.0
ecommerce development agency,us,ecommerce-shopify,260,38.0,commercial,52.0
ecommerce web development agencies,us,ecommerce-shopify,260,40.0,commercial,52.0
ecommerce web development agency,us,ecommerce-shopify,260,44.0,commercial,52.0
ecommerce development agencies,us,ecommerce-shopify,260,38.0,commercial,52.0
ecommerce web development agency,uk,ecommerce-shopify,260,41.0,commercial,52.0
best seo audit tools,us,seo-cost-audit,260,36.0,commercial,52.0
seo audit company,us,seo-cost-audit,260,38.0,commercial,52.0
best seo audit tool,us,seo-cost-audit,260,37.0,commercial,52.0
website seo audit services,uk,seo-cost-audit,260,42.0,commercial,52.0
ai seo agencies,us,ai-seo-geo-aeo,1000,68.0,commercial,50.0
ai powered seo tools,us,ai-seo-geo-aeo,1000,48.0,commercial,50.0
ai seo tool,in,ai-seo-geo-aeo,1000,64.0,commercial,50.0
ecommerce agency,uk,ecommerce-shopify,1000,54.0,commercial,50.0
agency ecommerce,uk,ecommerce-shopify,1000,66.0,commercial,50.0
web design agency near me,uk,web-design,1000,90.0,commercial,50.0
web design and development agency,uk,web-design,1000,97.0,commercial,50.0
web development design company,in,web-design,1000,79.0,commercial,50.0
chandigarh web design company,in,web-design,1000,68.0,navigational,50.0
web design company ahmedabad,in,web-design,1000,77.0,commercial,50.0
web design development company,in,web-design,1000,97.0,commercial,50.0
dubai web design company,in,web-design,1000,98.0,commercial,50.0
web design dubai company,in,web-design,1000,98.0,commercial,50.0
web design and web development company,in,web-design,1000,60.0,commercial,50.0
web development and design company,in,web-design,1000,60.0,commercial,50.0
web design company in ahmedabad,in,web-design,1000,72.0,commercial,50.0
design web development company,in,web-design,1000,97.0,commercial,50.0
web design and development company,in,web-design,1000,60.0,commercial,50.0
web design & development company,in,web-design,1000,97.0,commercial,50.0
free website seo audit,us,seo-cost-audit,1000,63.0,commercial,50.0
free website audit seo,us,seo-cost-audit,1000,76.0,commercial,50.0
free seo page audit,us,seo-cost-audit,1000,66.0,commercial,50.0
seo website audit free,us,seo-cost-audit,1000,63.0,commercial,50.0
seo technical audit,us,seo-cost-audit,1000,55.0,commercial,50.0
free site audit seo,us,seo-cost-audit,1000,65.0,commercial,50.0
website seo audit free,us,seo-cost-audit,1000,76.0,commercial,50.0
free seo site audit,us,seo-cost-audit,1000,73.0,commercial,50.0
seo site audit free,us,seo-cost-audit,1000,76.0,commercial,50.0
digital marketing agency in uk,in,india-local,1000,62.0,commercial,50.0
marketing digital agency uk,in,india-local,1000,62.0,commercial,50.0
digital marketing agency in the uk,in,india-local,1000,62.0,commercial,50.0
digital marketing agency jaipur,in,india-local,1000,63.0,commercial,50.0
uk digital marketing agency,in,india-local,1000,61.0,commercial,50.0
generative engine optimization software,us,ai-seo-geo-aeo,50,2.0,commercial,50.0
generative engine optimization checklist,us,ai-seo-geo-aeo,50,0.0,commercial,50.0
generative engine optimization best practices,us,ai-seo-geo-aeo,50,11.0,commercial,50.0
best tools for generative engine optimization,us,ai-seo-geo-aeo,50,8.0,commercial,50.0
best answer engine optimization services for ai visibility,us,ai-seo-geo-aeo,50,9.0,commercial,50.0
custom ai agent development services,us,ai-agent-automation,50,0.0,commercial,50.0
custom shopify theme development,us,ecommerce-shopify,50,0.0,commercial,50.0
top shopify development company,us,ecommerce-shopify,50,1.0,commercial,50.0
top shopify development companies,us,ecommerce-shopify,50,5.0,commercial,50.0
shopify plus store development,us,ecommerce-shopify,50,12.0,navigational,50.0
shopify theme development company,us,ecommerce-shopify,50,4.0,navigational,50.0
shopify web development coalition,us,ecommerce-shopify,50,0.0,navigational,50.0
shopify plus development firm,us,ecommerce-shopify,50,0.0,navigational,50.0
wordpress ecommerce development services,us,ecommerce-shopify,50,3.0,commercial,50.0
ecommerce development companies uk,us,ecommerce-shopify,50,0.0,commercial,50.0
ecommerce development services india,us,ecommerce-shopify,50,12.0,commercial,50.0
wordpress ecommerce development,us,ecommerce-shopify,50,11.0,commercial,50.0
ecommerce website development denver,us,ecommerce-shopify,50,12.0,commercial,50.0
ecommerce development company uk,us,ecommerce-shopify,50,7.0,commercial,50.0
ecommerce store development company,us,ecommerce-shopify,50,12.0,commercial,50.0
best ecommerce development companies,us,ecommerce-shopify,50,6.0,commercial,50.0
ecommerce wordpress development,us,ecommerce-shopify,50,11.0,commercial,50.0
ecommerce-mobile-app-development-cost,us,ecommerce-shopify,50,0.0,commercial,50.0
ecommerce agency australia,us,ecommerce-shopify,50,15.0,commercial,50.0
amazon ecommerce agency,us,ecommerce-shopify,50,15.0,navigational,50.0
shopify plus ecommerce agency,us,ecommerce-shopify,50,0.0,commercial,50.0
best digital marketing agency for ecommerce,us,ecommerce-shopify,50,12.0,commercial,50.0
ecommerce seo agency london,us,ecommerce-shopify,50,0.0,commercial,50.0
ecommerce magento development agency,uk,ecommerce-shopify,50,15.0,commercial,50.0
best ecommerce agency,uk,ecommerce-shopify,50,15.0,commercial,50.0
basic web design cost,us,web-design,50,15.0,commercial,50.0
cost for web design,us,web-design,50,11.0,commercial,50.0
web design cost for small business,uk,web-design,50,5.0,commercial,50.0
construction web design agency,uk,web-design,50,0.0,navigational,50.0
web design travel agency,uk,web-design,50,8.0,commercial,50.0
raven seo audit,uk,seo-cost-audit,50,6.0,commercial,50.0
seo audit templates,uk,seo-cost-audit,50,15.0,commercial,50.0
cost of local seo,us,seo-cost-audit,50,5.0,commercial,50.0
godaddy seo cost,us,seo-cost-audit,50,13.0,commercial,50.0
enterprise seo pricing,us,seo-cost-audit,50,0.0,commercial,50.0
seo reseller pricing,us,seo-cost-audit,50,0.0,commercial,50.0
seo packages pricing uk,us,seo-cost-audit,50,0.0,commercial,50.0
seo optimization ai tool,us,ai-seo-geo-aeo,110,29.0,commercial,49.5
ai tool for seo optimization,us,ai-seo-geo-aeo,110,35.0,commercial,49.5
seo tools ai,us,ai-seo-geo-aeo,110,35.0,commercial,49.5
ai seo expert,us,ai-seo-geo-aeo,110,27.0,commercial,49.5
ai driven seo software,us,ai-seo-geo-aeo,110,27.0,commercial,49.5
custom ecommerce website development services,us,ecommerce-shopify,110,32.0,commercial,49.5
ecommerce conversion rate optimisation agency,us,ecommerce-shopify,110,26.0,commercial,49.5
best web design agency in india,us,web-design,110,29.0,commercial,49.5
san diego web design agency,us,web-design,110,27.0,commercial,49.5
medical web design agency,us,web-design,110,27.0,commercial,49.5
magento web design agency,uk,web-design,110,33.0,commercial,49.5
new york city web design agency,uk,web-design,110,32.0,commercial,49.5
new york web design agency,uk,web-design,110,32.0,commercial,49.5
seo cost for website,us,seo-cost-audit,110,34.0,commercial,49.5
ai powered seo services,in,ai-seo-geo-aeo,90,,commercial,45.0
best ai tool for seo,in,ai-seo-geo-aeo,90,,commercial,45.0
seo for ai search,in,ai-seo-geo-aeo,90,,commercial,45.0
ai seo expert in delhi,in,ai-seo-geo-aeo,90,,commercial,45.0
ai seo check,in,ai-seo-geo-aeo,90,,commercial,45.0
ai seo audit,in,ai-seo-geo-aeo,90,,commercial,45.0
best ai tools for seo,in,ai-seo-geo-aeo,90,,commercial,45.0
ai automation agency india,in,ai-agent-automation,90,,navigational,45.0
ai agent development company in india,in,ai-agent-automation,90,,commercial,45.0
ai automation free,in,ai-agent-automation,90,,commercial,45.0
ai automation software,in,ai-agent-automation,90,,commercial,45.0
ai automation anywhere com,in,ai-agent-automation,90,,navigational,45.0
ai automation consulting,in,ai-agent-automation,90,,commercial,45.0
ai automation solutions,in,ai-agent-automation,90,,commercial,45.0
ai automation consultant,in,ai-agent-automation,90,,commercial,45.0
top shopify development companies,in,ecommerce-shopify,90,,commercial,45.0
shopify development coalition,in,ecommerce-shopify,90,,navigational,45.0
shopify development company in mumbai,in,ecommerce-shopify,90,,navigational,45.0
top shopify development company,in,ecommerce-shopify,90,,commercial,45.0
ecommerce development services usa,in,ecommerce-shopify,90,,commercial,45.0
custom ecommerce website development company,in,ecommerce-shopify,90,,commercial,45.0
seo for ai,us,ai-seo-geo-aeo,880,46.0,commercial,44.0
ecommerce-development company,us,ecommerce-shopify,880,52.0,commercial,44.0
atlanta web design agency,us,web-design,880,55.0,commercial,44.0
ny web design agency,us,web-design,880,70.0,commercial,44.0
web design agency new york,us,web-design,880,50.0,commercial,44.0
web design agency atlanta,us,web-design,880,55.0,commercial,44.0
nyc web design agency,us,web-design,880,69.0,commercial,44.0
web design agency in nyc,us,web-design,880,69.0,commercial,44.0
new york web design agency,us,web-design,880,51.0,commercial,44.0
web design agency england,uk,web-design,880,100.0,commercial,44.0
web design agency uk,uk,web-design,880,100.0,commercial,44.0
uk web design agency,uk,web-design,880,100.0,commercial,44.0
web design agency in uk,uk,web-design,880,100.0,commercial,44.0
web design company dubai,in,web-design,880,52.0,commercial,44.0
web design company in gurugram,in,web-design,880,48.0,commercial,44.0
web design company in dubai,in,web-design,880,100.0,commercial,44.0
web design company chennai,in,web-design,880,97.0,commercial,44.0
seo audit tool free,us,seo-cost-audit,880,76.0,commercial,44.0
seo audit free tools,us,seo-cost-audit,880,76.0,commercial,44.0
free seo audit tools,us,seo-cost-audit,880,63.0,commercial,44.0
seo audit free tool,us,seo-cost-audit,880,63.0,commercial,44.0
free seo website audit,us,seo-cost-audit,880,63.0,commercial,44.0
free site seo audit,us,seo-cost-audit,880,68.0,commercial,44.0
free seo audit tool,us,seo-cost-audit,880,63.0,commercial,44.0
seo packages and pricing,us,seo-cost-audit,880,46.0,commercial,44.0
best seo company chennai,in,india-local,880,52.0,commercial,44.0
best seo company dubai,in,india-local,880,52.0,commercial,44.0
best seo company in chennai,in,india-local,880,52.0,commercial,44.0
seo agency ahmedabad,in,india-local,880,88.0,commercial,44.0
best seo agency dubai,in,india-local,880,52.0,commercial,44.0
seo agency in ahmedabad,in,india-local,880,88.0,commercial,44.0
digital marketing agency au,in,india-local,880,71.0,commercial,44.0
digital marketing agency websites,in,india-local,880,53.0,commercial,44.0
digital marketing agency website,in,india-local,880,53.0,commercial,44.0
australian digital marketing agency,in,india-local,880,71.0,commercial,44.0
generative engine optimization statistics,us,ai-seo-geo-aeo,210,40.0,commercial,42.0
ai agent development tools,us,ai-agent-automation,210,36.0,commercial,42.0
ecommerce web development company in india,us,ecommerce-shopify,210,42.0,commercial,42.0
ecommerce development company in usa,us,ecommerce-shopify,210,42.0,commercial,42.0
web design agency seattle,us,web-design,210,42.0,commercial,42.0
web design agency in seattle,us,web-design,210,42.0,commercial,42.0
yoast seo cost,us,seo-cost-audit,210,41.0,commercial,42.0
yoast seo pricing,us,seo-cost-audit,210,41.0,commercial,42.0
seo agency uae,in,india-local,210,44.0,commercial,42.0
best uk seo agency,in,india-local,210,45.0,commercial,42.0
best seo agency in chennai,in,india-local,210,38.0,commercial,42.0
best seo agency in the uk,in,india-local,210,45.0,commercial,42.0
ai-generated seo,us,ai-seo-geo-aeo,90,35.0,commercial,40.5
ai seo keywords,us,ai-seo-geo-aeo,90,35.0,commercial,40.5
seo using ai,us,ai-seo-geo-aeo,90,30.0,commercial,40.5
ai powered seo software,us,ai-seo-geo-aeo,90,35.0,commercial,40.5
ai seo keyword,us,ai-seo-geo-aeo,90,32.0,commercial,40.5
ai based seo,us,ai-seo-geo-aeo,90,35.0,commercial,40.5
web agency ecommerce,us,ecommerce-shopify,90,29.0,commercial,40.5
shopify plus headless commerce,us,ecommerce-shopify,90,27.0,commercial,40.5
web design agency in liverpool,us,web-design,90,31.0,commercial,40.5
essex web design agency,us,web-design,90,27.0,commercial,40.5
seo audit manchester,uk,seo-cost-audit,90,28.0,commercial,40.5
average seo cost per month,us,seo-cost-audit,90,26.0,commercial,40.5
average cost of seo per month,us,seo-cost-audit,90,33.0,commercial,40.5
yoast seo premium pricing,us,seo-cost-audit,90,26.0,commercial,40.5
best answer engine optimization methods for ai visibility,us,ai-seo-geo-aeo,40,4.0,commercial,40.0
geo elites agency,us,ai-seo-geo-aeo,40,2.0,navigational,40.0
ai automation agency business model,us,ai-agent-automation,40,5.0,commercial,40.0
custom ai agent development company,us,ai-agent-automation,40,0.0,commercial,40.0
top ai agent development companies,us,ai-agent-automation,40,0.0,commercial,40.0
local shopify development,us,ecommerce-shopify,40,0.0,navigational,40.0
best shopify development companies,us,ecommerce-shopify,40,15.0,commercial,40.0
best shopify development company,us,ecommerce-shopify,40,9.0,commercial,40.0
shopify website development proposal,us,ecommerce-shopify,40,0.0,navigational,40.0
shopify local development,us,ecommerce-shopify,40,8.0,navigational,40.0
shopify plus web development,us,ecommerce-shopify,40,5.0,commercial,40.0
shopify website development cost,us,ecommerce-shopify,40,14.0,commercial,40.0
shopify development company in usa,us,ecommerce-shopify,40,1.0,commercial,40.0
shopify development companies in usa,us,ecommerce-shopify,40,9.0,commercial,40.0
software development for ecommerce,us,ecommerce-shopify,40,0.0,commercial,40.0
top ecommerce development agency,us,ecommerce-shopify,40,12.0,commercial,40.0
ecommerce google ads agency,us,ecommerce-shopify,40,0.0,commercial,40.0
best ecommerce marketing agency,us,ecommerce-shopify,40,12.0,commercial,40.0
ecommerce ads agency,us,ecommerce-shopify,40,4.0,commercial,40.0
ecommerce seo agency uk,us,ecommerce-shopify,40,3.0,commercial,40.0
ecommerce modeling agency,us,ecommerce-shopify,40,14.0,commercial,40.0
ecommerce facebook ad agency,uk,ecommerce-shopify,40,6.0,commercial,40.0
ecommerce facebook ads agency,uk,ecommerce-shopify,40,0.0,commercial,40.0
best ecommerce seo agency,uk,ecommerce-shopify,40,0.0,commercial,40.0
ecommerce content agency,uk,ecommerce-shopify,40,11.0,commercial,40.0
web design and development cost,us,web-design,40,4.0,commercial,40.0
professional web design cost,us,web-design,40,15.0,commercial,40.0
freelance web design cost,us,web-design,40,0.0,commercial,40.0
web design cost in india,us,web-design,40,4.0,commercial,40.0
best web design and hosting for small business,us,web-design,40,13.0,commercial,40.0
wordpress web design for small business,us,web-design,40,10.0,commercial,40.0
small business web design and development,us,web-design,40,11.0,commercial,40.0
small business web design development,us,web-design,40,10.0,commercial,40.0
best web design company for small business,uk,web-design,40,3.0,commercial,40.0
seo campaign cost,us,seo-cost-audit,40,15.0,commercial,40.0
cost of seo services uk,us,seo-cost-audit,40,0.0,commercial,40.0
how much does enterprise seo cost,us,seo-cost-audit,40,2.0,commercial,40.0
on page seo pricing,us,seo-cost-audit,40,7.0,commercial,40.0
raven seo tools pricing,us,seo-cost-audit,40,9.0,commercial,40.0
raven seo pricing,us,seo-cost-audit,40,9.0,commercial,40.0
ai-powered seo tools,uk,ai-seo-geo-aeo,50,24.0,commercial,37.5
answer engine optimization vs generative engine optimization,us,ai-seo-geo-aeo,50,18.0,commercial,37.5
gitagent ai agent development,us,ai-agent-automation,50,16.0,transactional,37.5
web development ecommerce solutions,us,ecommerce-shopify,50,16.0,commercial,37.5
ecommerce agency manchester,us,ecommerce-shopify,50,16.0,commercial,37.5
ecommerce agency los angeles,us,ecommerce-shopify,50,20.0,commercial,37.5
ecommerce content marketing agency,uk,ecommerce-shopify,50,22.0,commercial,37.5
ecommerce performance marketing agency,uk,ecommerce-shopify,50,20.0,commercial,37.5
ecommerce strategy agency,uk,ecommerce-shopify,50,23.0,commercial,37.5
ecommerce web design cost,us,web-design,50,22.0,commercial,37.5
shopify web development,us,ecommerce-shopify,720,63.0,commercial,36.0
shopify web development company,us,ecommerce-shopify,720,60.0,commercial,36.0
shopify website development company,us,ecommerce-shopify,720,56.0,navigational,36.0
web design agency houston,us,web-design,720,100.0,commercial,36.0
web design agency in houston,us,web-design,720,50.0,commercial,36.0
houston web design agency,us,web-design,720,64.0,commercial,36.0
web design agency toronto,us,web-design,720,54.0,commercial,36.0
web design agency usa,us,web-design,720,82.0,commercial,36.0
web design agency in toronto,us,web-design,720,47.0,commercial,36.0
toronto web design agency,us,web-design,720,54.0,commercial,36.0
best agency web design,us,web-design,720,59.0,commercial,36.0
best web design agency,us,web-design,720,59.0,commercial,36.0
web design and development company in bangalore,in,web-design,720,69.0,commercial,36.0
chennai web design company,in,web-design,720,85.0,commercial,36.0
bangalore web design company,in,web-design,720,71.0,commercial,36.0
ai seo company india,in,ai-seo-geo-aeo,70,,navigational,35.0
ai seo marketing,in,ai-seo-geo-aeo,70,,commercial,35.0
seo studio tools ai,in,ai-seo-geo-aeo,70,,commercial,35.0
ai based seo,in,ai-seo-geo-aeo,70,,commercial,35.0
ai driven seo services,in,ai-seo-geo-aeo,70,,commercial,35.0
seo writing ai free,in,ai-seo-geo-aeo,70,,commercial,35.0
ai seo analyzer,in,ai-seo-geo-aeo,70,,commercial,35.0
seo ai generator,in,ai-seo-geo-aeo,70,,commercial,35.0
ai seo consultant,in,ai-seo-geo-aeo,70,,commercial,35.0
best ai seo agency,in,ai-seo-geo-aeo,70,,commercial,35.0
ai automation agency near me,in,ai-agent-automation,70,,commercial,35.0
custom ai agent development services,in,ai-agent-automation,70,,navigational,35.0
ai agent development platform,in,ai-agent-automation,70,,commercial,35.0
ai automation for small business,in,ai-agent-automation,70,,commercial,35.0
sales ai automation,in,ai-agent-automation,70,,commercial,35.0
shopify ecommerce development services,in,ecommerce-shopify,70,,commercial,35.0
shopify development company in dubai,in,ecommerce-shopify,70,,commercial,35.0
shopify extension development,in,ecommerce-shopify,70,,commercial,35.0
shopify website development company india,in,ecommerce-shopify,70,,navigational,35.0
shopify website development company in delhi,in,ecommerce-shopify,70,,commercial,35.0
best shopify development company in india,in,ecommerce-shopify,70,,commercial,35.0
custom ecommerce website development services,in,ecommerce-shopify,70,,commercial,35.0
ecommerce website development ahmedabad,in,ecommerce-shopify,70,,navigational,35.0
ecommerce website development services in chennai,in,ecommerce-shopify,70,,commercial,35.0
ecommerce web design and development,in,ecommerce-shopify,70,,commercial,35.0
ecommerce development company in kochi,in,ecommerce-shopify,70,,commercial,35.0
ecommerce web development company in jaipur,in,ecommerce-shopify,70,,commercial,35.0
ecommerce website development in ahmedabad,in,ecommerce-shopify,70,,commercial,35.0
ecommerce development company in jaipur,in,ecommerce-shopify,70,,commercial,35.0
ecommerce website development company in ahmedabad,in,ecommerce-shopify,70,,commercial,35.0
ecommerce web development ahmedabad,in,ecommerce-shopify,70,,commercial,35.0
ecommerce development companies in mumbai,in,ecommerce-shopify,70,,commercial,35.0
ecommerce development in noida,in,ecommerce-shopify,70,,commercial,35.0
ecommerce website design & development,in,ecommerce-shopify,70,,commercial,35.0
ecommerce website development company ahmedabad,in,ecommerce-shopify,70,,navigational,35.0
ecommerce website design development,in,ecommerce-shopify,70,,commercial,35.0
web design cost calculator,in,india-local,70,,commercial,35.0
seo with ai,us,ai-seo-geo-aeo,170,40.0,commercial,34.0
ai seo strategy,us,ai-seo-geo-aeo,170,40.0,commercial,34.0
seo ai tool,uk,ai-seo-geo-aeo,170,36.0,commercial,34.0
shopify store development services,us,ecommerce-shopify,170,40.0,commercial,34.0
monthly seo cost,us,seo-cost-audit,170,37.0,commercial,34.0
seo for ai search,uk,ai-seo-geo-aeo,70,31.0,commercial,31.5
seo with ai,uk,ai-seo-geo-aeo,70,35.0,commercial,31.5
ai agent development frameworks,us,ai-agent-automation,70,28.0,commercial,31.5
shopify plugin development,us,ecommerce-shopify,70,26.0,commercial,31.5
ecommerce website development company in usa,us,ecommerce-shopify,70,29.0,commercial,31.5
ecommerce website development company usa,us,ecommerce-shopify,70,28.0,commercial,31.5
ecommerce website development companies in india,in,ecommerce-shopify,70,33.0,commercial,31.5
web design agency in derby,uk,web-design,70,29.0,commercial,31.5
seo ai software,uk,ai-seo-geo-aeo,40,23.0,commercial,30.0
ai answer engine optimization,us,ai-seo-geo-aeo,40,17.0,commercial,30.0
best practices for answer engine optimization,us,ai-seo-geo-aeo,40,22.0,commercial,30.0
post graduate program in ai agents for business applications,us,ai-agent-automation,40,25.0,commercial,30.0
shopify theme development agency,us,ecommerce-shopify,40,22.0,navigational,30.0
ecommerce brand agency,us,ecommerce-shopify,40,16.0,commercial,30.0
fashion ecommerce agency,uk,ecommerce-shopify,40,24.0,commercial,30.0
seo pricing list,us,seo-cost-audit,40,25.0,commercial,30.0
seo consultant pricing,us,seo-cost-audit,40,17.0,commercial,30.0
shopify plus development experts,us,ecommerce-shopify,30,5.0,navigational,30.0
shopify cli for theme development,us,ecommerce-shopify,30,15.0,commercial,30.0
headless shopify development,us,ecommerce-shopify,30,7.0,navigational,30.0
ecommerce marketing agency los angeles,us,ecommerce-shopify,30,4.0,commercial,30.0
social media marketing agency for ecommerce,us,ecommerce-shopify,30,14.0,commercial,30.0
ecommerce recruitment agency,us,ecommerce-shopify,30,15.0,commercial,30.0
top ecommerce seo agency,us,ecommerce-shopify,30,12.0,commercial,30.0
marketing agency for ecommerce,us,ecommerce-shopify,30,13.0,commercial,30.0
ecommerce web agency los angeles,us,ecommerce-shopify,30,11.0,commercial,30.0
ecommerce facebook ad agency,us,ecommerce-shopify,30,0.0,commercial,30.0
ecommerce facebook ads agency,us,ecommerce-shopify,30,11.0,commercial,30.0
luxury ecommerce agency,uk,ecommerce-shopify,30,5.0,commercial,30.0
composable commerce vs headless ecommerce,us,ecommerce-shopify,30,0.0,commercial,30.0
squarespace web design cost,us,web-design,30,6.0,commercial,30.0
custom small business web design,us,web-design,30,12.0,commercial,30.0
best web design small business,uk,web-design,30,0.0,commercial,30.0
seo advertising cost,us,seo-cost-audit,30,1.0,commercial,30.0
dental seo cost,us,seo-cost-audit,30,0.0,commercial,30.0
seo ads cost,us,seo-cost-audit,30,12.0,commercial,30.0
low cost seo services india,us,seo-cost-audit,30,1.0,commercial,30.0
seo keyword cost,us,seo-cost-audit,30,8.0,commercial,30.0
google seo services pricing,us,seo-cost-audit,30,11.0,commercial,30.0
higher visibility seo pricing,us,seo-cost-audit,30,11.0,commercial,30.0
small business seo pricing,us,seo-cost-audit,30,13.0,commercial,30.0
affordable seo pricing,us,seo-cost-audit,30,0.0,commercial,30.0
conductor seo pricing,us,seo-cost-audit,30,0.0,commercial,30.0
seo services and pricing,us,seo-cost-audit,30,11.0,commercial,30.0
seo spyglass pricing,us,seo-cost-audit,30,3.0,commercial,30.0
local seo pricing near me,us,seo-cost-audit,30,6.0,commercial,30.0
advanced technical seo audit,us,seo-cost-audit,30,13.0,commercial,30.0
technical seo audit presentation template,us,seo-cost-audit,30,0.0,commercial,30.0
technical seo audit price,us,seo-cost-audit,30,0.0,commercial,30.0
seo ai tool,us,ai-seo-geo-aeo,590,53.0,commercial,29.5
shopify ecommerce development,us,ecommerce-shopify,590,58.0,commercial,29.5
web design agency in chicago,us,web-design,590,73.0,commercial,29.5
web design agency nj,us,web-design,590,61.0,commercial,29.5
web design agency ny,us,web-design,590,94.0,commercial,29.5
chicago web design agency,us,web-design,590,84.0,commercial,29.5
web design agency in manchester,uk,web-design,590,85.0,commercial,29.5
manchester web design agency,uk,web-design,590,48.0,commercial,29.5
birmingham web design agency,uk,web-design,590,77.0,commercial,29.5
web design agency birmingham,uk,web-design,590,77.0,commercial,29.5
web design agency in birmingham,uk,web-design,590,77.0,commercial,29.5
best web design company websites,in,web-design,590,55.0,commercial,29.5
best web design company website,in,web-design,590,55.0,commercial,29.5
best web design company sites,in,web-design,590,79.0,commercial,29.5
web design company in dehradun,in,web-design,590,71.0,commercial,29.5
best indian web design company,in,web-design,590,58.0,commercial,29.5
best web design company delhi,in,web-design,590,100.0,commercial,29.5
seo audit for free,uk,seo-cost-audit,590,75.0,commercial,29.5
seo free audit,uk,seo-cost-audit,590,75.0,commercial,29.5
free seo audit,uk,seo-cost-audit,590,75.0,commercial,29.5
seo-free-audit,uk,seo-cost-audit,590,75.0,commercial,29.5
seo audit free,uk,seo-cost-audit,590,74.0,commercial,29.5
free audit seo,uk,seo-cost-audit,590,75.0,commercial,29.5
audit seo free,uk,seo-cost-audit,590,75.0,commercial,29.5
services seo company,in,india-local,590,68.0,commercial,29.5
marketing company seo,in,india-local,590,89.0,commercial,29.5
company seo services,in,india-local,590,64.0,commercial,29.5
seo marketing agency,in,india-local,590,64.0,commercial,29.5
marketing seo agency,in,india-local,590,82.0,commercial,29.5
seo ai tools free,us,ai-seo-geo-aeo,140,41.0,commercial,28.0
seo with ai,in,ai-seo-geo-aeo,140,40.0,commercial,28.0
seo for ai,in,ai-seo-geo-aeo,140,40.0,commercial,28.0
best answer engine optimization solutions for ai tech,us,ai-seo-geo-aeo,140,39.0,commercial,28.0
ai automation tools for business,us,ai-agent-automation,140,37.0,commercial,28.0
shopify website development agency,us,ecommerce-shopify,140,36.0,navigational,28.0
magento ecommerce website development,us,ecommerce-shopify,140,36.0,commercial,28.0
magento ecommerce web development,us,ecommerce-shopify,140,44.0,commercial,28.0
digital agency for ecommerce,us,ecommerce-shopify,140,45.0,commercial,28.0
shopify ecommerce agency,us,ecommerce-shopify,140,38.0,commercial,28.0
nonprofit web design agency,us,web-design,140,42.0,navigational,28.0
non profit web design agency,us,web-design,140,38.0,commercial,28.0
liverpool web design agency,uk,web-design,140,37.0,commercial,28.0
web design agency liverpool,uk,web-design,140,39.0,commercial,28.0
web design agency in liverpool,uk,web-design,140,39.0,commercial,28.0
web design creative agency,uk,web-design,140,44.0,commercial,28.0
ai seo consultant,uk,ai-seo-geo-aeo,50,,commercial,25.0
ai seo strategies,uk,ai-seo-geo-aeo,50,,commercial,25.0
ai search seo,uk,ai-seo-geo-aeo,50,,commercial,25.0
ai seo strategy,uk,ai-seo-geo-aeo,50,,commercial,25.0
best ai for seo,uk,ai-seo-geo-aeo,50,,commercial,25.0
best ai seo software,uk,ai-seo-geo-aeo,50,,commercial,25.0
ai seo services in india,in,ai-seo-geo-aeo,50,,commercial,25.0
best seo ai tools,in,ai-seo-geo-aeo,50,,commercial,25.0
ai seo writer,in,ai-seo-geo-aeo,50,,commercial,25.0
ai driven seo tool,in,ai-seo-geo-aeo,50,,commercial,25.0
seo using ai,in,ai-seo-geo-aeo,50,,commercial,25.0
ai tools for seo optimization,in,ai-seo-geo-aeo,50,,commercial,25.0
generative ai seo,in,ai-seo-geo-aeo,50,,commercial,25.0
ai seo tools scale agile solutions,in,ai-seo-geo-aeo,50,,commercial,25.0
ai tool for seo optimization,in,ai-seo-geo-aeo,50,,commercial,25.0
ai driven seo tools,in,ai-seo-geo-aeo,50,,commercial,25.0
best seo ai tool,in,ai-seo-geo-aeo,50,,commercial,25.0
seo ai free,in,ai-seo-geo-aeo,50,,commercial,25.0
ai seo audit tool,in,ai-seo-geo-aeo,50,,commercial,25.0
best ai for seo,in,ai-seo-geo-aeo,50,,commercial,25.0
ai automation agency in bangalore,in,ai-agent-automation,50,,commercial,25.0
ai agent development frameworks,in,ai-agent-automation,50,,commercial,25.0
top ai agent development companies,in,ai-agent-automation,50,,commercial,25.0
shopify website development coalition,us,ecommerce-shopify,50,,navigational,25.0
shopify development services in india,in,ecommerce-shopify,50,,commercial,25.0
stroke infotech shopify & ecommerce development agency,in,ecommerce-shopify,50,,commercial,25.0
shopify development agency in india,in,ecommerce-shopify,50,,navigational,25.0
shopify development company in bangalore,in,ecommerce-shopify,50,,commercial,25.0
shopify development agency india,in,ecommerce-shopify,50,,navigational,25.0
shopify website development coalition,in,ecommerce-shopify,50,,navigational,25.0
shopify theme development company,in,ecommerce-shopify,50,,navigational,25.0
custom shopify development,in,ecommerce-shopify,50,,commercial,25.0
shopify development company in chennai,in,ecommerce-shopify,50,,navigational,25.0
shopify web development coalition,in,ecommerce-shopify,50,,navigational,25.0
low cost web design chennai,in,india-local,50,,commercial,25.0
shopify web development service,us,ecommerce-shopify,480,48.0,commercial,24.0
shopify development agencies,us,ecommerce-shopify,480,82.0,commercial,24.0
web design agency india,us,web-design,480,65.0,commercial,24.0
web design agency in india,us,web-design,480,65.0,commercial,24.0
web design agency washington dc,us,web-design,480,61.0,commercial,24.0
web design agency surrey,uk,web-design,480,87.0,commercial,24.0
uae web design company,in,web-design,480,57.0,commercial,24.0
web design company uae,in,web-design,480,100.0,commercial,24.0
web design company in uae,in,web-design,480,57.0,commercial,24.0
web seo audit,us,seo-cost-audit,480,70.0,commercial,24.0
page seo audit,us,seo-cost-audit,480,66.0,commercial,24.0
seo on-page audit,us,seo-cost-audit,480,66.0,commercial,24.0
audit seo site web,us,seo-cost-audit,480,84.0,commercial,24.0
seo on page audit,us,seo-cost-audit,480,73.0,commercial,24.0
website seo audit,us,seo-cost-audit,480,63.0,commercial,24.0
seo site audit tool,us,seo-cost-audit,480,73.0,commercial,24.0
seo site audit tools,us,seo-cost-audit,480,66.0,commercial,24.0
seo audit for a website,us,seo-cost-audit,480,76.0,commercial,24.0
audit website for seo,uk,seo-cost-audit,480,83.0,commercial,24.0
audit seo website,uk,seo-cost-audit,480,83.0,commercial,24.0
seo website audit,uk,seo-cost-audit,480,74.0,commercial,24.0
seo audit website,uk,seo-cost-audit,480,83.0,commercial,24.0
seo web audit,uk,seo-cost-audit,480,73.0,commercial,24.0
website audit seo,uk,seo-cost-audit,480,83.0,commercial,24.0
seo page audit,uk,seo-cost-audit,480,62.0,commercial,24.0
site audit seo,uk,seo-cost-audit,480,75.0,commercial,24.0
seo audit sites,uk,seo-cost-audit,480,75.0,commercial,24.0
website audit for seo,uk,seo-cost-audit,480,83.0,commercial,24.0
site audit for seo,uk,seo-cost-audit,480,75.0,commercial,24.0
seo site audit,uk,seo-cost-audit,480,86.0,commercial,24.0
audit seo site,uk,seo-cost-audit,480,75.0,commercial,24.0
audit website seo,uk,seo-cost-audit,480,73.0,commercial,24.0
seo audit websites,uk,seo-cost-audit,480,74.0,commercial,24.0
seo audit site,uk,seo-cost-audit,480,75.0,commercial,24.0
seo agency in the uk,in,india-local,480,48.0,commercial,24.0
seo agency uk,in,india-local,480,48.0,commercial,24.0
uk seo agency,in,india-local,480,48.0,commercial,24.0
seo agency in uk,in,india-local,480,49.0,commercial,24.0
seo agency united kingdom,in,india-local,480,49.0,commercial,24.0
ai powered seo tools,uk,ai-seo-geo-aeo,50,34.0,commercial,22.5
use ai for seo,uk,ai-seo-geo-aeo,50,31.0,commercial,22.5
ai-based seo tools,uk,ai-seo-geo-aeo,50,34.0,commercial,22.5
generative ai seo,uk,ai-seo-geo-aeo,50,34.0,commercial,22.5
ai agents for business automation,us,ai-agent-automation,50,26.0,commercial,22.5
shopify development tools,us,ecommerce-shopify,50,35.0,commercial,22.5
ecommerce web design and development services,us,ecommerce-shopify,50,30.0,commercial,22.5
ecommerce website design and development services,us,ecommerce-shopify,50,29.0,commercial,22.5
best seo agency for ecommerce,us,ecommerce-shopify,50,29.0,commercial,22.5
ecommerce conversion rate optimization agency,us,ecommerce-shopify,50,26.0,commercial,22.5
ecommerce marketing agency uk,uk,ecommerce-shopify,50,32.0,commercial,22.5
low cost web design company,us,web-design,50,30.0,commercial,22.5
best web design companies for small business,us,web-design,50,30.0,commercial,22.5
yoast seo premium cost,us,seo-cost-audit,50,27.0,commercial,22.5
ai seo agent,uk,ai-seo-geo-aeo,30,17.0,commercial,22.5
impact of ai on seo,uk,ai-seo-geo-aeo,30,23.0,commercial,22.5
seo optimization ai,uk,ai-seo-geo-aeo,30,24.0,commercial,22.5
ecommerce social media marketing agency,us,ecommerce-shopify,30,21.0,commercial,22.5
ecommerce agency leeds,us,ecommerce-shopify,30,23.0,commercial,22.5
ecommerce ads agency,uk,ecommerce-shopify,30,17.0,commercial,22.5
marketing agency for ecommerce,uk,ecommerce-shopify,30,17.0,commercial,22.5
headless commerce shopify,us,ecommerce-shopify,30,24.0,navigational,22.5
headless e-commerce development,us,ecommerce-shopify,30,24.0,navigational,22.5
low cost web design services,us,web-design,30,18.0,commercial,22.5
best small business web design companies,uk,web-design,30,19.0,commercial,22.5
seo consulting cost,us,seo-cost-audit,30,17.0,commercial,22.5
seo for website cost,us,seo-cost-audit,30,16.0,commercial,22.5
ai optimization seo,us,ai-seo-geo-aeo,110,39.0,commercial,22.0
custom ai agent development,us,ai-agent-automation,110,40.0,commercial,22.0
leading web design agency,us,web-design,110,36.0,commercial,22.0
professional web design agency,us,web-design,110,40.0,commercial,22.0
web design agency nyc,uk,web-design,110,40.0,commercial,22.0
nyc web design agency,uk,web-design,110,40.0,navigational,22.0
surfer seo ai,uk,ai-seo-geo-aeo,40,,commercial,20.0
ai seo analyzer,uk,ai-seo-geo-aeo,40,,commercial,20.0
ai seo content generator,uk,ai-seo-geo-aeo,40,,commercial,20.0
automated seo ai,uk,ai-seo-geo-aeo,40,,commercial,20.0
wp seo ai,uk,ai-seo-geo-aeo,40,,commercial,20.0
wordpress seo ai,uk,ai-seo-geo-aeo,40,,commercial,20.0
ai seo tools free,in,ai-seo-geo-aeo,40,,commercial,20.0
free seo ai tools,in,ai-seo-geo-aeo,40,,commercial,20.0
ai driven seo strategies,in,ai-seo-geo-aeo,40,,commercial,20.0
free seo ai tool,in,ai-seo-geo-aeo,40,,commercial,20.0
seo content ai,in,ai-seo-geo-aeo,40,,commercial,20.0
ai seo tool free,in,ai-seo-geo-aeo,40,,commercial,20.0
seo writing ai coupon code,in,ai-seo-geo-aeo,40,,commercial,20.0
ai seo packages,in,ai-seo-geo-aeo,40,,commercial,20.0
generative engine optimization agency,uk,ai-seo-geo-aeo,40,,commercial,20.0
ai automation agency business model,in,ai-agent-automation,40,,commercial,20.0
shopify theme development services,in,ecommerce-shopify,40,,commercial,20.0
shopify plus development,in,ecommerce-shopify,40,,commercial,20.0
white label shopify development,in,ecommerce-shopify,40,,commercial,20.0
shopify development company usa,in,ecommerce-shopify,40,,navigational,20.0
shopify development agency in delhi,in,ecommerce-shopify,40,,commercial,20.0
shopify theme development service,in,ecommerce-shopify,40,,commercial,20.0
shopify development company mumbai,in,ecommerce-shopify,40,,navigational,20.0
ecommerce automation agency,us,ecommerce-shopify,40,,commercial,20.0
ecommerce agency nottingham,uk,ecommerce-shopify,40,,commercial,20.0
ecommerce marketing agency london,uk,ecommerce-shopify,40,,commercial,20.0
web design cost for small business,in,india-local,40,,commercial,20.0
average web design cost,in,india-local,40,,commercial,20.0
basic web design cost,in,india-local,40,,commercial,20.0
web design and development cost,in,india-local,40,,commercial,20.0
low cost web design company kolkata,in,india-local,40,,commercial,20.0
web design average cost,in,india-local,40,,commercial,20.0
ai automation agent,in,ai-agent-automation,390,49.0,commercial,19.5
shopify web development services,in,ecommerce-shopify,390,50.0,commercial,19.5
ecommerce site development companies,us,ecommerce-shopify,390,55.0,commercial,19.5
elsner technologies ecommerce development company,in,ecommerce-shopify,390,60.0,commercial,19.5
ad agency ecommerce,uk,ecommerce-shopify,390,49.0,commercial,19.5
ecommerce ad agency,uk,ecommerce-shopify,390,50.0,commercial,19.5
affordable web design small business,us,web-design,390,46.0,commercial,19.5
la web design agency,us,web-design,390,47.0,commercial,19.5
orlando web design agency,us,web-design,390,47.0,commercial,19.5
web design agency orlando,us,web-design,390,78.0,commercial,19.5
los angeles web design agency,us,web-design,390,94.0,commercial,19.5
web design agency in bristol,uk,web-design,390,78.0,commercial,19.5
web design agency bristol,uk,web-design,390,51.0,commercial,19.5
web design agency hampshire,uk,web-design,390,47.0,commercial,19.5
web design agency manchester,uk,web-design,390,85.0,commercial,19.5
web design agency nottingham,uk,web-design,390,87.0,commercial,19.5
top web design agency london,uk,web-design,390,100.0,commercial,19.5
nottingham web design agency,uk,web-design,390,87.0,commercial,19.5
web design agency manchester uk,uk,web-design,390,100.0,commercial,19.5
web design agency in hampshire,uk,web-design,390,98.0,commercial,19.5
best web design company in delhi,in,web-design,390,100.0,commercial,19.5
best web design company mumbai,in,web-design,390,59.0,commercial,19.5
best web design company in bangalore,in,web-design,390,68.0,commercial,19.5
best web design company in delhi ncr,in,web-design,390,73.0,commercial,19.5
seo audit reports,us,seo-cost-audit,390,66.0,commercial,19.5
seo audit report,us,seo-cost-audit,390,73.0,commercial,19.5
seo website audit tools,us,seo-cost-audit,390,77.0,commercial,19.5
website seo audit tools,us,seo-cost-audit,390,47.0,commercial,19.5
seo website audit tool,us,seo-cost-audit,390,47.0,commercial,19.5
seo audit software,us,seo-cost-audit,390,84.0,commercial,19.5
checklist seo audit,us,seo-cost-audit,390,52.0,commercial,19.5
seo audit softwares,us,seo-cost-audit,390,77.0,commercial,19.5
website seo audit tool,us,seo-cost-audit,390,73.0,commercial,19.5
seo audit of a website,uk,seo-cost-audit,390,64.0,commercial,19.5
seo audit of website,uk,seo-cost-audit,390,66.0,commercial,19.5
site seo audit,uk,seo-cost-audit,390,75.0,commercial,19.5
seo audit for website,uk,seo-cost-audit,390,83.0,commercial,19.5
seo london agency,in,india-local,390,60.0,commercial,19.5
london seo agency,in,india-local,390,60.0,commercial,19.5
seo agency in london,in,india-local,390,60.0,commercial,19.5
seo agency london uk,in,india-local,390,47.0,commercial,19.5
seo agency london,in,india-local,390,60.0,commercial,19.5
ai seo marketing,us,ai-seo-geo-aeo,90,42.0,commercial,18.0
ai seo content writing,us,ai-seo-geo-aeo,90,42.0,commercial,18.0
ai for seo content,us,ai-seo-geo-aeo,90,38.0,commercial,18.0
ai impact on seo,us,ai-seo-geo-aeo,90,42.0,commercial,18.0
ai generated seo,us,ai-seo-geo-aeo,90,39.0,commercial,18.0
ai automation tools for testing,in,ai-agent-automation,90,43.0,commercial,18.0
ecommerce development company mumbai,in,ecommerce-shopify,90,44.0,commercial,18.0
ecommerce development company in mumbai,in,ecommerce-shopify,90,44.0,commercial,18.0
ecommerce agency birmingham,uk,ecommerce-shopify,90,41.0,commercial,18.0
web design agency calgary,us,web-design,90,39.0,commercial,18.0
bespoke web design agency london,uk,web-design,90,44.0,commercial,18.0
audit seo checklist,uk,seo-cost-audit,90,37.0,commercial,18.0
best seo audit tools,uk,seo-cost-audit,90,39.0,commercial,18.0
seo audit checklist,uk,seo-cost-audit,90,37.0,commercial,18.0
seo ai tools free,uk,ai-seo-geo-aeo,40,34.0,commercial,18.0
using ai in seo,uk,ai-seo-geo-aeo,40,31.0,commercial,18.0
seo ai tool free,uk,ai-seo-geo-aeo,40,34.0,commercial,18.0
seo using ai,uk,ai-seo-geo-aeo,40,31.0,commercial,18.0
seo ai writing,in,ai-seo-geo-aeo,40,33.0,commercial,18.0
ai agent software development,us,ai-agent-automation,40,29.0,commercial,18.0
ecommerce branding agency,us,ecommerce-shopify,40,31.0,commercial,18.0
headless e-commerce services,us,ecommerce-shopify,40,29.0,commercial,18.0
web design agency for small business,us,web-design,40,30.0,commercial,18.0
web design and hosting for small business,us,web-design,40,31.0,commercial,18.0
small business web design atlanta,us,web-design,40,29.0,commercial,18.0
seo management pricing,us,seo-cost-audit,40,26.0,commercial,18.0
small business web design services,uk,web-design,320,60.0,commercial,16.0
web design agency los angeles,us,web-design,320,95.0,commercial,16.0
web design agency michigan,us,web-design,320,86.0,commercial,16.0
web design agency la,us,web-design,320,47.0,commercial,16.0
essex web design agency,uk,web-design,320,68.0,commercial,16.0
bristol web design agency,uk,web-design,320,86.0,commercial,16.0
web design agency leeds,uk,web-design,320,52.0,commercial,16.0
best web design agency uk,uk,web-design,320,100.0,commercial,16.0
leeds web design agency,uk,web-design,320,52.0,commercial,16.0
web design agency in leeds,uk,web-design,320,51.0,commercial,16.0
web design agency essex,uk,web-design,320,84.0,commercial,16.0
web design company in ny,in,web-design,320,66.0,commercial,16.0
top web design company in pune,in,web-design,320,64.0,commercial,16.0
best web design company bangalore,in,web-design,320,70.0,commercial,16.0
us web design company,in,web-design,320,87.0,commercial,16.0
web design company sydney,in,web-design,320,62.0,commercial,16.0
seo audit tools online,us,seo-cost-audit,320,71.0,commercial,16.0
online seo audit tools,us,seo-cost-audit,320,77.0,commercial,16.0
seo audit tool online,us,seo-cost-audit,320,77.0,commercial,16.0
online seo audit tool,us,seo-cost-audit,320,77.0,commercial,16.0
seo audit online tool,us,seo-cost-audit,320,77.0,commercial,16.0
seo agency in melbourne,in,india-local,320,54.0,commercial,16.0
seo agency melbourne,in,india-local,320,54.0,commercial,16.0
melbourne seo agency,in,india-local,320,54.0,commercial,16.0
ai driven seo tool,uk,ai-seo-geo-aeo,30,,commercial,15.0
ai powered seo services,uk,ai-seo-geo-aeo,30,,commercial,15.0
ai seo expert,uk,ai-seo-geo-aeo,30,,commercial,15.0
ai driven seo tools,uk,ai-seo-geo-aeo,30,,commercial,15.0
best seo ai,uk,ai-seo-geo-aeo,30,,commercial,15.0
ai optimisation seo,uk,ai-seo-geo-aeo,30,,commercial,15.0
ai seo optimization tools,uk,ai-seo-geo-aeo,30,,commercial,15.0
ai seo content,uk,ai-seo-geo-aeo,30,,commercial,15.0
best ai seo,uk,ai-seo-geo-aeo,30,,commercial,15.0
best ai seo agency,uk,ai-seo-geo-aeo,30,,commercial,15.0
ai software for seo,uk,ai-seo-geo-aeo,30,,commercial,15.0
seo and ai search,uk,ai-seo-geo-aeo,30,,commercial,15.0
ai based seo tools,in,ai-seo-geo-aeo,30,,commercial,15.0
seo for ai search engines,in,ai-seo-geo-aeo,30,,commercial,15.0
ai search seo,in,ai-seo-geo-aeo,30,,commercial,15.0
seo blog writing ai,in,ai-seo-geo-aeo,30,,commercial,15.0
seo automation ai,in,ai-seo-geo-aeo,30,,commercial,15.0
seo check ai,in,ai-seo-geo-aeo,30,,commercial,15.0
best ai seo expert in india,in,ai-seo-geo-aeo,30,,commercial,15.0
seo agent ai,in,ai-seo-geo-aeo,30,,commercial,15.0
top ai seo digital marketers india,in,ai-seo-geo-aeo,30,,commercial,15.0
seo vs ai search,in,ai-seo-geo-aeo,30,,commercial,15.0
generative engine optimization how to dominate ai search,us,ai-seo-geo-aeo,30,,commercial,15.0
generative engine optimization: how to dominate ai search,us,ai-seo-geo-aeo,30,,commercial,15.0
generative engine optimization platform,us,ai-seo-geo-aeo,30,,commercial,15.0
generative engine optimization marketing,us,ai-seo-geo-aeo,30,,commercial,15.0
geo seo agency,us,ai-seo-geo-aeo,30,,commercial,15.0
ai automation agency pricing,us,ai-agent-automation,30,,commercial,15.0
ai automation agency business,us,ai-agent-automation,30,,commercial,15.0
top ai automation agency,us,ai-agent-automation,30,,commercial,15.0
automation agency ai,uk,ai-agent-automation,30,,navigational,15.0
ai automation agency near me,uk,ai-agent-automation,30,,commercial,15.0
best ai automation agency,in,ai-agent-automation,30,,commercial,15.0
ai automation agency in usa,in,ai-agent-automation,30,,commercial,15.0
ai automation agency hub,in,ai-agent-automation,30,,navigational,15.0
top ai automation agency,in,ai-agent-automation,30,,commercial,15.0
ai automation agency website,in,ai-agent-automation,30,,navigational,15.0
ai agent development agency,us,ai-agent-automation,30,,navigational,15.0
ai agent development agency,in,ai-agent-automation,30,,navigational,15.0
ai agent for web development,in,ai-agent-automation,30,,commercial,15.0
ai agents for my business,us,ai-agent-automation,30,,commercial,15.0
ai agents for business operations,us,ai-agent-automation,30,,commercial,15.0
shopify website development services india,in,ecommerce-shopify,30,,navigational,15.0
custom shopify theme development,in,ecommerce-shopify,30,,commercial,15.0
shopify development agency usa,in,ecommerce-shopify,30,,navigational,15.0
ecommerce seo agency usa,us,ecommerce-shopify,30,,commercial,15.0
ecommerce agency liverpool,uk,ecommerce-shopify,30,,commercial,15.0
ecommerce marketing agency manchester,uk,ecommerce-shopify,30,,commercial,15.0
ecommerce agency exeter,uk,ecommerce-shopify,30,,commercial,15.0
b2b ecommerce development agency,uk,ecommerce-shopify,30,,commercial,15.0
shopify plus ecommerce agency,uk,ecommerce-shopify,30,,commercial,15.0
ecommerce ux agency,uk,ecommerce-shopify,30,,navigational,15.0
best ecommerce marketing agency,uk,ecommerce-shopify,30,,commercial,15.0
how much does professional web design cost,us,web-design,30,,commercial,15.0
small business web design agency,uk,web-design,30,,commercial,15.0
web design cost in dubai,in,india-local,30,,commercial,15.0
ecommerce web design cost,in,india-local,30,,commercial,15.0
cost of web design uk,in,india-local,30,,commercial,15.0
web design cost uk,in,india-local,30,,commercial,15.0
ai powered seo,uk,ai-seo-geo-aeo,70,40.0,commercial,14.0
ai-powered seo,uk,ai-seo-geo-aeo,70,37.0,commercial,14.0
seo and ai,uk,ai-seo-geo-aeo,70,41.0,commercial,14.0
using ai for seo,uk,ai-seo-geo-aeo,70,37.0,commercial,14.0
generative ai search engine optimization,us,ai-seo-geo-aeo,70,39.0,commercial,14.0
shopify extension development,us,ecommerce-shopify,70,40.0,commercial,14.0
ecommerce agency leeds,uk,ecommerce-shopify,70,36.0,commercial,14.0
web design agency swansea,uk,web-design,70,41.0,commercial,14.0
web design agency derby,uk,web-design,70,38.0,commercial,14.0
wordpress web design agency london,uk,web-design,70,41.0,commercial,14.0
web design and seo agency,uk,web-design,70,42.0,commercial,14.0
shopify development site,us,ecommerce-shopify,30,30.0,navigational,13.5
shopify web design and development,us,ecommerce-shopify,30,33.0,commercial,13.5
digital marketing ecommerce agency,uk,ecommerce-shopify,30,30.0,commercial,13.5
ecommerce agency scotland,uk,ecommerce-shopify,30,31.0,commercial,13.5
best web design for small business,uk,web-design,30,33.0,commercial,13.5
how much does an seo agency cost,us,seo-cost-audit,30,32.0,commercial,13.5
average seo monthly cost,us,seo-cost-audit,30,33.0,commercial,13.5
squirrly seo pricing,us,seo-cost-audit,30,27.0,commercial,13.5
ai automation workflows,in,ai-agent-automation,260,47.0,commercial,13.0
ai automation workflow,in,ai-agent-automation,260,47.0,commercial,13.0
shopify development account,us,ecommerce-shopify,260,50.0,navigational,13.0
ecommerce agency london,uk,ecommerce-shopify,260,65.0,commercial,13.0
digital agency for ecommerce,uk,ecommerce-shopify,260,65.0,commercial,13.0
digital agency ecommerce,uk,ecommerce-shopify,260,49.0,commercial,13.0
web design agency pune,us,web-design,260,61.0,commercial,13.0
denver web design agency,us,web-design,260,77.0,commercial,13.0
web design agency london,us,web-design,260,72.0,commercial,13.0
web design agency denver,us,web-design,260,82.0,commercial,13.0
web design london agency,us,web-design,260,90.0,commercial,13.0
calgary web design agency,us,web-design,260,66.0,commercial,13.0
web design agency in london,us,web-design,260,100.0,commercial,13.0
london web design agency,us,web-design,260,100.0,commercial,13.0
web design agency london uk,us,web-design,260,100.0,commercial,13.0
seattle web design agency,us,web-design,260,78.0,commercial,13.0
web design and development agency london,uk,web-design,260,69.0,commercial,13.0
web design agency in oxford,uk,web-design,260,67.0,commercial,13.0
oxford web design agency,uk,web-design,260,46.0,navigational,13.0
web design agency kent,uk,web-design,260,68.0,commercial,13.0
web design agency oxford,uk,web-design,260,88.0,commercial,13.0
free seo audit report,us,seo-cost-audit,260,73.0,commercial,13.0
free seo audit reports,us,seo-cost-audit,260,68.0,commercial,13.0
seo online audit,us,seo-cost-audit,260,77.0,commercial,13.0
seo audit reporting tool,us,seo-cost-audit,260,73.0,commercial,13.0
free website seo audit tool,us,seo-cost-audit,260,77.0,commercial,13.0
free online seo audit,us,seo-cost-audit,260,71.0,commercial,13.0
seo audit online,us,seo-cost-audit,260,77.0,commercial,13.0
free website seo audit tools,us,seo-cost-audit,260,77.0,commercial,13.0
ahrefs seo audit,us,seo-cost-audit,260,47.0,commercial,13.0
seo audit report tool,us,seo-cost-audit,260,84.0,commercial,13.0
seo audit report tools,us,seo-cost-audit,260,73.0,commercial,13.0
seo tool audit,uk,seo-cost-audit,260,70.0,commercial,13.0
audit seo tool,uk,seo-cost-audit,260,80.0,commercial,13.0
seo audit tool,uk,seo-cost-audit,260,74.0,commercial,13.0
seo tools audit,uk,seo-cost-audit,260,70.0,commercial,13.0
seo audit tools,uk,seo-cost-audit,260,70.0,commercial,13.0
search engine optimization seo agency,in,india-local,260,54.0,commercial,13.0
ai seo analyzer,us,ai-seo-geo-aeo,210,72.0,commercial,10.5
ai automation testing tools,in,ai-agent-automation,210,74.0,commercial,10.5
ecommerce development companies in dubai,in,ecommerce-shopify,210,50.0,commercial,10.5
ecommerce development company in dubai,in,ecommerce-shopify,210,50.0,commercial,10.5
ecommerce web development in bangalore,in,ecommerce-shopify,210,49.0,commercial,10.5
magento ecommerce agency,uk,ecommerce-shopify,210,60.0,commercial,10.5
london ecommerce agency,uk,ecommerce-shopify,210,66.0,commercial,10.5
ecommerce agency in london,uk,ecommerce-shopify,210,65.0,commercial,10.5
small business web design company,us,web-design,210,50.0,commercial,10.5
miami web design agency,us,web-design,210,71.0,commercial,10.5
web design services agency,us,web-design,210,70.0,commercial,10.5
web design agency tampa,us,web-design,210,59.0,commercial,10.5
web design agency boston,us,web-design,210,92.0,commercial,10.5
boston web design agency,us,web-design,210,79.0,commercial,10.5
real estate agency web design,us,web-design,210,49.0,commercial,10.5
web design agency in boston,us,web-design,210,85.0,commercial,10.5
web design service agency,us,web-design,210,78.0,commercial,10.5
web design agency in miami,us,web-design,210,74.0,commercial,10.5
web design agency newcastle,uk,web-design,210,54.0,commercial,10.5
web design agency newcastle upon tyne,uk,web-design,210,92.0,commercial,10.5
web design agency india,uk,web-design,210,53.0,commercial,10.5
shopify web design agency,uk,web-design,210,99.0,commercial,10.5
newcastle web design agency,uk,web-design,210,62.0,commercial,10.5
online seo audit,us,seo-cost-audit,210,73.0,commercial,10.5
free seo audit report tools,us,seo-cost-audit,210,73.0,commercial,10.5
free online seo audit tool,us,seo-cost-audit,210,77.0,commercial,10.5
on page seo audit tool,us,seo-cost-audit,210,77.0,commercial,10.5
free online seo audit tools,us,seo-cost-audit,210,77.0,commercial,10.5
free seo audit report tool,us,seo-cost-audit,210,73.0,commercial,10.5
free seo audit tools,uk,seo-cost-audit,210,75.0,commercial,10.5
seo audit tool free,uk,seo-cost-audit,210,74.0,commercial,10.5
seo audit free tools,uk,seo-cost-audit,210,83.0,commercial,10.5
seo audit free tool,uk,seo-cost-audit,210,83.0,commercial,10.5
free seo audit tool,uk,seo-cost-audit,210,75.0,commercial,10.5
technical seo audit tool,us,seo-cost-audit,210,73.0,commercial,10.5
technical seo audit tools,us,seo-cost-audit,210,73.0,commercial,10.5
best seo agency in gurgaon,in,india-local,210,59.0,commercial,10.5
best seo agency in ahmedabad,in,india-local,210,85.0,commercial,10.5
seo for digital marketing agency,in,india-local,210,100.0,commercial,10.5
seo agency florida,in,india-local,210,51.0,commercial,10.5
seo digital marketing agency,in,india-local,210,72.0,commercial,10.5
b2b seo agency,in,india-local,210,46.0,commercial,10.5
seo agency in toronto,in,india-local,210,52.0,commercial,10.5
florida seo agency,in,india-local,210,51.0,commercial,10.5
ai optimization seo,in,ai-seo-geo-aeo,50,41.0,commercial,10.0
seo optimizer ai,in,ai-seo-geo-aeo,50,41.0,commercial,10.0
magento 2 ecommerce development,us,ecommerce-shopify,50,45.0,commercial,10.0
ecommerce web development companies,us,ecommerce-shopify,50,42.0,commercial,10.0
ecommerce web design agency london,uk,ecommerce-shopify,50,41.0,commercial,10.0
professional web design agency,uk,web-design,50,45.0,commercial,10.0
best free seo audit tools,uk,seo-cost-audit,50,41.0,commercial,10.0
seo ai software,us,ai-seo-geo-aeo,170,51.0,commercial,8.5
seo writer ai,uk,ai-seo-geo-aeo,170,66.0,commercial,8.5
shopify store development service,us,ecommerce-shopify,170,48.0,navigational,8.5
magento ecommerce development company,in,ecommerce-shopify,170,52.0,commercial,8.5
ecommerce website development chennai,in,ecommerce-shopify,170,46.0,navigational,8.5
ecommerce website development dubai,in,ecommerce-shopify,170,50.0,commercial,8.5
ecommerce website development in dubai,in,ecommerce-shopify,170,50.0,commercial,8.5
web agency ecommerce,uk,ecommerce-shopify,170,84.0,commercial,8.5
ecommerce design agency,uk,ecommerce-shopify,170,87.0,commercial,8.5
low-cost web design,us,web-design,170,63.0,commercial,8.5
low cost web design,us,web-design,170,95.0,commercial,8.5
web design agency virginia,us,web-design,170,74.0,commercial,8.5
dental web design agency,us,web-design,170,96.0,commercial,8.5
web design agency miami,us,web-design,170,62.0,commercial,8.5
austin web design agency,us,web-design,170,81.0,commercial,8.5
web design agency milton keynes,uk,web-design,170,74.0,commercial,8.5
hertfordshire web design agency,uk,web-design,170,57.0,commercial,8.5
web design agency in india,uk,web-design,170,48.0,commercial,8.5
free website audit seo,uk,seo-cost-audit,170,73.0,commercial,8.5
free site audit seo,uk,seo-cost-audit,170,74.0,commercial,8.5
website seo audit free,uk,seo-cost-audit,170,73.0,commercial,8.5
free seo page audit,uk,seo-cost-audit,170,63.0,commercial,8.5
free seo website audit,uk,seo-cost-audit,170,75.0,commercial,8.5
free site seo audit,uk,seo-cost-audit,170,74.0,commercial,8.5
seo site audit free,uk,seo-cost-audit,170,75.0,commercial,8.5
seo website audit free,uk,seo-cost-audit,170,72.0,commercial,8.5
free seo site audit,uk,seo-cost-audit,170,74.0,commercial,8.5
free website seo audit,uk,seo-cost-audit,170,75.0,commercial,8.5
ai content seo,uk,ai-seo-geo-aeo,40,41.0,commercial,8.0
ai tools seo,uk,ai-seo-geo-aeo,40,36.0,commercial,8.0
wordpress ecommerce development company,us,ecommerce-shopify,40,36.0,commercial,8.0
agentic ai automation,us,ai-agent-automation,140,46.0,navigational,7.0
shopify web development agency,us,ecommerce-shopify,140,51.0,navigational,7.0
best ecommerce website development company india,in,ecommerce-shopify,140,55.0,commercial,7.0
ecommerce website development company noida,in,ecommerce-shopify,140,47.0,commercial,7.0
ecommerce website development company in jaipur,in,ecommerce-shopify,140,50.0,commercial,7.0
ecommerce website development company in noida,in,ecommerce-shopify,140,47.0,commercial,7.0
ecommerce development agencies,in,ecommerce-shopify,140,65.0,commercial,7.0
best ecommerce website development company in india,in,ecommerce-shopify,140,55.0,commercial,7.0
ecommerce development company in delhi,in,ecommerce-shopify,140,55.0,commercial,7.0
ecommerce development agency,in,ecommerce-shopify,140,65.0,commercial,7.0
ecommerce development company delhi,in,ecommerce-shopify,140,55.0,commercial,7.0
ecommerce agency london,us,ecommerce-shopify,140,85.0,commercial,7.0
digital agency ecommerce,us,ecommerce-shopify,140,61.0,commercial,7.0
ecommerce agency manchester,uk,ecommerce-shopify,140,50.0,commercial,7.0
web design agency austin tx,us,web-design,140,91.0,commercial,7.0
web design creative agency,us,web-design,140,97.0,commercial,7.0
web design agency st louis,us,web-design,140,72.0,commercial,7.0
philadelphia web design agency,us,web-design,140,52.0,commercial,7.0
web design agency austin,us,web-design,140,81.0,commercial,7.0
creative web design agency,us,web-design,140,86.0,commercial,7.0
web design agency usa,uk,web-design,140,52.0,commercial,7.0
web design agency cardiff,uk,web-design,140,49.0,commercial,7.0
web design agency southampton,uk,web-design,140,65.0,commercial,7.0
creative web design agency,uk,web-design,140,95.0,commercial,7.0
web design agency west midlands,uk,web-design,140,66.0,commercial,7.0
seo audit tools online,uk,seo-cost-audit,140,71.0,commercial,7.0
audit seo site web,uk,seo-cost-audit,140,65.0,commercial,7.0
seo audit tool online,uk,seo-cost-audit,140,75.0,commercial,7.0
seo site audit tool,uk,seo-cost-audit,140,71.0,commercial,7.0
seo site audit tools,uk,seo-cost-audit,140,81.0,commercial,7.0
seo audit report,uk,seo-cost-audit,140,74.0,commercial,7.0
seo audit for a website,uk,seo-cost-audit,140,83.0,commercial,7.0
seo audit online tool,uk,seo-cost-audit,140,75.0,commercial,7.0
website seo audit,uk,seo-cost-audit,140,75.0,commercial,7.0
seo on-page audit,uk,seo-cost-audit,140,71.0,commercial,7.0
online seo audit tools,uk,seo-cost-audit,140,70.0,commercial,7.0
seo on page audit,uk,seo-cost-audit,140,75.0,commercial,7.0
seo technical audit tool,us,seo-cost-audit,140,77.0,commercial,7.0
seo technical audit tools,us,seo-cost-audit,140,77.0,commercial,7.0
seo tool ai,uk,ai-seo-geo-aeo,30,36.0,commercial,6.0
seo tools ai,uk,ai-seo-geo-aeo,30,36.0,commercial,6.0
shopify development app,us,ecommerce-shopify,30,43.0,commercial,6.0
ecommerce branding agency,uk,ecommerce-shopify,30,36.0,commercial,6.0
ai seo content,us,ai-seo-geo-aeo,110,49.0,commercial,5.5
generative engine optimization strategy,us,ai-seo-geo-aeo,110,54.0,commercial,5.5
ecommerce platform development,us,ecommerce-shopify,110,48.0,commercial,5.5
ecommerce application development company,in,ecommerce-shopify,110,52.0,commercial,5.5
custom ecommerce website development,in,ecommerce-shopify,110,58.0,commercial,5.5
ecommerce development companies in chennai,in,ecommerce-shopify,110,50.0,commercial,5.5
ecommerce development company chennai,in,ecommerce-shopify,110,50.0,commercial,5.5
ecommerce development company in chennai,in,ecommerce-shopify,110,50.0,commercial,5.5
st louis web design agency,us,web-design,110,72.0,commercial,5.5
digital marketing and web design agency,us,web-design,110,100.0,commercial,5.5
best web design agency india,us,web-design,110,87.0,commercial,5.5
nashville web design agency,us,web-design,110,66.0,commercial,5.5
web design agency new york,uk,web-design,110,78.0,commercial,5.5
web design development agency,uk,web-design,110,100.0,commercial,5.5
charity web design agency,uk,web-design,110,86.0,commercial,5.5
web design agency new york city,uk,web-design,110,67.0,commercial,5.5
web design agency lancashire,uk,web-design,110,87.0,commercial,5.5
web design agency glasgow,uk,web-design,110,96.0,commercial,5.5
web design marketing agency,uk,web-design,110,97.0,commercial,5.5
glasgow web design agency,uk,web-design,110,59.0,commercial,5.5
best web design agency in uk,uk,web-design,110,100.0,commercial,5.5
ny web design agency,uk,web-design,110,62.0,commercial,5.5
web design & development agency,uk,web-design,110,46.0,commercial,5.5
web design agency in new york,uk,web-design,110,96.0,commercial,5.5
web seo audit,uk,seo-cost-audit,110,73.0,commercial,5.5
seo audit reports,uk,seo-cost-audit,110,66.0,commercial,5.5
website seo audit tools,uk,seo-cost-audit,110,86.0,commercial,5.5
website seo audit tool,uk,seo-cost-audit,110,81.0,commercial,5.5
seo website audit tool,uk,seo-cost-audit,110,71.0,commercial,5.5
seo website audit tools,uk,seo-cost-audit,110,74.0,commercial,5.5
technical seo site audit,us,seo-cost-audit,110,84.0,commercial,5.5
ai seo audit,us,ai-seo-geo-aeo,90,66.0,commercial,4.5
seo ai tools analysis,us,ai-seo-geo-aeo,90,63.0,commercial,4.5
seo ai tool free,in,ai-seo-geo-aeo,90,60.0,commercial,4.5
seo ai tools free,in,ai-seo-geo-aeo,90,60.0,commercial,4.5
ai powered web development agent,us,ai-agent-automation,90,49.0,commercial,4.5
shopify website development cost,in,ecommerce-shopify,90,54.0,commercial,4.5
magento ecommerce development,in,ecommerce-shopify,90,68.0,commercial,4.5
ecommerce development companies in usa,in,ecommerce-shopify,90,64.0,commercial,4.5
ecommerce development company in usa,in,ecommerce-shopify,90,64.0,commercial,4.5
ecommerce development company usa,in,ecommerce-shopify,90,64.0,commercial,4.5
ecommerce website agency,us,ecommerce-shopify,90,49.0,commercial,4.5
shopify ecommerce agency,uk,ecommerce-shopify,90,83.0,commercial,4.5
digital ecommerce agency,uk,ecommerce-shopify,90,49.0,commercial,4.5
web design agency hertfordshire,us,web-design,90,89.0,commercial,4.5
web design marketing agency,us,web-design,90,100.0,commercial,4.5
web design and marketing agency,us,web-design,90,100.0,commercial,4.5
web design and digital marketing agency,us,web-design,90,100.0,commercial,4.5
web design agency in usa,us,web-design,90,93.0,commercial,4.5
web design agency england,us,web-design,90,77.0,commercial,4.5
web design agency in uk,us,web-design,90,73.0,commercial,4.5
web design and seo agency,us,web-design,90,97.0,commercial,4.5
luxury web design agency,us,web-design,90,63.0,commercial,4.5
marketing and web design agency,us,web-design,90,79.0,commercial,4.5
law firm web design agency,us,web-design,90,100.0,commercial,4.5
hertfordshire web design agency,us,web-design,90,91.0,commercial,4.5
web design agency essex,us,web-design,90,84.0,commercial,4.5
web design agency uk,us,web-design,90,100.0,commercial,4.5
portland web design agency,us,web-design,90,46.0,commercial,4.5
web design service agency,uk,web-design,90,97.0,commercial,4.5
design agency web,uk,web-design,90,100.0,commercial,4.5
web design agency brighton,uk,web-design,90,93.0,commercial,4.5
web design agency services,uk,web-design,90,58.0,commercial,4.5
bath web design agency,uk,web-design,90,66.0,commercial,4.5
branding and web design agency,uk,web-design,90,87.0,commercial,4.5
cambridge web design agency,uk,web-design,90,70.0,commercial,4.5
web design and branding agency,uk,web-design,90,58.0,commercial,4.5
brighton web design agency,uk,web-design,90,95.0,commercial,4.5
web design agency bath,uk,web-design,90,63.0,commercial,4.5
web design agency cambridge,uk,web-design,90,89.0,commercial,4.5
web design agency website design,uk,web-design,90,93.0,commercial,4.5
web design services agency,uk,web-design,90,100.0,commercial,4.5
on page seo audit,uk,seo-cost-audit,90,70.0,commercial,4.5
on-page seo audit,uk,seo-cost-audit,90,70.0,commercial,4.5
best seo audit tool,uk,seo-cost-audit,90,75.0,commercial,4.5
moz seo pricing,us,seo-cost-audit,90,46.0,commercial,4.5
semrush technical seo audit,us,seo-cost-audit,90,55.0,commercial,4.5
seo content ai,us,ai-seo-geo-aeo,70,69.0,commercial,3.5
ai seo audit,uk,ai-seo-geo-aeo,70,61.0,commercial,3.5
shopify plugin development,in,ecommerce-shopify,70,51.0,commercial,3.5
shopify plugins development,in,ecommerce-shopify,70,51.0,commercial,3.5
ecommerce store development,us,ecommerce-shopify,70,48.0,commercial,3.5
website development for ecommerce,us,ecommerce-shopify,70,51.0,commercial,3.5
ecommerce development company in noida,in,ecommerce-shopify,70,46.0,commercial,3.5
top ecommerce development companies,in,ecommerce-shopify,70,85.0,commercial,3.5
ecommerce software development,in,ecommerce-shopify,70,52.0,commercial,3.5
top ecommerce development company,in,ecommerce-shopify,70,85.0,commercial,3.5
ecommerce website development in mumbai,in,ecommerce-shopify,70,46.0,commercial,3.5
software development ecommerce,in,ecommerce-shopify,70,52.0,commercial,3.5
web design digital agency,uk,web-design,70,97.0,commercial,3.5
marketing agency web design,uk,web-design,70,48.0,commercial,3.5
full service web design agency,uk,web-design,70,100.0,commercial,3.5
web design and marketing agency,uk,web-design,70,100.0,commercial,3.5
web design agency yorkshire,uk,web-design,70,65.0,commercial,3.5
full-service web design agency,uk,web-design,70,51.0,commercial,3.5
web agency web design,uk,web-design,70,87.0,commercial,3.5
derby web design agency,uk,web-design,70,67.0,commercial,3.5
web design agency plymouth,uk,web-design,70,63.0,commercial,3.5
marketing and web design agency,uk,web-design,70,100.0,commercial,3.5
seo audit online,uk,seo-cost-audit,70,75.0,commercial,3.5
online seo audit,uk,seo-cost-audit,70,69.0,commercial,3.5
seo online audit,uk,seo-cost-audit,70,66.0,commercial,3.5
technical seo audit tool,uk,seo-cost-audit,70,81.0,commercial,3.5
technical seo audit tools,uk,seo-cost-audit,70,81.0,commercial,3.5
content seo audit,uk,seo-cost-audit,70,81.0,commercial,3.5
technical seo audit free,us,seo-cost-audit,70,71.0,commercial,3.5
free technical seo audit,us,seo-cost-audit,70,71.0,commercial,3.5
free seo ai tools,uk,ai-seo-geo-aeo,50,59.0,commercial,2.5
free seo ai tool,uk,ai-seo-geo-aeo,50,83.0,commercial,2.5
seo and ai,in,ai-seo-geo-aeo,50,73.0,commercial,2.5
shopify plugins development,us,ecommerce-shopify,50,49.0,commercial,2.5
shopify custom development,in,ecommerce-shopify,50,60.0,navigational,2.5
ecommerce web development solutions,us,ecommerce-shopify,50,47.0,commercial,2.5
ecommerce web development company usa,us,ecommerce-shopify,50,48.0,commercial,2.5
wordpress ecommerce agency,us,ecommerce-shopify,50,47.0,commercial,2.5
ecommerce digital marketing agency london,uk,ecommerce-shopify,50,65.0,commercial,2.5
ecommerce website design agency london,uk,ecommerce-shopify,50,67.0,commercial,2.5
hull web design agency,uk,web-design,50,71.0,navigational,2.5
web design agency norfolk,uk,web-design,50,73.0,commercial,2.5
shopify plus web design agency,uk,web-design,50,75.0,commercial,2.5
web design agency devon,uk,web-design,50,78.0,commercial,2.5
edinburgh web design agency,uk,web-design,50,71.0,commercial,2.5
seo audit report tool,uk,seo-cost-audit,50,75.0,commercial,2.5
semrush seo audit,uk,seo-cost-audit,50,51.0,commercial,2.5
on-page seo audit tool,uk,seo-cost-audit,50,74.0,commercial,2.5
seo audit semrush,uk,seo-cost-audit,50,51.0,commercial,2.5
seo audit report tools,uk,seo-cost-audit,50,71.0,commercial,2.5
best seo audit,uk,seo-cost-audit,50,46.0,commercial,2.5
onpage seo audit tool,uk,seo-cost-audit,50,74.0,commercial,2.5
free online seo audit,uk,seo-cost-audit,50,74.0,commercial,2.5
blog seo ai,in,ai-seo-geo-aeo,40,67.0,commercial,2.0
ai seo blog,in,ai-seo-geo-aeo,40,79.0,commercial,2.0
shopify ecommerce development agency,us,ecommerce-shopify,40,65.0,navigational,2.0
marketing agency ecommerce,uk,ecommerce-shopify,40,49.0,commercial,2.0
yoast seo plugin pricing,us,seo-cost-audit,40,51.0,commercial,2.0
seo ai writer,uk,ai-seo-geo-aeo,30,67.0,commercial,1.5
ecommerce agency edinburgh,uk,ecommerce-shopify,30,55.0,commercial,1.5
ecommerce brand agency,uk,ecommerce-shopify,30,49.0,commercial,1.5
ecommerce agency bristol,uk,ecommerce-shopify,30,64.0,commercial,1.5
godaddy web design cost,us,web-design,30,46.0,commercial,1.5
small business web design philadelphia,us,web-design,30,52.0,commercial,1.5
small business web design denver,us,web-design,30,50.0,commercial,1.5
web design and hosting for small business,uk,web-design,30,60.0,commercial,1.5
best small business web design,uk,web-design,30,56.0,commercial,1.5
small business web design london,uk,web-design,30,78.0,commercial,1.5
