keyword,service,seed,search_volume,cpc,competition,kd,intent
agentic ai,agentic-commerce,agentic ai,22200,16.69,MEDIUM,56,informational
ecommerce,agentic-commerce,agentic ai ecommerce,18100,10.62,LOW,28,commercial
website of design,web-design,website design,14800,15.85,MEDIUM,91,informational
web design for website,web-design,website design,14800,15.85,MEDIUM,64,commercial
website about design,web-design,website design,14800,15.85,MEDIUM,91,informational
design in website,web-design,website design,14800,15.85,MEDIUM,91,informational
website design web,web-design,website design,14800,15.85,MEDIUM,64,commercial
website design,web-design,website design,14800,15.85,MEDIUM,91,commercial
web design website design,web-design,website design,14800,15.85,MEDIUM,68,commercial
website design website,web-design,website design,14800,15.85,MEDIUM,91,commercial
website design websites,web-design,website design,14800,15.85,MEDIUM,59,commercial
design website design,web-design,website design,14800,15.85,MEDIUM,91,commercial
ai google,agentic-commerce,agentic ai ecommerce,9900,0.77,LOW,62,navigational
marketing agency,ai-commerce,ai ecommerce agency,8100,8.88,MEDIUM,58,commercial
digital marketing agency,ai-commerce,ai ecommerce agency,8100,16.68,MEDIUM,71,commercial
shopify development partners,ecommerce,shopify development,6600,15.76,LOW,45,navigational
shopify development partner,ecommerce,shopify development,6600,15.76,LOW,27,commercial
seo agency,ai-commerce,ai ecommerce agency,6600,30.41,MEDIUM,42,commercial
what is ecommerce,ai-commerce,ai ecommerce agency,6600,5.26,LOW,38,informational
ai studio google,agentic-commerce,agentic ai ecommerce,6600,0.84,LOW,41,navigational
seo optimization agency,seo,seo agency,6600,30.41,MEDIUM,57,commercial
agency for seo,seo,seo agency,6600,30.41,MEDIUM,41,commercial
agency seo,seo,seo agency,6600,30.41,MEDIUM,42,commercial
seo optimisation agency,seo,seo agency,6600,30.41,MEDIUM,42,commercial
seo for agency,seo,seo agency,6600,30.41,MEDIUM,42,commercial
what is agentic ai,agentic-commerce,agentic ai,5400,5.74,MEDIUM,56,informational
agentic ai meaning,agentic-commerce,agentic ai,4400,3.3,LOW,36,informational
seo agency interamplify,seo,seo agency,4400,0,LOW,0,commercial
seo services,seo,seo services,4400,26.57,LOW,36,commercial
seo-services,seo,seo services,4400,26.57,LOW,65,commercial
services seo,seo,seo services,4400,26.57,LOW,39,commercial
and seo services,seo,seo services,4400,26.57,LOW,55,commercial
services for seo,seo,seo services,4400,26.57,LOW,41,commercial
seo optimization services,seo,seo services,4400,26.57,LOW,32,commercial
services of seo,seo,seo services,4400,26.57,LOW,42,commercial
web design agency,web-design,web design agency,4400,14.32,MEDIUM,97,commercial
agency for web design,web-design,web design agency,4400,14.32,MEDIUM,60,commercial
agency web design,web-design,web design agency,4400,14.32,MEDIUM,60,commercial
agency website design,web-design,website design,4400,14.32,MEDIUM,100,commercial
website design agency,web-design,website design,4400,14.32,MEDIUM,97,commercial
website design agencies,web-design,website design,4400,14.32,MEDIUM,97,commercial
advertising agency,ai-commerce,ai ecommerce agency,3600,13.33,LOW,31,commercial
seo agency uk,ai-commerce,ai ecommerce agency,3600,29.43,LOW,42,commercial
seo agency london,ai-commerce,ai ecommerce agency,3600,16.54,LOW,55,commercial
seo agency in the uk,seo,seo agency,3600,29.43,LOW,64,commercial
seo agency london uk,seo,seo agency,3600,16.54,LOW,47,commercial
seo agency in uk,seo,seo agency,3600,29.43,LOW,55,commercial
uk seo agency,seo,seo agency,3600,29.43,LOW,61,commercial
seo agency near me,seo,seo agency,3600,25.85,LOW,34,commercial
london seo agency,seo,seo agency,3600,16.54,LOW,56,commercial
seo agency united kingdom,seo,seo agency,3600,29.43,LOW,42,commercial
seo london agency,seo,seo agency,3600,16.54,LOW,55,commercial
seo agency in london,seo,seo agency,3600,16.54,LOW,55,commercial
seo services in the uk,seo,seo services,3600,29.43,LOW,59,commercial
seo services near me,seo,seo services,3600,25.85,LOW,32,commercial
web design website company,web-design,web design company,3600,20.99,LOW,98,commercial
web design company websites,web-design,web design company,3600,20.99,LOW,67,commercial
web design company,web-design,web design company,3600,20.99,LOW,77,commercial
web design design company,web-design,web design company,3600,20.99,LOW,77,commercial
web design company website,web-design,web design company,3600,20.99,LOW,100,navigational
company web design,web-design,web design company,3600,20.99,LOW,97,commercial
web design for company,web-design,web design company,3600,20.99,LOW,77,commercial
web design company site,web-design,web design company,3600,20.99,LOW,100,commercial
design web company,web-design,web design company,3600,20.99,LOW,77,commercial
company for web design,web-design,web design company,3600,20.99,LOW,77,commercial
website design firms,web-design,website design,3600,20.99,LOW,77,commercial
website design london uk,web-design,website design,3600,9.49,LOW,100,commercial
website design companies,web-design,website design,3600,20.99,LOW,60,commercial
company to design website,web-design,website design,3600,20.99,LOW,66,commercial
design website company,web-design,website design,3600,20.99,LOW,60,commercial
website company design,web-design,website design,3600,20.99,LOW,98,commercial
company design website,web-design,website design,3600,20.99,LOW,47,navigational
website design company,web-design,website design,3600,20.99,LOW,60,commercial
companies website design,web-design,website design,3600,20.99,LOW,60,commercial
design company website,web-design,website design,3600,20.99,LOW,92,navigational
website design for company,web-design,website design,3600,20.99,LOW,60,commercial
website design in london,web-design,website design,3600,9.49,LOW,77,commercial
company website design,web-design,website design,3600,20.99,LOW,60,commercial
website design london,web-design,website design,3600,9.49,LOW,77,commercial
london website design,web-design,website design,3600,9.49,LOW,74,commercial
company that design website,web-design,website design,3600,20.99,LOW,77,commercial
website design firm,web-design,website design,3600,20.99,LOW,100,commercial
company for website design,web-design,website design,3600,20.99,LOW,60,commercial
website design company website,web-design,website design,3600,20.99,LOW,60,navigational
website design london england,web-design,website design,3600,9.49,LOW,74,commercial
co design website,web-design,website design,3600,20.99,LOW,21,navigational
ppc agency,ai-commerce,ai ecommerce agency,2900,40.23,MEDIUM,13,navigational
agency allure,ai-commerce,ai ecommerce agency,2900,0,LOW,0,navigational
digital marketing agency london,ai-commerce,ai ecommerce agency,2900,11.86,MEDIUM,58,commercial
creative agency,ai-commerce,ai ecommerce agency,2400,6.23,MEDIUM,32,commercial
digital product agency,ai-commerce,ai ecommerce agency,2400,19.54,MEDIUM,6,commercial
branding agency,ai-commerce,ai ecommerce agency,2400,14.01,MEDIUM,59,commercial
digital marketing agency uk,ai-commerce,ai ecommerce agency,2400,21.44,LOW,58,commercial
web design agency london,web-design,web design agency,2400,9.54,LOW,100,commercial
web design agency in london,web-design,web design agency,2400,9.54,LOW,100,commercial
web design london agency,web-design,web design agency,2400,9.54,LOW,100,commercial
web design agency london uk,web-design,web design agency,2400,9.54,LOW,100,commercial
london web design agency,web-design,web design agency,2400,9.54,LOW,87,commercial
web design company london,web-design,web design company,2400,9.54,LOW,94,commercial
website design company london,web-design,website design,2400,9.54,LOW,100,commercial
website design agency in london,web-design,website design,2400,9.54,LOW,100,commercial
website design companies london,web-design,website design,2400,9.54,LOW,79,commercial
website design agency london,web-design,website design,2400,9.54,LOW,100,commercial
website design agencies london,web-design,website design,2400,9.54,LOW,100,commercial
london website design agency,web-design,website design,2400,9.54,LOW,94,commercial
social media agency,ai-commerce,ai ecommerce agency,1900,12.79,MEDIUM,25,commercial
social media marketing agency,ai-commerce,ai ecommerce agency,1900,21.21,MEDIUM,14,commercial
ai in seo,ai-seo,ai seo,1900,24.58,MEDIUM,40,informational
ai seo,ai-seo,ai seo,1900,24.58,MEDIUM,40,informational
ai for seo,ai-seo,ai seo,1900,24.58,MEDIUM,40,commercial
ai and seo,ai-seo,ai seo,1900,24.58,MEDIUM,37,commercial
ai-seo,ai-seo,ai seo,1900,24.58,MEDIUM,40,commercial
seo ai,ai-seo,ai seo,1900,24.58,MEDIUM,36,informational
website design bristol,web-design,website design,1900,9.12,LOW,84,commercial
bristol website design,web-design,website design,1900,9.12,LOW,76,navigational
website design with ecommerce,ecommerce,ecommerce website design,1600,17.23,LOW,18,commercial
design a ecommerce website,ecommerce,ecommerce website design,1600,17.23,LOW,18,commercial
ecommerce website homepage design,ecommerce,ecommerce website design,1600,17.23,LOW,40,navigational
design website ecommerce,ecommerce,ecommerce website design,1600,17.23,LOW,18,commercial
website and ecommerce design,ecommerce,ecommerce website design,1600,17.23,LOW,26,commercial
design an ecommerce website,ecommerce,ecommerce website design,1600,17.23,LOW,18,commercial
web design for ecommerce website,ecommerce,ecommerce website design,1600,17.23,LOW,18,commercial
design for ecommerce website,ecommerce,ecommerce website design,1600,17.23,LOW,18,commercial
website ecommerce design,ecommerce,ecommerce website design,1600,17.23,LOW,26,commercial
design ecommerce website,ecommerce,ecommerce website design,1600,17.23,LOW,45,commercial
ecommerce website design,ecommerce,ecommerce website design,1600,17.23,LOW,18,commercial
website design for ecommerce,ecommerce,ecommerce website design,1600,17.23,LOW,18,commercial
website design and ecommerce,ecommerce,ecommerce website design,1600,17.23,LOW,16,commercial
ecommerce design website,ecommerce,ecommerce website design,1600,17.23,LOW,31,commercial
digital agency,ai-commerce,ai ecommerce agency,1600,10.96,MEDIUM,75,commercial
pr agency london,ai-commerce,ai ecommerce agency,1600,12.2,MEDIUM,27,commercial
ecommerce business,ai-commerce,ai ecommerce agency,1600,9.62,MEDIUM,28,commercial
best seo agency uk,ai-commerce,ai ecommerce agency,1600,29.94,LOW,41,commercial
best seo agency,ai-commerce,ai ecommerce agency,1600,24.38,LOW,23,commercial
best uk seo agency,ai-commerce,ai ecommerce agency,1600,29.94,LOW,42,commercial
pr agency,ai-commerce,ai ecommerce agency,1600,18.19,MEDIUM,49,commercial
web bale ai,agentic-commerce,agentic ai ecommerce,1600,0,LOW,26,navigational
best seo agency united kingdom,seo,seo agency,1600,29.94,LOW,41,commercial
best seo agency in uk,seo,seo agency,1600,29.94,LOW,61,commercial
best seo agency in the uk,seo,seo agency,1600,29.94,LOW,76,commercial
seo agency best,seo,seo agency,1600,24.38,LOW,23,commercial
top seo agency uk,seo,seo agency,1600,29.94,LOW,42,commercial
seo uk services,seo,seo services,1600,16.64,LOW,37,commercial
seo optimization services uk,seo,seo services,1600,16.64,LOW,43,commercial
best seo services uk,seo,seo services,1600,29.94,LOW,25,commercial
seo services in uk,seo,seo services,1600,16.64,LOW,45,commercial
best seo services in uk,seo,seo services,1600,29.94,LOW,10,commercial
seo services in england,seo,seo services,1600,16.64,LOW,32,commercial
local seo services,seo,seo services,1600,20.48,LOW,2,commercial
top seo services uk,seo,seo services,1600,29.94,LOW,58,commercial
seo services uk,seo,seo services,1600,16.64,LOW,45,commercial
uk seo services,seo,seo services,1600,16.64,LOW,46,commercial
seo services england,seo,seo services,1600,16.64,LOW,42,commercial
audit seo,seo,seo audit,1600,12.95,MEDIUM,75,informational
seo audit,seo,seo audit,1600,12.95,MEDIUM,75,commercial
seo local seo,seo,local seo,1600,16.32,LOW,59,commercial
local seo,seo,local seo,1600,16.32,LOW,59,commercial
local seo optimization,seo,local seo,1600,16.32,LOW,72,commercial
seo for local,seo,local seo,1600,16.32,LOW,59,commercial
best website design websites,web-design,website design,1600,5,MEDIUM,50,commercial
birmingham website design,web-design,website design,1600,21.81,LOW,62,commercial
best website for web design,web-design,website design,1600,5,MEDIUM,50,commercial
website with best design,web-design,website design,1600,5,MEDIUM,40,informational
website design england,web-design,website design,1600,22.91,MEDIUM,88,commercial
website design good,web-design,website design,1600,5,MEDIUM,37,informational
design e commerce website,web-design,website design,1600,17.23,LOW,23,commercial
website design birmingham uk,web-design,website design,1600,21.81,LOW,60,navigational
website design united kingdom,web-design,website design,1600,22.91,MEDIUM,60,commercial
website design for e commerce,web-design,website design,1600,17.23,LOW,45,commercial
website best design,web-design,website design,1600,5,MEDIUM,43,commercial
best design of website,web-design,website design,1600,5,MEDIUM,40,informational
website design best sites,web-design,website design,1600,5,MEDIUM,41,commercial
uk website design,web-design,website design,1600,22.91,MEDIUM,40,commercial
website design best,web-design,website design,1600,5,MEDIUM,40,commercial
website design in birmingham,web-design,website design,1600,21.81,LOW,84,commercial
design of e commerce website,web-design,website design,1600,17.23,LOW,45,commercial
website design bradford,web-design,website design,1600,2.24,LOW,61,commercial
best design website,web-design,website design,1600,5,MEDIUM,40,commercial
best of website design,web-design,website design,1600,5,MEDIUM,40,commercial
best web design website,web-design,website design,1600,5,MEDIUM,38,commercial
good design for website,web-design,website design,1600,5,MEDIUM,45,informational
design of e-commerce website,web-design,website design,1600,17.23,LOW,45,commercial
best website to design,web-design,website design,1600,5,MEDIUM,40,commercial
best design for a website,web-design,website design,1600,5,MEDIUM,40,commercial
design website uk,web-design,website design,1600,22.91,MEDIUM,40,commercial
e-commerce website design,web-design,website design,1600,17.23,LOW,45,commercial
best in website design,web-design,website design,1600,5,MEDIUM,40,commercial
design website best,web-design,website design,1600,5,MEDIUM,40,commercial
best website design,web-design,website design,1600,5,MEDIUM,45,commercial
website design in uk,web-design,website design,1600,22.91,MEDIUM,89,navigational
best website for website design,web-design,website design,1600,5,MEDIUM,40,commercial
best websites for website design,web-design,website design,1600,5,MEDIUM,51,commercial
best design for website,web-design,website design,1600,5,MEDIUM,40,commercial
good design for a website,web-design,website design,1600,5,MEDIUM,33,informational
good design website,web-design,website design,1600,5,MEDIUM,33,informational
website to design logo for free,web-design,website design,1600,2.13,HIGH,75,informational
website design birmingham,web-design,website design,1600,21.81,LOW,69,commercial
website good design,web-design,website design,1600,5,MEDIUM,33,informational
website design uk,web-design,website design,1600,22.91,MEDIUM,40,commercial
good design of website,web-design,website design,1600,5,MEDIUM,33,informational
greatest website design,web-design,website design,1600,5,MEDIUM,40,navigational
good website design,web-design,website design,1600,5,MEDIUM,33,informational
best for website design,web-design,website design,1600,5,MEDIUM,40,commercial
excellent website design,web-design,website design,1600,5,MEDIUM,40,informational
design e-commerce website,web-design,website design,1600,17.23,LOW,24,commercial
best website page design,web-design,website design,1600,5,MEDIUM,50,commercial
website with good design,web-design,website design,1600,5,MEDIUM,33,informational
great website design,web-design,website design,1600,5,MEDIUM,33,informational
top rated website design,web-design,website design,1600,5,MEDIUM,45,commercial
design logo website free,web-design,website design,1600,2.13,HIGH,92,commercial
best it website design,web-design,website design,1600,5,MEDIUM,33,commercial
ecommerce jobs,ai-commerce,ai ecommerce agency,1300,0.99,LOW,0,informational
marketing agency birmingham,ai-commerce,ai ecommerce agency,1300,6.57,MEDIUM,73,commercial
google ads agency,ai-commerce,ai ecommerce agency,1300,58,MEDIUM,3,commercial
ai in marketing,ai-commerce,ai ecommerce agency,1300,21.35,MEDIUM,34,commercial
seo agency birmingham,ai-commerce,ai ecommerce agency,1300,13.14,LOW,6,commercial
marketing agency uk,ai-commerce,ai ecommerce agency,1300,11.39,MEDIUM,47,commercial
agentic commerce,agentic-commerce,agentic commerce,1300,18.41,MEDIUM,32,commercial
birmingham seo agency,seo,seo agency,1300,13.14,LOW,6,commercial
seo agency :birmingham,seo,seo agency,1300,13.14,LOW,5,commercial
seo agency in birmingham,seo,seo agency,1300,13.14,LOW,0,commercial
web design company in essex,web-design,web design company,1300,10.09,LOW,48,commercial
web design company nottingham,web-design,web design company,1300,17.75,LOW,58,commercial
website design essex,web-design,website design,1300,10.09,LOW,73,commercial
website design for services,web-design,website design,1300,15.52,LOW,24,commercial
service website design,web-design,website design,1300,15.52,LOW,24,navigational
essex website design,web-design,website design,1300,10.09,LOW,73,navigational
newcastle website design,web-design,website design,1300,13.86,LOW,89,navigational
services website design,web-design,website design,1300,15.52,LOW,0,commercial
website design in essex,web-design,website design,1300,10.09,LOW,37,commercial
website design newcastle upon tyne,web-design,website design,1300,13.86,LOW,88,navigational
website design nottinghamshire,web-design,website design,1300,17.75,LOW,56,commercial
website design in newcastle upon tyne,web-design,website design,1300,13.86,LOW,34,commercial
website design in newcastle,web-design,website design,1300,13.86,LOW,87,commercial
website design as a service,web-design,website design,1300,15.52,LOW,59,commercial
website design newcastle,web-design,website design,1300,13.86,LOW,62,commercial
website design near me,web-design,website design,1300,13.22,MEDIUM,41,commercial
website design nottingham,web-design,website design,1300,17.75,LOW,84,commercial
design services website,web-design,website design,1300,15.52,LOW,63,navigational
website design companies nottingham,web-design,website design,1300,17.75,LOW,86,commercial
ecommerce agency,ecommerce,ecommerce agency,1000,37.18,LOW,82,commercial
agency ecommerce,ecommerce,ecommerce agency,1000,37.18,LOW,82,commercial
ecommerce seo agency,ecommerce,ecommerce agency,1000,12.34,LOW,0,commercial
b2b marketing agency,ai-commerce,ai ecommerce agency,1000,47.45,LOW,29,commercial
ecommerce expo,ai-commerce,ai ecommerce agency,1000,7.42,LOW,24,commercial
local seo agency,ai-commerce,ai ecommerce agency,1000,15.81,LOW,0,commercial
social media agency london,ai-commerce,ai ecommerce agency,1000,13.45,MEDIUM,24,commercial
marketing agency manchester,ai-commerce,ai ecommerce agency,1000,8.07,MEDIUM,57,commercial
seo agency manchester,ai-commerce,ai ecommerce agency,1000,19.73,LOW,9,commercial
ecommerce fulfilment,ai-commerce,ai ecommerce agency,1000,29.89,MEDIUM,0,informational
prm agency,ai-commerce,ai ecommerce agency,1000,2.11,LOW,7,navigational
digital pr agency,ai-commerce,ai ecommerce agency,1000,36.86,MEDIUM,1,commercial
internet marketing agency,ai-commerce,ai ecommerce agency,1000,17.75,LOW,49,commercial
influencer marketing agency,ai-commerce,ai ecommerce agency,1000,17.36,HIGH,49,commercial
generative engine optimization,ai-seo,generative engine optimization,1000,11.73,HIGH,55,informational
seo agency in manchester,seo,seo agency,1000,19.73,LOW,9,commercial
manchester seo agency,seo,seo agency,1000,19.73,LOW,5,commercial
london seo services,seo,seo services,1000,57.35,LOW,42,commercial
seo services london,seo,seo services,1000,57.35,LOW,42,commercial
ecommerce seo companies,seo,ecommerce seo,1000,12.34,LOW,0,commercial
ecommerce seo company,seo,ecommerce seo,1000,12.34,LOW,5,commercial
ecommerce seo agencies,seo,ecommerce seo,1000,12.34,LOW,5,commercial
local seo agencies,seo,local seo,1000,15.81,LOW,0,commercial
web design and development agency,web-design,web design agency,1000,10.07,LOW,43,commercial
web design company uk,web-design,web design company,1000,36.54,LOW,63,commercial
web design and web development company,web-design,web design company,1000,10.07,LOW,54,commercial
web design company england,web-design,web design company,1000,36.54,LOW,98,commercial
web design & development company,web-design,web design company,1000,10.07,LOW,52,commercial
web design company in united kingdom,web-design,web design company,1000,36.54,LOW,100,commercial
web development and design company,web-design,web design company,1000,10.07,LOW,39,commercial
web design company in glasgow,web-design,web design company,1000,14.93,MEDIUM,100,commercial
web design company in england,web-design,web design company,1000,36.54,LOW,38,commercial
web design company in bournemouth,web-design,web design company,1000,19.32,LOW,83,commercial
design web development company,web-design,web design company,1000,10.07,LOW,52,commercial
web design company in uk,web-design,web design company,1000,36.54,LOW,51,commercial
uk web design company,web-design,web design company,1000,36.54,LOW,89,commercial
web design and development company,web-design,web design company,1000,10.07,LOW,47,commercial
web development design company,web-design,web design company,1000,10.07,LOW,52,commercial
web design development company,web-design,web design company,1000,10.07,LOW,52,commercial
web design web development company,web-design,web design company,1000,10.07,LOW,47,commercial
web design company in leeds,web-design,web design company,1000,16.65,LOW,54,commercial
web design for a small business,web-design,small business web design,1000,23.29,LOW,5,commercial
small business web design,web-design,small business web design,1000,23.29,LOW,2,commercial
web design small business,web-design,small business web design,1000,23.29,LOW,0,commercial
web page design for small business,web-design,small business web design,1000,23.29,LOW,36,commercial
web design for small business,web-design,small business web design,1000,23.29,LOW,5,commercial
website design and development company,web-design,website design,1000,10.07,LOW,47,commercial
website design leicestershire,web-design,website design,1000,21.87,LOW,77,commercial
recruiting website design,web-design,website design,1000,8.63,LOW,32,commercial
course website design,web-design,website design,1000,4.48,MEDIUM,18,commercial
bournemouth website design,web-design,website design,1000,19.32,LOW,57,navigational
search engine optimization website design,web-design,website design,1000,22.94,LOW,37,commercial
website design for small companies,web-design,website design,1000,23.29,LOW,7,commercial
website design small business,web-design,website design,1000,23.29,LOW,7,commercial
design a website for a small business,web-design,website design,1000,23.29,LOW,60,commercial
website design & development company,web-design,website design,1000,10.07,LOW,66,commercial
seo website design,web-design,website design,1000,22.94,LOW,17,commercial
website development and design company,web-design,website design,1000,10.07,LOW,76,commercial
design website course,web-design,website design,1000,4.48,MEDIUM,15,informational
website design classes,web-design,website design,1000,4.48,MEDIUM,21,commercial
how to design website free,web-design,website design,1000,9.17,HIGH,81,informational
recruitment company website design,web-design,website design,1000,8.63,LOW,52,commercial
website design for a small business,web-design,website design,1000,23.29,LOW,7,commercial
website design hampshire,web-design,website design,1000,54.89,LOW,49,commercial
glasgow website design,web-design,website design,1000,14.93,MEDIUM,39,navigational
website design and search engine optimization,web-design,website design,1000,22.94,LOW,9,commercial
courses for website design,web-design,website design,1000,4.48,MEDIUM,15,commercial
seo design website,web-design,website design,1000,22.94,LOW,18,commercial
recruitment website design,web-design,website design,1000,8.63,LOW,32,commercial
website design and seo,web-design,website design,1000,22.94,LOW,6,commercial
website design in hampshire,web-design,website design,1000,54.89,LOW,75,commercial
design website for small business,web-design,website design,1000,23.29,LOW,7,commercial
website design bournemouth,web-design,website design,1000,19.32,LOW,57,commercial
courses in website design,web-design,website design,1000,4.48,MEDIUM,18,commercial
website design leeds,web-design,website design,1000,16.65,LOW,54,commercial
website design for recruiters,web-design,website design,1000,8.63,LOW,32,commercial
website seo design,web-design,website design,1000,22.94,LOW,17,commercial
website design leicester,web-design,website design,1000,21.87,LOW,100,commercial
website design search engine optimization,web-design,website design,1000,22.94,LOW,32,commercial
website design and development agency,web-design,website design,1000,10.07,LOW,60,commercial
course in website design,web-design,website design,1000,4.48,MEDIUM,15,commercial
website design for small business,web-design,website design,1000,23.29,LOW,28,commercial
seo in website design,web-design,website design,1000,22.94,LOW,17,commercial
website design courses,web-design,website design,1000,4.48,MEDIUM,42,commercial
website design hampshire uk,web-design,website design,1000,54.89,LOW,70,navigational
small business website design,web-design,website design,1000,23.29,LOW,7,commercial
website design surrey,web-design,website design,1000,6.3,LOW,51,commercial
how to design website for free,web-design,website design,1000,9.17,HIGH,100,informational
website design course,web-design,website design,1000,4.48,MEDIUM,15,commercial
website design class,web-design,website design,1000,4.48,MEDIUM,38,informational
how to design free website,web-design,website design,1000,9.17,HIGH,100,informational
seo and website design,web-design,website design,1000,22.94,LOW,20,commercial
website design for recruitment,web-design,website design,1000,8.63,LOW,32,commercial
website design in leeds,web-design,website design,1000,16.65,LOW,60,commercial
website design companies uk,web-design,website design,1000,36.54,LOW,97,commercial
website design companies in uk,web-design,website design,1000,36.54,LOW,99,commercial
hampshire website design,web-design,website design,1000,54.89,LOW,49,navigational
website design seo,web-design,website design,1000,22.94,LOW,32,commercial
website design with seo,web-design,website design,1000,22.94,LOW,34,commercial
website design & seo,web-design,website design,1000,22.94,LOW,18,commercial
recruiter website design,web-design,website design,1000,8.63,LOW,32,commercial
website design for seo,web-design,website design,1000,22.94,LOW,17,commercial
website design in surrey,web-design,website design,1000,6.3,LOW,23,commercial
surrey website design,web-design,website design,1000,6.3,LOW,51,navigational
website design in leicester,web-design,website design,1000,21.87,LOW,28,commercial
website design company uk,web-design,website design,1000,36.54,LOW,62,commercial
uk website design company,web-design,website design,1000,36.54,LOW,98,commercial
website design company in uk,web-design,website design,1000,36.54,LOW,98,commercial
leeds website design,web-design,website design,1000,16.65,LOW,56,commercial
design recruitment website,web-design,website design,1000,8.63,LOW,32,commercial
courses website design,web-design,website design,1000,4.48,MEDIUM,15,commercial
small businesses website design,web-design,website design,1000,23.29,LOW,7,commercial
free website design uk,web-design,website design,1000,17.8,HIGH,60,commercial
website design glasgow,web-design,website design,1000,14.93,MEDIUM,39,commercial
recruitment agency website design,web-design,website design,1000,8.63,LOW,100,commercial
leicester website design,web-design,website design,1000,21.87,LOW,51,navigational
website design and development companies,web-design,website design,1000,10.07,LOW,76,commercial
website design development company,web-design,website design,1000,10.07,LOW,66,commercial
website design for small businesses,web-design,website design,1000,23.29,LOW,24,commercial
development shopify,ecommerce,shopify development,880,39.45,MEDIUM,44,commercial
email marketing agency,ai-commerce,ai ecommerce agency,880,18.72,LOW,0,commercial
digital marketing agency birmingham,ai-commerce,ai ecommerce agency,880,11.17,LOW,47,commercial
content marketing agency,ai-commerce,ai ecommerce agency,880,11.52,LOW,1,commercial
best digital marketing agency,ai-commerce,ai ecommerce agency,880,11.68,LOW,58,commercial
ecommerce definition,ai-commerce,ai ecommerce agency,880,14.98,LOW,48,informational
ux agency,ai-commerce,ai ecommerce agency,880,25.76,LOW,14,navigational
ai marketing,ai-commerce,ai ecommerce agency,880,15.86,MEDIUM,44,commercial
digital marketing agency manchester,ai-commerce,ai ecommerce agency,880,12.38,LOW,45,commercial
link building agency,ai-commerce,ai ecommerce agency,880,59.3,MEDIUM,22,commercial
seo marketing agency,ai-commerce,ai ecommerce agency,880,48.46,LOW,28,commercial
lead gen agency,ai-commerce,ai ecommerce agency,880,49.18,MEDIUM,9,navigational
ecommerce seo,agentic-commerce,agentic ai ecommerce,880,23.64,LOW,30,commercial
marketing seo agency,seo,seo agency,880,48.46,LOW,52,commercial
search engine optimization seo services,seo,seo services,880,19.08,LOW,31,commercial
professional seo services,seo,seo services,880,48.61,LOW,18,commercial
seo auditing services,seo,seo services,880,9.62,LOW,0,commercial
pro seo services,seo,seo services,880,48.61,LOW,19,commercial
search engine optimization services seo,seo,seo services,880,19.08,LOW,50,commercial
seo optimisation services,seo,seo services,880,19.08,LOW,19,commercial
seo audit services,seo,seo services,880,9.62,LOW,14,commercial
search engine optimisation seo services,seo,seo services,880,19.08,LOW,39,commercial
seo search engine optimization services,seo,seo services,880,19.08,LOW,38,commercial
seo for ecommerce,seo,ecommerce seo,880,23.64,LOW,25,commercial
seo optimization for ecommerce,seo,ecommerce seo,880,23.64,LOW,37,commercial
ecommerce seo marketing,seo,ecommerce seo,880,23.64,LOW,37,commercial
seo ecommerce,seo,ecommerce seo,880,23.64,LOW,30,commercial
seo in ecommerce,seo,ecommerce seo,880,23.64,LOW,30,commercial
ecommerce seo optimization,seo,ecommerce seo,880,23.64,LOW,23,commercial
ecommerce and seo,seo,ecommerce seo,880,23.64,LOW,53,commercial
seo audit service,seo,seo audit,880,9.62,LOW,0,commercial
web design agency england,web-design,web design agency,880,16.97,LOW,100,commercial
web design agency uk,web-design,web design agency,880,16.97,LOW,100,commercial
web design agency near me,web-design,web design agency,880,17.11,LOW,21,commercial
uk web design agency,web-design,web design agency,880,16.97,LOW,100,commercial
web design agency in uk,web-design,web design agency,880,16.97,LOW,100,commercial
web design company in edinburgh,web-design,web design company,880,9.84,MEDIUM,67,commercial
web design company in coventry,web-design,web design company,880,8.42,LOW,73,commercial
web design company in liverpool,web-design,web design company,880,14.46,LOW,38,commercial
shopify agency,ecommerce,shopify agency,720,14.62,MEDIUM,58,navigational
shopify seo agency,ecommerce,shopify agency,720,42.46,LOW,0,commercial
facebook ads agency,ai-commerce,ai ecommerce agency,720,24.59,LOW,0,commercial
bristol seo agency,ai-commerce,ai ecommerce agency,720,29.91,LOW,22,commercial
best seo agency london,ai-commerce,ai ecommerce agency,720,31.3,LOW,32,commercial
digital agency london,ai-commerce,ai ecommerce agency,720,12.44,LOW,89,commercial
performance marketing agency,ai-commerce,ai ecommerce agency,720,24.82,LOW,0,commercial
bristol digital marketing agency,ai-commerce,ai ecommerce agency,720,14.06,LOW,41,commercial
seo agency bristol,ai-commerce,ai ecommerce agency,720,29.91,LOW,7,commercial
ppc agency london,ai-commerce,ai ecommerce agency,720,50.06,MEDIUM,8,commercial
conversion rate optimisation agency,ai-commerce,ai ecommerce agency,720,32.42,LOW,0,commercial
marketing ai,ai-commerce,ai ecommerce agency,720,5.37,MEDIUM,44,commercial
best seo agency in london,ai-commerce,ai ecommerce agency,720,31.3,LOW,20,commercial
event agency,ai-commerce,ai ecommerce agency,720,10.1,MEDIUM,40,commercial
ecommerce meaning,ai-commerce,ai ecommerce agency,720,5.61,LOW,40,informational
retail ai,ai-commerce,ai ecommerce agency,720,22.04,MEDIUM,3,commercial
ecommerce seo services,ai-commerce,ai ecommerce agency,720,0,LOW,6,commercial
agentic ai vs generative ai,agentic-commerce,agentic ai,720,8.89,LOW,23,informational
agentic ai versus generative ai,agentic-commerce,agentic ai,720,8.89,LOW,4,informational
ai pro,agentic-commerce,agentic ai ecommerce,720,3.1,MEDIUM,36,informational
seo agency in bristol,seo,seo agency,720,29.91,LOW,22,commercial
seo and web design agency,seo,seo agency,720,2.01,LOW,42,commercial
best seo services in london,seo,seo services,720,31.3,LOW,20,commercial
seo and web design services,seo,seo services,720,10.01,LOW,40,commercial
e commerce seo services,seo,seo services,720,0,LOW,0,commercial
seo services consultants,seo,seo services,720,0,LOW,17,commercial
seo services for ecommerce,seo,seo services,720,0,LOW,0,commercial
seo consultants services,seo,seo services,720,0,LOW,17,commercial
seo services ecommerce,seo,seo services,720,0,LOW,0,commercial
seo services in manchester,seo,seo services,720,22.44,LOW,27,commercial
seo consultancy services,seo,seo services,720,0,LOW,17,commercial
consultant seo services,seo,seo services,720,0,LOW,7,commercial
seo web design services,seo,seo services,720,10.01,LOW,59,commercial
seo consultant services,seo,seo services,720,0,LOW,17,commercial
web design seo services,seo,seo services,720,10.01,LOW,27,commercial
e-commerce seo services,seo,seo services,720,0,LOW,0,commercial
seo ecommerce services,seo,seo services,720,0,LOW,2,commercial
website design and seo services,seo,seo services,720,10.01,LOW,25,commercial
web design and seo services,seo,seo services,720,10.01,LOW,21,commercial
seo services for shopify,seo,seo services,720,42.46,LOW,19,commercial
seo consulting services,seo,seo services,720,0,LOW,0,commercial
seo consulting services uk,seo,seo services,720,48.44,LOW,21,commercial
website design seo services,seo,seo services,720,10.01,LOW,19,commercial
shopify seo services,seo,seo services,720,42.46,LOW,6,commercial
seo services consultant,seo,seo services,720,0,LOW,2,commercial
seo service for ecommerce,seo,ecommerce seo,720,0,LOW,0,commercial
ecommerce seo service,seo,ecommerce seo,720,0,LOW,5,commercial
local seo companies,seo,local seo,720,15.87,LOW,13,commercial
local seo company,seo,local seo,720,15.87,LOW,7,commercial
web design company in birmingham,web-design,web design company,720,0,LOW,84,commercial
web design company milton keynes,web-design,web design company,720,12.2,LOW,64,commercial
web design company in sheffield,web-design,web design company,720,14.98,LOW,10,commercial
web design seo company,web-design,web design company,720,2.01,LOW,2,commercial
web design company halifax,web-design,web design company,720,0.72,LOW,18,commercial
web design and seo company,web-design,web design company,720,2.01,LOW,40,commercial
web design company birmingham,web-design,web design company,720,0,LOW,69,commercial
seo web design company,web-design,web design company,720,2.01,LOW,52,commercial
birmingham web design company,web-design,web design company,720,0,LOW,69,commercial
seo and web design company,web-design,web design company,720,2.01,LOW,98,commercial
ai automation agency,ai-agent-dev,ai automation agency,720,20.64,HIGH,10,navigational
ai-automation agency,ai-agent-dev,ai automation agency,720,20.64,HIGH,0,navigational
seo agency us,ai-commerce,ai ecommerce agency,590,8.55,LOW,34,commercial
seo agency in united states,ai-commerce,ai ecommerce agency,590,8.55,LOW,24,commercial
retail agency,ai-commerce,ai ecommerce agency,590,2.68,MEDIUM,22,navigational
seo agency essex,ai-commerce,ai ecommerce agency,590,16.65,LOW,46,commercial
one agency media,ai-commerce,ai ecommerce agency,590,0.3,LOW,16,navigational
media agency,ai-commerce,ai ecommerce agency,590,8.42,MEDIUM,29,commercial
seo agency in us,ai-commerce,ai ecommerce agency,590,8.55,LOW,24,commercial
what is ecommerce business,ai-commerce,ai ecommerce agency,590,4.98,LOW,40,informational
digital marketing agency nottingham,ai-commerce,ai ecommerce agency,590,10.15,LOW,56,commercial
ppc marketing agency,ai-commerce,ai ecommerce agency,590,74.48,LOW,17,commercial
content marketing agency london,ai-commerce,ai ecommerce agency,590,3.99,LOW,36,commercial
b2b seo agency,ai-commerce,ai ecommerce agency,590,45.91,LOW,0,commercial
ecommerce consultant,ai-commerce,ai ecommerce agency,590,13.45,LOW,0,commercial
digital marketing agency leeds,ai-commerce,ai ecommerce agency,590,8.74,LOW,57,commercial
newcastle marketing agency,ai-commerce,ai ecommerce agency,590,21.25,MEDIUM,42,commercial
content creation agency,ai-commerce,ai ecommerce agency,590,10.7,MEDIUM,0,commercial
tiktok agency,ai-commerce,ai ecommerce agency,590,13.43,MEDIUM,15,commercial
leicester marketing agency,ai-commerce,ai ecommerce agency,590,10.53,MEDIUM,37,commercial
bwh agency london,ai-commerce,ai ecommerce agency,590,0,LOW,0,navigational
agentic ai courses,agentic-commerce,agentic ai,590,6.87,HIGH,10,informational
agentic ai course,agentic-commerce,agentic ai,590,6.87,HIGH,7,navigational
ecommerce store,agentic-commerce,agentic ai ecommerce,590,7.92,MEDIUM,42,commercial
seo agency b2b,seo,seo agency,590,45.91,LOW,0,commercial
usa seo agency,seo,seo agency,590,8.55,LOW,27,commercial
seo agency in usa,seo,seo agency,590,8.55,LOW,27,commercial
seo agency usa,seo,seo agency,590,8.55,LOW,13,commercial
seo agency in essex,seo,seo agency,590,16.65,LOW,40,commercial
seo services for small business,seo,seo services,590,43.94,LOW,0,commercial
seo services for small businesses,seo,seo services,590,43.94,LOW,11,commercial
seo services small businesses,seo,seo services,590,43.94,LOW,0,commercial
small business seo services,seo,seo services,590,43.94,LOW,18,commercial
seo company services,seo,seo services,590,32.6,LOW,21,commercial
seo services company,seo,seo services,590,32.6,LOW,37,commercial
seo services small business,seo,seo services,590,43.94,LOW,0,commercial
services seo company,seo,seo services,590,32.6,LOW,52,commercial
seo services companies,seo,seo services,590,32.6,LOW,24,commercial
seo services united states,seo,seo services,590,8.55,LOW,27,commercial
seo audit for free,seo,seo audit,590,7.39,MEDIUM,76,commercial
seo free audit,seo,seo audit,590,7.39,MEDIUM,76,commercial
free seo audit,seo,seo audit,590,7.39,MEDIUM,76,commercial
seo-free-audit,seo,seo audit,590,7.39,MEDIUM,76,commercial
seo audit free,seo,seo audit,590,7.39,MEDIUM,75,commercial
free audit seo,seo,seo audit,590,7.39,MEDIUM,76,commercial
audit seo free,seo,seo audit,590,7.39,MEDIUM,76,commercial
web design agency in manchester,web-design,web design agency,590,16.12,LOW,85,commercial
manchester web design agency,web-design,web design agency,590,16.12,LOW,85,commercial
birmingham web design agency,web-design,web design agency,590,11.43,LOW,89,commercial
web design agency birmingham,web-design,web design agency,590,11.43,LOW,84,commercial
web design agency in birmingham,web-design,web design agency,590,11.43,LOW,84,commercial
wordpress web design agency,web-design,web design agency,590,30.18,LOW,37,commercial
web design company in aberdeen,web-design,web design company,590,13.36,LOW,42,commercial
web design construction company,web-design,web design company,590,15.38,LOW,0,commercial
shopify web design company,web-design,web design company,590,14.84,MEDIUM,16,navigational
web design company aberdeen,web-design,web design company,590,13.36,LOW,47,commercial
construction company web design,web-design,web design company,590,15.38,LOW,0,navigational
web design company wordpress,web-design,web design company,590,30.18,LOW,31,commercial
web design company manchester,web-design,web design company,590,16.12,LOW,85,commercial
web design company cardiff,web-design,web design company,590,10.64,LOW,48,commercial
web design company in manchester,web-design,web design company,590,16.12,LOW,85,commercial
wordpress web design company,web-design,web design company,590,30.18,LOW,36,commercial
web design company in cardiff,web-design,web design company,590,10.64,LOW,79,commercial
web design for construction company,web-design,web design company,590,15.38,LOW,0,navigational
ecommerce digital marketing agency,ecommerce,ecommerce agency,480,0,LOW,29,commercial
ecommerce website design agency,ecommerce,ecommerce agency,480,28.11,LOW,42,commercial
ecommerce web design agency,ecommerce,ecommerce agency,480,28.11,LOW,38,commercial
digital marketing agency ecommerce,ecommerce,ecommerce agency,480,0,LOW,7,commercial
ppc ecommerce agency,ecommerce,ecommerce agency,480,38.8,LOW,8,commercial
ppc agency for ecommerce,ecommerce,ecommerce agency,480,38.8,LOW,0,commercial
ecommerce ppc agency,ecommerce,ecommerce agency,480,38.8,LOW,0,commercial
shopify development,ecommerce,shopify development,480,9.73,LOW,23,commercial
ecommerce website design agencies,ecommerce,ecommerce website design,480,28.11,LOW,49,commercial
social media agency manchester,ai-commerce,ai ecommerce agency,480,9.02,MEDIUM,33,navigational
ecommerce seo consultants,ai-commerce,ai ecommerce agency,480,0,LOW,0,commercial
wordpress agency,ai-commerce,ai ecommerce agency,480,30.54,MEDIUM,30,commercial
digital agency manchester,ai-commerce,ai ecommerce agency,480,9.64,MEDIUM,61,commercial
ppc agency in birmingham,ai-commerce,ai ecommerce agency,480,4,LOW,0,navigational
ai seo agency,ai-commerce,ai ecommerce agency,480,20.05,MEDIUM,9,commercial
ecommerce web design agencies,ai-commerce,ai ecommerce agency,480,28.11,LOW,26,commercial
ecommerce services,ai-commerce,ai ecommerce agency,480,1.67,LOW,0,commercial
paid social media agency,ai-commerce,ai ecommerce agency,480,10.12,LOW,0,commercial
healthcare digital marketing agency,ai-commerce,ai ecommerce agency,480,49.86,LOW,11,commercial
brand strategy agency,ai-commerce,ai ecommerce agency,480,16.13,LOW,9,navigational
seo agency edinburgh,ai-commerce,ai ecommerce agency,480,6.76,LOW,4,commercial
magento agency,ai-commerce,ai ecommerce agency,480,54.12,MEDIUM,13,navigational
marketing agency sheffield,ai-commerce,ai ecommerce agency,480,5.98,MEDIUM,75,commercial
digital marketing agency glasgow,ai-commerce,ai ecommerce agency,480,7.91,LOW,42,commercial
ecommerce ppc services,ai-commerce,ai ecommerce agency,480,0,LOW,0,commercial
social media agency uk,ai-commerce,ai ecommerce agency,480,11.72,MEDIUM,32,commercial
digital marketing agency essex,ai-commerce,ai ecommerce agency,480,17.38,LOW,63,commercial
social media management agency,ai-commerce,ai ecommerce agency,480,11.93,MEDIUM,20,commercial
copywriting agency,ai-commerce,ai ecommerce agency,480,4.36,LOW,21,commercial
influencer marketing agency london,ai-commerce,ai ecommerce agency,480,11.22,HIGH,9,commercial
digital agency uk,ai-commerce,ai ecommerce agency,480,19.18,MEDIUM,75,commercial
paid social marketing agency,ai-commerce,ai ecommerce agency,480,10.12,LOW,0,commercial
e-commerce web design agency,ai-commerce,ai ecommerce agency,480,28.11,LOW,42,commercial
social media advertising agency,ai-commerce,ai ecommerce agency,480,19.49,LOW,7,commercial
creative agency jobs,ai-commerce,ai ecommerce agency,480,1.32,LOW,0,informational
hampshire marketing agency,ai-commerce,ai ecommerce agency,480,24.26,LOW,44,navigational
mobile dev agency,ai-commerce,ai ecommerce agency,480,118.02,MEDIUM,18,commercial
public relations agency uk,ai-commerce,ai ecommerce agency,480,12.31,MEDIUM,41,commercial
ppc agency manchester,ai-commerce,ai ecommerce agency,480,26.57,MEDIUM,0,navigational
ecommerce service,ai-commerce,ai ecommerce agency,480,1.67,LOW,0,commercial
technical seo agency,ai-commerce,ai ecommerce agency,480,34.84,LOW,3,commercial
content agency,ai-commerce,ai ecommerce agency,480,11,MEDIUM,18,commercial
seo ecommerce consultant,ai-commerce,ai ecommerce agency,480,0,LOW,0,commercial
brand identity agency london,ai-commerce,ai ecommerce agency,480,7.1,LOW,49,navigational
ecommerce business for sale,ai-commerce,ai ecommerce agency,480,1.47,MEDIUM,3,commercial
milton keynes marketing agency,ai-commerce,ai ecommerce agency,480,7.32,LOW,40,navigational
amazon ads agency,ai-commerce,ai ecommerce agency,480,71.9,MEDIUM,17,commercial
content marketing agency uk,ai-commerce,ai ecommerce agency,480,14.66,LOW,17,commercial
seo agency leeds,ai-commerce,ai ecommerce agency,480,14.83,LOW,0,commercial
marketing agency jobs,ai-commerce,ai ecommerce agency,480,1.4,LOW,0,informational
seo agency newcastle,ai-commerce,ai ecommerce agency,480,5.38,LOW,3,commercial
online marketing agency,ai-commerce,ai ecommerce agency,480,21.34,LOW,71,commercial
seo agency nottingham,ai-commerce,ai ecommerce agency,480,48.85,LOW,5,commercial
ai marketing tools,ai-commerce,ai ecommerce agency,480,35.86,MEDIUM,25,commercial
creative brand agency,ai-commerce,ai ecommerce agency,480,12.8,MEDIUM,58,commercial
ppc agency birmingham,ai-commerce,ai ecommerce agency,480,4,LOW,0,navigational
marketing agency glasgow,ai-commerce,ai ecommerce agency,480,6.16,MEDIUM,59,commercial
ecommerce seo consultant,ai-commerce,ai ecommerce agency,480,0,LOW,0,commercial
ux agency london,ai-commerce,ai ecommerce agency,480,12.5,LOW,5,navigational
ai marketing agency,ai-commerce,ai ecommerce agency,480,11.29,MEDIUM,1,commercial
ai magazine,agentic-commerce,agentic ai ecommerce,480,0.78,LOW,45,informational
service ecommerce,agentic-commerce,agentic ai ecommerce,480,1.67,LOW,0,commercial
consultant seo ecommerce,agentic-commerce,agentic ai ecommerce,480,0,LOW,0,commercial
ai seo agencies,ai-seo,ai seo,480,20.05,MEDIUM,9,commercial
seo agency newcastle upon tyne,seo,seo agency,480,5.38,LOW,0,commercial
liverpool seo agency,seo,seo agency,480,5.91,LOW,17,commercial
estate agency seo,seo,seo agency,480,13.16,LOW,0,commercial
newcastle seo agency,seo,seo agency,480,5.38,LOW,16,commercial
seo agency in leeds,seo,seo agency,480,14.83,LOW,0,commercial
nottingham seo agency,seo,seo agency,480,48.85,LOW,4,commercial
seo agency in nottingham,seo,seo agency,480,48.85,LOW,0,commercial
seo agency in liverpool,seo,seo agency,480,5.91,LOW,2,commercial
leeds seo agency,seo,seo agency,480,14.83,LOW,2,commercial
seo agency in newcastle upon tyne,seo,seo agency,480,5.38,LOW,2,commercial
seo agency for healthcare,seo,seo agency,480,60.73,LOW,0,commercial
seo agency liverpool,seo,seo agency,480,5.91,LOW,0,commercial
seo agency healthcare,seo,seo agency,480,60.73,LOW,0,commercial
healthcare seo agency,seo,seo agency,480,60.73,LOW,0,commercial
local seo optimization services,seo,seo services,480,3.18,LOW,23,commercial
affordable seo services,seo,seo services,480,48.15,LOW,0,commercial
technical seo services,seo,seo services,480,31.33,LOW,8,commercial
dentist seo services,seo,seo services,480,19.41,LOW,20,commercial
local seo marketing services,seo,seo services,480,3.18,LOW,0,commercial
dental seo services,seo,seo services,480,19.41,LOW,6,commercial
local seo near me,seo,local seo,480,0,LOW,0,commercial
service seo local,seo,local seo,480,3.18,LOW,7,commercial
local seo service,seo,local seo,480,3.18,LOW,16,commercial
local seo marketing service,seo,local seo,480,3.18,LOW,0,commercial
e commerce web design agency,web-design,web design agency,480,28.11,LOW,23,commercial
web design company near me,web-design,web design company,480,12.29,LOW,59,commercial
ecommerce marketing agency,ecommerce,ecommerce agency,390,29.51,LOW,47,commercial
uk ecommerce website design,ecommerce,ecommerce website design,390,0,LOW,21,commercial
ecommerce website design uk,ecommerce,ecommerce website design,390,0,LOW,17,commercial
ecommerce website design firms,ecommerce,ecommerce website design,390,0,LOW,37,commercial
ecommerce website design company,ecommerce,ecommerce website design,390,0,LOW,17,commercial
ecommerce website design companies,ecommerce,ecommerce website design,390,0,LOW,17,commercial
marketing agency for technology,ai-commerce,ai ecommerce agency,390,29.22,LOW,8,commercial
marketing and technology agency,ai-commerce,ai ecommerce agency,390,29.22,LOW,31,commercial
digital marketing and ecommerce,ai-commerce,ai ecommerce agency,390,10.89,LOW,14,commercial
demand generation agency,ai-commerce,ai ecommerce agency,390,34.78,MEDIUM,0,navigational
technology marketing agency,ai-commerce,ai ecommerce agency,390,29.22,LOW,18,commercial
affiliate marketing agency,ai-commerce,ai ecommerce agency,390,18.94,MEDIUM,8,commercial
marketing agency lead generation,ai-commerce,ai ecommerce agency,390,38.89,LOW,1,commercial
social media agency birmingham,ai-commerce,ai ecommerce agency,390,10.33,MEDIUM,11,navigational
sales recruitment agency,ai-commerce,ai ecommerce agency,390,5.87,MEDIUM,0,navigational
programmatic advertising agency,ai-commerce,ai ecommerce agency,390,50.16,LOW,0,commercial
ppc agency uk,ai-commerce,ai ecommerce agency,390,53.14,LOW,18,commercial
marketing agency liverpool,ai-commerce,ai ecommerce agency,390,5.34,MEDIUM,20,commercial
ecommerce marketing,ai-commerce,ai ecommerce agency,390,19.68,LOW,16,commercial
lead gen marketing agency,ai-commerce,ai ecommerce agency,390,38.89,LOW,8,commercial
ecommerce accountant,ai-commerce,ai ecommerce agency,390,31.54,MEDIUM,7,commercial
small business seo agency,ai-commerce,ai ecommerce agency,390,23.32,LOW,0,commercial
tech marketing agency,ai-commerce,ai ecommerce agency,390,29.22,LOW,13,commercial
programmatic ads agency,ai-commerce,ai ecommerce agency,390,50.16,LOW,0,commercial
meta ads agency,ai-commerce,ai ecommerce agency,390,30.21,MEDIUM,0,commercial
mother advertising agency,ai-commerce,ai ecommerce agency,390,4.85,LOW,13,navigational
upload agency,ai-commerce,ai ecommerce agency,390,0,LOW,0,commercial
ai sales,ai-commerce,ai ecommerce agency,390,17.88,MEDIUM,21,commercial
redditch agency,ai-commerce,ai ecommerce agency,390,1.16,LOW,0,navigational
marketing agency for tech,ai-commerce,ai ecommerce agency,390,29.22,LOW,0,commercial
digital agency bristol,ai-commerce,ai ecommerce agency,390,6.43,MEDIUM,41,commercial
seo agency surrey,ai-commerce,ai ecommerce agency,390,61.22,LOW,0,commercial
seo agency sheffield,ai-commerce,ai ecommerce agency,390,50.58,LOW,7,commercial
mentor model agency,ai-commerce,ai ecommerce agency,390,2.84,LOW,0,navigational
aspire agency,ai-commerce,ai ecommerce agency,390,1.48,LOW,18,navigational
ecommerce website hosting,ai-commerce,ai ecommerce agency,390,13.28,LOW,0,commercial
experiential marketing agency,ai-commerce,ai ecommerce agency,390,9.77,MEDIUM,4,navigational
brand marketing agency,ai-commerce,ai ecommerce agency,390,17.62,MEDIUM,59,commercial
marketing agency bournemouth,ai-commerce,ai ecommerce agency,390,6.98,MEDIUM,69,commercial
ecommerce hosting,ai-commerce,ai ecommerce agency,390,13.28,LOW,7,commercial
seo agency hertfordshire,ai-commerce,ai ecommerce agency,390,31.19,LOW,0,commercial
marketing technology agency,ai-commerce,ai ecommerce agency,390,29.22,LOW,7,commercial
creative marketing agency,ai-commerce,ai ecommerce agency,390,9.09,MEDIUM,47,commercial
digital marketing agency newcastle,ai-commerce,ai ecommerce agency,390,9.32,LOW,36,commercial
influencer marketing agency uk,ai-commerce,ai ecommerce agency,390,14.77,MEDIUM,11,commercial
talented agency,ai-commerce,ai ecommerce agency,390,1.95,LOW,10,navigational
marketing agency essex,ai-commerce,ai ecommerce agency,390,8.07,MEDIUM,67,commercial
what is creative artist agency,ai-commerce,ai ecommerce agency,390,0,LOW,28,informational
programmatic ad agency,ai-commerce,ai ecommerce agency,390,50.16,LOW,0,commercial
marketing agency technology,ai-commerce,ai ecommerce agency,390,29.22,LOW,0,commercial
fitness marketing agency,ai-commerce,ai ecommerce agency,390,10.46,LOW,14,commercial
communications agency,ai-commerce,ai ecommerce agency,390,14.24,MEDIUM,41,commercial
ecommerce manager,ai-commerce,ai ecommerce agency,390,3.54,LOW,0,informational
ai in digital marketing,ai-commerce,ai ecommerce agency,390,27.17,MEDIUM,53,commercial
ecommerce web design uk,ai-commerce,ai ecommerce agency,390,0,LOW,26,commercial
agentic ai examples,agentic-commerce,agentic ai,390,9.05,MEDIUM,11,informational
agentic ai example,agentic-commerce,agentic ai,390,9.05,MEDIUM,22,informational
deloitte ai scandal,agentic-commerce,agentic ai ecommerce,390,0,LOW,12,informational
weshop ai,agentic-commerce,agentic ai ecommerce,390,1.66,LOW,64,navigational
ai seo service,ai-seo,ai seo,390,22.97,LOW,0,commercial
ai seo services,ai-seo,ai seo,390,22.97,LOW,13,commercial
sheffield seo agency,seo,seo agency,390,50.58,LOW,8,commercial
saas seo agency,seo,seo agency,390,33.6,LOW,0,commercial
seo agency in surrey,seo,seo agency,390,61.22,LOW,11,commercial
dental seo/marketing agency,seo,seo agency,390,0,LOW,24,commercial
seo agency in sheffield,seo,seo agency,390,50.58,LOW,15,commercial
surrey seo agency,seo,seo agency,390,61.22,LOW,2,commercial
seo agency herts,seo,seo agency,390,31.19,LOW,28,commercial
hertfordshire seo agency,seo,seo agency,390,31.19,LOW,0,commercial
dental seo marketing agency,seo,seo agency,390,0,LOW,11,commercial
seo agency in hertfordshire,seo,seo agency,390,31.19,LOW,0,commercial
dentist seo agency,seo,seo agency,390,47.22,LOW,7,commercial
dental seo agency,seo,seo agency,390,47.22,LOW,23,commercial
seo link building services,seo,seo services,390,24.82,LOW,31,commercial
seo services leicester,seo,seo services,390,10.15,LOW,7,commercial
link building seo services,seo,seo services,390,24.82,LOW,12,commercial
seo services in birmingham,seo,seo services,390,0,LOW,14,commercial
seo services birmingham,seo,seo services,390,0,LOW,10,commercial
seo services link building,seo,seo services,390,24.82,LOW,25,commercial
manchester seo services,seo,seo services,390,5.01,LOW,17,commercial
seo services manchester,seo,seo services,390,5.01,LOW,33,commercial
seo copywriting services,seo,seo services,390,0,LOW,0,commercial
audit website for seo,seo,seo audit,390,9.59,LOW,81,commercial
seo audit of a website,seo,seo audit,390,9.59,LOW,71,commercial
audit seo website,seo,seo audit,390,9.59,LOW,83,commercial
seo website audit,seo,seo audit,390,9.59,LOW,74,commercial
seo audit website,seo,seo audit,390,9.59,LOW,83,commercial
seo web audit,seo,seo audit,390,9.59,LOW,73,commercial
seo audit of website,seo,seo audit,390,9.59,LOW,71,commercial
site seo audit,seo,seo audit,390,9.59,LOW,75,commercial
website audit seo,seo,seo audit,390,9.59,LOW,83,commercial
seo page audit,seo,seo audit,390,9.59,LOW,62,commercial
site audit seo,seo,seo audit,390,9.59,LOW,75,commercial
seo audit sites,seo,seo audit,390,9.59,LOW,81,commercial
website audit for seo,seo,seo audit,390,9.59,LOW,83,commercial
seo audit for website,seo,seo audit,390,9.59,LOW,83,commercial
site audit for seo,seo,seo audit,390,9.59,LOW,75,commercial
seo site audit,seo,seo audit,390,9.59,LOW,87,commercial
audit seo site,seo,seo audit,390,9.59,LOW,75,commercial
audit website seo,seo,seo audit,390,9.59,LOW,81,commercial
seo audit websites,seo,seo audit,390,9.59,LOW,75,commercial
seo audit site,seo,seo audit,390,9.59,LOW,75,commercial
web design agency surrey,web-design,web design agency,390,8.91,LOW,92,commercial
web design agency hampshire,web-design,web design agency,390,36.85,LOW,60,commercial
web design agency manchester,web-design,web design agency,390,17.43,LOW,85,commercial
web design agency nottingham,web-design,web design agency,390,9.8,LOW,84,commercial
nottingham web design agency,web-design,web design agency,390,9.8,LOW,80,commercial
web design agency manchester uk,web-design,web design agency,390,17.43,LOW,100,commercial
web design agency in hampshire,web-design,web design agency,390,36.85,LOW,60,commercial
web design company ecommerce,web-design,web design company,390,0,LOW,12,commercial
web design company in wolverhampton,web-design,web design company,390,3.87,LOW,24,commercial
web design company surrey,web-design,web design company,390,8.91,LOW,45,commercial
ecommerce web design company uk,web-design,web design company,390,0,LOW,33,commercial
ecommerce web design company,web-design,web design company,390,0,LOW,17,commercial
ad agency ecommerce,ecommerce,ecommerce agency,320,43.82,LOW,47,commercial
ecommerce advertising agency,ecommerce,ecommerce agency,320,43.82,LOW,29,commercial
ecommerce ad agency,ecommerce,ecommerce agency,320,43.82,LOW,47,commercial
shopify website development company,ecommerce,shopify development,320,11.5,MEDIUM,27,navigational
shopify development agencies,ecommerce,shopify development,320,18.39,MEDIUM,23,commercial
shopify web development,ecommerce,shopify development,320,11.5,MEDIUM,36,commercial
shopify development agency,ecommerce,shopify development,320,18.39,MEDIUM,19,navigational
shopify web development company,ecommerce,shopify development,320,11.5,MEDIUM,33,commercial
shopify website development,ecommerce,shopify development,320,11.5,MEDIUM,18,commercial
shopify dev agency,ecommerce,shopify agency,320,18.39,MEDIUM,56,navigational
ecommerce ai,ai-commerce,ai ecommerce,320,25.43,MEDIUM,26,commercial
ai in ecommerce,ai-commerce,ai ecommerce,320,25.43,MEDIUM,31,commercial
ai ecommerce,ai-commerce,ai ecommerce,320,25.43,MEDIUM,21,commercial
ai for ecommerce,ai-commerce,ai ecommerce,320,25.43,MEDIUM,28,commercial
ai and ecommerce,ai-commerce,ai ecommerce,320,25.43,MEDIUM,36,commercial
small business marketing agency,ai-commerce,ai ecommerce agency,320,15.85,MEDIUM,8,commercial
tech pr agency,ai-commerce,ai ecommerce agency,320,14.05,LOW,31,navigational
paid media agency,ai-commerce,ai ecommerce agency,320,37.43,LOW,0,commercial
seo agency oxford,ai-commerce,ai ecommerce agency,320,0,LOW,5,commercial
generative ai vs agentic ai,agentic-commerce,agentic ai,320,3.63,LOW,15,informational
ecommerce uk,agentic-commerce,agentic ai ecommerce,320,7.17,MEDIUM,12,commercial
seo ecommerce site,agentic-commerce,agentic ai ecommerce,320,0,LOW,20,commercial
protex ai,agentic-commerce,agentic ai ecommerce,320,2.37,LOW,3,informational
answer engine optimization,ai-seo,answer engine optimization,320,11.68,HIGH,41,informational
leicester seo agency,seo,seo agency,320,15.58,LOW,0,commercial
content seo agency,seo,seo agency,320,0,LOW,15,commercial
seo and content agency,seo,seo agency,320,0,LOW,19,commercial
digital marketing seo agency,seo,seo agency,320,0,LOW,50,commercial
seo agency in leicester,seo,seo agency,320,15.58,LOW,10,commercial
seo agency leicester,seo,seo agency,320,15.58,LOW,0,commercial
oxford seo agency,seo,seo agency,320,0,LOW,0,commercial
international seo agency,seo,seo agency,320,71.76,LOW,0,commercial
cardiff seo agency,seo,seo agency,320,0,LOW,16,commercial
seo for insurance agency,seo,seo agency,320,0,LOW,0,commercial
seo agency in southampton,seo,seo agency,320,13.45,LOW,0,commercial
global seo agency,seo,seo agency,320,71.76,LOW,0,commercial
insurance agency seo,seo,seo agency,320,0,LOW,0,commercial
seo agency in cardiff,seo,seo agency,320,0,LOW,21,commercial
seo content agency,seo,seo agency,320,0,LOW,14,commercial
seo agency in oxford,seo,seo agency,320,0,LOW,5,commercial
southampton seo agency,seo,seo agency,320,13.45,LOW,3,commercial
seo agency cardiff,seo,seo agency,320,0,LOW,38,commercial
digital marketing agency seo,seo,seo agency,320,0,LOW,46,commercial
seo agency southampton,seo,seo agency,320,13.45,LOW,0,commercial
seo and digital marketing agency,seo,seo agency,320,0,LOW,42,commercial
financial services seo,seo,seo services,320,7.16,LOW,10,commercial
seo services in london,seo,seo services,320,14.03,LOW,31,commercial
on-page seo services,seo,seo services,320,13.71,LOW,0,commercial
on page seo services,seo,seo services,320,13.71,LOW,0,commercial
seo-expert-services,seo,seo services,320,73.25,LOW,21,commercial
finance seo services,seo,seo services,320,7.16,LOW,0,commercial
seo services white label,seo,seo services,320,0,LOW,0,commercial
seo services wordpress,seo,seo services,320,12.11,LOW,0,commercial
technical seo audit services,seo,seo services,320,0,LOW,1,commercial
financial seo services,seo,seo services,320,7.16,LOW,0,commercial
seo finance services,seo,seo services,320,7.16,LOW,0,commercial
seo for financial services,seo,seo services,320,7.16,LOW,0,commercial
seo financial services,seo,seo services,320,7.16,LOW,0,commercial
white label seo services,seo,seo services,320,0,LOW,0,commercial
seo expert services,seo,seo services,320,73.25,LOW,21,commercial
seo services for wordpress,seo,seo services,320,12.11,LOW,0,commercial
wordpress seo services,seo,seo services,320,12.11,LOW,0,commercial
expert seo services,seo,seo services,320,73.25,LOW,13,commercial
seo and ppc services,seo,seo services,320,12.61,LOW,0,commercial
seo ecommerce website,seo,ecommerce seo,320,0,LOW,20,commercial
ecommerce website seo,seo,ecommerce seo,320,0,LOW,38,commercial
seo for an ecommerce site,seo,ecommerce seo,320,0,LOW,32,commercial
seo for ecommerce site,seo,ecommerce seo,320,0,LOW,23,commercial
seo for ecommerce websites,seo,ecommerce seo,320,0,LOW,18,commercial
seo for ecommerce sites,seo,ecommerce seo,320,0,LOW,22,commercial
seo for ecommerce website,seo,ecommerce seo,320,0,LOW,18,commercial
seo tech audit,seo,seo audit,320,7.66,LOW,34,commercial
technical audit seo,seo,seo audit,320,7.66,LOW,29,commercial
tech seo audit,seo,seo audit,320,7.66,LOW,26,commercial
seo technical audit,seo,seo audit,320,7.66,LOW,20,commercial
technical seo audit service,seo,seo audit,320,0,LOW,0,commercial
technical seo audit,seo,seo audit,320,7.66,LOW,39,commercial
essex web design agency,web-design,web design agency,320,12.85,LOW,68,commercial
bristol web design agency,web-design,web design agency,320,4.69,LOW,87,commercial
web design agency in bristol,web-design,web design agency,320,4.69,LOW,78,commercial
bespoke web design agency,web-design,web design agency,320,0,LOW,32,commercial
web design agency bristol,web-design,web design agency,320,4.69,LOW,51,commercial
web design agency leeds,web-design,web design agency,320,6.83,LOW,52,commercial
b2b web design agency,web-design,web design agency,320,32.76,MEDIUM,10,commercial
best agency web design,web-design,web design agency,320,7.14,MEDIUM,32,commercial
best web design agency uk,web-design,web design agency,320,14.25,LOW,58,commercial
responsive web design agency,web-design,web design agency,320,0,LOW,0,commercial
top web design agency london,web-design,web design agency,320,0,LOW,100,commercial
top web design agency uk,web-design,web design agency,320,14.25,LOW,56,commercial
best web design agency london,web-design,web design agency,320,0,LOW,28,commercial
best web design agency,web-design,web design agency,320,7.14,MEDIUM,36,commercial
leeds web design agency,web-design,web design agency,320,6.83,LOW,52,commercial
web design agency in leeds,web-design,web design agency,320,6.83,LOW,51,commercial
best web design agency website,web-design,web design agency,320,7.14,MEDIUM,7,commercial
web design agency essex,web-design,web design agency,320,12.85,LOW,84,commercial
famous web design company,web-design,web design company,320,38.62,LOW,17,commercial
top web design company,web-design,web design company,320,38.62,LOW,22,commercial
web design company eastbourne,web-design,web design company,320,12.69,LOW,20,commercial
biggest web design company,web-design,web design company,320,38.62,LOW,23,commercial
responsive web design company,web-design,web design company,320,0,LOW,0,commercial
best company for web design,web-design,web design company,320,38.62,LOW,25,commercial
top web design company websites,web-design,web design company,320,38.62,LOW,7,commercial
professional web design company,web-design,web design company,320,0,LOW,52,commercial
best web design company in london,web-design,web design company,320,0,LOW,68,commercial
best web design company in uk,web-design,web design company,320,14.25,LOW,56,commercial
top web design company in uk,web-design,web design company,320,14.25,LOW,76,commercial
uk best web design company,web-design,web design company,320,14.25,LOW,38,commercial
web design company stoke on trent,web-design,web design company,320,14.5,LOW,74,navigational
small business web design services,web-design,small business web design,320,10.86,LOW,60,commercial
web design services for small business,web-design,small business web design,320,10.86,LOW,0,commercial
web design services small business,web-design,small business web design,320,10.86,LOW,2,commercial
web design service for small business,web-design,small business web design,320,10.86,LOW,0,commercial
ecommerce web development agency,ecommerce,ecommerce development agency,260,0,LOW,41,commercial
ecommerce website development agency,ecommerce,ecommerce development agency,260,0,LOW,28,commercial
ecommerce digital agency,ecommerce,ecommerce agency,260,29.67,LOW,30,commercial
digital agency for ecommerce,ecommerce,ecommerce agency,260,29.67,LOW,65,commercial
digital agency ecommerce,ecommerce,ecommerce agency,260,29.67,LOW,49,commercial
uk shopify agency,ecommerce,shopify agency,260,14.58,LOW,82,navigational
shopify agency uk,ecommerce,shopify agency,260,14.58,LOW,87,navigational
ecommerce website design & development,ecommerce,ecommerce website design,260,0,LOW,21,commercial
ecommerce website design london,ecommerce,ecommerce website design,260,0,LOW,73,commercial
ecommerce website design template,ecommerce,ecommerce website design,260,9.69,HIGH,26,commercial
ecommerce website design development,ecommerce,ecommerce website design,260,0,LOW,15,commercial
ecommerce website design templates,ecommerce,ecommerce website design,260,9.69,HIGH,23,commercial
ecommerce website design and development,ecommerce,ecommerce website design,260,0,LOW,2,commercial
what is agentic commerce,agentic-commerce,agentic commerce,260,18.59,MEDIUM,14,informational
agentic commerce protocol,agentic-commerce,agentic commerce,260,21.97,MEDIUM,62,informational
agentic ai definition,agentic-commerce,agentic ai,260,3.33,MEDIUM,52,informational
agentic ai define,agentic-commerce,agentic ai,260,3.33,MEDIUM,61,informational
ecommerce expo london,agentic-commerce,agentic ai ecommerce,260,7.94,LOW,8,informational
ecommerce site,agentic-commerce,agentic ai ecommerce,260,11.9,MEDIUM,36,commercial
ai seo tools,ai-seo,ai seo,260,24.96,MEDIUM,20,commercial
ai seo tool,ai-seo,ai seo,260,24.96,MEDIUM,36,commercial
seo for ai,ai-seo,ai seo,260,19.74,MEDIUM,34,commercial
seo agency in brighton,seo,seo agency,260,17.79,MEDIUM,0,commercial
brighton seo agency,seo,seo agency,260,17.79,MEDIUM,8,commercial
seo agency milton keynes,seo,seo agency,260,0,LOW,0,commercial
wordpress seo agency,seo,seo agency,260,0,LOW,0,commercial
kent seo agency,seo,seo agency,260,6.06,MEDIUM,9,commercial
seo agency in york,seo,seo agency,260,7.79,LOW,0,commercial
seo tools for agency,seo,seo agency,260,14.36,LOW,17,commercial
agency seo tools,seo,seo agency,260,14.36,LOW,23,commercial
b2b saas seo agency,seo,seo agency,260,0,MEDIUM,0,commercial
seo content marketing agency,seo,seo agency,260,5.88,LOW,17,commercial
seo agency kent,seo,seo agency,260,6.06,MEDIUM,0,commercial
recruitment agency seo,seo,seo agency,260,0,LOW,0,commercial
seo agency in milton keynes,seo,seo agency,260,0,LOW,0,commercial
seo agency york,seo,seo agency,260,7.79,LOW,0,commercial
seo digital marketing agency,seo,seo agency,260,0,LOW,77,commercial
seo and content marketing agency,seo,seo agency,260,5.88,LOW,3,commercial
milton keynes seo agency,seo,seo agency,260,0,LOW,0,commercial
seo agency brighton,seo,seo agency,260,17.79,MEDIUM,1,commercial
local seo agency near me,seo,seo agency,260,0,LOW,0,commercial
seo agency tool,seo,seo agency,260,14.36,LOW,23,commercial
york seo agency,seo,seo agency,260,7.79,LOW,4,commercial
seo agency tools,seo,seo agency,260,14.36,LOW,25,commercial
seo agency in kent,seo,seo agency,260,6.06,MEDIUM,9,commercial
seo agency glasgow,seo,seo agency,260,23.76,LOW,15,commercial
glasgow seo services,seo,seo services,260,15.67,LOW,12,commercial
seo services for healthcare,seo,seo services,260,20.16,LOW,0,commercial
seo services in liverpool,seo,seo services,260,0,LOW,3,commercial
low cost seo services,seo,seo services,260,14.86,LOW,17,commercial
seo services websites,seo,seo services,260,0,LOW,47,commercial
low price seo services,seo,seo services,260,14.86,LOW,0,commercial
marketing online seo services,seo,seo services,260,0,LOW,22,commercial
freelance seo services,seo,seo services,260,0,LOW,19,commercial
reseller seo services,seo,seo services,260,0,LOW,0,commercial
seo services affordable,seo,seo services,260,14.86,LOW,21,commercial
freelancer seo services,seo,seo services,260,0,LOW,8,commercial
seo services leeds,seo,seo services,260,11.53,LOW,0,commercial
backlink seo services,seo,seo services,260,15.78,LOW,40,commercial
seo services providers,seo,seo services,260,32.64,LOW,26,commercial
seo services site,seo,seo services,260,0,LOW,38,commercial
seo online marketing services,seo,seo services,260,0,LOW,43,commercial
seo services liverpool,seo,seo services,260,0,LOW,3,commercial
seo services in glasgow,seo,seo services,260,15.67,LOW,2,commercial
seo services cheap,seo,seo services,260,14.86,LOW,29,commercial
enterprise seo optimization services,seo,seo services,260,44.63,LOW,0,commercial
website and seo services,seo,seo services,260,0,LOW,39,commercial
seo backlinks services,seo,seo services,260,15.78,LOW,7,commercial
low-cost seo services,seo,seo services,260,14.86,LOW,6,commercial
seo services for website,seo,seo services,260,0,LOW,44,commercial
best seo services,seo,seo services,260,0,LOW,25,commercial
seo services in leeds,seo,seo services,260,11.53,LOW,0,commercial
seo and online marketing services,seo,seo services,260,0,LOW,29,commercial
healthcare seo services,seo,seo services,260,20.16,LOW,0,commercial
seo content writing services,seo,seo services,260,0,LOW,0,commercial
liverpool seo services,seo,seo services,260,0,LOW,2,commercial
seo and content writing services,seo,seo services,260,0,LOW,0,commercial
seo backlink services,seo,seo services,260,15.78,LOW,15,commercial
seo services provider,seo,seo services,260,32.64,LOW,25,commercial
seo services glasgow,seo,seo services,260,15.67,LOW,8,commercial
seo services sites,seo,seo services,260,0,LOW,51,commercial
b2b seo services,seo,seo services,260,48.25,LOW,0,commercial
website with seo services,seo,seo services,260,0,LOW,36,commercial
seo reseller services,seo,seo services,260,0,LOW,0,commercial
cheap seo services,seo,seo services,260,14.86,LOW,20,commercial
seo for healthcare services,seo,seo services,260,20.16,LOW,4,commercial
good seo services,seo,seo services,260,0,LOW,28,commercial
seo freelance services,seo,seo services,260,0,LOW,19,commercial
seo services in southampton,seo,seo services,260,0,LOW,0,commercial
seo services low cost,seo,seo services,260,14.86,LOW,2,commercial
southampton seo services,seo,seo services,260,0,LOW,0,commercial
seo services website,seo,seo services,260,0,LOW,49,commercial
enterprise seo services,seo,seo services,260,44.63,LOW,0,commercial
seo services best,seo,seo services,260,0,LOW,15,commercial
seo services reseller,seo,seo services,260,0,LOW,6,commercial
seo services southampton,seo,seo services,260,0,LOW,0,commercial
inexpensive seo services,seo,seo services,260,14.86,LOW,25,commercial
cheapest seo services,seo,seo services,260,14.86,LOW,9,commercial
best seo optimization services,seo,seo services,260,0,LOW,22,commercial
professional seo services uk,seo,seo services,260,33.08,LOW,39,commercial
professional seo services in uk,seo,seo services,260,33.08,LOW,18,commercial
seo tool audit,seo,seo audit,260,10.54,LOW,70,commercial
audit seo tool,seo,seo audit,260,10.54,LOW,76,commercial
seo audit tool,seo,seo audit,260,10.54,LOW,75,commercial
seo tools audit,seo,seo audit,260,10.54,LOW,81,commercial
seo audit tools,seo,seo audit,260,10.54,LOW,70,commercial
local seo agencies near me,seo,local seo,260,0,LOW,4,commercial
web design and development agency london,web-design,web design agency,260,6.44,LOW,69,commercial
web design agency in oxford,web-design,web design agency,260,0,LOW,67,commercial
oxford web design agency,web-design,web design agency,260,0,LOW,46,navigational
web design agency kent,web-design,web design agency,260,8.04,LOW,68,commercial
kent web design agency,web-design,web design agency,260,8.04,LOW,25,commercial
web design agency oxford,web-design,web design agency,260,0,LOW,88,commercial
best web design company website,web-design,web design company,260,17.95,LOW,27,commercial
best web design company websites,web-design,web design company,260,17.95,LOW,23,commercial
web design company in london,web-design,web design company,260,3.91,LOW,30,commercial
web design company london uk,web-design,web design company,260,3.91,LOW,51,commercial
best web design company sites,web-design,web design company,260,17.95,LOW,26,commercial
web design company in oxford,web-design,web design company,260,0,LOW,67,commercial
london web design company,web-design,web design company,260,28.49,LOW,43,commercial
web design company oxford,web-design,web design company,260,0,LOW,46,commercial
web design company packages,web-design,web design company,260,0,LOW,0,commercial
web design company preston,web-design,web design company,260,5.84,LOW,40,commercial
best web design company,web-design,web design company,260,17.95,LOW,11,commercial
cheap small business web design,web-design,small business web design,260,20.38,LOW,6,commercial
affordable web design small business,web-design,small business web design,260,20.38,LOW,3,commercial
affordable web design for small business,web-design,small business web design,260,20.38,LOW,7,commercial
affordable small business web design,web-design,small business web design,260,20.38,LOW,14,commercial
london ecommerce agency,ecommerce,ecommerce agency,210,24.45,LOW,64,commercial
ecommerce agency london,ecommerce,ecommerce agency,210,24.45,LOW,64,commercial
ecommerce agency in london,ecommerce,ecommerce agency,210,24.45,LOW,86,commercial
seo agency for ecommerce,ecommerce,ecommerce agency,210,0,LOW,0,commercial
shopify app development,ecommerce,shopify development,210,8.51,LOW,12,commercial
shopify development jobs,ecommerce,shopify development,210,0.27,LOW,8,navigational
app development shopify,ecommerce,shopify development,210,8.51,LOW,27,commercial
shopify apps development,ecommerce,shopify development,210,8.51,LOW,18,commercial
shopify application development,ecommerce,shopify development,210,8.51,LOW,12,commercial
shopify website design agency,ecommerce,shopify agency,210,0,LOW,82,navigational
shopify plus agency,ecommerce,shopify agency,210,13.48,LOW,16,navigational
shopify web design agency,ecommerce,shopify agency,210,0,LOW,99,commercial
ecommerce website design and development company,ecommerce,ecommerce website design,210,0,LOW,0,commercial
agentic ai framework,agentic-commerce,agentic ai,210,17.1,MEDIUM,20,commercial
agentic ai frameworks,agentic-commerce,agentic ai,210,17.1,MEDIUM,15,commercial
agentic ai tool,agentic-commerce,agentic ai,210,30.9,HIGH,38,commercial
define agentic ai,agentic-commerce,agentic ai,210,11.33,LOW,52,informational
ai agent versus agentic ai,agentic-commerce,agentic ai,210,12.71,MEDIUM,20,commercial
ai agents vs agentic ai,agentic-commerce,agentic ai,210,12.71,MEDIUM,23,commercial
agentic ai tools,agentic-commerce,agentic ai,210,30.9,HIGH,40,commercial
what does agentic ai mean,agentic-commerce,agentic ai,210,2.52,MEDIUM,38,informational
ai store,agentic-commerce,agentic ai ecommerce,210,9.52,LOW,34,navigational
ai seo optimization,ai-seo,ai seo,210,27.54,HIGH,27,commercial
geo generative engine optimization,ai-seo,generative engine optimization,210,8.82,MEDIUM,56,informational
geo: generative engine optimization,ai-seo,generative engine optimization,210,8.82,MEDIUM,69,informational
seo agency exeter,seo,seo agency,210,0,LOW,0,commercial
enterprise seo agency,seo,seo agency,210,10.72,LOW,0,commercial
seo agency in exeter,seo,seo agency,210,0,LOW,0,commercial
restaurant seo agency,seo,seo agency,210,0,LOW,0,commercial
seo agency belfast,seo,seo agency,210,5.65,LOW,4,commercial
seo agency norwich,seo,seo agency,210,8.25,LOW,7,commercial
seo agency for restaurant,seo,seo agency,210,0,LOW,0,commercial
seo agency in india,seo,seo agency,210,29.37,MEDIUM,61,commercial
seo migration agency,seo,seo agency,210,0,LOW,0,commercial
what is an seo agency,seo,seo agency,210,3.21,LOW,0,informational
seo agency software,seo,seo agency,210,18.48,LOW,18,commercial
seo agency in hampshire,seo,seo agency,210,9.31,LOW,0,commercial
indian seo agency,seo,seo agency,210,29.37,MEDIUM,46,commercial
seo agency hampshire,seo,seo agency,210,9.31,LOW,0,commercial
belfast seo agency,seo,seo agency,210,5.65,LOW,44,commercial
hampshire seo agency,seo,seo agency,210,9.31,LOW,0,commercial
seo agency india,seo,seo agency,210,29.37,MEDIUM,51,commercial
seo agency in plymouth,seo,seo agency,210,0,LOW,4,commercial
seo agency bournemouth,seo,seo agency,210,7.42,LOW,8,commercial
seo agency lancashire,seo,seo agency,210,0,LOW,0,commercial
exeter seo agency,seo,seo agency,210,0,LOW,0,commercial
seo link building agency,seo,seo agency,210,0,LOW,21,commercial
agency seo software,seo,seo agency,210,18.48,LOW,15,commercial
seo agency for restaurants,seo,seo agency,210,0,LOW,0,commercial
seo agency for e-commerce,seo,seo agency,210,0,LOW,0,commercial
seo agency plymouth,seo,seo agency,210,0,LOW,4,commercial
india seo agency,seo,seo agency,210,29.37,MEDIUM,49,commercial
plymouth seo agency,seo,seo agency,210,0,LOW,4,commercial
bournemouth seo agency,seo,seo agency,210,7.42,LOW,7,commercial
link building seo agency,seo,seo agency,210,0,LOW,4,commercial
what is seo agency,seo,seo agency,210,3.21,LOW,0,informational
seo agency link building,seo,seo agency,210,0,LOW,11,commercial
norwich seo agency,seo,seo agency,210,8.25,LOW,8,commercial
white label seo agency,seo,seo agency,210,23.87,LOW,0,commercial
cost for seo services,seo,seo services,210,6.43,LOW,0,commercial
prices for seo services,seo,seo services,210,6.43,LOW,0,commercial
professional seo services company,seo,seo services,210,0,LOW,13,commercial
monthly seo services,seo,seo services,210,13.08,LOW,0,commercial
seo services pricing,seo,seo services,210,6.43,LOW,2,commercial
off page seo services,seo,seo services,210,0,LOW,0,commercial
seo services cost,seo,seo services,210,6.43,LOW,0,commercial
seo services company in uk,seo,seo services,210,0,LOW,26,commercial
travel seo services,seo,seo services,210,0,LOW,0,commercial
seo services for law firms,seo,seo services,210,0,LOW,0,commercial
seo services for law firm,seo,seo services,210,0,LOW,0,commercial
price of seo services,seo,seo services,210,6.43,LOW,0,commercial
pricing for seo services,seo,seo services,210,6.43,LOW,8,commercial
price for seo services,seo,seo services,210,6.43,LOW,2,commercial
seo company services uk,seo,seo services,210,0,LOW,39,commercial
rank seo services,seo,seo services,210,0,LOW,0,commercial
seo services fees,seo,seo services,210,6.43,LOW,3,commercial
seo services rates,seo,seo services,210,6.43,LOW,2,commercial
seo content services,seo,seo services,210,11.33,LOW,0,commercial
seo services monthly,seo,seo services,210,13.08,LOW,0,commercial
seo services prices,seo,seo services,210,6.43,LOW,0,commercial
law firm seo services,seo,seo services,210,0,LOW,0,commercial
newcastle seo services,seo,seo services,210,0,LOW,0,commercial
seo technical audit services,seo,seo services,210,0,LOW,0,commercial
seo ranking services,seo,seo services,210,0,LOW,23,commercial
seo services company uk,seo,seo services,210,0,LOW,25,commercial
seo monthly services,seo,seo services,210,13.08,LOW,2,commercial
offpage seo services,seo,seo services,210,0,LOW,20,commercial
cost of seo services,seo,seo services,210,6.43,LOW,0,commercial
seo off page services,seo,seo services,210,0,LOW,0,commercial
seo services price,seo,seo services,210,6.43,LOW,4,commercial
organic seo services,seo,seo services,210,21.36,LOW,8,commercial
seo services costs,seo,seo services,210,6.43,LOW,3,commercial
off-page seo services,seo,seo services,210,0,LOW,0,commercial
seo services newcastle,seo,seo services,210,0,LOW,0,commercial
local seo services near me,seo,seo services,210,26.04,LOW,0,commercial
website seo audit services,seo,seo services,210,0,LOW,42,commercial
seo services in newcastle,seo,seo services,210,0,LOW,0,commercial
seo migration services,seo,seo services,210,7.68,LOW,0,commercial
ecommerce seo experts,seo,ecommerce seo,210,0,LOW,0,commercial
ecommerce seo expert,seo,ecommerce seo,210,0,LOW,5,commercial
free seo audit tools,seo,seo audit,210,8.44,MEDIUM,75,commercial
seo audit tool free,seo,seo audit,210,8.44,MEDIUM,75,commercial
seo audit free tools,seo,seo audit,210,8.44,MEDIUM,77,commercial
seo audit free tool,seo,seo audit,210,8.44,MEDIUM,81,commercial
free seo audit tool,seo,seo audit,210,8.44,MEDIUM,75,commercial
seo audit tools free,seo,seo audit,210,8.44,MEDIUM,83,informational
local seo london,seo,local seo,210,21.15,LOW,0,commercial
local business seo,seo,local seo,210,7.13,LOW,0,commercial
dental local seo,seo,local seo,210,0,LOW,0,commercial
local seo experts,seo,local seo,210,0,LOW,0,commercial
local dentist seo,seo,local seo,210,0,LOW,0,commercial
local seo in london,seo,local seo,210,21.15,LOW,0,commercial
local seo for restaurant,seo,local seo,210,34.64,LOW,0,commercial
seo local business,seo,local seo,210,7.13,LOW,6,commercial
local seo business,seo,local seo,210,7.13,LOW,6,commercial
consultant seo local,seo,local seo,210,0,LOW,0,commercial
local seo consultants,seo,local seo,210,0,LOW,0,commercial
local seo expert,seo,local seo,210,0,LOW,0,commercial
local restaurant seo,seo,local seo,210,34.64,LOW,0,commercial
local seo for small business,seo,local seo,210,11.05,LOW,0,commercial
seo for local business,seo,local seo,210,7.13,LOW,7,commercial
local seo for restaurants,seo,local seo,210,34.64,LOW,0,commercial
local seo for small businesses,seo,local seo,210,11.05,LOW,0,commercial
local seo small business,seo,local seo,210,11.05,LOW,0,commercial
small business local seo,seo,local seo,210,11.05,LOW,0,commercial
local seo consultant,seo,local seo,210,0,LOW,0,commercial
local seo consulting,seo,local seo,210,0,LOW,8,commercial
local seo for dentist,seo,local seo,210,0,LOW,0,commercial
seo for small local business,seo,local seo,210,11.05,LOW,0,commercial
local seo for business,seo,local seo,210,7.13,LOW,7,commercial
seo for local businesses,seo,local seo,210,7.13,LOW,6,commercial
local seo for dentists,seo,local seo,210,0,LOW,0,commercial
restaurant web design agency,web-design,web design agency,210,10.65,LOW,0,commercial
web design agency sheffield,web-design,web design agency,210,5.05,LOW,8,commercial
web design agency newcastle,web-design,web design agency,210,7.43,LOW,54,commercial
web design agency newcastle upon tyne,web-design,web design agency,210,7.43,LOW,92,commercial
newcastle web design agency,web-design,web design agency,210,7.43,LOW,62,commercial
ecommerce web design development company,web-design,web design company,210,0,LOW,21,commercial
web design company in bristol,web-design,web design company,210,10.78,MEDIUM,80,commercial
bristol web design company,web-design,web design company,210,0,LOW,76,commercial
web design company bristol,web-design,web design company,210,0,LOW,85,commercial
web design company essex,web-design,web design company,210,0,LOW,71,commercial
restaurant web design company,web-design,web design company,210,10.65,LOW,0,commercial
small business web design uk,web-design,small business web design,210,21.31,MEDIUM,2,commercial
web design for small business uk,web-design,small business web design,210,21.31,MEDIUM,4,commercial
ai automation agency uk,ai-agent-dev,ai automation agency,210,15.58,MEDIUM,10,commercial
ecommerce development agency,ecommerce,ecommerce development agency,170,11.87,LOW,7,commercial
b2b ecommerce agency,ecommerce,ecommerce agency,170,0,LOW,21,commercial
magento ecommerce agency,ecommerce,ecommerce agency,170,0,LOW,60,commercial
ecommerce seo agency london,ecommerce,ecommerce agency,170,0,LOW,6,commercial
ecommerce design agency,ecommerce,ecommerce agency,170,0,LOW,87,commercial
ecommerce agency uk,ecommerce,ecommerce agency,170,43.99,LOW,36,commercial
seo ecommerce agency,ecommerce,ecommerce agency,170,0,LOW,0,commercial
shopify web development services,ecommerce,shopify development,170,0,LOW,15,commercial
shopify website development services,ecommerce,shopify development,170,0,LOW,18,commercial
shopify development login,ecommerce,shopify development,170,8.92,LOW,53,navigational
shopify development theme,ecommerce,shopify development,170,6.57,LOW,6,navigational
shopify development service,ecommerce,shopify development,170,28.82,LOW,0,commercial
theme development shopify,ecommerce,shopify development,170,6.57,LOW,6,commercial
shopify template development,ecommerce,shopify development,170,6.57,LOW,22,commercial
shopify development company,ecommerce,shopify development,170,18.72,LOW,10,commercial
shopify theme development,ecommerce,shopify development,170,6.57,LOW,6,commercial
shopify development companies,ecommerce,shopify development,170,18.72,LOW,0,commercial
shopify development services,ecommerce,shopify development,170,28.82,LOW,0,commercial
shopify agency london,ecommerce,shopify agency,170,15.79,LOW,35,commercial
woocommerce development agency,ecommerce,woocommerce development,170,43.27,LOW,0,commercial
gen ai vs agentic ai,agentic-commerce,agentic ai,170,4.73,LOW,29,informational
google agentic ai,agentic-commerce,agentic ai,170,6.85,MEDIUM,37,navigational
agentic vs generative ai,agentic-commerce,agentic ai,170,8.29,LOW,17,informational
ai agentic,agentic-commerce,agentic ai,170,37.69,MEDIUM,52,informational
epa: ai,agentic-commerce,agentic ai ecommerce,170,0,LOW,0,informational
ecommerce icon,agentic-commerce,agentic ai ecommerce,170,6.34,LOW,2,navigational
bale web ai,agentic-commerce,agentic ai ecommerce,170,0,LOW,9,navigational
ai social network,agentic-commerce,agentic ai ecommerce,170,2.81,LOW,53,informational
ai forum,agentic-commerce,agentic ai ecommerce,170,12.72,LOW,34,navigational
seo ai tools,agentic-commerce,agentic ai ecommerce,170,29.22,MEDIUM,20,commercial
seo ai tool,ai-seo,ai seo,170,29.22,MEDIUM,36,commercial
seo writing ai,ai-seo,ai seo,170,4.23,HIGH,30,commercial
seo writer ai,ai-seo,ai seo,170,4.23,HIGH,66,commercial
best seo tools for agency,seo,seo agency,170,0,LOW,11,commercial
seo agency nyc,seo,seo agency,170,8.42,LOW,28,commercial
seo agency new york,seo,seo agency,170,8.42,LOW,24,commercial
seo and ppc agency,seo,seo agency,170,12.88,LOW,49,commercial
seo agency in new york,seo,seo agency,170,8.42,LOW,24,commercial
seo ppc agency,seo,seo agency,170,28.86,LOW,0,commercial
seo agency bath,seo,seo agency,170,0,LOW,0,commercial
derby seo agency,seo,seo agency,170,0,LOW,11,commercial
seo agency cornwall,seo,seo agency,170,0,MEDIUM,0,commercial
seo agency swindon,seo,seo agency,170,0,LOW,0,commercial
new york city seo agency,seo,seo agency,170,8.42,LOW,25,commercial
best seo agency usa,seo,seo agency,170,22.47,LOW,13,commercial
seo copywriting agency,seo,seo agency,170,0,LOW,0,commercial
seo expert agency,seo,seo agency,170,0,LOW,34,commercial
ny seo agency,seo,seo agency,170,8.42,LOW,20,commercial
seo agency in cambridge,seo,seo agency,170,0,LOW,0,commercial
seo agency portsmouth,seo,seo agency,170,11.5,LOW,0,commercial
portsmouth seo agency,seo,seo agency,170,11.5,LOW,0,commercial
seo agency in nyc,seo,seo agency,170,8.42,LOW,33,commercial
ppc and seo agency,seo,seo agency,170,28.86,LOW,0,commercial
seo & ppc agency,seo,seo agency,170,28.86,LOW,0,commercial
new york seo agency,seo,seo agency,170,8.42,LOW,24,commercial
seo agency review,seo,seo agency,170,16.38,LOW,7,commercial
seo consultant agency,seo,seo agency,170,0,LOW,20,commercial
local seo agency london,seo,seo agency,170,10.22,LOW,0,commercial
seo agency derby,seo,seo agency,170,0,LOW,11,commercial
best seo agency tools,seo,seo agency,170,0,LOW,32,commercial
travel seo agency,seo,seo agency,170,31.3,LOW,0,commercial
local seo services in london,seo,seo services,170,0,LOW,19,commercial
google seo optimization services,seo,seo services,170,24.92,LOW,9,commercial
local seo services in manchester,seo,seo services,170,0,LOW,2,commercial
seo services google,seo,seo services,170,24.92,LOW,29,commercial
professional seo services london,seo,seo services,170,0,LOW,16,commercial
seo services for lawyers,seo,seo services,170,0,LOW,8,commercial
seo services for ecommerce websites,seo,ecommerce seo,170,11.69,LOW,5,commercial
seo services for ecommerce website,seo,ecommerce seo,170,11.69,LOW,5,commercial
free website audit seo,seo,seo audit,170,7.92,MEDIUM,75,commercial
free site audit seo,seo,seo audit,170,7.92,MEDIUM,81,commercial
white label seo audit tools,seo,seo audit,170,13.15,LOW,8,commercial
website seo audit free,seo,seo audit,170,7.92,MEDIUM,73,commercial
free seo page audit,seo,seo audit,170,7.92,MEDIUM,63,commercial
free seo website audit,seo,seo audit,170,7.92,MEDIUM,75,commercial
free site seo audit,seo,seo audit,170,7.92,MEDIUM,75,commercial
seo site audit free,seo,seo audit,170,7.92,MEDIUM,75,commercial
seo website audit free,seo,seo audit,170,7.92,MEDIUM,72,commercial
free seo site audit,seo,seo audit,170,7.92,MEDIUM,75,commercial
free website seo audit,seo,seo audit,170,7.92,MEDIUM,75,commercial
white label seo audit tool,seo,seo audit,170,13.15,LOW,6,commercial
law firm local seo,seo,local seo,170,0,LOW,2,commercial
local seo tool,seo,local seo,170,14.44,LOW,27,commercial
local seo for law firm,seo,local seo,170,0,LOW,0,commercial
local seo services manchester,seo,local seo,170,0,LOW,0,commercial
local seo for plumbing,seo,local seo,170,0,LOW,0,commercial
local seo for lawyers,seo,local seo,170,0,LOW,5,commercial
what local seo,seo,local seo,170,0,LOW,34,commercial
what is local seo,seo,local seo,170,0,LOW,45,informational
local seo services london,seo,local seo,170,0,LOW,14,commercial
local seo for plumbers,seo,local seo,170,0,LOW,0,navigational
local seo services uk,seo,local seo,170,13.34,LOW,5,commercial
local seo for attorneys,seo,local seo,170,0,LOW,6,commercial
local seo tools,seo,local seo,170,14.44,LOW,29,commercial
local seo for law firms,seo,local seo,170,0,LOW,0,commercial
best web design agency near me,web-design,web design agency,170,0,LOW,34,commercial
web design agency hertfordshire,web-design,web design agency,170,2.6,LOW,24,commercial
hertfordshire web design agency,web-design,web design agency,170,2.6,LOW,57,commercial
web design agency india,web-design,web design agency,170,0,LOW,53,commercial
web design agency in india,web-design,web design agency,170,0,LOW,48,commercial
web design company inverness,web-design,web design company,170,23.49,LOW,62,commercial
web design company india,web-design,web design company,170,0,LOW,71,commercial
web design company in derby,web-design,web design company,170,0,LOW,29,commercial
india web design company,web-design,web design company,170,0,LOW,78,commercial
web design company derby,web-design,web design company,170,0,LOW,38,commercial
web design company in india,web-design,web design company,170,0,LOW,56,commercial
web design company in bradford,web-design,web design company,170,1.83,LOW,60,commercial
web design company leeds,web-design,web design company,170,0,LOW,53,commercial
small business web design packages,web-design,small business web design,170,3.7,LOW,0,commercial
ecommerce website development agency london,ecommerce,ecommerce development agency,140,0,LOW,32,commercial
ecommerce website agency,ecommerce,ecommerce agency,140,31.28,LOW,35,commercial
web agency ecommerce,ecommerce,ecommerce agency,140,31.28,LOW,84,commercial
shopify custom theme development,ecommerce,shopify development,140,14.68,MEDIUM,13,navigational
shopify website agency,ecommerce,shopify agency,140,33.1,LOW,84,navigational
shopify design agency,ecommerce,shopify agency,140,12.55,LOW,88,navigational
shopify web agency,ecommerce,shopify agency,140,33.1,LOW,56,commercial
great ecommerce website design,ecommerce,ecommerce website design,140,6.82,MEDIUM,15,commercial
cool ecommerce website design,ecommerce,ecommerce website design,140,6.82,MEDIUM,27,commercial
best ecommerce design website,ecommerce,ecommerce website design,140,6.82,MEDIUM,24,commercial
best ecommerce website design,ecommerce,ecommerce website design,140,6.82,MEDIUM,36,commercial
website design ecommerce,ecommerce,ecommerce website design,140,0,LOW,24,commercial
best design for ecommerce website,ecommerce,ecommerce website design,140,6.82,MEDIUM,36,commercial
good ecommerce website design,ecommerce,ecommerce website design,140,6.82,MEDIUM,15,commercial
ecommerce website design nottingham,ecommerce,ecommerce website design,140,0,LOW,27,commercial
top ecommerce website design,ecommerce,ecommerce website design,140,6.82,MEDIUM,17,commercial
best website design for ecommerce,ecommerce,ecommerce website design,140,6.82,MEDIUM,24,commercial
agentic ai vs ai agents,agentic-commerce,agentic ai,140,9.6,LOW,2,informational
agentic ai platform,agentic-commerce,agentic ai,140,38.62,HIGH,33,navigational
agentic ai platforms,agentic-commerce,agentic ai,140,38.62,HIGH,56,navigational
agentic ai architecture,agentic-commerce,agentic ai,140,11.62,MEDIUM,16,navigational
agentic ai icon,agentic-commerce,agentic ai,140,0,LOW,0,navigational
agentic ai companies,agentic-commerce,agentic ai,140,18.43,MEDIUM,25,navigational
agentic ai jobs,agentic-commerce,agentic ai,140,2.71,LOW,0,informational
examples of agentic ai,agentic-commerce,agentic ai,140,8.83,MEDIUM,17,informational
ecommerce 3pl,agentic-commerce,agentic ai ecommerce,140,23.57,MEDIUM,3,commercial
ai document editor,agentic-commerce,agentic ai ecommerce,140,10.97,HIGH,19,transactional
ecommerce seo audit,agentic-commerce,agentic ai ecommerce,140,19.19,LOW,13,commercial
ai rpa,agentic-commerce,agentic ai ecommerce,140,0,MEDIUM,18,informational
eden ecommerce,agentic-commerce,agentic ai ecommerce,140,2.38,LOW,12,navigational
swap ecommerce,agentic-commerce,agentic ai ecommerce,140,8.22,MEDIUM,14,commercial
best ai seo tool,ai-seo,ai seo,140,25.7,MEDIUM,31,commercial
best ai seo tools,ai-seo,ai seo,140,25.7,MEDIUM,22,commercial
ai seo company,ai-seo,ai seo,140,32.5,LOW,0,commercial
ai seo companies,ai-seo,ai seo,140,32.5,LOW,7,commercial
ecommerce website seo strategy,seo,ecommerce seo,140,0,LOW,28,commercial
seo strategies for ecommerce website,seo,ecommerce seo,140,0,LOW,30,informational
ecommerce seo audits,seo,ecommerce seo,140,19.19,LOW,8,commercial
ecommerce site seo strategy,seo,ecommerce seo,140,0,LOW,32,commercial
seo strategies for ecommerce websites,seo,ecommerce seo,140,0,LOW,30,informational
audit seo ecommerce,seo,ecommerce seo,140,19.19,LOW,6,informational
ecommerce seo specialist,seo,ecommerce seo,140,0,LOW,2,commercial
seo strategy for ecommerce website,seo,ecommerce seo,140,0,LOW,28,informational
seo strategy for ecommerce sites,seo,ecommerce seo,140,0,LOW,28,informational
seo audit tools online,seo,seo audit,140,0,LOW,71,commercial
seo audit tool online,seo,seo audit,140,0,LOW,75,commercial
seo site audit tool,seo,seo audit,140,0,LOW,71,commercial
seo site audit tools,seo,seo audit,140,0,LOW,81,commercial
audit seo e commerce,seo,seo audit,140,19.19,LOW,0,commercial
seo audit agency,seo,seo audit,140,0,LOW,0,commercial
seo audit online tool,seo,seo audit,140,0,LOW,75,commercial
seo audit london,seo,seo audit,140,0,LOW,0,commercial
online seo audit tools,seo,seo audit,140,0,LOW,70,commercial
local seo birmingham,seo,local seo,140,8.45,LOW,0,commercial
best local seo agencies,seo,local seo,140,16.39,LOW,0,commercial
best local seo company,seo,local seo,140,16.39,LOW,7,commercial
seo moz local,seo,local seo,140,6.61,MEDIUM,44,commercial
local seo services for small businesses,seo,local seo,140,18.38,LOW,11,commercial
best local seo companies,seo,local seo,140,16.39,LOW,0,commercial
local seo specialist,seo,local seo,140,30.81,LOW,0,commercial
best local seo agency,seo,local seo,140,16.39,LOW,0,commercial
local seo specialists,seo,local seo,140,30.81,LOW,7,commercial
local seo services for small business,seo,local seo,140,18.38,LOW,0,commercial
liverpool web design agency,web-design,web design agency,140,9.21,LOW,37,commercial
web design agency usa,web-design,web design agency,140,18.75,LOW,52,commercial
web design agency cardiff,web-design,web design agency,140,0,LOW,49,commercial
web design agency milton keynes,web-design,web design agency,140,7.14,LOW,74,commercial
web design agency liverpool,web-design,web design agency,140,9.21,LOW,39,commercial
web design staffing agency,web-design,web design agency,140,6.38,LOW,28,commercial
web design agency southampton,web-design,web design agency,140,23.4,LOW,65,commercial
creative web design agency,web-design,web design agency,140,17.93,MEDIUM,95,commercial
web design agency west midlands,web-design,web design agency,140,0,LOW,66,commercial
web design agency in liverpool,web-design,web design agency,140,9.21,LOW,28,commercial
web design creative agency,web-design,web design agency,140,17.93,MEDIUM,44,commercial
web design agency bournemouth,web-design,web design agency,140,11.35,LOW,17,commercial
web design service company,web-design,web design company,140,0,LOW,61,commercial
web design company in east london,web-design,web design company,140,19.62,LOW,0,commercial
web design marketing company,web-design,web design company,140,119.21,LOW,97,commercial
web design and digital marketing company,web-design,web design company,140,0,LOW,93,commercial
american web design company,web-design,web design company,140,18.75,LOW,38,commercial
web design company services page,web-design,web design company,140,0,LOW,25,navigational
web design and marketing company,web-design,web design company,140,119.21,LOW,100,commercial
web design company ny,web-design,web design company,140,4.26,MEDIUM,35,commercial
web design company usa,web-design,web design company,140,18.75,LOW,29,commercial
new york web design company,web-design,web design company,140,4.26,MEDIUM,75,commercial
web design company us,web-design,web design company,140,18.75,LOW,47,commercial
digital marketing and web design company,web-design,web design company,140,0,LOW,100,commercial
web design company america,web-design,web design company,140,18.75,LOW,30,commercial
web design company services,web-design,web design company,140,0,LOW,55,commercial
web design company in usa,web-design,web design company,140,18.75,LOW,44,commercial
web design company in us,web-design,web design company,140,18.75,LOW,35,commercial
web design company new york,web-design,web design company,140,4.26,MEDIUM,33,commercial
web design and development company in india,web-design,web design company,140,56.83,LOW,65,commercial
web design company in america,web-design,web design company,140,18.75,LOW,67,commercial
web design company west midlands,web-design,web design company,140,8.83,LOW,66,commercial
web design company in ny,web-design,web design company,140,4.26,MEDIUM,76,commercial
us web design company,web-design,web design company,140,18.75,LOW,25,commercial
marketing web design company,web-design,web design company,140,119.21,LOW,74,commercial
web design services company,web-design,web design company,140,0,LOW,85,commercial
ecommerce seo agency uk,ecommerce,ecommerce agency,110,0,LOW,0,commercial
ecommerce web agency,ecommerce,ecommerce agency,110,0,LOW,27,commercial
full service ecommerce agency,ecommerce,ecommerce agency,110,0,LOW,16,commercial
digital marketing agency for ecommerce,ecommerce,ecommerce agency,110,50.25,LOW,22,commercial
full-service ecommerce agency,ecommerce,ecommerce agency,110,0,LOW,23,commercial
ecommerce conversion rate optimisation agency,ecommerce,ecommerce agency,110,15.43,LOW,2,commercial
shopify development store,ecommerce,shopify development,110,8.09,LOW,20,navigational
development shopify store,ecommerce,shopify development,110,8.09,LOW,20,navigational
shopify store development,ecommerce,shopify development,110,8.09,LOW,20,commercial
development store shopify,ecommerce,shopify development,110,8.09,LOW,4,navigational
shopify development stores,ecommerce,shopify development,110,8.09,LOW,24,navigational
shopify development account,ecommerce,shopify development,110,0,LOW,29,navigational
ecommerce website design service,ecommerce,ecommerce website design,110,0,LOW,26,commercial
ecommerce website design package,ecommerce,ecommerce website design,110,0,LOW,0,commercial
design ecommerce website free,ecommerce,ecommerce website design,110,14.15,HIGH,42,commercial
ecommerce website design packages,ecommerce,ecommerce website design,110,0,LOW,0,commercial
ecommerce website design birmingham,ecommerce,ecommerce website design,110,0,LOW,35,commercial
ecommerce website design services,ecommerce,ecommerce website design,110,0,LOW,25,commercial
woocommerce web development,ecommerce,woocommerce development,110,0,LOW,34,commercial
woocommerce website development,ecommerce,woocommerce development,110,0,LOW,30,commercial
agentic ai workflow,agentic-commerce,agentic ai,110,12.11,MEDIUM,31,commercial
agentic ai workflows,agentic-commerce,agentic ai,110,12.11,MEDIUM,31,navigational
what is agentic ai vs generative ai,agentic-commerce,agentic ai,110,9.16,LOW,21,informational
agentic ai certification,agentic-commerce,agentic ai,110,7.75,HIGH,32,navigational
agentic ai systems,agentic-commerce,agentic ai,110,21.36,MEDIUM,61,commercial
small language models are the future of agentic ai,agentic-commerce,agentic ai,110,24.34,LOW,17,commercial
what is agentic ai in simple terms,agentic-commerce,agentic ai,110,11.45,MEDIUM,57,informational
best agentic ai,agentic-commerce,agentic ai,110,19.63,HIGH,,commercial
what is agentic ai example,agentic-commerce,agentic ai,110,5.55,MEDIUM,24,informational
agentic ai foundation,agentic-commerce,agentic ai,110,19.86,MEDIUM,27,commercial
ecommerce cms,agentic-commerce,agentic ai ecommerce,110,54.78,LOW,0,commercial
kpis for ecommerce,agentic-commerce,agentic ai ecommerce,110,1.07,LOW,7,commercial
job ecommerce,agentic-commerce,agentic ai ecommerce,110,0.84,LOW,0,informational
ecommerce legal,agentic-commerce,agentic ai ecommerce,110,10.97,LOW,2,commercial
ecommerce kpis,agentic-commerce,agentic ai ecommerce,110,1.07,LOW,0,informational
ionos ecommerce,agentic-commerce,agentic ai ecommerce,110,2,MEDIUM,23,navigational
ecommerce expo berlin,agentic-commerce,agentic ai ecommerce,110,5.33,LOW,24,navigational
ecommerce scotland,agentic-commerce,agentic ai ecommerce,110,8.76,LOW,6,commercial
tesco ai,agentic-commerce,agentic ai ecommerce,110,0,LOW,0,navigational
jobs ecommerce,agentic-commerce,agentic ai ecommerce,110,0.84,LOW,0,informational
magento ecommerce developer,agentic-commerce,agentic ai ecommerce,110,0,LOW,6,commercial
ai tool for seo,ai-seo,ai seo,110,24.95,LOW,14,commercial
ai tools for seo,ai-seo,ai seo,110,24.95,LOW,19,commercial
generative engine optimization geo,ai-seo,generative engine optimization,110,21.15,HIGH,59,informational
generative engine optimization services,ai-seo,generative engine optimization,110,18.29,LOW,14,commercial
ecommerce seo strategies,seo,ecommerce seo,110,0,LOW,25,commercial
ecommerce seo strategy,seo,ecommerce seo,110,0,LOW,5,commercial
best ecommerce for seo,seo,ecommerce seo,110,0,LOW,5,commercial
best ecommerce seo,seo,ecommerce seo,110,0,LOW,0,commercial
best seo for ecommerce,seo,ecommerce seo,110,0,LOW,44,commercial
ecommerce seo strategist,seo,ecommerce seo,110,0,LOW,31,commercial
ecommerce with best seo,seo,ecommerce seo,110,0,LOW,0,commercial
audit seo site web,seo,seo audit,110,11.45,LOW,65,commercial
what is a seo audit,seo,seo audit,110,9.39,LOW,17,informational
seo audit companies,seo,seo audit,110,0,LOW,8,commercial
web seo audit,seo,seo audit,110,11.45,LOW,73,commercial
seo audit company,seo,seo audit,110,0,LOW,11,commercial
seo audit page,seo,seo audit,110,11.45,LOW,81,informational
what is seo audit,seo,seo audit,110,9.39,LOW,25,informational
what is an seo audit,seo,seo audit,110,9.39,LOW,21,informational
seo audit what is,seo,seo audit,110,9.39,LOW,28,informational
seo audit report,seo,seo audit,110,23.3,LOW,74,commercial
seo audit for a website,seo,seo audit,110,11.45,LOW,83,commercial
website seo audit,seo,seo audit,110,11.45,LOW,75,commercial
seo on-page audit,seo,seo audit,110,11.45,LOW,71,commercial
seo audit reports,seo,seo audit,110,23.3,LOW,71,commercial
website seo audit tools,seo,seo audit,110,16.14,LOW,81,commercial
website seo audit tool,seo,seo audit,110,16.14,LOW,81,commercial
seo website audit tool,seo,seo audit,110,16.14,LOW,71,commercial
seo on page audit,seo,seo audit,110,11.45,LOW,75,commercial
seo website audit tools,seo,seo audit,110,16.14,LOW,75,commercial
local search seo services,seo,local seo,110,0,LOW,10,commercial
seo local optimization,seo,local seo,110,0,LOW,22,commercial
local seo package,seo,local seo,110,0,LOW,0,commercial
seo google local,seo,local seo,110,27.26,LOW,50,commercial
local seo pack,seo,local seo,110,0,LOW,10,commercial
seo local google,seo,local seo,110,27.26,LOW,14,commercial
local seo packages,seo,local seo,110,0,LOW,0,commercial
local seo optimisation,seo,local seo,110,0,LOW,42,commercial
optimize local seo,seo,local seo,110,0,LOW,43,commercial
google local seo,seo,local seo,110,27.26,LOW,50,navigational
local seo search engine optimization,seo,local seo,110,0,LOW,50,commercial
local seo manchester,seo,local seo,110,0,LOW,0,commercial
local seo essex,seo,local seo,110,0,LOW,11,commercial
local seo google,seo,local seo,110,27.26,LOW,45,commercial
local seo checklist,seo,local seo,110,0,LOW,29,informational
web design development agency,web-design,web design agency,110,17.5,LOW,100,commercial
custom web design agency,web-design,web design agency,110,11.72,LOW,3,commercial
web design agency ny,web-design,web design agency,110,0,LOW,14,commercial
cheltenham web design agency,web-design,web design agency,110,0,LOW,18,commercial
web design agency lancashire,web-design,web design agency,110,0,LOW,87,commercial
web design agency cheltenham,web-design,web design agency,110,0,LOW,20,commercial
best web design agency in uk,web-design,web design agency,110,21.89,LOW,100,commercial
web design & development agency,web-design,web design agency,110,17.5,LOW,46,commercial
top web design agency,web-design,web design agency,110,7.29,LOW,9,commercial
web design company prices,web-design,web design company,110,5.08,MEDIUM,8,commercial
web design company in reading,web-design,web design company,110,16.97,LOW,25,commercial
web design company in new york city,web-design,web design company,110,0,LOW,38,commercial
medical web design company,web-design,web design company,110,0,LOW,13,navigational
web design company richmond va,web-design,web design company,110,9.97,LOW,47,commercial
web design company in nyc,web-design,web design company,110,0,LOW,39,commercial
web design company new york city,web-design,web design company,110,0,LOW,39,commercial
web design company pricing,web-design,web design company,110,5.08,MEDIUM,6,commercial
nyc web design company,web-design,web design company,110,0,LOW,32,commercial
web design company in dudley,web-design,web design company,110,23.94,LOW,7,commercial
web design company for small business,web-design,web design company,110,9.96,MEDIUM,0,commercial
web design and seo company limited,web-design,web design company,110,2.54,LOW,0,commercial
best web design company uk,web-design,web design company,110,11.61,MEDIUM,59,commercial
ai agents for business,ai-agent-dev,ai agents for business,110,38.08,LOW,16,commercial
shopify ecommerce agency,ecommerce,ecommerce agency,90,19.7,LOW,83,commercial
ecommerce agency manchester,ecommerce,ecommerce agency,90,13.24,LOW,55,commercial
ecommerce email marketing agency,ecommerce,ecommerce agency,90,0,LOW,0,commercial
ecommerce consulting agency,ecommerce,ecommerce agency,90,0,LOW,0,commercial
manchester ecommerce agency,ecommerce,ecommerce agency,90,13.24,LOW,21,commercial
ecommerce recruitment agency,ecommerce,ecommerce agency,90,3.67,LOW,0,commercial
shopify web development agency,ecommerce,shopify development,90,0,LOW,16,navigational
shopify website development agency,ecommerce,shopify development,90,0,LOW,19,navigational
shopify custom development,ecommerce,shopify development,90,0,LOW,16,navigational
custom shopify development,ecommerce,shopify development,90,0,LOW,1,commercial
shopify marketing agency,ecommerce,shopify agency,90,26.07,MEDIUM,11,commercial
custom ecommerce website design,ecommerce,ecommerce website design,90,0,LOW,35,commercial
ecommerce website design west midlands,ecommerce,ecommerce website design,90,0,LOW,5,commercial
ecommerce website design manchester,ecommerce,ecommerce website design,90,0,LOW,85,navigational
ecommerce website design essex,ecommerce,ecommerce website design,90,13.03,LOW,46,commercial
woocommerce development service,ecommerce,woocommerce development,90,0,LOW,3,commercial
woocommerce development services,ecommerce,woocommerce development,90,0,LOW,0,commercial
woocommerce development,ecommerce,woocommerce development,90,0,LOW,22,commercial
shopify agentic commerce,agentic-commerce,agentic commerce,90,13.75,MEDIUM,22,navigational
stripe agentic commerce,agentic-commerce,agentic commerce,90,33.01,LOW,19,commercial
agentic commerce meaning,agentic-commerce,agentic commerce,90,4.85,LOW,31,informational
microsoft agentic ai,agentic-commerce,agentic ai,90,3.51,LOW,43,commercial
agentic ai what is it,agentic-commerce,agentic ai,90,2.04,MEDIUM,52,informational
claude agentic ai,agentic-commerce,agentic ai,90,6.95,MEDIUM,41,navigational
difference between generative ai and agentic ai,agentic-commerce,agentic ai,90,20.18,LOW,22,informational
agentic ai use cases,agentic-commerce,agentic ai,90,11.9,MEDIUM,29,commercial
sitecore ai,agentic-commerce,agentic ai ecommerce,90,17.9,MEDIUM,5,navigational
web ecommerce,agentic-commerce,agentic ai ecommerce,90,24.16,LOW,37,commercial
ecommerce pim,agentic-commerce,agentic ai ecommerce,90,36.75,LOW,10,commercial
ecommerce b2c,agentic-commerce,agentic ai ecommerce,90,25.36,LOW,10,commercial
ai m&a,agentic-commerce,agentic ai ecommerce,90,5.89,MEDIUM,0,informational
joomla ecommerce,agentic-commerce,agentic ai ecommerce,90,0,LOW,20,navigational
ai webinar,agentic-commerce,agentic ai ecommerce,90,14.72,HIGH,0,informational
ecommerce wholesale,agentic-commerce,agentic ai ecommerce,90,9.82,LOW,10,commercial
pim ecommerce,agentic-commerce,agentic ai ecommerce,90,36.75,LOW,13,commercial
ai webcam,agentic-commerce,agentic ai ecommerce,90,2.28,HIGH,14,navigational
ai shop,agentic-commerce,agentic ai ecommerce,90,3.84,LOW,13,navigational
pdp ecommerce,agentic-commerce,agentic ai ecommerce,90,0,LOW,0,navigational
tesco ai advert,agentic-commerce,agentic ai ecommerce,90,0,LOW,0,transactional
best seo ai tools,ai-seo,ai seo,90,20.69,MEDIUM,24,commercial
seo ai agents,ai-seo,ai seo,90,20.81,MEDIUM,17,commercial
best seo ai tool,ai-seo,ai seo,90,20.69,MEDIUM,27,commercial
seo ai agency,ai-seo,ai seo,90,20.81,MEDIUM,13,commercial
free ai seo tools,ai-seo,ai seo,90,11.99,MEDIUM,34,commercial
ai seo software,ai-seo,ai seo,90,0,MEDIUM,24,commercial
seo ai agent,ai-seo,ai seo,90,20.81,MEDIUM,17,commercial
ecommerce seo package,seo,ecommerce seo,90,0,LOW,0,commercial
best ecommerce seo company,seo,ecommerce seo,90,0,LOW,6,commercial
best ecommerce seo companies,seo,ecommerce seo,90,0,LOW,0,commercial
best ecommerce platform for seo,seo,ecommerce seo,90,7.07,LOW,0,commercial
ecommerce seo packages,seo,ecommerce seo,90,0,LOW,0,commercial
best seo company for ecommerce,seo,ecommerce seo,90,0,LOW,0,commercial
best seo companies for ecommerce,seo,ecommerce seo,90,0,LOW,6,commercial
best seo ecommerce platform,seo,ecommerce seo,90,7.07,LOW,0,commercial
ecommerce seo service london,seo,ecommerce seo,90,0,LOW,25,commercial
best ecommerce platform seo,seo,ecommerce seo,90,7.07,LOW,5,commercial
ecommerce seo services london,seo,ecommerce seo,90,0,LOW,7,commercial
best seo audit tools,seo,seo audit,90,17.1,LOW,45,commercial
local seo audit,seo,seo audit,90,15.06,LOW,0,commercial
seo audit manchester,seo,seo audit,90,9.27,LOW,28,commercial
seo audit white label,seo,seo audit,90,0,LOW,13,commercial
enterprise seo audit,seo,seo audit,90,0,LOW,0,commercial
seo audit report sample,seo,seo audit,90,0,LOW,6,informational
on page seo audit,seo,seo audit,90,5.84,LOW,70,commercial
white label seo audit,seo,seo audit,90,0,LOW,11,commercial
on-page seo audit,seo,seo audit,90,5.84,LOW,70,commercial
best seo audit tool,seo,seo audit,90,17.1,LOW,75,commercial
seo audit report format,seo,seo audit,90,0,LOW,14,informational
seo audit report template,seo,seo audit,90,0,LOW,1,informational
seo audit report templates,seo,seo audit,90,0,LOW,6,informational
local seo resellers,seo,local seo,90,0,LOW,0,commercial
best tools for local seo,seo,local seo,90,11.43,MEDIUM,17,commercial
local seo software,seo,local seo,90,9.35,LOW,10,commercial
local search seo,seo,local seo,90,0,LOW,46,commercial
local seo auditor,seo,local seo,90,15.06,LOW,7,commercial
local seo companies near me,seo,local seo,90,0,LOW,22,commercial
local seo reporting,seo,local seo,90,0,LOW,0,informational
local seo audits,seo,local seo,90,15.06,LOW,0,commercial
local seo leeds,seo,local seo,90,33.67,LOW,0,commercial
local seo for roofers,seo,local seo,90,0,LOW,0,navigational
best tool for local seo,seo,local seo,90,11.43,MEDIUM,11,commercial
best local seo tool,seo,local seo,90,11.43,MEDIUM,21,commercial
local seo sheffield,seo,local seo,90,0,LOW,0,navigational
local seo white label,seo,local seo,90,0,LOW,0,commercial
seo local,seo,local seo,90,29.34,MEDIUM,70,commercial
local seo reseller,seo,local seo,90,0,LOW,0,commercial
white label local seo,seo,local seo,90,0,LOW,0,commercial
seo for local search,seo,local seo,90,0,LOW,43,commercial
local seo glasgow,seo,local seo,90,8.39,LOW,0,commercial
local seo programs,seo,local seo,90,9.35,LOW,75,commercial
healthcare local seo,seo,local seo,90,0,LOW,0,commercial
seo local search,seo,local seo,90,0,LOW,34,commercial
local seo rank tracking,seo,local seo,90,0,LOW,45,commercial
local seo company near me,seo,local seo,90,0,LOW,6,commercial
local seo report,seo,local seo,90,0,LOW,0,informational
best local seo tools,seo,local seo,90,11.43,MEDIUM,16,commercial
web design service agency,web-design,web design agency,90,0,LOW,97,commercial
design agency web,web-design,web design agency,90,15.94,HIGH,100,commercial
web design agency new york,web-design,web design agency,90,3.57,HIGH,97,commercial
web design agency suffolk,web-design,web design agency,90,0,LOW,25,commercial
web design agency brighton,web-design,web design agency,90,5.92,MEDIUM,99,commercial
web design agency services,web-design,web design agency,90,0,LOW,58,commercial
new york city web design agency,web-design,web design agency,90,3.57,HIGH,32,commercial
charity web design agency,web-design,web design agency,90,42.21,MEDIUM,88,commercial
bath web design agency,web-design,web design agency,90,0,LOW,62,commercial
web design agency nyc,web-design,web design agency,90,3.57,HIGH,70,commercial
web design agency new york city,web-design,web design agency,90,3.57,HIGH,67,commercial
bespoke web design agency london,web-design,web design agency,90,0,LOW,44,commercial
branding and web design agency,web-design,web design agency,90,10.42,MEDIUM,60,commercial
cambridge web design agency,web-design,web design agency,90,13.41,LOW,31,commercial
new york web design agency,web-design,web design agency,90,3.57,HIGH,32,commercial
web design agency glasgow,web-design,web design agency,90,6.2,LOW,96,commercial
web design and branding agency,web-design,web design agency,90,10.42,MEDIUM,58,commercial
web design marketing agency,web-design,web design agency,90,6.1,MEDIUM,97,commercial
brighton web design agency,web-design,web design agency,90,5.92,MEDIUM,99,commercial
web design agency bath,web-design,web design agency,90,0,LOW,63,commercial
web design agency cambridge,web-design,web design agency,90,13.41,LOW,89,commercial
glasgow web design agency,web-design,web design agency,90,6.2,LOW,59,commercial
web design agency website design,web-design,web design agency,90,15.94,HIGH,92,commercial
nyc web design agency,web-design,web design agency,90,3.57,HIGH,40,navigational
ny web design agency,web-design,web design agency,90,3.57,HIGH,62,commercial
saas web design agency,web-design,web design agency,90,21.49,MEDIUM,0,commercial
web design services agency,web-design,web design agency,90,0,LOW,100,commercial
web design agency in new york,web-design,web design agency,90,3.57,HIGH,97,commercial
creative web design company,web-design,web design company,90,0,LOW,95,commercial
web design company hertfordshire,web-design,web design company,90,15.31,LOW,72,commercial
web design company hampshire,web-design,web design company,90,0,LOW,75,commercial
hampshire web design company,web-design,web design company,90,0,LOW,48,commercial
web design company nyc,web-design,web design company,90,3.57,HIGH,63,commercial
custom web design company,web-design,web design company,90,0,LOW,22,commercial
b2b web design company,web-design,web design company,90,0,LOW,11,commercial
web design company chicago,web-design,web design company,90,13.89,LOW,40,commercial
web design company newcastle,web-design,web design company,90,0,LOW,63,commercial
web design company sussex,web-design,web design company,90,32.76,LOW,8,commercial
creative web design company websites,web-design,web design company,90,0,LOW,49,navigational
ai agent development,ai-agent-dev,ai agent development,90,35.39,HIGH,37,commercial
ai development agent,ai-agent-dev,ai agent development,90,82.35,MEDIUM,68,commercial
ecommerce ppc agency london,ecommerce,ecommerce agency,70,0,MEDIUM,14,commercial
ecommerce paid search agency,ecommerce,ecommerce agency,70,0,LOW,0,commercial
seo agency ecommerce,ecommerce,ecommerce agency,70,0,LOW,0,commercial
ecommerce agency near me,ecommerce,ecommerce agency,70,15.14,MEDIUM,0,navigational
digital ecommerce agency,ecommerce,ecommerce agency,70,0,LOW,49,commercial
ecommerce growth agency,ecommerce,ecommerce agency,70,54.3,LOW,0,commercial
ecommerce google ads agency,ecommerce,ecommerce agency,70,0,LOW,0,commercial
shopify agency manchester,ecommerce,shopify agency,70,9.94,MEDIUM,2,navigational
shopify expert agency,ecommerce,shopify agency,70,0,LOW,2,navigational
free ecommerce website design templates,ecommerce,ecommerce website design,70,7.76,LOW,18,commercial
ecommerce website design shropshire,ecommerce,ecommerce website design,70,0,LOW,64,commercial
ecommerce website design derby,ecommerce,ecommerce website design,70,0,LOW,24,commercial
affordable ecommerce website design,ecommerce,ecommerce website design,70,0,LOW,0,commercial
ecommerce website design templates free,ecommerce,ecommerce website design,70,7.76,LOW,51,informational
woocommerce development company,ecommerce,woocommerce development,70,0,LOW,7,commercial
woocommerce development companies,ecommerce,woocommerce development,70,0,LOW,2,commercial
agentic ai book,agentic-commerce,agentic ai,70,0.3,HIGH,0,informational
servicenow agentic ai,agentic-commerce,agentic ai,70,19.97,MEDIUM,0,navigational
agentic ai security,agentic-commerce,agentic ai,70,43.39,HIGH,31,navigational
ai agent vs agentic ai,agentic-commerce,agentic ai,70,10.09,LOW,0,informational
genai vs agentic ai,agentic-commerce,agentic ai,70,7.69,LOW,38,commercial
agentic ai training,agentic-commerce,agentic ai,70,8.21,HIGH,12,informational
agentic ai agents,agentic-commerce,agentic ai,70,24.93,HIGH,52,informational
what agentic ai,agentic-commerce,agentic ai,70,7.97,MEDIUM,53,informational
is chatgpt agentic ai,agentic-commerce,agentic ai,70,0,LOW,15,informational
mcp agentic ai,agentic-commerce,agentic ai,70,7.56,MEDIUM,33,navigational
how does agentic ai work,agentic-commerce,agentic ai,70,8.26,HIGH,55,informational
agentic ai solutions,agentic-commerce,agentic ai,70,40.29,MEDIUM,48,commercial
agentic meaning in ai,agentic-commerce,agentic ai,70,0,LOW,36,informational
magento ecommerce sites,agentic-commerce,agentic ai ecommerce,70,0,LOW,19,commercial
ecommerce saas,agentic-commerce,agentic ai ecommerce,70,19.43,LOW,0,commercial
coca-cola ai commercial,agentic-commerce,agentic ai ecommerce,70,0,LOW,43,informational
ai panda bao shop,agentic-commerce,agentic ai ecommerce,70,0,LOW,0,navigational
hi ai online,agentic-commerce,agentic ai ecommerce,70,0.71,LOW,0,navigational
ecommerce store online,agentic-commerce,agentic ai ecommerce,70,22.25,LOW,58,commercial
ecommerce online shop,agentic-commerce,agentic ai ecommerce,70,22.25,LOW,62,commercial
ai freelancer,agentic-commerce,agentic ai ecommerce,70,5.76,MEDIUM,6,commercial
ecommerce chinese,agentic-commerce,agentic ai ecommerce,70,3.63,MEDIUM,21,commercial
ai vendor,agentic-commerce,agentic ai ecommerce,70,20.6,MEDIUM,0,commercial
site ai,agentic-commerce,agentic ai ecommerce,70,8.28,MEDIUM,73,navigational
online store ecommerce,agentic-commerce,agentic ai ecommerce,70,22.25,LOW,38,commercial
magento ecommerce site,agentic-commerce,agentic ai ecommerce,70,0,LOW,14,commercial
framer ecommerce,agentic-commerce,agentic ai ecommerce,70,4.63,MEDIUM,0,navigational
ecommerce china,agentic-commerce,agentic ai ecommerce,70,3.63,MEDIUM,25,informational
ecommerce shop online,agentic-commerce,agentic ai ecommerce,70,22.25,LOW,60,commercial
dtc ecommerce,agentic-commerce,agentic ai ecommerce,70,0,LOW,0,navigational
ai due diligence,agentic-commerce,agentic ai ecommerce,70,26.63,MEDIUM,0,informational
ux ecommerce,agentic-commerce,agentic ai ecommerce,70,5.26,LOW,1,navigational
ecommerce online store,agentic-commerce,agentic ai ecommerce,70,22.25,LOW,55,commercial
ga ecommerce,agentic-commerce,agentic ai ecommerce,70,0,LOW,19,navigational
dpd ecommerce,agentic-commerce,agentic ai ecommerce,70,25.91,MEDIUM,43,navigational
ecommerce omnichannel,agentic-commerce,agentic ai ecommerce,70,0,LOW,19,informational
magento ecommerce platform,agentic-commerce,agentic ai ecommerce,70,18.35,LOW,37,commercial
online ecommerce store,agentic-commerce,agentic ai ecommerce,70,22.25,LOW,50,commercial
square ecommerce,agentic-commerce,agentic ai ecommerce,70,7.42,HIGH,6,navigational
ai governance professional,agentic-commerce,agentic ai ecommerce,70,9.48,HIGH,0,informational
online ecommerce shop,agentic-commerce,agentic ai ecommerce,70,22.25,LOW,49,commercial
outsource ecommerce,agentic-commerce,agentic ai ecommerce,70,0,LOW,0,commercial
ecommerce london,agentic-commerce,agentic ai ecommerce,70,8.92,LOW,6,commercial
ecommerce ux,agentic-commerce,agentic ai ecommerce,70,5.26,LOW,1,navigational
ai doctor online,agentic-commerce,agentic ai ecommerce,70,3.11,HIGH,47,navigational
online shop ecommerce,agentic-commerce,agentic ai ecommerce,70,22.25,LOW,49,commercial
ecommerce-optimizer,agentic-commerce,agentic ai ecommerce,70,0,LOW,3,commercial
coca cola ai commercial,agentic-commerce,agentic ai ecommerce,70,0,LOW,43,informational
ecommerce international,agentic-commerce,agentic ai ecommerce,70,0,LOW,20,commercial
ecommerce europe,agentic-commerce,agentic ai ecommerce,70,14.02,LOW,49,informational
best ai tools for seo,ai-seo,ai seo,70,18.56,MEDIUM,21,commercial
ai seo consultant,ai-seo,ai seo,70,40.51,MEDIUM,,commercial
best ai tool for seo,ai-seo,ai seo,70,18.56,MEDIUM,19,commercial
ai seo course,ai-seo,ai seo,70,10.08,MEDIUM,1,commercial
ai powered seo,ai-seo,ai seo,70,11.65,MEDIUM,40,commercial
ai-based seo tools,ai-seo,ai seo,70,0,LOW,38,commercial
ai-powered seo,ai-seo,ai seo,70,11.65,MEDIUM,38,commercial
seo and ai,ai-seo,ai seo,70,16.13,MEDIUM,41,commercial
seo for ai search,ai-seo,ai seo,70,14.81,MEDIUM,31,commercial
seo with ai,ai-seo,ai seo,70,10.8,MEDIUM,35,commercial
ai seo agency london,ai-seo,ai seo,70,8.75,MEDIUM,0,navigational
ai based seo tools,ai-seo,ai seo,70,0,LOW,29,commercial
ai seo audit,ai-seo,ai seo,70,9.51,MEDIUM,61,commercial
what is generative engine optimization,ai-seo,generative engine optimization,70,9.22,LOW,39,informational
ecommerce seo uk,seo,ecommerce seo,70,0,LOW,0,commercial
ecommerce seo specialists,seo,ecommerce seo,70,0,LOW,2,commercial
audit seo checklist,seo,seo audit,70,8.89,LOW,37,commercial
content audit seo,seo,seo audit,70,0,LOW,13,commercial
seo audit checklist,seo,seo audit,70,8.89,LOW,37,commercial
cost of seo audit,seo,seo audit,70,0,LOW,0,commercial
seo audit costs,seo,seo audit,70,0,LOW,0,commercial
seo audit examples,seo,seo audit,70,3.48,LOW,2,commercial
checklist for seo audit,seo,seo audit,70,8.89,LOW,28,informational
international seo audit,seo,seo audit,70,0,LOW,0,commercial
seo reseller audit,seo,seo audit,70,0,LOW,0,commercial
seo content audit,seo,seo audit,70,0,LOW,12,commercial
content seo audit,seo,seo audit,70,0,LOW,81,commercial
seo audit list,seo,seo audit,70,8.89,LOW,16,commercial
seo audit cost,seo,seo audit,70,0,LOW,6,commercial
seo audit example,seo,seo audit,70,3.48,LOW,0,informational
local seo citations,seo,local seo,70,11.81,LOW,9,informational
local seo edinburgh,seo,local seo,70,9.83,LOW,5,commercial
local seo automation,seo,local seo,70,0,LOW,14,commercial
citation for local seo,seo,local seo,70,11.81,LOW,11,informational
local seo citation,seo,local seo,70,11.81,LOW,7,informational
local seo marketing company,seo,local seo,70,0,LOW,17,commercial
seo services for local business,seo,local seo,70,0,LOW,19,commercial
local seo listings,seo,local seo,70,0,LOW,16,commercial
local seo rankings,seo,local seo,70,0,LOW,63,commercial
seo local citations,seo,local seo,70,11.81,LOW,20,informational
seo local pack,seo,local seo,70,0,LOW,18,commercial
local seo listing,seo,local seo,70,0,LOW,17,informational
local seo ranking,seo,local seo,70,0,LOW,32,commercial
citations for local seo,seo,local seo,70,11.81,LOW,16,informational
local seo for roofing companies,seo,local seo,70,0,LOW,11,informational
local seo guide,seo,local seo,70,0,LOW,70,informational
local seo services company,seo,local seo,70,0,LOW,21,commercial
automated local seo,seo,local seo,70,0,LOW,1,commercial
local seo reseller programs,seo,local seo,70,0,LOW,16,commercial
local pack seo,seo,local seo,70,0,LOW,33,commercial
what is local seo optimization,seo,local seo,70,0,LOW,35,informational
top local seo agencies,seo,local seo,70,0,LOW,3,commercial
seo services for local businesses,seo,local seo,70,0,LOW,15,commercial
top local seo agency,seo,local seo,70,0,LOW,7,commercial
local seo rank,seo,local seo,70,0,LOW,60,commercial
local listings seo,seo,local seo,70,0,LOW,10,navigational
local citations seo,seo,local seo,70,11.81,LOW,9,informational
link building local seo,seo,local seo,70,0,LOW,4,commercial
what is a local seo,seo,local seo,70,0,LOW,40,informational
local seo for solicitors,seo,local seo,70,0,LOW,0,commercial
local plumber seo agency,seo,local seo,70,0,LOW,0,commercial
local seo link building,seo,local seo,70,0,LOW,14,commercial
top local seo companies,seo,local seo,70,0,LOW,4,commercial
local seo services companies,seo,local seo,70,0,LOW,20,commercial
local seo marketing companies,seo,local seo,70,0,LOW,20,commercial
local seo company london,seo,local seo,70,0,LOW,1,commercial
local listing in seo,seo,local seo,70,0,LOW,17,navigational
seo local listings,seo,local seo,70,0,LOW,19,commercial
what is local seo marketing,seo,local seo,70,0,LOW,35,informational
local citation seo,seo,local seo,70,11.81,LOW,38,informational
link building for local seo,seo,local seo,70,0,LOW,17,commercial
local citations for seo,seo,local seo,70,11.81,LOW,27,informational
automotive local seo,seo,local seo,70,0,LOW,0,commercial
top local seo company,seo,local seo,70,0,LOW,13,commercial
local seo kent,seo,local seo,70,1.42,MEDIUM,0,commercial
seo local listing,seo,local seo,70,0,LOW,16,navigational
local listing seo,seo,local seo,70,0,LOW,43,navigational
citations local seo,seo,local seo,70,11.81,LOW,14,informational
web design agency chester,web-design,web design agency,70,0,LOW,19,commercial
web design agency derby,web-design,web design agency,70,0,LOW,38,commercial
best web design agency sheffield,web-design,web design agency,70,0,,4,commercial
magento web design agency,web-design,web design agency,70,0,LOW,33,commercial
design web agency,web-design,web design agency,70,16.57,LOW,97,commercial
web design digital agency,web-design,web design agency,70,16.57,LOW,97,commercial
marketing agency web design,web-design,web design agency,70,0,LOW,48,commercial
web design and marketing agency,web-design,web design agency,70,0,LOW,100,commercial
web design agency yorkshire,web-design,web design agency,70,0,LOW,65,commercial
web design agency wolverhampton,web-design,web design agency,70,0,MEDIUM,13,commercial
web agency web design,web-design,web design agency,70,16.57,LOW,87,commercial
derby web design agency,web-design,web design agency,70,0,LOW,67,commercial
web design agency plymouth,web-design,web design agency,70,0,MEDIUM,63,commercial
web design agency in sheffield,web-design,web design agency,70,0,LOW,12,commercial
wordpress web design agency london,web-design,web design agency,70,0,LOW,42,commercial
marketing and web design agency,web-design,web design agency,70,0,LOW,100,commercial
web design agency in derby,web-design,web design agency,70,0,LOW,29,commercial
web design and seo agency,web-design,web design agency,70,0,,42,commercial
web design agency reading,web-design,web design agency,70,0,LOW,59,informational
web design it company,web-design,web design company,70,14.93,LOW,62,commercial
web design company in dallas,web-design,web design company,70,0,LOW,97,commercial
web design company testimonials,web-design,web design company,70,0,LOW,0,commercial
web design company singapore,web-design,web design company,70,0,MEDIUM,33,commercial
web design company los angeles ca,web-design,web design company,70,7.61,HIGH,40,commercial
the web design company,web-design,web design company,70,0,LOW,59,commercial
web design company dallas,web-design,web design company,70,0,LOW,39,commercial
web design company in los angeles,web-design,web design company,70,7.61,HIGH,40,commercial
small business web design company,web-design,web design company,70,0,LOW,4,commercial
los angeles web design company,web-design,web design company,70,7.61,HIGH,31,commercial
web design company los angeles,web-design,web design company,70,7.61,HIGH,47,commercial
cheap web design company,web-design,web design company,70,19.45,LOW,34,commercial
web design company in cambridge,web-design,web design company,70,0,LOW,23,commercial
web design company cheap,web-design,web design company,70,19.45,LOW,22,commercial
web design company chelmsford,web-design,web design company,70,0,LOW,60,commercial
web design for it company,web-design,web design company,70,14.93,LOW,33,commercial
web design company worcester,web-design,web design company,70,0,LOW,81,commercial
web design company in nottingham,web-design,web design company,70,0,LOW,56,commercial
law firm web design company,web-design,web design company,70,0,,0,commercial
web design company coventry,web-design,web design company,70,0,LOW,15,commercial
web design company cambridge,web-design,web design company,70,0,LOW,22,commercial
cheapest web design company,web-design,web design company,70,19.45,LOW,14,commercial
web design company franchise,web-design,web design company,70,2.59,MEDIUM,0,commercial
local web design company,web-design,web design company,70,32.06,LOW,35,commercial
web design company in kuwait,web-design,web design company,70,0,LOW,33,commercial
ai automation agency london,ai-agent-dev,ai automation agency,70,11.34,LOW,10,navigational
ecommerce magento development agency,ecommerce,ecommerce development agency,50,0,LOW,15,commercial
ecommerce performance marketing agency,ecommerce,ecommerce agency,50,33.63,LOW,20,commercial
ecommerce strategy agency,ecommerce,ecommerce agency,50,0,LOW,23,commercial
ecommerce agency birmingham,ecommerce,ecommerce agency,50,0,LOW,47,commercial
ecommerce agency leeds,ecommerce,ecommerce agency,50,15.89,LOW,36,commercial
best ecommerce agency,ecommerce,ecommerce agency,50,0,LOW,16,commercial
ecommerce marketing agency uk,ecommerce,ecommerce agency,50,18.26,LOW,32,commercial
shopify ecommerce development company,ecommerce,shopify development,50,0,LOW,14,commercial
shopify plus development agency,ecommerce,shopify development,50,0,LOW,0,navigational
shopify ecommerce development,ecommerce,shopify development,50,0,LOW,25,commercial
shopify migration agency,ecommerce,shopify agency,50,32.12,MEDIUM,7,navigational
shopify plus design agency,ecommerce,shopify agency,50,0,LOW,13,navigational
shopify plus web design agency,ecommerce,shopify agency,50,0,LOW,56,commercial
shopify plus agency london,ecommerce,shopify agency,50,0,LOW,23,navigational
shopify plus agency uk,ecommerce,shopify agency,50,14.24,LOW,21,navigational
shopify support agency,ecommerce,shopify agency,50,0,LOW,35,navigational
shopify agency leeds,ecommerce,shopify agency,50,6.7,LOW,7,navigational
cheap ecommerce website design,ecommerce,ecommerce website design,50,0,LOW,19,commercial
ecommerce website design bristol,ecommerce,ecommerce website design,50,0,LOW,,navigational
low cost ecommerce website design,ecommerce,ecommerce website design,50,0,LOW,8,commercial
ecommerce website design near me,ecommerce,ecommerce website design,50,5.93,MEDIUM,100,commercial
ecommerce website design cheap,ecommerce,ecommerce website design,50,0,LOW,7,commercial
ai ecommerce website builder,ai-commerce,ai ecommerce,50,30.32,HIGH,,commercial
google agentic commerce,agentic-commerce,agentic commerce,50,0,LOW,,commercial
visa agentic commerce,agentic-commerce,agentic commerce,50,25.77,LOW,8,commercial
best agentic ai course,agentic-commerce,agentic ai,50,6.64,HIGH,,commercial
agentic ai engineer,agentic-commerce,agentic ai,50,9.25,HIGH,,navigational
how to build agentic ai,agentic-commerce,agentic ai,50,12.14,HIGH,19,informational
is copilot agentic ai,agentic-commerce,agentic ai,50,0,LOW,13,informational
agentic ai microsoft,agentic-commerce,agentic ai,50,11.11,MEDIUM,46,navigational
ibm rag and agentic ai professional certificate,agentic-commerce,agentic ai,50,6.96,MEDIUM,,commercial
ibm agentic ai,agentic-commerce,agentic ai,50,19.98,MEDIUM,27,navigational
agentic ai google,agentic-commerce,agentic ai,50,5.6,MEDIUM,42,navigational
agentic ai logo,agentic-commerce,agentic ai,50,0,LOW,0,navigational
agentic ai stocks,agentic-commerce,agentic ai,50,2.77,LOW,0,informational
ai agentic workflows,agentic-commerce,agentic ai,50,13.62,MEDIUM,31,navigational
agentic ai development,agentic-commerce,agentic ai,50,20.45,HIGH,59,informational
agentic ai jobs uk,agentic-commerce,agentic ai,50,2.33,LOW,,navigational
agentic ai images,agentic-commerce,agentic ai,50,0,LOW,0,informational
agentic ai pioneers prize,agentic-commerce,agentic ai,50,0,LOW,,commercial
ecommerce australia,agentic-commerce,agentic ai ecommerce,50,0,LOW,16,commercial
ideas ecommerce,agentic-commerce,agentic ai ecommerce,50,3.11,MEDIUM,0,commercial
ecommerce konica minolta,agentic-commerce,agentic ai ecommerce,50,15.25,LOW,0,navigational
ecommerce shopping,agentic-commerce,agentic ai ecommerce,50,0,LOW,56,commercial
ar in ecommerce,agentic-commerce,agentic ai ecommerce,50,7.91,LOW,6,informational
ecommerce api,agentic-commerce,agentic ai ecommerce,50,0,MEDIUM,12,informational
laravel ecommerce,agentic-commerce,agentic ai ecommerce,50,43.45,LOW,28,commercial
magento ecommerce b2b,agentic-commerce,agentic ai ecommerce,50,0,LOW,0,commercial
ecommerce by visualsoft,agentic-commerce,agentic ai ecommerce,50,10.76,LOW,17,navigational
evoto ai price,agentic-commerce,agentic ai ecommerce,50,3.64,LOW,20,commercial
ai job online,agentic-commerce,agentic ai ecommerce,50,2.48,HIGH,,informational
ar ecommerce,agentic-commerce,agentic ai ecommerce,50,7.91,LOW,0,informational
winery ecommerce,agentic-commerce,agentic ai ecommerce,50,0,LOW,2,commercial
marketplace ecommerce,agentic-commerce,agentic ai ecommerce,50,13.84,LOW,12,commercial
magento ecommerce seo,agentic-commerce,agentic ai ecommerce,50,0,LOW,0,commercial
ai vending machines uk,agentic-commerce,agentic ai ecommerce,50,4.73,HIGH,0,transactional
ses ai corporation,agentic-commerce,agentic ai ecommerce,50,0,LOW,14,informational
akw ecommerce,agentic-commerce,agentic ai ecommerce,50,0,LOW,,informational
ecommerce france,agentic-commerce,agentic ai ecommerce,50,0,LOW,0,commercial
ebay ecommerce,agentic-commerce,agentic ai ecommerce,50,2.11,MEDIUM,86,commercial
d2c ecommerce,agentic-commerce,agentic ai ecommerce,50,0,LOW,3,commercial
ecommerce shopper,agentic-commerce,agentic ai ecommerce,50,0,LOW,0,commercial
osman ali ecommerce,agentic-commerce,agentic ai ecommerce,50,0,LOW,0,navigational
ai powered seo tools,ai-seo,ai seo,50,0,LOW,39,commercial
what is ai seo called,ai-seo,ai seo,50,21.91,LOW,12,informational
geo ai seo,ai-seo,ai seo,50,11.66,HIGH,,informational
use ai for seo,ai-seo,ai seo,50,0,HIGH,31,commercial
ai-powered seo tools,ai-seo,ai seo,50,0,LOW,29,commercial
what is ai seo,ai-seo,ai seo,50,10.72,MEDIUM,52,informational
auto seo ai,ai-seo,ai seo,50,14.63,HIGH,0,informational
generative ai seo,ai-seo,ai seo,50,0,LOW,39,commercial
free seo ai tools,ai-seo,ai seo,50,4.28,LOW,58,commercial
using ai for seo,ai-seo,ai seo,50,0,HIGH,37,commercial
ai overviews seo,ai-seo,ai seo,50,0,LOW,,commercial
ai overview seo,ai-seo,ai seo,50,0,LOW,,commercial
ai seo strategies,ai-seo,ai seo,50,0,LOW,,commercial
ai search seo,ai-seo,ai seo,50,17.86,LOW,,commercial
automated seo ai,ai-seo,ai seo,50,14.63,HIGH,,commercial
ai seo strategy,ai-seo,ai seo,50,0,LOW,,commercial
best ai for seo,ai-seo,ai seo,50,26.04,HIGH,,commercial
best ai seo software,ai-seo,ai seo,50,23.25,LOW,,commercial
free seo ai tool,ai-seo,ai seo,50,4.28,LOW,81,commercial
generative engine optimization tools,ai-seo,generative engine optimization,50,7.61,LOW,,informational
generative engine optimization tool,ai-seo,generative engine optimization,50,7.61,LOW,,informational
aeo answer engine optimization,ai-seo,answer engine optimization,50,16.51,MEDIUM,,informational
seo for ecommerce product pages,seo,ecommerce seo,50,0,LOW,31,informational
ecommerce seo london,seo,ecommerce seo,50,0,LOW,1,commercial
ecommerce product page seo,seo,ecommerce seo,50,0,LOW,26,commercial
seo ecommerce product pages,seo,ecommerce seo,50,0,LOW,26,informational
ecommerce seo manchester,seo,ecommerce seo,50,0,LOW,0,commercial
ecommerce seo services uk,seo,ecommerce seo,50,0,LOW,7,commercial
best free seo audit tools,seo,seo audit,50,0,LOW,41,commercial
seo audit online,seo,seo audit,50,5.63,LOW,75,commercial
how to do seo audit,seo,seo audit,50,0,MEDIUM,18,informational
seo audit report tool,seo,seo audit,50,0,LOW,75,commercial
semrush seo audit,seo,seo audit,50,6.89,MEDIUM,50,commercial
online seo audit,seo,seo audit,50,5.63,LOW,69,commercial
seo online audit,seo,seo audit,50,5.63,LOW,66,commercial
on-page seo audit tool,seo,seo audit,50,0,LOW,75,commercial
how much does an seo audit cost,seo,seo audit,50,0,LOW,0,informational
seo audit semrush,seo,seo audit,50,6.89,MEDIUM,50,commercial
raven seo audit,seo,seo audit,50,0,LOW,6,commercial
seo audit free online,seo,seo audit,50,7.62,MEDIUM,75,informational
technical seo audit tool,seo,seo audit,50,0,LOW,81,commercial
seo audit report tools,seo,seo audit,50,0,LOW,71,commercial
seo audit online free,seo,seo audit,50,7.62,MEDIUM,69,informational
website seo audit report,seo,seo audit,50,11.88,LOW,75,informational
technical seo audit tools,seo,seo audit,50,0,LOW,81,commercial
best seo audit,seo,seo audit,50,0,LOW,53,commercial
onpage seo audit tool,seo,seo audit,50,0,LOW,82,commercial
free seo audit online,seo,seo audit,50,7.62,MEDIUM,75,informational
free online seo audit,seo,seo audit,50,7.62,MEDIUM,74,commercial
seo website audit report,seo,seo audit,50,11.88,LOW,82,informational
online seo audit free,seo,seo audit,50,7.62,MEDIUM,74,informational
on page seo audit tool,seo,seo audit,50,0,LOW,75,commercial
on page seo audit tools,seo,seo audit,50,0,LOW,75,commercial
how to do a seo audit,seo,seo audit,50,0,MEDIUM,44,informational
b2b seo audit,seo,seo audit,50,0,LOW,0,commercial
seo audit consultant,seo,seo audit,50,0,LOW,13,commercial
best free seo audit tool,seo,seo audit,50,0,LOW,61,commercial
seo audit reporting tool,seo,seo audit,50,0,LOW,75,commercial
how to conduct an seo audit,seo,seo audit,50,0,MEDIUM,32,informational
audit seo online,seo,seo audit,50,5.63,LOW,81,informational
seo audit glasgow,seo,seo audit,50,0,LOW,0,commercial
how to perform an seo audit,seo,seo audit,50,0,MEDIUM,29,informational
tools for local seo,seo,local seo,50,9.73,MEDIUM,27,commercial
local seo agency manchester,seo,local seo,50,0,LOW,0,commercial
local seo backlinks,seo,local seo,50,0,LOW,7,commercial
local seo meaning,seo,local seo,50,6.23,LOW,37,informational
local seo for healthcare,seo,local seo,50,0,LOW,0,commercial
benefits of local seo,seo,local seo,50,0,LOW,8,commercial
local seo leicester,seo,local seo,50,0,LOW,0,commercial
local seo for architects,seo,local seo,50,0,LOW,0,commercial
what is local seo services,seo,local seo,50,0,LOW,37,informational
local seo expert london,seo,local seo,50,0,LOW,15,commercial
uk local seo,seo,local seo,50,3.97,LOW,0,commercial
plumbing local seo,seo,local seo,50,0,LOW,0,navigational
improve local seo,seo,local seo,50,0,LOW,43,commercial
local seo for real estate agents,seo,local seo,50,0,LOW,0,commercial
local seo marketing agency,seo,local seo,50,0,LOW,3,commercial
local seo rank checker,seo,local seo,50,4.01,LOW,39,commercial
advantages of local seo,seo,local seo,50,0,LOW,10,commercial
local seo means,seo,local seo,50,6.23,LOW,35,commercial
local seo ranking checker,seo,local seo,50,4.01,LOW,35,commercial
local seo wales,seo,local seo,50,0,MEDIUM,0,commercial
local seo experts london,seo,local seo,50,0,LOW,16,commercial
local seo derby,seo,local seo,50,0,LOW,0,commercial
local seo for financial advisor,seo,local seo,50,0,LOW,0,commercial
local seo strategies,seo,local seo,50,0,LOW,21,commercial
local seo newcastle,seo,local seo,50,0,LOW,0,commercial
local seo for real estate,seo,local seo,50,0,LOW,4,commercial
local seo for hotels,seo,local seo,50,0,LOW,0,commercial
local seo wakefield,seo,local seo,50,0,LOW,0,navigational
local seo strategy,seo,local seo,50,0,LOW,68,commercial
real estate local seo,seo,local seo,50,0,LOW,0,commercial
local seo uk,seo,local seo,50,3.97,LOW,10,commercial
local seo benefits,seo,local seo,50,0,LOW,16,commercial
local seo analysis,seo,local seo,50,0,LOW,47,commercial
local seo outsourcing,seo,local seo,50,0,LOW,0,commercial
seo local marketing,seo,local seo,50,0,LOW,8,commercial
plumbing contractor local seo services,seo,local seo,50,0,LOW,0,commercial
local seo in uk,seo,local seo,50,3.97,LOW,8,commercial
what are local seo services,seo,local seo,50,0,LOW,38,informational
local seo marketing,seo,local seo,50,0,LOW,49,commercial
web design agency swansea,web-design,web design agency,50,0,LOW,41,commercial
construction web design agency,web-design,web design agency,50,8.27,MEDIUM,0,navigational
web design agency devon,web-design,web design agency,50,0,LOW,78,commercial
web design travel agency,web-design,web design agency,50,18.95,LOW,8,commercial
edinburgh web design agency,web-design,web design agency,50,5.5,MEDIUM,63,commercial
professional web design agency,web-design,web design agency,50,0,MEDIUM,45,commercial
webflow web design agency,web-design,web design agency,50,0,LOW,30,commercial
web design seo agency,web-design,web design agency,50,4.28,MEDIUM,42,commercial
web design agency portsmouth,web-design,web design agency,50,0,LOW,78,commercial
full service web design agency,web-design,web design agency,50,0,LOW,100,commercial
web design agency norwich,web-design,web design agency,50,0,LOW,83,commercial
web design agency northampton,web-design,web design agency,50,25.23,LOW,44,commercial
web design for travel agency,web-design,web design agency,50,18.95,LOW,19,commercial
full-service web design agency,web-design,web design agency,50,0,LOW,52,commercial
web design agency edinburgh,web-design,web design agency,50,5.5,MEDIUM,81,commercial
web design and digital marketing agency,web-design,web design agency,50,4.35,LOW,100,commercial
real estate agency web design,web-design,web design agency,50,0,LOW,23,commercial
london marketing company marketing web design seo agency london,web-design,web design agency,50,0,LOW,22,commercial
web design agency leicester,web-design,web design agency,50,10.71,LOW,43,commercial
web design agency berkshire,web-design,web design agency,50,0,MEDIUM,10,commercial
web design agency sussex,web-design,web design agency,50,0,LOW,0,commercial
healthcare web design agency,web-design,web design agency,50,15.81,LOW,0,commercial
woocommerce web design agency,web-design,web design agency,50,0,LOW,0,commercial
hotel web design agency,web-design,web design agency,50,0,LOW,17,commercial
web design agency cheshire,web-design,web design agency,50,0,LOW,54,commercial
web design company brisbane,web-design,web design company,50,0,LOW,37,commercial
web design company atlanta,web-design,web design company,50,0,LOW,29,commercial
magento web design company,web-design,web design company,50,0,LOW,2,commercial
dental web design company,web-design,web design company,50,19.58,LOW,70,commercial
web design company colchester,web-design,web design company,50,0,LOW,25,commercial
web design company belfast,web-design,web design company,50,6.83,LOW,86,commercial
web design company kent,web-design,web design company,50,13.4,MEDIUM,34,commercial
hotel web design company,web-design,web design company,50,0,LOW,3,commercial
web design company northern ireland,web-design,web design company,50,13.58,MEDIUM,92,commercial
mobile web design company,web-design,web design company,50,0,LOW,24,commercial
web design company in brisbane,web-design,web design company,50,0,LOW,32,commercial
web design company in united states,web-design,web design company,50,0,MEDIUM,49,commercial
surrey web design company,web-design,web design company,50,0,LOW,48,commercial
web design company in houston texas,web-design,web design company,50,0,LOW,32,commercial
web design company dublin,web-design,web design company,50,19.1,LOW,49,commercial
web design cost for small business,web-design,small business web design,50,10.23,MEDIUM,5,commercial
ai agent development companies,ai-agent-dev,ai agent development,50,18.33,LOW,0,commercial
ai agent development service,ai-agent-dev,ai agent development,50,45.28,LOW,,commercial
ai agent development company,ai-agent-dev,ai agent development,50,18.33,LOW,0,navigational
ai agent development services,ai-agent-dev,ai agent development,50,45.28,LOW,,commercial
ai agency automation,ai-agent-dev,ai automation agency,50,37.29,HIGH,,navigational
b2b ecommerce development agency,ecommerce,ecommerce development agency,40,0,MEDIUM,,commercial
ecommerce agency nottingham,ecommerce,ecommerce agency,40,0,LOW,,commercial
ecommerce content marketing agency,ecommerce,ecommerce agency,40,0,LOW,23,commercial
marketing agency ecommerce,ecommerce,ecommerce agency,40,112.72,LOW,49,commercial
ecommerce facebook ad agency,ecommerce,ecommerce agency,40,0,LOW,4,commercial
ecommerce web design agency london,ecommerce,ecommerce agency,40,16.37,LOW,41,commercial
ecommerce digital marketing agency london,ecommerce,ecommerce agency,40,0,,65,commercial
ecommerce website design agency london,ecommerce,ecommerce agency,40,16.37,LOW,67,commercial
fashion ecommerce agency,ecommerce,ecommerce agency,40,0,LOW,25,commercial
ecommerce facebook ads agency,ecommerce,ecommerce agency,40,0,LOW,0,commercial
ecommerce content agency,ecommerce,ecommerce agency,40,36.75,MEDIUM,11,commercial
luxury ecommerce agency,ecommerce,ecommerce agency,40,0,LOW,4,commercial
shopify plus web development,ecommerce,shopify development,40,0,LOW,18,commercial
shopify plus development company,ecommerce,shopify development,40,0,LOW,0,navigational
shopify plus website development,ecommerce,shopify development,40,0,LOW,19,navigational
shopify plus development,ecommerce,shopify development,40,0,MEDIUM,0,commercial
shopify plus agency partner,ecommerce,shopify agency,40,0,LOW,27,commercial
shopify digital agency,ecommerce,shopify agency,40,0,LOW,83,commercial
shopify plus agency partners,ecommerce,shopify agency,40,0,LOW,18,commercial
shopify digital marketing agency,ecommerce,shopify agency,40,0,LOW,31,commercial
shopify agency liverpool,ecommerce,shopify agency,40,0,LOW,4,navigational
shopify b2b agency,ecommerce,shopify agency,40,23.45,LOW,,navigational
seo agency for shopify,ecommerce,shopify agency,40,6.81,MEDIUM,2,commercial
bespoke ecommerce website design,ecommerce,ecommerce website design,40,0,LOW,0,commercial
ecommerce website design edinburgh,ecommerce,ecommerce website design,40,0,LOW,63,navigational
ecommerce website design yorkshire,ecommerce,ecommerce website design,40,0,LOW,63,navigational
ecommerce website design milton keynes,ecommerce,ecommerce website design,40,0,LOW,25,navigational
b2b ecommerce website design,ecommerce,ecommerce website design,40,128.16,LOW,0,commercial
ecommerce website design hampshire,ecommerce,ecommerce website design,40,0,LOW,48,navigational
website design ecommerce price,ecommerce,ecommerce website design,40,0,LOW,0,commercial
ecommerce website design price,ecommerce,ecommerce website design,40,0,LOW,0,commercial
ecommerce website design belfast,ecommerce,ecommerce website design,40,6.5,LOW,76,commercial
ecommerce website design prices,ecommerce,ecommerce website design,40,0,LOW,0,commercial
woocommerce development agency uk,ecommerce,woocommerce development,40,26.56,MEDIUM,0,commercial
agentic e commerce,agentic-commerce,agentic commerce,40,0,MEDIUM,4,commercial
what does agentic mean in ai,agentic-commerce,agentic ai,40,3.35,LOW,38,informational
agentic ai tutorial,agentic-commerce,agentic ai,40,7.44,HIGH,,navigational
uipath agentic ai,agentic-commerce,agentic ai,40,14.91,MEDIUM,24,navigational
microsoft certified: agentic ai business solutions architect,agentic-commerce,agentic ai,40,2.72,LOW,,commercial
nvidia agentic ai,agentic-commerce,agentic ai,40,3.75,LOW,27,informational
owasp agentic ai,agentic-commerce,agentic ai,40,10.28,MEDIUM,,navigational
agentic ai architecture diagram,agentic-commerce,agentic ai,40,8.71,MEDIUM,,navigational
agentic ai aws,agentic-commerce,agentic ai,40,7.7,MEDIUM,15,navigational
agentic ai models,agentic-commerce,agentic ai,40,12.11,MEDIUM,,informational
copilot agentic ai,agentic-commerce,agentic ai,40,3.48,LOW,11,navigational
agentic ai claude,agentic-commerce,agentic ai,40,3.2,MEDIUM,40,navigational
agentic ai apps,agentic-commerce,agentic ai,40,8.46,HIGH,,navigational
agentic ai governance,agentic-commerce,agentic ai,40,24.08,MEDIUM,,informational
agentic ai explained,agentic-commerce,agentic ai,40,17.36,MEDIUM,60,informational
agentic ai courses free,agentic-commerce,agentic ai,40,3.74,MEDIUM,,commercial
agentic ai conference,agentic-commerce,agentic ai,40,13.29,HIGH,,navigational
agentic ai software,agentic-commerce,agentic ai,40,30.35,MEDIUM,,commercial
agentic ai course free,agentic-commerce,agentic ai,40,3.74,MEDIUM,,commercial
agentic ai risks,agentic-commerce,agentic ai,40,14.98,HIGH,,informational
difference between genai and agentic ai,agentic-commerce,agentic ai,40,9.76,LOW,,informational
agentic ai orchestration,agentic-commerce,agentic ai,40,19.09,MEDIUM,,informational
agentic ai app,agentic-commerce,agentic ai,40,8.46,HIGH,,navigational
is claude agentic ai,agentic-commerce,agentic ai,40,0,LOW,,informational
agentic ai business solutions architect,agentic-commerce,agentic ai,40,4.76,MEDIUM,,commercial
agentic ai newsletter,agentic-commerce,agentic ai,40,10.57,MEDIUM,8,navigational
google agentic ai course,agentic-commerce,agentic ai,40,4.45,HIGH,25,navigational
anthropic agentic ai,agentic-commerce,agentic ai,40,8.84,MEDIUM,,informational
ecommerce gateway,agentic-commerce,agentic ai ecommerce,40,0,MEDIUM,10,navigational
pos ecommerce,agentic-commerce,agentic ai ecommerce,40,0,LOW,0,navigational
ceo ai,agentic-commerce,agentic ai ecommerce,40,0,LOW,12,informational
ai msc online,agentic-commerce,agentic ai ecommerce,40,12.36,HIGH,9,informational
cloud ecommerce,agentic-commerce,agentic ai ecommerce,40,0,LOW,11,commercial
tips ecommerce,agentic-commerce,agentic ai ecommerce,40,0,LOW,1,informational
odoo ecommerce,agentic-commerce,agentic ai ecommerce,40,0,LOW,61,commercial
hmrc ai social media,agentic-commerce,agentic ai ecommerce,40,0,LOW,,navigational
ai com sold,agentic-commerce,agentic ai ecommerce,40,0,LOW,,transactional
sites ecommerce,agentic-commerce,agentic ai ecommerce,40,0,MEDIUM,26,commercial
one ecommerce,agentic-commerce,agentic ai ecommerce,40,0,LOW,22,navigational
ecommerce belfast,agentic-commerce,agentic ai ecommerce,40,0,LOW,19,commercial
wholesale ecommerce platform,agentic-commerce,agentic ai ecommerce,40,0,LOW,17,commercial
sell ai,agentic-commerce,agentic ai ecommerce,40,22.31,MEDIUM,,transactional
polybuzz ai online,agentic-commerce,agentic ai ecommerce,40,0,LOW,,informational
pos system ecommerce,agentic-commerce,agentic ai ecommerce,40,0,LOW,6,commercial
ecommerce liverpool,agentic-commerce,agentic ai ecommerce,40,0,LOW,0,commercial
stripe ecommerce,agentic-commerce,agentic ai ecommerce,40,6.35,MEDIUM,33,commercial
ecommerce companies in nigeria,agentic-commerce,agentic ai ecommerce,40,0,,,commercial
review ecommerce,agentic-commerce,agentic ai ecommerce,40,5.44,LOW,40,informational
ecommerce netsuite,agentic-commerce,agentic ai ecommerce,40,0,LOW,,commercial
spanish ecommerce,agentic-commerce,agentic ai ecommerce,40,0,LOW,0,commercial
ecommerce b2b,agentic-commerce,agentic ai ecommerce,40,0,MEDIUM,38,commercial
ecommerce shopping cart,agentic-commerce,agentic ai ecommerce,40,0,LOW,27,transactional
ai cv formatter,agentic-commerce,agentic ai ecommerce,40,6.47,HIGH,36,transactional
ecommerce spain,agentic-commerce,agentic ai ecommerce,40,0,LOW,0,commercial
deloitte ai fine,agentic-commerce,agentic ai ecommerce,40,0,LOW,,informational
site ecommerce,agentic-commerce,agentic ai ecommerce,40,0,MEDIUM,48,commercial
tesco mistral ai partnership,agentic-commerce,agentic ai ecommerce,40,0,LOW,,commercial
ecommerce jobs uae,agentic-commerce,agentic ai ecommerce,40,0,LOW,,informational
spain ecommerce,agentic-commerce,agentic ai ecommerce,40,0,LOW,0,commercial
ecommerce in spain,agentic-commerce,agentic ai ecommerce,40,0,LOW,0,informational
ecommerce cloud,agentic-commerce,agentic ai ecommerce,40,0,LOW,31,commercial
distribution ecommerce,agentic-commerce,agentic ai ecommerce,40,0,LOW,0,commercial
synergy ecommerce,agentic-commerce,agentic ai ecommerce,40,0,LOW,0,commercial
netsuite ecommerce,agentic-commerce,agentic ai ecommerce,40,0,LOW,50,commercial
ai subreddits,agentic-commerce,agentic ai ecommerce,40,0,LOW,,informational
ecommerce co to,agentic-commerce,agentic ai ecommerce,40,0,LOW,0,navigational
agentic icon,agentic-commerce,agentic ai ecommerce,40,0,LOW,0,informational
how to use ai for seo,ai-seo,ai seo,40,3.92,LOW,18,informational
surfer seo ai,ai-seo,ai seo,40,9.62,MEDIUM,,commercial
surfer seo ai humanizer,ai-seo,ai seo,40,0,HIGH,6,commercial
seo ai software,ai-seo,ai seo,40,0,LOW,23,commercial
ai seo analyzer,ai-seo,ai seo,40,11.41,HIGH,,commercial
ai content seo,ai-seo,ai seo,40,7.2,MEDIUM,42,commercial
ai seo content generator,ai-seo,ai seo,40,9.34,LOW,,commercial
ai optimisation seo,ai-seo,ai seo,40,19.04,HIGH,,commercial
profound ai seo,ai-seo,ai seo,40,13.58,HIGH,29,informational
what is seo for ai called,ai-seo,ai seo,40,4.6,LOW,,informational
using ai in seo,ai-seo,ai seo,40,0,HIGH,14,commercial
ai driven seo,ai-seo,ai seo,40,23.03,MEDIUM,,informational
ai tools seo,ai-seo,ai seo,40,56.6,LOW,36,commercial
seo using ai,ai-seo,ai seo,40,0,LOW,31,commercial
wp seo ai,ai-seo,ai seo,40,0.92,LOW,,commercial
wordpress seo ai,ai-seo,ai seo,40,0.92,LOW,,commercial
generative engine optimization agency,ai-seo,generative engine optimization,40,6.4,LOW,,commercial
generative engine optimization course,ai-seo,generative engine optimization,40,4.94,HIGH,,informational
seo tips for ecommerce,seo,ecommerce seo,40,0,LOW,21,informational
seo tips ecommerce,seo,ecommerce seo,40,0,LOW,19,informational
ecommerce seo tips,seo,ecommerce seo,40,0,LOW,8,informational
seo ecommerce tips,seo,ecommerce seo,40,0,LOW,18,informational
seo and ecommerce,seo,ecommerce seo,40,0,LOW,32,commercial
white-label seo audit report,seo,seo audit,40,0,LOW,30,informational
seo audit pricing,seo,seo audit,40,0,LOW,4,commercial
seo audit prices,seo,seo audit,40,0,LOW,0,commercial
technical seo audit checklist,seo,seo audit,40,1.51,LOW,7,informational
seo audit templates,seo,seo audit,40,3.75,MEDIUM,15,commercial
seo technical audit checklist,seo,seo audit,40,1.51,LOW,8,informational
seo audit format,seo,seo audit,40,3.75,MEDIUM,10,informational
seo audit means,seo,seo audit,40,4.87,LOW,33,informational
seo audit price,seo,seo audit,40,0,LOW,1,commercial
technical seo audit report,seo,seo audit,40,0,LOW,54,informational
seo audit api,seo,seo audit,40,27.93,LOW,15,commercial
define seo audit,seo,seo audit,40,4.87,LOW,23,informational
technical seo site audit,seo,seo audit,40,0,LOW,39,commercial
seo audit meaning,seo,seo audit,40,4.87,LOW,33,informational
audit seo google,seo,seo audit,40,10.2,MEDIUM,85,commercial
shopify seo audit,seo,seo audit,40,0,LOW,0,commercial
google seo audit,seo,seo audit,40,10.2,MEDIUM,100,commercial
seo audit google,seo,seo audit,40,10.2,MEDIUM,100,commercial
seo audit template,seo,seo audit,40,3.75,MEDIUM,0,commercial
web design agency poole,web-design,web design agency,40,0,LOW,13,commercial
nonprofit web design agency,web-design,web design agency,40,0,LOW,74,navigational
web design agency huddersfield,web-design,web design agency,40,0,MEDIUM,69,commercial
web design for recruitment agency,web-design,web design agency,40,7.52,LOW,31,commercial
hull web design agency,web-design,web design agency,40,0,LOW,71,navigational
law firm web design agency,web-design,web design agency,40,0,LOW,0,commercial
web design agency norfolk,web-design,web design agency,40,0,LOW,73,commercial
web design recruitment agency,web-design,web design agency,40,7.52,LOW,31,commercial
recruitment agency web design,web-design,web design agency,40,7.52,LOW,77,commercial
web design agency los angeles,web-design,web design agency,40,0,,63,commercial
non profit web design agency,web-design,web design agency,40,0,LOW,100,commercial
medical web design agency,web-design,web design agency,40,0,LOW,18,commercial
top 10 web design agency,web-design,web design agency,40,0,LOW,9,commercial
web design agency la,web-design,web design agency,40,0,,37,commercial
los angeles web design agency,web-design,web design agency,40,0,,40,commercial
web design for insurance agency,web-design,web design agency,40,0,LOW,8,commercial
estate agency web design,web-design,web design agency,40,0,MEDIUM,43,commercial
education web design agency,web-design,web design agency,40,0,LOW,83,navigational
web design agency in los angeles,web-design,web design agency,40,0,,37,commercial
web design agency coventry,web-design,web design agency,40,9.1,MEDIUM,59,commercial
drupal web design agency,web-design,web design agency,40,0,LOW,17,commercial
ux web design agency,web-design,web design agency,40,0,LOW,21,commercial
web app design agency,web-design,web design agency,40,0,LOW,100,commercial
web design agency cornwall,web-design,web design agency,40,0,LOW,77,commercial
web design agency dorset,web-design,web design agency,40,0,LOW,54,commercial
web design agency guildford,web-design,web design agency,40,0,LOW,60,commercial
web design agency hull,web-design,web design agency,40,0,LOW,71,commercial
web design software company,web-design,web design company,40,6.97,MEDIUM,94,commercial
web design and development company uk,web-design,web design company,40,0,LOW,54,commercial
web design company newcastle upon tyne,web-design,web design company,40,0,LOW,79,navigational
web design company northampton,web-design,web design company,40,0,LOW,71,commercial
bournemouth web design company,web-design,web design company,40,0,LOW,74,commercial
walsall web design company,web-design,web design company,40,0,LOW,31,commercial
web design company in boston,web-design,web design company,40,4.73,LOW,44,commercial
web design company glasgow,web-design,web design company,40,0,MEDIUM,58,commercial
the uk web design company,web-design,web design company,40,0,LOW,88,navigational
halifax web design company,web-design,web design company,40,0,LOW,45,commercial
web design company brighton,web-design,web design company,40,0,LOW,73,commercial
web design and development company in uk,web-design,web design company,40,0,LOW,47,commercial
ai chatbot development service,ai-agent-dev,ai chatbot development,40,0,LOW,0,commercial
ai chatbot development services,ai-agent-dev,ai chatbot development,40,0,LOW,0,commercial
ecommerce agency liverpool,ecommerce,ecommerce agency,30,0,MEDIUM,,commercial
ecommerce branding agency,ecommerce,ecommerce agency,30,0,LOW,36,commercial
ecommerce marketing agency manchester,ecommerce,ecommerce agency,30,0,,,commercial
ecommerce agency exeter,ecommerce,ecommerce agency,30,0,HIGH,,commercial
ecommerce agency edinburgh,ecommerce,ecommerce agency,30,0,LOW,55,commercial
ecommerce marketing agency london,ecommerce,ecommerce agency,30,0,LOW,,commercial
ecommerce brand agency,ecommerce,ecommerce agency,30,0,LOW,49,commercial
best ecommerce seo agency,ecommerce,ecommerce agency,30,0,LOW,0,commercial
shopify plus ecommerce agency,ecommerce,ecommerce agency,30,0,LOW,,commercial
ecommerce ads agency,ecommerce,ecommerce agency,30,40.64,LOW,20,commercial
marketing agency for ecommerce,ecommerce,ecommerce agency,30,0,LOW,47,commercial
ecommerce ux agency,ecommerce,ecommerce agency,30,0,LOW,,navigational
ecommerce agency bristol,ecommerce,ecommerce agency,30,0,LOW,64,commercial
ecommerce agency scotland,ecommerce,ecommerce agency,30,0,LOW,30,commercial
best ecommerce marketing agency,ecommerce,ecommerce agency,30,0,LOW,,commercial
shopify ecommerce development services,ecommerce,shopify development,30,0,LOW,,commercial
shopify agency birmingham,ecommerce,shopify agency,30,13.77,MEDIUM,25,navigational
b2b shopify agency,ecommerce,shopify agency,30,0,LOW,,navigational
london shopify agency,ecommerce,shopify agency,30,0,LOW,82,navigational
best shopify agency,ecommerce,shopify agency,30,0,MEDIUM,48,commercial
shopify email marketing agency,ecommerce,shopify agency,30,0,MEDIUM,,commercial
seo agency shopify,ecommerce,shopify agency,30,0,MEDIUM,0,commercial
shopify agency partners,ecommerce,shopify agency,30,0,LOW,,navigational
small business ecommerce website design,ecommerce,ecommerce website design,30,0,LOW,36,commercial
ecommerce website design for small business,ecommerce,ecommerce website design,30,0,LOW,35,commercial
ecommerce website design templates free download,ecommerce,ecommerce website design,30,4.44,LOW,,informational
ecommerce website design cost,ecommerce,ecommerce website design,30,0,LOW,37,commercial
ecommerce website design leicester,ecommerce,ecommerce website design,30,0,LOW,85,navigational
ai agents for ecommerce,ai-commerce,ai ecommerce,30,10.52,MEDIUM,,commercial
ai agent for ecommerce,ai-commerce,ai ecommerce,30,10.52,MEDIUM,,commercial
ai chatbot for ecommerce,ai-commerce,ai ecommerce,30,23.69,HIGH,40,commercial
ai chatbots for ecommerce,ai-commerce,ai ecommerce,30,23.69,HIGH,23,commercial
agentic commerce shopify,agentic-commerce,agentic commerce,30,0,HIGH,22,navigational
paypal agentic commerce,agentic-commerce,agentic commerce,30,19.59,LOW,,navigational
mastercard agentic commerce,agentic-commerce,agentic commerce,30,0,LOW,,navigational
how to use agentic ai,agentic-commerce,agentic ai,30,13.69,HIGH,51,informational
agentic ai in finance,agentic-commerce,agentic ai,30,3.47,HIGH,,navigational
agentic ai patterns,agentic-commerce,agentic ai,30,12.04,MEDIUM,,informational
agentic ai in retail,agentic-commerce,agentic ai,30,12.09,MEDIUM,,navigational
agentic ai applications,agentic-commerce,agentic ai,30,0,HIGH,,navigational
agentic ai in financial services,agentic-commerce,agentic ai,30,10.23,MEDIUM,,commercial
best agentic ai tools,agentic-commerce,agentic ai,30,29.37,HIGH,,commercial
agentic ai vs llms,agentic-commerce,agentic ai,30,0,LOW,,commercial
agentic ai cybersecurity,agentic-commerce,agentic ai,30,0,MEDIUM,,commercial
agentic ai design pattern,agentic-commerce,agentic ai,30,7.77,MEDIUM,,navigational
agentic ai in healthcare,agentic-commerce,agentic ai,30,19.62,MEDIUM,,commercial
agentic ai for dummies,agentic-commerce,agentic ai,30,8.02,HIGH,,informational
agentic ai chatgpt,agentic-commerce,agentic ai,30,4.75,MEDIUM,35,navigational
ai vs agentic ai,agentic-commerce,agentic ai,30,0,LOW,,commercial
open-source agentic ai,agentic-commerce,agentic ai,30,0,HIGH,25,commercial
agentic ai andrew ng,agentic-commerce,agentic ai,30,7.24,MEDIUM,,navigational
rag vs agentic ai,agentic-commerce,agentic ai,30,0,LOW,,informational
agentic ai code,agentic-commerce,agentic ai,30,16.03,MEDIUM,30,navigational
gartner agentic ai,agentic-commerce,agentic ai,30,15.71,HIGH,32,navigational
agentic ai copilot,agentic-commerce,agentic ai,30,9.41,LOW,11,navigational
agentic ai salesforce,agentic-commerce,agentic ai,30,20.94,MEDIUM,31,navigational
microsoft agentic ai certification,agentic-commerce,agentic ai,30,6.47,MEDIUM,,navigational
coursera agentic ai,agentic-commerce,agentic ai,30,3.29,HIGH,,navigational
llm vs agentic ai,agentic-commerce,agentic ai,30,0,LOW,,commercial
agentic ai vs llm,agentic-commerce,agentic ai,30,0,LOW,,informational
is agentic ai generative ai,agentic-commerce,agentic ai,30,0,LOW,,informational
amazon agentic ai,agentic-commerce,agentic ai,30,0,LOW,,commercial
owasp agentic ai top 10,agentic-commerce,agentic ai,30,13.41,MEDIUM,,transactional
microsoft agentic ai framework,agentic-commerce,agentic ai,30,0,LOW,,commercial
agentic ai mcp,agentic-commerce,agentic ai,30,0,MEDIUM,33,navigational
agentic ai reddit,agentic-commerce,agentic ai,30,0,LOW,7,navigational
agentic ai providers,agentic-commerce,agentic ai,30,0,MEDIUM,,navigational
agentic ai browser,agentic-commerce,agentic ai,30,10,MEDIUM,70,navigational
owasp top 10 agentic ai,agentic-commerce,agentic ai,30,9.8,MEDIUM,,informational
agentic ai design patterns,agentic-commerce,agentic ai,30,7.77,MEDIUM,,navigational
hostinger ecommerce,agentic-commerce,agentic ai ecommerce,30,1.45,HIGH,,commercial
aov ecommerce,agentic-commerce,agentic ai ecommerce,30,0,LOW,49,navigational
unilever ai,agentic-commerce,agentic ai ecommerce,30,0,LOW,31,informational
anthropic project vend ai shopkeeper,agentic-commerce,agentic ai ecommerce,30,0,,,transactional
ecommerce luxury,agentic-commerce,agentic ai ecommerce,30,0,HIGH,0,commercial
ecommerce magento theme,agentic-commerce,agentic ai ecommerce,30,4.67,MEDIUM,,commercial
ecommerce leeds,agentic-commerce,agentic ai ecommerce,30,3.34,LOW,45,commercial
ai ebooks,agentic-commerce,agentic ai ecommerce,30,10.97,MEDIUM,,informational
ai open online,agentic-commerce,agentic ai ecommerce,30,22.29,LOW,19,navigational
meo ecommerce,agentic-commerce,agentic ai ecommerce,30,7.99,LOW,,commercial
ecommerce expo uk,agentic-commerce,agentic ai ecommerce,30,2.22,MEDIUM,,informational
evolve ecommerce,agentic-commerce,agentic ai ecommerce,30,0,LOW,5,commercial
sage ecommerce,agentic-commerce,agentic ai ecommerce,30,0,HIGH,0,commercial
brochure ai,agentic-commerce,agentic ai ecommerce,30,4.85,MEDIUM,,informational
document ai google,agentic-commerce,agentic ai ecommerce,30,6.53,LOW,99,informational
ecommerce sage,agentic-commerce,agentic ai ecommerce,30,0,HIGH,24,commercial
base ecommerce,agentic-commerce,agentic ai ecommerce,30,8.86,MEDIUM,,commercial
lightspeed ecommerce,agentic-commerce,agentic ai ecommerce,30,10.86,LOW,26,commercial
test ecommerce,agentic-commerce,agentic ai ecommerce,30,0,LOW,,informational
atlas ai shopify,agentic-commerce,agentic ai ecommerce,30,13.75,MEDIUM,,navigational
ai consortium,agentic-commerce,agentic ai ecommerce,30,0,LOW,,informational
klarna ai layoffs,agentic-commerce,agentic ai ecommerce,30,0,LOW,,commercial
best ecommerce stores,agentic-commerce,agentic ai ecommerce,30,5.4,LOW,61,commercial
ai venture capital,agentic-commerce,agentic ai ecommerce,30,0,LOW,23,commercial
oracle ecommerce,agentic-commerce,agentic ai ecommerce,30,24.07,MEDIUM,0,navigational
walmart ecommerce,agentic-commerce,agentic ai ecommerce,30,0,LOW,55,navigational
leeds ecommerce,agentic-commerce,agentic ai ecommerce,30,3.34,LOW,,commercial
magento theme ecommerce,agentic-commerce,agentic ai ecommerce,30,4.67,MEDIUM,,commercial
noon ecommerce,agentic-commerce,agentic ai ecommerce,30,0,LOW,50,commercial
mals ecommerce,agentic-commerce,agentic ai ecommerce,30,0,LOW,15,informational
onpage ai,agentic-commerce,agentic ai ecommerce,30,0,MEDIUM,2,informational
ecommerce glasgow,agentic-commerce,agentic ai ecommerce,30,0,LOW,0,commercial
gaxos ai inc,agentic-commerce,agentic ai ecommerce,30,0,LOW,,navigational
plp ecommerce,agentic-commerce,agentic ai ecommerce,30,0,LOW,24,navigational
oz ali ecommerce,agentic-commerce,agentic ai ecommerce,30,0,LOW,,informational
ecommerce on-page seo,agentic-commerce,agentic ai ecommerce,30,0,LOW,,commercial
ecommerce goods,agentic-commerce,agentic ai ecommerce,30,0,LOW,,commercial
ecommerce usa,agentic-commerce,agentic ai ecommerce,30,0,MEDIUM,51,commercial
legal ai startup,agentic-commerce,agentic ai ecommerce,30,12.85,HIGH,,commercial
best ecommerce,agentic-commerce,agentic ai ecommerce,30,15.94,MEDIUM,43,commercial
exscientia ai limited,agentic-commerce,agentic ai ecommerce,30,0,LOW,,informational
osman ali ecommerce reviews,agentic-commerce,agentic ai ecommerce,30,0,LOW,,informational
ai driven seo tool,ai-seo,ai seo,30,0,LOW,,commercial
ai seo agency uk,ai-seo,ai seo,30,17.04,MEDIUM,,navigational
ai seo check,ai-seo,ai seo,30,8.43,HIGH,,commercial
ai powered seo services,ai-seo,ai seo,30,58.63,LOW,,commercial
best free ai tools for seo,ai-seo,ai seo,30,7.89,MEDIUM,,commercial
ai seo agent,ai-seo,ai seo,30,18.69,HIGH,17,commercial
seo ai writer,ai-seo,ai seo,30,0,LOW,68,commercial
seo ai tools free,ai-seo,ai seo,30,8.15,HIGH,34,commercial
ai seo tracking,ai-seo,ai seo,30,53.64,LOW,,informational
seo tool ai,ai-seo,ai seo,30,0,MEDIUM,36,commercial
ai seo checker,ai-seo,ai seo,30,8.43,HIGH,,commercial
semrush ai seo,ai-seo,ai seo,30,27.22,MEDIUM,,informational
ai seo expert,ai-seo,ai seo,30,0,LOW,,commercial
ai driven seo tools,ai-seo,ai seo,30,0,LOW,,commercial
best seo ai,ai-seo,ai seo,30,19.76,HIGH,,commercial
will ai replace seo,ai-seo,ai seo,30,0,LOW,,informational
seo tools ai,ai-seo,ai seo,30,0,MEDIUM,36,commercial
ai seo optimization tools,ai-seo,ai seo,30,45.75,LOW,,commercial
seo ai tool free,ai-seo,ai seo,30,8.15,HIGH,34,commercial
ai seo content,ai-seo,ai seo,30,0,LOW,,commercial
ai seo tracker,ai-seo,ai seo,30,53.64,LOW,,informational
best ai seo,ai-seo,ai seo,30,22.07,HIGH,,commercial
best ai seo agency,ai-seo,ai seo,30,0,MEDIUM,,commercial
ai software for seo,ai-seo,ai seo,30,29.68,LOW,,commercial
impact of ai on seo,ai-seo,ai seo,30,0,MEDIUM,25,commercial
seo optimization ai,ai-seo,ai seo,30,0,LOW,52,commercial
seo and ai search,ai-seo,ai seo,30,0,MEDIUM,,commercial
what is geo generative engine optimization,ai-seo,generative engine optimization,30,0,MEDIUM,,informational
what is geo: generative engine optimization,ai-seo,generative engine optimization,30,0,MEDIUM,,informational
answer engine optimization aeo,ai-seo,answer engine optimization,30,5.59,MEDIUM,,informational
ecommerce seo content,seo,ecommerce seo,30,0,LOW,,commercial
best seo tools for ecommerce,seo,ecommerce seo,30,0,LOW,,commercial
ecommerce seo tools,seo,ecommerce seo,30,0,LOW,,commercial
best ecommerce seo agencies,seo,ecommerce seo,30,0,LOW,0,commercial
top ecommerce seo companies,seo,ecommerce seo,30,0,LOW,0,commercial
best ecommerce seo services,seo,ecommerce seo,30,0,LOW,47,commercial
ecommerce seo checklist,seo,ecommerce seo,30,0,LOW,17,informational
ecommerce on page seo,seo,ecommerce seo,30,0,LOW,,commercial
affordable ecommerce seo,seo,ecommerce seo,30,0,LOW,2,commercial
seo for large ecommerce sites,seo,ecommerce seo,30,0,LOW,62,commercial
on page seo for ecommerce,seo,ecommerce seo,30,0,LOW,,informational
ecommerce seo consultancy,seo,ecommerce seo,30,0,,12,commercial
which ecommerce platform is best for seo,seo,ecommerce seo,30,0,LOW,0,commercial
how to do seo for ecommerce site,seo,ecommerce seo,30,0,MEDIUM,,informational
technical seo for ecommerce,seo,ecommerce seo,30,0,LOW,9,commercial
ecommerce seo best practice,seo,ecommerce seo,30,0,LOW,24,commercial
how to do seo for ecommerce website,seo,ecommerce seo,30,0,MEDIUM,71,informational
ecommerce seo best practices,seo,ecommerce seo,30,0,LOW,25,commercial
on-page seo for ecommerce,seo,ecommerce seo,30,0,LOW,,commercial
seo company for ecommerce,seo,ecommerce seo,30,0,LOW,9,commercial
seo link audit,seo,seo audit,30,0,LOW,72,commercial
seo audit uk,seo,seo audit,30,17.29,MEDIUM,,commercial
seo audit for charity,seo,seo audit,30,0,LOW,0,commercial
seo mobile audit,seo,seo audit,30,0,LOW,47,commercial
technical seo audit template,seo,seo audit,30,0,LOW,,informational
website seo audit online,seo,seo audit,30,12.96,LOW,81,informational
seo audit check,seo,seo audit,30,5.25,LOW,,commercial
online website seo audit,seo,seo audit,30,12.96,LOW,81,commercial
full site seo audit,seo,seo audit,30,7.45,LOW,,commercial
seo technical audit template,seo,seo audit,30,0,LOW,,informational
full website seo audit,seo,seo audit,30,7.45,LOW,97,commercial
comprehensive seo audit,seo,seo audit,30,0,LOW,71,commercial
buy seo audit,seo,seo audit,30,0,LOW,56,transactional
seo audit checker,seo,seo audit,30,5.25,LOW,,commercial
how to perform seo audit,seo,seo audit,30,8.64,LOW,62,informational
how to do an seo audit,seo,seo audit,30,8.64,LOW,34,informational
alexa seo audit tool,seo,seo audit,30,0,LOW,,commercial
seo audit marketing,seo,seo audit,30,0,LOW,40,commercial
professional seo audit,seo,seo audit,30,0,LOW,50,commercial
full seo audit,seo,seo audit,30,0,LOW,,commercial
mobile seo audit,seo,seo audit,30,0,LOW,14,commercial
seo audit software,seo,seo audit,30,17.58,LOW,81,commercial
complete seo audit,seo,seo audit,30,0,LOW,64,commercial
small business web design agency,web-design,web design agency,30,0,LOW,,commercial
digital marketing agency web design,web-design,web design agency,30,4.01,LOW,90,commercial
wix web design agency,web-design,web design agency,30,2.33,LOW,29,navigational
california web design agency,web-design,web design agency,30,0,LOW,71,commercial
web development and design agency,web-design,web design agency,30,0,LOW,43,commercial
corporate web design agency,web-design,web design agency,30,0,LOW,,commercial
web design agency bradford,web-design,web design agency,30,0,MEDIUM,60,commercial
automotive web design agency,web-design,web design agency,30,0,LOW,,commercial
web design agency basingstoke,web-design,web design agency,30,0,LOW,,commercial
web design agency wiltshire,web-design,web design agency,30,0,LOW,,commercial
web design agency exeter,web-design,web design agency,30,22.65,LOW,49,commercial
exeter web design agency,web-design,web design agency,30,22.65,LOW,42,commercial
web design and hosting for small business,web-design,small business web design,30,25.7,HIGH,59,commercial
best web design for small business,web-design,small business web design,30,10.06,MEDIUM,33,commercial
best web design company for small business,web-design,small business web design,30,0,MEDIUM,5,commercial
best web design small business,web-design,small business web design,30,37.86,HIGH,0,commercial
best small business web design,web-design,small business web design,30,10.06,MEDIUM,56,commercial
small business web design london,web-design,small business web design,30,0,LOW,58,commercial
best small business web design companies,web-design,small business web design,30,0,MEDIUM,19,commercial
custom ai agent development,ai-agent-dev,ai agent development,30,0,HIGH,,commercial
automation agency ai,ai-agent-dev,ai automation agency,30,0,,,navigational
ai automation agency near me,ai-agent-dev,ai automation agency,30,22.01,MEDIUM,,commercial
ai chatbot development,ai-agent-dev,ai chatbot development,30,156.51,LOW,,commercial
best ai agents for business,ai-agent-dev,ai agents for business,30,19.27,HIGH,,commercial
wordpress ecommerce agency,ecommerce,ecommerce agency,20,0,LOW,,commercial
email marketing agency for ecommerce,ecommerce,ecommerce agency,20,18.77,MEDIUM,0,commercial
ecommerce recruitment agency london,ecommerce,ecommerce agency,20,0,LOW,,commercial
top ecommerce agency,ecommerce,ecommerce agency,20,0,LOW,48,commercial
b2c ecommerce agency,ecommerce,ecommerce agency,20,0,LOW,,commercial
ecommerce pr agency,ecommerce,ecommerce agency,20,0,LOW,,commercial
seo for ecommerce agency,ecommerce,ecommerce agency,20,0,LOW,0,commercial
jewellery ecommerce agency,ecommerce,ecommerce agency,20,0,LOW,,commercial
ecommerce conversion rate optimization agency,ecommerce,ecommerce agency,20,0,LOW,,commercial
ecommerce marketing agency near me,ecommerce,ecommerce agency,20,0,HIGH,,commercial
headless ecommerce agency,ecommerce,ecommerce agency,20,0,LOW,,navigational
ecommerce agency bournemouth,ecommerce,ecommerce agency,20,0,,,commercial
best seo agency for ecommerce,ecommerce,ecommerce agency,20,0,LOW,0,commercial
digital marketing ecommerce agency,ecommerce,ecommerce agency,20,0,LOW,29,commercial
ecommerce specialist agency,ecommerce,ecommerce agency,20,0,LOW,20,commercial
facebook ad agency for ecommerce,ecommerce,ecommerce agency,20,0,LOW,,commercial
ecommerce management agency,ecommerce,ecommerce agency,20,45.54,LOW,,commercial
facebook ads agency for ecommerce,ecommerce,ecommerce agency,20,0,LOW,53,commercial
what is an ecommerce agency,ecommerce,ecommerce agency,20,0,LOW,,informational
ecommerce conversion optimization agency,ecommerce,ecommerce agency,20,0,LOW,,commercial
ecommerce website design agency uk,ecommerce,ecommerce agency,20,0,LOW,,commercial
magento ecommerce agency london,ecommerce,ecommerce agency,20,0,LOW,,commercial
ecommerce digital agency london,ecommerce,ecommerce agency,20,0,LOW,,commercial
ecommerce social media marketing agency,ecommerce,ecommerce agency,20,0,LOW,,commercial
ecommerce agency chester,ecommerce,ecommerce agency,20,8.31,LOW,,commercial
shopify plus development services,ecommerce,shopify development,20,0,LOW,,commercial
shopify development london,ecommerce,shopify development,20,3.66,LOW,49,commercial
shopify store development service,ecommerce,shopify development,20,0,LOW,,navigational
shopify app development service,ecommerce,shopify development,20,0,MEDIUM,,commercial
shopify app development company,ecommerce,shopify development,20,0,LOW,,navigational
shopify development cost,ecommerce,shopify development,20,0,LOW,43,commercial
custom shopify theme development,ecommerce,shopify development,20,0,LOW,51,commercial
shopify store development services,ecommerce,shopify development,20,0,LOW,,commercial
shopify development language,ecommerce,shopify development,20,1.41,LOW,12,informational
shopify app development agency,ecommerce,shopify development,20,81.93,MEDIUM,,navigational
shopify app development companies,ecommerce,shopify development,20,0,LOW,,commercial
headless shopify development,ecommerce,shopify development,20,57.12,LOW,,navigational
shopify website development london,ecommerce,shopify development,20,0,MEDIUM,,navigational
shopify website development cost,ecommerce,shopify development,20,0,HIGH,,commercial
shopify plus store development,ecommerce,shopify development,20,0,LOW,,navigational
shopify app development services,ecommerce,shopify development,20,0,MEDIUM,,commercial
best shopify seo agency,ecommerce,shopify agency,20,0,LOW,,commercial
shopify agency norwich,ecommerce,shopify agency,20,7.48,LOW,,navigational
shopify agency yorkshire,ecommerce,shopify agency,20,0,LOW,,navigational
digital marketing agency shopify,ecommerce,shopify agency,20,0,LOW,,commercial
shopify agency glasgow,ecommerce,shopify agency,20,11.41,HIGH,18,navigational
shopify automation agency,ecommerce,shopify agency,20,0,,,navigational
shopify growth agency,ecommerce,shopify agency,20,0,MEDIUM,,commercial
headless shopify agency,ecommerce,shopify agency,20,17.87,LOW,,navigational
shopify plus partner agency,ecommerce,shopify agency,20,0,LOW,,navigational
shopify agency bristol,ecommerce,shopify agency,20,0,HIGH,,navigational
radiant shopify agency,ecommerce,shopify agency,20,0,LOW,,navigational
top ecommerce website design company,ecommerce,ecommerce website design,20,0,LOW,,commercial
ecommerce website design in dubai,ecommerce,ecommerce website design,20,0,LOW,,commercial
simple ecommerce website design,ecommerce,ecommerce website design,20,15.32,HIGH,,commercial
ecommerce website design in india,ecommerce,ecommerce website design,20,0,LOW,,commercial
ecommerce website design quote,ecommerce,ecommerce website design,20,0,LOW,,commercial
shopify ecommerce website design,ecommerce,ecommerce website design,20,0,LOW,,navigational
magento ecommerce website design,ecommerce,ecommerce website design,20,0,LOW,4,navigational
basic ecommerce website design,ecommerce,ecommerce website design,20,15.32,HIGH,,informational
professional ecommerce website design,ecommerce,ecommerce website design,20,30.69,LOW,21,commercial
ecommerce website design reading,ecommerce,ecommerce website design,20,0,LOW,72,informational
ecommerce website design inspiration,ecommerce,ecommerce website design,20,6.07,MEDIUM,51,informational
ecommerce website design magento,ecommerce,ecommerce website design,20,0,LOW,4,commercial
best ecommerce website design company,ecommerce,ecommerce website design,20,0,LOW,55,commercial
top ecommerce website design companies,ecommerce,ecommerce website design,20,0,LOW,,commercial
ecommerce website design company in dubai,ecommerce,ecommerce website design,20,0,LOW,,commercial
best ecommerce website design companies,ecommerce,ecommerce website design,20,0,LOW,55,commercial
ecommerce website design dubai,ecommerce,ecommerce website design,20,0,LOW,53,commercial
ecommerce website design & development services,ecommerce,ecommerce website design,20,0,LOW,15,commercial
ecommerce website design northern ireland,ecommerce,ecommerce website design,20,0,LOW,,navigational
award winning ecommerce website design,ecommerce,ecommerce website design,20,3.81,HIGH,,navigational
ecommerce website design uae,ecommerce,ecommerce website design,20,0,LOW,,navigational
woocommerce theme development,ecommerce,woocommerce development,20,0,LOW,54,commercial
woocommerce website development services,ecommerce,woocommerce development,20,61.49,LOW,,commercial
woocommerce website development company,ecommerce,woocommerce development,20,0,LOW,,commercial
custom woocommerce development,ecommerce,woocommerce development,20,0,LOW,,commercial
woocommerce custom development,ecommerce,woocommerce development,20,0,LOW,,commercial
woocommerce web development services,ecommerce,woocommerce development,20,61.49,LOW,,commercial
woocommerce web development company,ecommerce,woocommerce development,20,0,LOW,,commercial
ecommerce ai tools,ai-commerce,ai ecommerce,20,0,LOW,57,commercial
ai tool for ecommerce,ai-commerce,ai ecommerce,20,0,LOW,72,commercial
ai tools for ecommerce,ai-commerce,ai ecommerce,20,0,LOW,44,commercial
ecommerce ai agents,ai-commerce,ai ecommerce,20,47.19,MEDIUM,,commercial
ai ecommerce platform,ai-commerce,ai ecommerce,20,13.52,HIGH,,commercial
agentic ai commerce,agentic-commerce,agentic commerce,20,12.98,MEDIUM,,commercial
openai agentic commerce,agentic-commerce,agentic commerce,20,10.76,LOW,,navigational
agentic ai market,agentic-commerce,agentic ai,20,12.63,HIGH,15,navigational
reddit agentic ai,agentic-commerce,agentic ai,20,0,LOW,7,informational
drcf agentic ai,agentic-commerce,agentic ai,20,0,LOW,,navigational
how agentic ai works,agentic-commerce,agentic ai,20,11.82,MEDIUM,,informational
agentic ai reference architecture,agentic-commerce,agentic ai,20,14.43,MEDIUM,,navigational
agentic ai examples in real-life,agentic-commerce,agentic ai,20,6.27,HIGH,,informational
agentic ai payments,agentic-commerce,agentic ai,20,65.22,MEDIUM,,navigational
agentic ai summit london,agentic-commerce,agentic ai,20,3.28,LOW,,transactional
aws agentic ai certification,agentic-commerce,agentic ai,20,6.91,MEDIUM,,transactional
accenture agentic ai,agentic-commerce,agentic ai,20,10.54,LOW,,informational
agentic ai learn,agentic-commerce,agentic ai,20,5.5,HIGH,,informational
udemy agentic ai,agentic-commerce,agentic ai,20,2.99,HIGH,,informational
agentic ai ibm,agentic-commerce,agentic ai,20,28.38,MEDIUM,27,navigational
agentic ai consulting,agentic-commerce,agentic ai,20,56.81,MEDIUM,,commercial
what is an agentic ai system,agentic-commerce,agentic ai,20,0,MEDIUM,,informational
agentic ai marketplace,agentic-commerce,agentic ai,20,12.63,HIGH,22,navigational
oxford generative and agentic ai programme,agentic-commerce,agentic ai,20,13.95,HIGH,,informational
generative ai versus agentic ai,agentic-commerce,agentic ai,20,0,MEDIUM,,commercial
agentic ai for marketing,agentic-commerce,agentic ai,20,20.37,HIGH,15,commercial
agentic ai uk,agentic-commerce,agentic ai,20,5.1,MEDIUM,,navigational
agentic ai deeplearning.ai,agentic-commerce,agentic ai,20,4.13,MEDIUM,,informational
best books on agentic ai,agentic-commerce,agentic ai,20,3.53,HIGH,,informational
generative ai and agentic ai,agentic-commerce,agentic ai,20,0,HIGH,,informational
agentic ai website,agentic-commerce,agentic ai,20,19.03,HIGH,,navigational
agentic ai vs generative ai examples,agentic-commerce,agentic ai,20,0,MEDIUM,,informational
agentic ai examples in real life,agentic-commerce,agentic ai,20,6.27,HIGH,,informational
agentic ai engineer jobs,agentic-commerce,agentic ai,20,1.18,LOW,,navigational
agentic ai in marketing,agentic-commerce,agentic ai,20,56.45,HIGH,15,commercial
agentic ai projects,agentic-commerce,agentic ai,20,6.19,HIGH,,commercial
agentic ai openai,agentic-commerce,agentic ai,20,3.03,MEDIUM,46,navigational
agentic ai pdf,agentic-commerce,agentic ai,20,0,HIGH,,informational
agentic ai learning,agentic-commerce,agentic ai,20,5.5,HIGH,,informational
best book on agentic ai,agentic-commerce,agentic ai,20,3.53,HIGH,,informational
agentic ai startups,agentic-commerce,agentic ai,20,4.56,HIGH,,commercial
ab-100 agentic ai business solutions architect,agentic-commerce,agentic ai,20,24.26,MEDIUM,,commercial
agentic ai for enterprise,agentic-commerce,agentic ai,20,0,LOW,,commercial
agentic ai github,agentic-commerce,agentic ai,20,0,LOW,66,navigational
agentic ai vs generative ai vs predictive ai,agentic-commerce,agentic ai,20,0,MEDIUM,,commercial
kyndryl agentic ai framework,agentic-commerce,agentic ai,20,2.73,MEDIUM,,transactional
lloyds agentic ai,agentic-commerce,agentic ai,20,0,LOW,,commercial
agentic ai coursera,agentic-commerce,agentic ai,20,4.38,MEDIUM,,navigational
agentic ai mckinsey,agentic-commerce,agentic ai,20,0,MEDIUM,,informational
agentic ai developer,agentic-commerce,agentic ai,20,15.76,HIGH,59,navigational
agentic ai for customer service,agentic-commerce,agentic ai,20,0,MEDIUM,23,navigational
agentic ai servicenow,agentic-commerce,agentic ai,20,0,LOW,3,navigational
snowflake agentic ai,agentic-commerce,agentic ai,20,19.5,MEDIUM,,informational
rpa vs agentic ai,agentic-commerce,agentic ai,20,0,LOW,,informational
how to learn agentic ai,agentic-commerce,agentic ai,20,4.96,HIGH,,informational
what is mcp in agentic ai,agentic-commerce,agentic ai,20,1.79,MEDIUM,,informational
agentic ai market size,agentic-commerce,agentic ai,20,0,MEDIUM,,navigational
agentic ai software testing,agentic-commerce,agentic ai,20,0,,,navigational
difference between agentic ai and ai agents,agentic-commerce,agentic ai,20,0,MEDIUM,,commercial
agentic ai marketing,agentic-commerce,agentic ai,20,15.47,HIGH,15,commercial
agentic ai free,agentic-commerce,agentic ai,20,5.95,HIGH,25,commercial
agentic ai shopping,agentic-commerce,agentic ai,20,0,MEDIUM,14,informational
nvidia agentic ai certification,agentic-commerce,agentic ai,20,4.07,MEDIUM,,navigational
agentic ai vs gen ai,agentic-commerce,agentic ai,20,0,LOW,29,informational
types of agentic ai,agentic-commerce,agentic ai,20,3.48,LOW,20,informational
agentic ai in insurance,agentic-commerce,agentic ai,20,19.55,MEDIUM,,commercial
how ai will change seo,ai-seo,ai seo,20,0,,,informational
best ai tools for seo optimization,ai-seo,ai seo,20,12.18,LOW,,commercial
ai tools for seo free,ai-seo,ai seo,20,0,HIGH,34,commercial
ai-based seo,ai-seo,ai seo,20,25.44,HIGH,,commercial
surfer seo ai detector,ai-seo,ai seo,20,0,MEDIUM,,commercial
ai seo blog writer,ai-seo,ai seo,20,29.38,HIGH,,commercial
best seo ai tools free,ai-seo,ai seo,20,19.6,LOW,,commercial
generative ai seo tools,ai-seo,ai seo,20,0,LOW,,commercial
best ai tool for seo optimization,ai-seo,ai seo,20,12.18,LOW,,commercial
ai generated content seo,ai-seo,ai seo,20,0,,,commercial
how ai is changing seo,ai-seo,ai seo,20,6.16,LOW,,informational
ai tools for website seo,ai-seo,ai seo,20,0,LOW,,commercial
seo optimization ai tool,ai-seo,ai seo,20,0,LOW,,commercial
ai seo title generator,ai-seo,ai seo,20,0,,,commercial
seo ai overview,ai-seo,ai seo,20,0,,,commercial
seo ai free,ai-seo,ai seo,20,10.44,HIGH,,commercial
free seo tools ai,ai-seo,ai seo,20,21.62,LOW,34,commercial
ai tool for seo optimization,ai-seo,ai seo,20,0,MEDIUM,,commercial
ai tools for seo optimization,ai-seo,ai seo,20,0,MEDIUM,,commercial
ai for seo content,ai-seo,ai seo,20,0,LOW,,commercial
ai based seo,ai-seo,ai seo,20,25.44,HIGH,,commercial
seo ai reviews,ai-seo,ai seo,20,8,MEDIUM,,commercial
ai based seo services,ai-seo,ai seo,20,16.07,LOW,,commercial
jasper ai for seo,ai-seo,ai seo,20,0,,,commercial
seo ai detector,ai-seo,ai seo,20,5.85,MEDIUM,,commercial
ai tool for seo analysis,ai-seo,ai seo,20,0,LOW,,commercial
seo small tools ai checker,ai-seo,ai seo,20,8.62,MEDIUM,,commercial
can ai do seo,ai-seo,ai seo,20,7.86,MEDIUM,,informational
best free seo ai tools,ai-seo,ai seo,20,0,LOW,,commercial
ai-generated content seo,ai-seo,ai seo,20,0,,,commercial
ai seo name,ai-seo,ai seo,20,0,MEDIUM,,informational
google ai overview seo,ai-seo,ai seo,20,0,LOW,,commercial
perplexity ai seo,ai-seo,ai seo,20,35.76,LOW,,informational
ai seo platform,ai-seo,ai seo,20,45.21,HIGH,,commercial
ai tool for seo free,ai-seo,ai seo,20,0,HIGH,34,commercial
seo services ai,ai-seo,ai seo,20,0,LOW,0,commercial
ai and seo course,ai-seo,ai seo,20,12.21,MEDIUM,,commercial
ai content for seo,ai-seo,ai seo,20,0,HIGH,,commercial
ai mode seo,ai-seo,ai seo,20,0,LOW,,informational
ai for seo course,ai-seo,ai seo,20,0,,1,commercial
small seo tools ai detector,ai-seo,ai seo,20,4.15,MEDIUM,,commercial
top seo ai tools,ai-seo,ai seo,20,56.89,LOW,,commercial
best free ai seo tools,ai-seo,ai seo,20,0,LOW,,commercial
ai seo free,ai-seo,ai seo,20,23.09,HIGH,,commercial
cluster ai seo,ai-seo,ai seo,20,0,,,commercial
seo optimization ai tools,ai-seo,ai seo,20,0,LOW,,commercial
free ai tools for seo,ai-seo,ai seo,20,0,LOW,34,commercial
seo content ai,ai-seo,ai seo,20,0,HIGH,,commercial
how to do ai seo,ai-seo,ai seo,20,24.08,HIGH,,informational
ai seo solutions,ai-seo,ai seo,20,0,LOW,,commercial
ai generated seo content,ai-seo,ai seo,20,0,LOW,,commercial
ai seo keyword research,ai-seo,ai seo,20,18.75,LOW,,commercial
free ai seo,ai-seo,ai seo,20,14.84,HIGH,,commercial
generative ai and seo,ai-seo,ai seo,20,0,LOW,,commercial
ai tool for seo keyword research,ai-seo,ai seo,20,0,LOW,,commercial
ai seo keywords,ai-seo,ai seo,20,0,MEDIUM,,commercial
ai seo tools for small business,ai-seo,ai seo,20,0,LOW,,commercial
ai seo specialist,ai-seo,ai seo,20,14.26,LOW,,commercial
top ai seo tools,ai-seo,ai seo,20,0,LOW,,commercial
google ai seo,ai-seo,ai seo,20,15.06,LOW,,commercial
ai content and seo,ai-seo,ai seo,20,0,MEDIUM,,commercial
ai seo reddit,ai-seo,ai seo,20,0,LOW,,commercial
seo agency ai,ai-seo,ai seo,20,0,,9,commercial
ai tools for seo keyword research,ai-seo,ai seo,20,0,LOW,,commercial
seo ai review,ai-seo,ai seo,20,8,MEDIUM,,commercial
google ai overviews seo,ai-seo,ai seo,20,0,LOW,,commercial
seo studio ai,ai-seo,ai seo,20,23.42,MEDIUM,7,commercial
ai seo marketing,ai-seo,ai seo,20,32.24,LOW,,commercial
generative engine optimization geo tools,ai-seo,generative engine optimization,20,30.08,LOW,,commercial
generative engine optimization strategies,ai-seo,generative engine optimization,20,0,LOW,,informational
generative ai search engine optimization,ai-seo,generative engine optimization,20,0,LOW,,commercial
what is aeo answer engine optimization,ai-seo,answer engine optimization,20,0,LOW,,informational
answer engine optimization tools,ai-seo,answer engine optimization,20,8.81,LOW,,informational
answer engine optimization tool,ai-seo,answer engine optimization,20,8.81,LOW,,commercial
ecommerce seo course,seo,ecommerce seo,20,2.72,HIGH,,commercial
advanced ecommerce seo,seo,ecommerce seo,20,0,LOW,48,commercial
best seo for ecommerce sites,seo,ecommerce seo,20,0,LOW,48,commercial
ecommerce seo case study,seo,ecommerce seo,20,0,LOW,22,commercial
enterprise ecommerce seo,seo,ecommerce seo,20,0,LOW,,commercial
off-page seo for ecommerce,seo,ecommerce seo,20,0,LOW,47,commercial
off-page seo for ecommerce website,seo,ecommerce seo,20,0,LOW,47,commercial
affordable ecommerce seo services,seo,ecommerce seo,20,0,,,commercial
what is ecommerce seo,seo,ecommerce seo,20,0,LOW,,informational
on-page seo for ecommerce website,seo,ecommerce seo,20,0,LOW,60,commercial
best seo ecommerce sites,seo,ecommerce seo,20,0,LOW,48,commercial
seo ecommerce strategy,seo,ecommerce seo,20,0,LOW,10,commercial
ecommerce seo services near me,seo,ecommerce seo,20,0,MEDIUM,,commercial
on page seo for ecommerce website,seo,ecommerce seo,20,0,LOW,60,informational
ecommerce seo blog,seo,ecommerce seo,20,0,LOW,,commercial
ecommerce product seo,seo,ecommerce seo,20,0,LOW,,commercial
off page seo for ecommerce,seo,ecommerce seo,20,0,LOW,47,commercial
what is seo ecommerce,seo,ecommerce seo,20,0,LOW,,informational
seo ecommerce strategies,seo,ecommerce seo,20,0,LOW,10,commercial
ecommerce seo services company,seo,ecommerce seo,20,0,LOW,,commercial
seo for fashion ecommerce,seo,ecommerce seo,20,3.53,LOW,0,commercial
best ecommerce site for seo,seo,ecommerce seo,20,0,LOW,48,commercial
ecommerce seo courses,seo,ecommerce seo,20,2.72,HIGH,,commercial
ecommerce seo guide,seo,ecommerce seo,20,0,LOW,62,informational
technical seo ecommerce,seo,ecommerce seo,20,0,LOW,8,commercial
off page seo for ecommerce website,seo,ecommerce seo,20,0,LOW,47,commercial
ecommerce website seo tips,seo,ecommerce seo,20,0,,,informational
free seo audit plugin,seo,seo audit,20,0,LOW,54,commercial
tool for seo audit,seo,seo audit,20,0,MEDIUM,75,commercial
local seo audit tool,seo,seo audit,20,9.82,LOW,,commercial
small business web design bristol,web-design,small business web design,20,0,,,commercial
small business web design glasgow,web-design,small business web design,20,0,LOW,,commercial
ai agent development courses,ai-agent-dev,ai agent development,20,6.05,HIGH,,commercial
ai agent development course,ai-agent-dev,ai agent development,20,6.05,HIGH,,informational
what is an ai automation agency,ai-agent-dev,ai automation agency,20,0,MEDIUM,,informational
ai automation agency reddit,ai-agent-dev,ai automation agency,20,0,LOW,,informational
what is ai automation agency,ai-agent-dev,ai automation agency,20,0,MEDIUM,,informational
ai chatbot development company,ai-agent-dev,ai chatbot development,20,0,LOW,,commercial
best ai agents for small business,ai-agent-dev,ai agents for business,20,20.14,HIGH,,commercial
headless ecommerce development agency,ecommerce,ecommerce development agency,10,0,LOW,,navigational
best ecommerce development agency,ecommerce,ecommerce development agency,10,0,,,commercial
ecommerce development agency london,ecommerce,ecommerce development agency,10,0,LOW,,commercial
ecommerce development agency near me,ecommerce,ecommerce development agency,10,0,LOW,84,commercial
magento ecommerce development agency ravedigital,ecommerce,ecommerce development agency,10,0,,,commercial
ecommerce development agency uk,ecommerce,ecommerce development agency,10,0,LOW,,commercial
ecommerce website development agency near me,ecommerce,ecommerce development agency,10,0,,,commercial
ecommerce development agency birmingham,ecommerce,ecommerce development agency,10,0,,,commercial
shopify ecommerce development agency,ecommerce,ecommerce development agency,10,0,LOW,,navigational
ecommerce agency newcastle,ecommerce,ecommerce agency,10,0,HIGH,,commercial
ecommerce marketing agency australia,ecommerce,ecommerce agency,10,0,,,commercial
ecommerce agency dublin,ecommerce,ecommerce agency,10,0,,,commercial
ecommerce agency nyc,ecommerce,ecommerce agency,10,0,,,commercial
ecommerce solutions agency,ecommerce,ecommerce agency,10,0,LOW,,commercial
ladd agency ecommerce cost,ecommerce,ecommerce agency,10,0,LOW,,commercial
ecommerce agency amsterdam,ecommerce,ecommerce agency,10,0,,,commercial
fashion ecommerce agency london,ecommerce,ecommerce agency,10,0,LOW,,commercial
ecommerce agency services,ecommerce,ecommerce agency,10,0,LOW,,commercial
agency for ecommerce,ecommerce,ecommerce agency,10,0,LOW,82,commercial
ecommerce agency india,ecommerce,ecommerce agency,10,0,,,commercial
ecommerce creative agency,ecommerce,ecommerce agency,10,0,MEDIUM,,commercial
ecommerce marketing agency miami,ecommerce,ecommerce agency,10,0,,,commercial
ecommerce marketing agency dubai,ecommerce,ecommerce agency,10,0,,,commercial
uk ecommerce agency,ecommerce,ecommerce agency,10,0,HIGH,34,commercial
guidance ecommerce agency,ecommerce,ecommerce agency,10,0,,,commercial
ecommerce agency usa,ecommerce,ecommerce agency,10,0,,71,commercial
ecommerce agency growth,ecommerce,ecommerce agency,10,0,,,commercial
ecommerce agency belfast,ecommerce,ecommerce agency,10,0,HIGH,,commercial
ecommerce agency in dubai,ecommerce,ecommerce agency,10,0,LOW,,commercial
what is an ecommerce marketing agency,ecommerce,ecommerce agency,10,0,,,informational
ecommerce agency melbourne,ecommerce,ecommerce agency,10,0,,,commercial
ecommerce social media agency,ecommerce,ecommerce agency,10,0,LOW,,commercial
top ecommerce seo agency,ecommerce,ecommerce agency,10,0,HIGH,,commercial
ecommerce web agency london,ecommerce,ecommerce agency,10,0,LOW,,commercial
best ecommerce advertising agency,ecommerce,ecommerce agency,10,0,,,commercial
ecommerce marketing agency usa,ecommerce,ecommerce agency,10,0,,,commercial
digital marketing agency for ecommerce business,ecommerce,ecommerce agency,10,0,,,commercial
best digital marketing agency for ecommerce,ecommerce,ecommerce agency,10,0,,,commercial
ecommerce business agency,ecommerce,ecommerce agency,10,0,,,commercial
ecommerce agency summit,ecommerce,ecommerce agency,10,0,LOW,,navigational
ecommerce agency toronto,ecommerce,ecommerce agency,10,0,,,commercial
ecommerce agency denver,ecommerce,ecommerce agency,10,0,,,commercial
ecommerce agency australia,ecommerce,ecommerce agency,10,0,,,commercial
ecommerce service agency,ecommerce,ecommerce agency,10,2.77,MEDIUM,,commercial
9xb ecommerce agency,ecommerce,ecommerce agency,10,0,,,navigational
ecommerce digital marketing agency india,ecommerce,ecommerce agency,10,0,,,commercial
ecommerce agency meaning,ecommerce,ecommerce agency,10,0,,,informational
ecommerce agency vancouver,ecommerce,ecommerce agency,10,0,,,commercial
china ecommerce agency,ecommerce,ecommerce agency,10,0,,,commercial
ladd agency ecommerce,ecommerce,ecommerce agency,10,0,,,navigational
agency ecommerce theme,ecommerce,ecommerce agency,10,0,,,commercial
ecommerce shopify agency,ecommerce,ecommerce agency,10,0,MEDIUM,83,commercial
ecommerce seo agency melbourne,ecommerce,ecommerce agency,10,0,,,commercial
ecommerce agency montreal,ecommerce,ecommerce agency,10,0,,,commercial
ecommerce agency derby,ecommerce,ecommerce agency,10,0,,,navigational
ecommerce today agency,ecommerce,ecommerce agency,10,14.6,HIGH,,navigational
ecommerce agency york,ecommerce,ecommerce agency,10,0,HIGH,,commercial
ecommerce advertising agency london,ecommerce,ecommerce agency,10,0,,,commercial
wordpress ecommerce agency london,ecommerce,ecommerce agency,10,0,LOW,,commercial
ecommerce agency kent,ecommerce,ecommerce agency,10,0,,,commercial
retail ecommerce agency,ecommerce,ecommerce agency,10,0,LOW,,commercial
tiktok agency for ecommerce,ecommerce,ecommerce agency,10,0,,,commercial
ecommerce ppc agency uk,ecommerce,ecommerce agency,10,0,LOW,,commercial
ecommerce email agency,ecommerce,ecommerce agency,10,0,HIGH,,commercial
amazon ecommerce agency,ecommerce,ecommerce agency,10,0,,,navigational
dtc ecommerce agency,ecommerce,ecommerce agency,10,0,HIGH,,navigational
target ecommerce marketing agency london,ecommerce,ecommerce agency,10,0,,,commercial
ecommerce services agency,ecommerce,ecommerce agency,10,2.77,MEDIUM,,commercial
what is ecommerce agency,ecommerce,ecommerce agency,10,0,,,informational
best seo agency ecommerce,ecommerce,ecommerce agency,10,0,,0,commercial
ecommerce marketing agency los angeles,ecommerce,ecommerce agency,10,0,,,commercial
ecommerce agency sussex,ecommerce,ecommerce agency,10,0,,,commercial
ecommerce agency leicester,ecommerce,ecommerce agency,10,0,,,commercial
ecommerce agency in pakistan,ecommerce,ecommerce agency,10,0,,,commercial
ecommerce agency europe,ecommerce,ecommerce agency,10,0,,,commercial
ecommerce modeling agency,ecommerce,ecommerce agency,10,1.17,MEDIUM,,commercial
ecommerce agency list,ecommerce,ecommerce agency,10,0,,,navigational
ecommerce website design agency near me,ecommerce,ecommerce agency,10,0,,,commercial
ecommerce agency los angeles,ecommerce,ecommerce agency,10,0,,,commercial
vancouver ecommerce agency,ecommerce,ecommerce agency,10,0,,,commercial
tiktok ecommerce agency,ecommerce,ecommerce agency,10,0,,,navigational
ecommerce agency yorkshire,ecommerce,ecommerce agency,10,0,,,commercial
ecommerce agency glasgow,ecommerce,ecommerce agency,10,0,LOW,,commercial
white label ecommerce agency,ecommerce,ecommerce agency,10,0,,,commercial
b2b ecommerce agency coalition,ecommerce,ecommerce agency,10,0,MEDIUM,,commercial
best ecommerce ads agency,ecommerce,ecommerce agency,10,0,,,commercial
seo ecommerce agency london,ecommerce,ecommerce agency,10,0,LOW,6,commercial
ecommerce agency china,ecommerce,ecommerce agency,10,0,,48,commercial
1 ecommerce agency,ecommerce,ecommerce agency,10,0,,,navigational
white-label shopify development,ecommerce,shopify development,10,0,LOW,,commercial
shopify theme development cost,ecommerce,shopify development,10,0,,,commercial
shopify development expert,ecommerce,shopify development,10,0,LOW,21,commercial
transfer development store shopify,ecommerce,shopify development,10,0,LOW,,navigational
shopify local development,ecommerce,shopify development,10,0,LOW,48,navigational
shopify app development guide,ecommerce,shopify development,10,0,LOW,,informational
shopify theme development course free download,ecommerce,shopify development,10,0,,,navigational
what is shopify theme development,ecommerce,shopify development,10,0,LOW,,informational
shopify theme development company,ecommerce,shopify development,10,0,LOW,,navigational
shopify web development course,ecommerce,shopify development,10,0,,,informational
shopify development melbourne,ecommerce,shopify development,10,0,,,navigational
top shopify development agency,ecommerce,shopify development,10,0,,,commercial
shopify development fundamentals,ecommerce,shopify development,10,0,LOW,,informational
create shopify development store,ecommerce,shopify development,10,0,LOW,,transactional
shopify mobile app development services,ecommerce,shopify development,10,0,LOW,,commercial
shopify app development course,ecommerce,shopify development,10,1.11,MEDIUM,,informational
shopify development india,ecommerce,shopify development,10,14.92,MEDIUM,53,navigational
shopify frontend development,ecommerce,shopify development,10,0,,,commercial
shopify development experts,ecommerce,shopify development,10,0,LOW,21,commercial
best shopify development agency in india,ecommerce,shopify development,10,0,,,commercial
shopify development fundamentals assessment answers,ecommerce,shopify development,10,0,,,informational
shopify theme development with react,ecommerce,shopify development,10,0,,,navigational
top shopify development companies in india,ecommerce,shopify development,10,0,,,commercial
shopify app development remix,ecommerce,shopify development,10,0,,,commercial
app development in shopify,ecommerce,shopify development,10,0,,18,commercial
learning shopify development,ecommerce,shopify development,10,0,HIGH,,informational
what is shopify web development,ecommerce,shopify development,10,0,LOW,,informational
shopify theme development online store 2.0 tailwindcss free download,ecommerce,shopify development,10,0,,,navigational
shopify custom theme development tutorial,ecommerce,shopify development,10,0,,,informational
what is shopify development,ecommerce,shopify development,10,0,,,informational
shopify partner development store,ecommerce,shopify development,10,0,LOW,,navigational
shopify development process,ecommerce,shopify development,10,0,,,commercial
shopify themes development,ecommerce,shopify development,10,8.86,MEDIUM,6,commercial
shopify development app,ecommerce,shopify development,10,0,LOW,18,commercial
shopify development company uk,ecommerce,shopify development,10,0,LOW,,navigational
shopify product development,ecommerce,shopify development,10,0,,,commercial
shopify sales development representative salary,ecommerce,shopify development,10,0,,,informational
shopify development sydney,ecommerce,shopify development,10,0,,,navigational
local shopify development,ecommerce,shopify development,10,0,LOW,48,navigational
shopify liquid theme development,ecommerce,shopify development,10,0,,,navigational
best shopify development services,ecommerce,shopify development,10,0,,,commercial
what is shopify development plan,ecommerce,shopify development,10,0,,,informational
shopify partner development program,ecommerce,shopify development,10,0,LOW,,navigational
shopify theme development create shopify themes,ecommerce,shopify development,10,0,,,navigational
shopify plus development store,ecommerce,shopify development,10,0,LOW,,navigational
shopify headless development,ecommerce,shopify development,10,0,,,navigational
top shopify development companies,ecommerce,shopify development,10,0,,,commercial
shopify theme development udemy,ecommerce,shopify development,10,0,,,navigational
the shopify development handbook pdf,ecommerce,shopify development,10,0,,,informational
shopify web design and development,ecommerce,shopify development,10,0,MEDIUM,,commercial
shopify php app development,ecommerce,shopify development,10,0,,,commercial
shopify corporate development,ecommerce,shopify development,10,0,,,navigational
website development on shopify,ecommerce,shopify development,10,0,,39,commercial
create a development store shopify,ecommerce,shopify development,10,0,,,transactional
top shopify development agency in india,ecommerce,shopify development,10,0,,,commercial
advanced shopify theme development,ecommerce,shopify development,10,0,,,commercial
shopify theme local development,ecommerce,shopify development,10,0,,,navigational
shopify website development services india,ecommerce,shopify development,10,0,,,navigational
shopify design and development services,ecommerce,shopify development,10,0,LOW,22,commercial
shopify plugin development tutorial,ecommerce,shopify development,10,0,,,informational
unlimited shopify development,ecommerce,shopify development,10,0,,,commercial
shopify app development php,ecommerce,shopify development,10,0,LOW,,commercial
how to allow custom app development in shopify,ecommerce,shopify development,10,0,,,informational
shopify plus web development agency,ecommerce,shopify development,10,0,LOW,,commercial
change shopify store from development to production,ecommerce,shopify development,10,0,LOW,,transactional
shopify development reddit,ecommerce,shopify development,10,0,,,navigational
shopify website development surrey,ecommerce,shopify development,10,0,LOW,,navigational
shopify development coalition,ecommerce,shopify development,10,0,,,navigational
shopify development agency reviews,ecommerce,shopify development,10,0,,,informational
shopify development courses,ecommerce,shopify development,10,9.14,MEDIUM,,commercial
top shopify development company,ecommerce,shopify development,10,0,,,commercial
shopify development company in delhi,ecommerce,shopify development,10,0,,,commercial
shopify liquid development,ecommerce,shopify development,10,0,,,commercial
how to transfer development store shopify,ecommerce,shopify development,10,0,,,informational
shopify website design and development,ecommerce,shopify development,10,0,MEDIUM,,navigational
shopify website development services in india,ecommerce,shopify development,10,0,HIGH,,commercial
shopify app development with laravel,ecommerce,shopify development,10,0,,,informational
allow custom app development shopify,ecommerce,shopify development,10,0,LOW,,informational
shopify online store development,ecommerce,shopify development,10,0,LOW,,commercial
shopify development agency near me,ecommerce,shopify development,10,0,,,navigational
shopify development company in india,ecommerce,shopify development,10,14.92,MEDIUM,,commercial
learn shopify web development,ecommerce,shopify development,10,0,,,informational
shopify theme development course free,ecommerce,shopify development,10,0,,,informational
shopify development usa,ecommerce,shopify development,10,0,,,commercial
shopify create a development store,ecommerce,shopify development,10,0,,,navigational
shopify website development course,ecommerce,shopify development,10,0,,,navigational
intro to shopify app development with react node & graphql,ecommerce,shopify development,10,0,,,informational
how to create shopify development store,ecommerce,shopify development,10,0,,,informational
shopify store development course,ecommerce,shopify development,10,0,,,informational
shopify local development environment,ecommerce,shopify development,10,0,,,navigational
shopify widget development,ecommerce,shopify development,10,0,,,navigational
shopify install app on development store,ecommerce,shopify development,10,0,,,navigational
shopify theme development from scratch,ecommerce,shopify development,10,0,,,navigational
shopify 2.0 theme development,ecommerce,shopify development,10,0,,,commercial
shopify hydrogen development,ecommerce,shopify development,10,0,LOW,,commercial
shopify development workflow,ecommerce,shopify development,10,0,,,informational
shopify site development,ecommerce,shopify development,10,0,,36,commercial
shopify custom app development,ecommerce,shopify development,10,10.37,HIGH,,navigational
shopify web development tutorial,ecommerce,shopify development,10,0,,,informational
what is a shopify development store,ecommerce,shopify development,10,0,LOW,,informational
shopify private app development,ecommerce,shopify development,10,0,,,commercial
shopify development store login,ecommerce,shopify development,10,0,LOW,,navigational
shopify module development,ecommerce,shopify development,10,0,MEDIUM,,commercial
shopify payment gateway development,ecommerce,shopify development,10,0,,,commercial
shopify development near me,ecommerce,shopify development,10,0,HIGH,16,navigational
shopify website development cost in india,ecommerce,shopify development,10,0,,,commercial
shopify website development company india,ecommerce,shopify development,10,0,MEDIUM,,navigational
shopify development companies in usa,ecommerce,shopify development,10,0,,,commercial
shopify development company london,ecommerce,shopify development,10,0,LOW,,navigational
shopify theme development tools,ecommerce,shopify development,10,0,,,commercial
shopify app development for beginners create shopify apps,ecommerce,shopify development,10,0,,,informational
shopify development company in manchester,ecommerce,shopify development,10,0,,,navigational
shopify development platform,ecommerce,shopify development,10,0,LOW,,commercial
shopify store development agency,ecommerce,shopify development,10,0,,,navigational
top shopify app development company,ecommerce,shopify development,10,0,,,informational
shopify theme development docs,ecommerce,shopify development,10,0,,,informational
shopify transfer development store,ecommerce,shopify development,10,0,LOW,,navigational
shopify app development certification,ecommerce,shopify development,10,0,LOW,,informational
what is shopify app development,ecommerce,shopify development,10,0,,,informational
shopify development fundamentals assessment,ecommerce,shopify development,10,0,LOW,,informational
shopify app development documentation,ecommerce,shopify development,10,0,,,informational
top shopify development company in india,ecommerce,shopify development,10,0,,,commercial
shopify app development language,ecommerce,shopify development,10,0,,,informational
shopify backend development,ecommerce,shopify development,10,0,,,commercial
learn shopify development,ecommerce,shopify development,10,0,HIGH,49,informational
shopify development pros,ecommerce,shopify development,10,0,,,commercial
shopify app development tutorial,ecommerce,shopify development,10,0,,47,informational
shopify app development in php,ecommerce,shopify development,10,0,,,commercial
shopify website development proposal pdf,ecommerce,shopify development,10,0,,,navigational
shopify development roadmap,ecommerce,shopify development,10,0,LOW,,informational
shopify development manchester,ecommerce,shopify development,10,0,LOW,11,navigational
shopify landing page design development,ecommerce,shopify development,10,0,,,navigational
shopify theme development agency,ecommerce,shopify development,10,0,LOW,,navigational
shopify development dubai,ecommerce,shopify development,10,0,,,commercial
shopify development company in dubai,ecommerce,shopify development,10,0,,,commercial
shopify website development companies,ecommerce,shopify development,10,0,,,commercial
shopify development environment,ecommerce,shopify development,10,0,LOW,,commercial
shopify design and development,ecommerce,shopify development,10,0,LOW,,commercial
shopify theme development certification,ecommerce,shopify development,10,0,,,informational
shopify agency perth,ecommerce,shopify agency,10,0,,,commercial
shopify speed optimization agency,ecommerce,shopify agency,10,0,,,commercial
white label shopify agency,ecommerce,shopify agency,10,2.98,MEDIUM,,navigational
shopify service agency,ecommerce,shopify agency,10,0,,,navigational
shopify theme agency,ecommerce,shopify agency,10,0,,,navigational
shopify agency nyc,ecommerce,shopify agency,10,0,,,navigational
manchester shopify agency,ecommerce,shopify agency,10,0,HIGH,2,navigational
domaine shopify agency,ecommerce,shopify agency,10,0,MEDIUM,,commercial
shopify certified agency,ecommerce,shopify agency,10,0,LOW,,navigational
shopify agency account,ecommerce,shopify agency,10,0,LOW,,navigational
lazer shopify agency,ecommerce,shopify agency,10,0,,,commercial
shopify dropshipping agency,ecommerce,shopify agency,10,0,,,navigational
shopify design agency london,ecommerce,shopify agency,10,16.04,MEDIUM,,navigational
shopify hydrogen agency,ecommerce,shopify agency,10,0,LOW,,navigational
shoptrade shopify plus agency,ecommerce,shopify agency,10,0,,,navigational
digital marketing agency shopify theme,ecommerce,shopify agency,10,0,,,navigational
shopify store management agency,ecommerce,shopify agency,10,0,,,commercial
woocommerce to shopify migration agency,ecommerce,shopify agency,10,0,HIGH,,commercial
shopify store agency,ecommerce,shopify agency,10,0,,90,navigational
shopify travel agency,ecommerce,shopify agency,10,0,HIGH,,navigational
shopify app agency,ecommerce,shopify agency,10,0,LOW,,navigational
shopify agency australia,ecommerce,shopify agency,10,0,,,commercial
shopify ads agency,ecommerce,shopify agency,10,79.28,HIGH,,commercial
code shopify agency,ecommerce,shopify agency,10,0,LOW,,commercial
shopify agency newcastle,ecommerce,shopify agency,10,0,MEDIUM,,navigational
shopify agency los angeles,ecommerce,shopify agency,10,0,,,navigational
shopify agency bradford,ecommerce,shopify agency,10,0,,,navigational
marketing agency shopify,ecommerce,shopify agency,10,0,,,commercial
shopify agency near me,ecommerce,shopify agency,10,21.05,MEDIUM,16,navigational
shopify agency directory,ecommerce,shopify agency,10,0,LOW,,navigational
shopify agency in usa,ecommerce,shopify agency,10,0,,,navigational
shopify agency jobs,ecommerce,shopify agency,10,0,LOW,,navigational
shopify agency europe,ecommerce,shopify agency,10,0,,,navigational
shopify agency toronto,ecommerce,shopify agency,10,0,,,commercial
shopify store marketing agency,ecommerce,shopify agency,10,0,,,navigational
shopify design agency uk,ecommerce,shopify agency,10,0,LOW,,navigational
shopify conversion rate optimization agency,ecommerce,shopify agency,10,0,,,commercial
expert shopify zee agency,ecommerce,shopify agency,10,0,,51,navigational
shopify agency new york,ecommerce,shopify agency,10,0,MEDIUM,,navigational
shopify marketing agency india,ecommerce,shopify agency,10,0,,,navigational
shopify plus migration agency,ecommerce,shopify agency,10,0,MEDIUM,,commercial
tomorrow shopify agency,ecommerce,shopify agency,10,0,LOW,,navigational
usa shopify agency,ecommerce,shopify agency,10,0,,,navigational
shopify ad agency,ecommerce,shopify agency,10,79.28,HIGH,,commercial
shopify app marketing agency,ecommerce,shopify agency,10,0,HIGH,,navigational
top shopify agency,ecommerce,shopify agency,10,0,MEDIUM,,navigational
shopify developer agency,ecommerce,shopify agency,10,0,HIGH,19,navigational
shopify management agency,ecommerce,shopify agency,10,0,,,navigational
shopify services agency,ecommerce,shopify agency,10,47.51,HIGH,,navigational
shopify agency sydney,ecommerce,shopify agency,10,0,,,commercial
shopify agency login,ecommerce,shopify agency,10,0,LOW,,navigational
shopify agency france,ecommerce,shopify agency,10,0,LOW,,navigational
shopify agency canada,ecommerce,shopify agency,10,0,,,commercial
shopify plus agency coalition,ecommerce,shopify agency,10,0,,,navigational
shopify advertising agency,ecommerce,shopify agency,10,79.28,HIGH,,commercial
shopify agency in dubai,ecommerce,shopify agency,10,0,,,commercial
shopify plus agency usa,ecommerce,shopify agency,10,0,,,navigational
experts shopify zee agency,ecommerce,shopify agency,10,0,,51,navigational
shopify website building agency,ecommerce,shopify agency,10,0,,,navigational
shopify mobile app development agency,ecommerce,shopify agency,10,0,,,commercial
shopify partner agency,ecommerce,shopify agency,10,0,HIGH,,navigational
shopify agency belfast,ecommerce,shopify agency,10,0,HIGH,,navigational
shopify agency usa,ecommerce,shopify agency,10,0,HIGH,,navigational
shopify agency vancouver,ecommerce,shopify agency,10,0,,,commercial
shopify agency poland,ecommerce,shopify agency,10,0,,,navigational
shopify agency hong kong,ecommerce,shopify agency,10,0,,,navigational
shopify travel agency theme,ecommerce,shopify agency,10,0,HIGH,,navigational
best shopify development agency,ecommerce,shopify agency,10,0,,,commercial
shopify agency scotland,ecommerce,shopify agency,10,5.37,MEDIUM,,commercial
shopify agency partner program,ecommerce,shopify agency,10,0,LOW,,commercial
noir & blanco shopify plus agency,ecommerce,shopify agency,10,0,,,commercial
shopify agency portugal,ecommerce,shopify agency,10,0,,,navigational
shopify for travel agency,ecommerce,shopify agency,10,42.62,HIGH,,navigational
best shopify marketing agency,ecommerce,shopify agency,10,0,LOW,,commercial
shopify agency sussex,ecommerce,shopify agency,10,0,,,navigational
vanilla agency shopify,ecommerce,shopify agency,10,0,LOW,,navigational
shopify agency website,ecommerce,shopify agency,10,0,LOW,85,navigational
shopify marketing agency in usa,ecommerce,shopify agency,10,0,,,commercial
shopify seo agency new york,ecommerce,shopify agency,10,0,,,commercial
shopify agency dubai,ecommerce,shopify agency,10,0,LOW,,commercial
full-service shopify agency,ecommerce,shopify agency,10,6.33,HIGH,,commercial
shopify agency brighton,ecommerce,shopify agency,10,51.44,MEDIUM,,navigational
avex shopify plus ecommerce agency,ecommerce,shopify agency,10,0,,,navigational
shopify agency edinburgh,ecommerce,shopify agency,10,0,,,navigational
shopify development agency usa,ecommerce,shopify agency,10,0,,,navigational
shopify seo agency india,ecommerce,shopify agency,10,0,,,navigational
shopify development agency in usa,ecommerce,shopify agency,10,0,,,commercial
shopify agency cambridge,ecommerce,shopify agency,10,0,MEDIUM,,commercial
marketing agency for shopify,ecommerce,shopify agency,10,0,,11,commercial
shopify subscription agency,ecommerce,shopify agency,10,0,MEDIUM,,commercial
shopify experts agency,ecommerce,shopify agency,10,0,HIGH,2,navigational
shopify branding agency,ecommerce,shopify agency,10,86.1,HIGH,,navigational
top shopify plus agency,ecommerce,shopify agency,10,0,,,navigational
charle shopify agency,ecommerce,shopify agency,10,41.36,MEDIUM,,navigational
shopify store design agency,ecommerce,shopify agency,10,0,LOW,73,navigational
shopify marketing agency in india,ecommerce,shopify agency,10,0,,,navigational
full service shopify agency,ecommerce,shopify agency,10,6.33,HIGH,,commercial
shopify agency india,ecommerce,shopify agency,10,7.92,HIGH,,navigational
ecom experts shopify plus agency,ecommerce,shopify agency,10,0,HIGH,,navigational
shopify white label agency,ecommerce,shopify agency,10,0,HIGH,,navigational
domain shopify agency,ecommerce,shopify agency,10,0,LOW,,navigational
shopify agency theme,ecommerce,shopify agency,10,0,,,navigational
shopify agency template,ecommerce,shopify agency,10,0,,,navigational
hire shopify agency,ecommerce,shopify agency,10,0,LOW,,commercial
modern ecommerce website design,ecommerce,ecommerce website design,10,17.15,MEDIUM,,commercial
ecommerce website design atlanta,ecommerce,ecommerce website design,10,0,,,commercial
wordpress ecommerce website design,ecommerce,ecommerce website design,10,0,LOW,,commercial
ecommerce website design glasgow,ecommerce,ecommerce website design,10,0,LOW,,navigational
ecommerce website design perth,ecommerce,ecommerce website design,10,0,,,commercial
minimalist ecommerce website design,ecommerce,ecommerce website design,10,0,,,navigational
ecommerce website design ideas,ecommerce,ecommerce website design,10,0,MEDIUM,,informational
fashion ecommerce website design,ecommerce,ecommerce website design,10,0,MEDIUM,,commercial
how to design a website for ecommerce,ecommerce,ecommerce website design,10,0,MEDIUM,59,informational
how much to design an ecommerce website,ecommerce,ecommerce website design,10,0,,,commercial
website design ideas for ecommerce,ecommerce,ecommerce website design,10,0,HIGH,,informational
ecommerce website design company gurgaon,ecommerce,ecommerce website design,10,0,,,navigational
ecommerce website design cost in india,ecommerce,ecommerce website design,10,0,,,commercial
responsive ecommerce website design,ecommerce,ecommerce website design,10,0,,,commercial
design your own ecommerce website,ecommerce,ecommerce website design,10,0,,,commercial
cheap ecommerce website design uk,ecommerce,ecommerce website design,10,0,HIGH,,commercial
mobile ecommerce website design,ecommerce,ecommerce website design,10,0,,,commercial
ecommerce website design guide,ecommerce,ecommerce website design,10,0,,,informational
ecommerce website design software,ecommerce,ecommerce website design,10,0,LOW,,commercial
ecommerce website design company in hyderabad,ecommerce,ecommerce website design,10,0,,,commercial
ecommerce website design and hosting,ecommerce,ecommerce website design,10,0,LOW,,commercial
ecommerce website design portfolio,ecommerce,ecommerce website design,10,0,,,navigational
ecommerce website design courses,ecommerce,ecommerce website design,10,2.59,HIGH,,commercial
ecommerce website ux design,ecommerce,ecommerce website design,10,0,,,navigational
ecommerce website design html,ecommerce,ecommerce website design,10,0,,,commercial
ecommerce website design features,ecommerce,ecommerce website design,10,0,,,informational
ecommerce website logo design,ecommerce,ecommerce website design,10,0,,,commercial
what is ecommerce website design,ecommerce,ecommerce website design,10,0,,,informational
ecommerce website design price uk,ecommerce,ecommerce website design,10,0,LOW,,commercial
ecommerce website design layout,ecommerce,ecommerce website design,10,0,,,informational
ecommerce website design malaysia,ecommerce,ecommerce website design,10,0,,,commercial
ecommerce website ui design figma,ecommerce,ecommerce website design,10,0,,,navigational
ecommerce website design tips,ecommerce,ecommerce website design,10,0,HIGH,,informational
ecommerce website ui ux design,ecommerce,ecommerce website design,10,0,,,navigational
free figma design for ecommerce website,ecommerce,ecommerce website design,10,0,,,informational
ecommerce website design and development services,ecommerce,ecommerce website design,10,0,LOW,,commercial
good ecommerce website design examples,ecommerce,ecommerce website design,10,0.99,HIGH,,informational
ecommerce website design figma free,ecommerce,ecommerce website design,10,0,,,navigational
ecommerce website design singapore,ecommerce,ecommerce website design,10,0,,,commercial
ui ux design ecommerce website,ecommerce,ecommerce website design,10,0,,,navigational
ecommerce website home page design,ecommerce,ecommerce website design,10,0,,,navigational
best ecommerce website design 2019,ecommerce,ecommerce website design,10,0,,,commercial
ecommerce website design ireland,ecommerce,ecommerce website design,10,0,,,commercial
design ecommerce website tutorial,ecommerce,ecommerce website design,10,0,,,informational
figma design for ecommerce website,ecommerce,ecommerce website design,10,0,HIGH,,navigational
ecommerce website design chennai,ecommerce,ecommerce website design,10,0,,,navigational
ecommerce website design brisbane,ecommerce,ecommerce website design,10,0,LOW,,commercial
ecommerce website mockup design,ecommerce,ecommerce website design,10,0,,,navigational
ecommerce website design & development company,ecommerce,ecommerce website design,10,0,,,commercial
ecommerce website design ppt,ecommerce,ecommerce website design,10,0,,,informational
website design & ecommerce development company in pakistan,ecommerce,ecommerce website design,10,0,,,commercial
ecommerce website architecture design,ecommerce,ecommerce website design,10,0,,,navigational
ecommerce website hosting and design,ecommerce,ecommerce website design,10,0,LOW,,commercial
ecommerce website design examples,ecommerce,ecommerce website design,10,3.29,HIGH,,informational
ecommerce website design awards,ecommerce,ecommerce website design,10,0,LOW,,navigational
ecommerce website design development hyderabad,ecommerce,ecommerce website design,10,0,LOW,,navigational
ecommerce website design somerset,ecommerce,ecommerce website design,10,0,LOW,,navigational
top 10 ecommerce website design,ecommerce,ecommerce website design,10,5.19,MEDIUM,,commercial
tips for ecommerce website design,ecommerce,ecommerce website design,10,0,HIGH,,informational
ecommerce website design company singapore,ecommerce,ecommerce website design,10,0,,,commercial
ecommerce website db design,ecommerce,ecommerce website design,10,0,,,commercial
design an ecommerce website system design,ecommerce,ecommerce website design,10,34.64,MEDIUM,,commercial
how to design database for ecommerce website,ecommerce,ecommerce website design,10,0,,,informational
ecommerce website design south africa,ecommerce,ecommerce website design,10,0,,,navigational
ecommerce website design kent,ecommerce,ecommerce website design,10,0,LOW,39,navigational
design ecommerce website system design,ecommerce,ecommerce website design,10,0,,,commercial
ecommerce clothing website design,ecommerce,ecommerce website design,10,0,LOW,,commercial
ecommerce website design bangladesh,ecommerce,ecommerce website design,10,0,,,navigational
ecommerce website design gold coast,ecommerce,ecommerce website design,10,0,LOW,,commercial
website design ecommerce templates,ecommerce,ecommerce website design,10,0,,14,commercial
ecommerce website design brighton,ecommerce,ecommerce website design,10,21.03,HIGH,,commercial
design of ecommerce website,ecommerce,ecommerce website design,10,0,,18,commercial
food ecommerce website design,ecommerce,ecommerce website design,10,0,,,informational
ecommerce website design houston,ecommerce,ecommerce website design,10,0,LOW,,commercial
logo design for ecommerce website,ecommerce,ecommerce website design,10,0,,,commercial
ecommerce website design melbourne,ecommerce,ecommerce website design,10,0,LOW,,commercial
ecommerce website design pinterest,ecommerce,ecommerce website design,10,0,,,navigational
ecommerce website design guidelines,ecommerce,ecommerce website design,10,0,,,informational
ecommerce website design west yorkshire,ecommerce,ecommerce website design,10,0,LOW,,navigational
design ecommerce website templates,ecommerce,ecommerce website design,10,0,,14,commercial
system design for ecommerce website,ecommerce,ecommerce website design,10,0,,,commercial
ecommerce website system design,ecommerce,ecommerce website design,10,0,,,commercial
ecommerce website design themeforest,ecommerce,ecommerce website design,10,0,,,navigational
ecommerce website design proposal template,ecommerce,ecommerce website design,10,0,,,informational
ecommerce website design html css,ecommerce,ecommerce website design,10,0,,,commercial
ecommerce website design project,ecommerce,ecommerce website design,10,0,,,commercial
ecommerce website design tutorial,ecommerce,ecommerce website design,10,0,,,informational
best website design ecommerce,ecommerce,ecommerce website design,10,4.49,HIGH,24,commercial
ecommerce store website design,ecommerce,ecommerce website design,10,0,,,commercial
multivendor ecommerce website design,ecommerce,ecommerce website design,10,0,,,commercial
ecommerce website design hyderabad,ecommerce,ecommerce website design,10,0,,,navigational
ecommerce website checkout page design,ecommerce,ecommerce website design,10,0,,,navigational
ecommerce website design company in kolkata,ecommerce,ecommerce website design,10,0,,,commercial
footer design for ecommerce website,ecommerce,ecommerce website design,10,0,,,navigational
best database design for ecommerce website,ecommerce,ecommerce website design,10,0,,,commercial
best ecommerce website design software,ecommerce,ecommerce website design,10,0,,,commercial
pay monthly ecommerce website design,ecommerce,ecommerce website design,10,0,LOW,60,commercial
ecommerce website design hong kong,ecommerce,ecommerce website design,10,0,LOW,,navigational
ecommerce website design nz,ecommerce,ecommerce website design,10,0,,,navigational
best ecommerce website design 2025,ecommerce,ecommerce website design,10,0,,,commercial
ecommerce website design new york,ecommerce,ecommerce website design,10,0,,,commercial
how to design an ecommerce website,ecommerce,ecommerce website design,10,0,,,informational
ecommerce website design in figma,ecommerce,ecommerce website design,10,0,,,navigational
top woocommerce development companies,ecommerce,woocommerce development,10,0,,,commercial
woocommerce plugin development company,ecommerce,woocommerce development,10,0,LOW,,commercial
headless woocommerce development,ecommerce,woocommerce development,10,0,,,navigational
woocommerce development cost,ecommerce,woocommerce development,10,0,MEDIUM,43,informational
custom woocommerce theme development,ecommerce,woocommerce development,10,1.57,HIGH,,commercial
woocommerce store development,ecommerce,woocommerce development,10,0,LOW,,commercial
best woocommerce development company,ecommerce,woocommerce development,10,0,,,commercial
learn woocommerce development,ecommerce,woocommerce development,10,0,,,informational
woocommerce payment plugin development,ecommerce,woocommerce development,10,0,,,commercial
woocommerce theme development course,ecommerce,woocommerce development,10,0,,,navigational
woocommerce development mode,ecommerce,woocommerce development,10,0,,,informational
woocommerce theme development services,ecommerce,woocommerce development,10,0,,,commercial
woocommerce extension development,ecommerce,woocommerce development,10,0,LOW,,commercial
woocommerce mobile app development,ecommerce,woocommerce development,10,0,,,commercial
woocommerce development india,ecommerce,woocommerce development,10,0,,,navigational
woocommerce development environment,ecommerce,woocommerce development,10,0,,,commercial
woocommerce custom theme development tutorial,ecommerce,woocommerce development,10,0,,,informational
best woocommerce development services,ecommerce,woocommerce development,10,0,LOW,,commercial
woocommerce development company india,ecommerce,woocommerce development,10,0,,,navigational
woocommerce payment gateway plugin development,ecommerce,woocommerce development,10,0,,,commercial
woocommerce custom plugin development,ecommerce,woocommerce development,10,0,LOW,,commercial
woocommerce theme development from scratch,ecommerce,woocommerce development,10,0,,,navigational
woocommerce theme development advanced course free download,ecommerce,woocommerce development,10,0,,,transactional
woocommerce custom theme development,ecommerce,woocommerce development,10,1.57,HIGH,,commercial
custom woocommerce development services,ecommerce,woocommerce development,10,0,LOW,,commercial
wordpress woocommerce theme development,ecommerce,woocommerce development,10,0,,,commercial
woocommerce development services sacramento,ecommerce,woocommerce development,10,0,,,commercial
woocommerce development course,ecommerce,woocommerce development,10,0,,,commercial
woocommerce website development agency,ecommerce,woocommerce development,10,0,,,commercial
woocommerce development company usa,ecommerce,woocommerce development,10,0,,,commercial
woocommerce plugin development tutorial,ecommerce,woocommerce development,10,4.27,MEDIUM,,informational
woocommerce plugin development services,ecommerce,woocommerce development,10,0,,,commercial
woocommerce payment gateway development,ecommerce,woocommerce development,10,0,,,commercial
woocommerce theme development tutorial,ecommerce,woocommerce development,10,0,LOW,53,informational
woocommerce development blog,ecommerce,woocommerce development,10,19.28,LOW,,informational
woocommerce plugin development course,ecommerce,woocommerce development,10,0,,,commercial
woocommerce development tutorial,ecommerce,woocommerce development,10,0,LOW,,informational
woocommerce app development,ecommerce,woocommerce development,10,0,,,commercial
wordpress woocommerce plugin development,ecommerce,woocommerce development,10,0,,,commercial
woocommerce theme development: advanced course,ecommerce,woocommerce development,10,0,,,commercial
woocommerce theme development: advanced course free download,ecommerce,woocommerce development,10,0,,,commercial
woocommerce theme development pdf,ecommerce,woocommerce development,10,0,,,informational
woocommerce extension development tutorial,ecommerce,woocommerce development,10,4.27,MEDIUM,,informational
woocommerce website development cost in india,ecommerce,woocommerce development,10,0,,,commercial
woocommerce plugin development,ecommerce,woocommerce development,10,0,LOW,53,commercial
woocommerce theme development advanced course,ecommerce,woocommerce development,10,0,,,navigational
woocommerce website development cost,ecommerce,woocommerce development,10,0,,,commercial
ai models for ecommerce,ai-commerce,ai ecommerce,10,0,HIGH,,commercial
ecommerce photo editing ai,ai-commerce,ai ecommerce,10,0,,,commercial
ai ecommerce assistant,ai-commerce,ai ecommerce,10,0,,,commercial
ai automation for ecommerce,ai-commerce,ai ecommerce,10,0,LOW,,commercial
ai in retail ecommerce,ai-commerce,ai ecommerce,10,0,,,commercial
ai in retail and ecommerce,ai-commerce,ai ecommerce,10,0,,,informational
ai in ecommerce industry,ai-commerce,ai ecommerce,10,0,,,commercial
ai seo for ecommerce,ai-commerce,ai ecommerce,10,0,LOW,,commercial
ecommerce ai startups,ai-commerce,ai ecommerce,10,0,,,commercial
ecommerce ai image generator,ai-commerce,ai ecommerce,10,0,HIGH,,commercial
ai to create ecommerce website,ai-commerce,ai ecommerce,10,0,HIGH,,commercial
ai-powered ecommerce store,ai-commerce,ai ecommerce,10,0,,,commercial
conversational ai ecommerce,ai-commerce,ai ecommerce,10,0,LOW,,commercial
ai ecommerce tools,ai-commerce,ai ecommerce,10,0,LOW,52,commercial
autonomous ai agent ecommerce,ai-commerce,ai ecommerce,10,0,,,commercial
how ai is used in ecommerce,ai-commerce,ai ecommerce,10,0,,,informational
generative ai in ecommerce,ai-commerce,ai ecommerce,10,0,LOW,6,commercial
what is ai ecommerce,ai-commerce,ai ecommerce,10,8.5,HIGH,,informational
impact of ai in ecommerce,ai-commerce,ai ecommerce,10,0,,,informational
ai website builder for ecommerce,ai-commerce,ai ecommerce,10,0,,,commercial
ecommerce website using ai,ai-commerce,ai ecommerce,10,17.5,HIGH,,commercial
gen ai for ecommerce,ai-commerce,ai ecommerce,10,0,HIGH,,commercial
b2b ecommerce ai,ai-commerce,ai ecommerce,10,0,LOW,,commercial
ai video generator for ecommerce,ai-commerce,ai ecommerce,10,0,HIGH,,commercial
free ecommerce website builder ai,ai-commerce,ai ecommerce,10,3.66,HIGH,,commercial
ecommerce ai companies,ai-commerce,ai ecommerce,10,0,,,commercial
ecommerce ai automation,ai-commerce,ai ecommerce,10,0,MEDIUM,,commercial
ai use in ecommerce,ai-commerce,ai ecommerce,10,0,,,commercial
ai for ecommerce newsletter,ai-commerce,ai ecommerce,10,0,HIGH,,commercial
best ai tools for ecommerce business,ai-commerce,ai ecommerce,10,0,,,commercial
ai ecommerce product photos,ai-commerce,ai ecommerce,10,0,,,commercial
role of ai in ecommerce,ai-commerce,ai ecommerce,10,0,,,commercial
ai search for ecommerce,ai-commerce,ai ecommerce,10,35.77,MEDIUM,,commercial
using ai in ecommerce,ai-commerce,ai ecommerce,10,0,,,commercial
ecommerce with ai,ai-commerce,ai ecommerce,10,0,MEDIUM,,commercial
ecommerce personalization ai,ai-commerce,ai ecommerce,10,0,LOW,,commercial
generative ai use cases in ecommerce,ai-commerce,ai ecommerce,10,0,,,informational
free ai ecommerce store builder,ai-commerce,ai ecommerce,10,3.46,HIGH,,commercial
ai based ecommerce platform,ai-commerce,ai ecommerce,10,0,,,commercial
gen ai in ecommerce,ai-commerce,ai ecommerce,10,0,LOW,,informational
application of ai in ecommerce,ai-commerce,ai ecommerce,10,0,,,commercial
ecommerce insights ai,ai-commerce,ai ecommerce,10,0,,,commercial
best ai chatbot for ecommerce,ai-commerce,ai ecommerce,10,0,MEDIUM,,commercial
benefits of ai in ecommerce,ai-commerce,ai ecommerce,10,0,,,informational
how can ai help ecommerce,ai-commerce,ai ecommerce,10,0,,,informational
ai ecommerce website generator,ai-commerce,ai ecommerce,10,0,,,commercial
ai for ecommerce images,ai-commerce,ai ecommerce,10,15.77,HIGH,,commercial
ai tools ecommerce,ai-commerce,ai ecommerce,10,0,,52,commercial
ai powered ecommerce,ai-commerce,ai ecommerce,10,7.08,MEDIUM,,commercial
ai in ecommerce examples,ai-commerce,ai ecommerce,10,0,MEDIUM,20,commercial
ai agent ecommerce,ai-commerce,ai ecommerce,10,51.41,HIGH,,commercial
ecommerce generative ai,ai-commerce,ai ecommerce,10,0,LOW,26,commercial
ai ecommerce startups,ai-commerce,ai ecommerce,10,0,,,commercial
ai model for ecommerce,ai-commerce,ai ecommerce,10,0,HIGH,,commercial
ai based ecommerce,ai-commerce,ai ecommerce,10,0,,,commercial
easy ecommerce ai powered multi vendor e commerce platform,ai-commerce,ai ecommerce,10,0,,,commercial
ai powered ecommerce search,ai-commerce,ai ecommerce,10,0,,,commercial
ecommerce website ai,ai-commerce,ai ecommerce,10,0,,,commercial
ai applications in ecommerce,ai-commerce,ai ecommerce,10,0,,,commercial
how is ai changing ecommerce,ai-commerce,ai ecommerce,10,0,,,informational
ecommerce photography ai,ai-commerce,ai ecommerce,10,0,,,commercial
best ecommerce ai tools,ai-commerce,ai ecommerce,10,0,,,commercial
ai assistant ecommerce,ai-commerce,ai ecommerce,10,0,,,commercial
ai generated models for fashion ecommerce,ai-commerce,ai ecommerce,10,0,,,commercial
ai in b2b ecommerce,ai-commerce,ai ecommerce,10,43.06,LOW,,commercial
generative ai for ecommerce,ai-commerce,ai ecommerce,10,0,,26,commercial
how to use ai for ecommerce,ai-commerce,ai ecommerce,10,6.24,HIGH,,informational
ai ecommerce marketing,ai-commerce,ai ecommerce,10,10.33,HIGH,,commercial
ai generated images for ecommerce,ai-commerce,ai ecommerce,10,5.7,HIGH,,commercial
ecommerce ai model,ai-commerce,ai ecommerce,10,0,,,informational
impact of ai on ecommerce,ai-commerce,ai ecommerce,10,0,HIGH,,informational
ai use cases in ecommerce,ai-commerce,ai ecommerce,10,0,,,commercial
free ai ecommerce website builder,ai-commerce,ai ecommerce,10,0,,,commercial
best ai website builder for ecommerce,ai-commerce,ai ecommerce,10,0,HIGH,,commercial
ai based ecommerce website,ai-commerce,ai ecommerce,10,0,,,commercial
ai ecommerce trends,ai-commerce,ai ecommerce,10,0,LOW,,commercial
conversational ai in ecommerce,ai-commerce,ai ecommerce,10,0,,,commercial
ai in ecommerce search,ai-commerce,ai ecommerce,10,0,,,commercial
ecommerce ai assistant,ai-commerce,ai ecommerce,10,0,HIGH,,commercial
ecommerce website builder ai,ai-commerce,ai ecommerce,10,52.53,HIGH,,commercial
ai ecommerce course,ai-commerce,ai ecommerce,10,4.28,HIGH,,commercial
ai tools for ecommerce marketing,ai-commerce,ai ecommerce,10,0,,,commercial
ai ecommerce companies,ai-commerce,ai ecommerce,10,0,,,commercial
ai ecommerce chatbot,ai-commerce,ai ecommerce,10,0,HIGH,39,commercial
ai for ecommerce website,ai-commerce,ai ecommerce,10,0,MEDIUM,,commercial
ai personalization ecommerce,ai-commerce,ai ecommerce,10,0,,,commercial
ai chatbot ecommerce,ai-commerce,ai ecommerce,10,0,HIGH,39,commercial
ai website builder ecommerce,ai-commerce,ai ecommerce,10,55.94,HIGH,,commercial
ai for ecommerce photos,ai-commerce,ai ecommerce,10,0,,,commercial
best ai chatbot for ecommerce website,ai-commerce,ai ecommerce,10,0,,,commercial
ai ecommerce website builder free,ai-commerce,ai ecommerce,10,0,HIGH,,commercial
how ai is changing ecommerce,ai-commerce,ai ecommerce,10,0,,,informational
best ai tools for ecommerce,ai-commerce,ai ecommerce,10,2.95,HIGH,,commercial
ai solutions for ecommerce,ai-commerce,ai ecommerce,10,0,LOW,,commercial
ai trends in ecommerce,ai-commerce,ai ecommerce,10,0,LOW,,informational
ai search engine for ecommerce,ai-commerce,ai ecommerce,10,0,,,commercial
use of ai in ecommerce,ai-commerce,ai ecommerce,10,0,MEDIUM,,commercial
future of ai in ecommerce,ai-commerce,ai ecommerce,10,0,,,commercial
ecommerce agentic ai,ai-commerce,ai ecommerce,10,0,,,commercial
how ai can help ecommerce,ai-commerce,ai ecommerce,10,0,,,informational
best ai software for ecommerce,ai-commerce,ai ecommerce,10,0,,,commercial
ai in ecommerce statistics,ai-commerce,ai ecommerce,10,0,LOW,,informational
ai ecommerce model,ai-commerce,ai ecommerce,10,0,,,commercial
ecommerce conversational ai,ai-commerce,ai ecommerce,10,0,,,commercial
ai ecommerce search,ai-commerce,ai ecommerce,10,0,MEDIUM,,commercial
ai ecommerce store builder,ai-commerce,ai ecommerce,10,0,,,commercial
open ai ecommerce,ai-commerce,ai ecommerce,10,0,HIGH,,commercial
examples of ai in ecommerce,ai-commerce,ai ecommerce,10,0,HIGH,22,informational
ecommerce marketing ai,ai-commerce,ai ecommerce,10,0,,,commercial
ai photo editor for ecommerce,ai-commerce,ai ecommerce,10,18.13,MEDIUM,,commercial
ai build ecommerce website,ai-commerce,ai ecommerce,10,5.21,HIGH,,commercial
create ecommerce website using ai,ai-commerce,ai ecommerce,10,0,HIGH,,commercial
conversational ai for ecommerce,ai-commerce,ai ecommerce,10,36.17,MEDIUM,,commercial
how amazon uses ai to dominate ecommerce,ai-commerce,ai ecommerce,10,0,MEDIUM,,informational
ai ecommerce images,ai-commerce,ai ecommerce,10,0,,,commercial
ai powered ecommerce store,ai-commerce,ai ecommerce,10,0,,,commercial
ai product photography for ecommerce,ai-commerce,ai ecommerce,10,0,,,commercial
ai tools for ecommerce photography,ai-commerce,ai ecommerce,10,0,,,commercial
customer focused ecommerce site with ai bot,ai-commerce,ai ecommerce,10,0,,,commercial
ai chatbots in ecommerce,ai-commerce,ai ecommerce,10,0,,39,commercial
ecommerce and ai,ai-commerce,ai ecommerce,10,14.41,MEDIUM,34,commercial
ai and machine learning in ecommerce,ai-commerce,ai ecommerce,10,0,,,commercial
disadvantages of ai in ecommerce,ai-commerce,ai ecommerce,10,0,,,informational
ecommerce ai software,ai-commerce,ai ecommerce,10,0,LOW,,commercial
ecommerce ai solutions,ai-commerce,ai ecommerce,10,0,LOW,,commercial
ai photography for ecommerce,ai-commerce,ai ecommerce,10,0,,,commercial
minis ai ecommerce,ai-commerce,ai ecommerce,10,0,,,navigational
tay's ai ecommerce video expert,ai-commerce,ai ecommerce,10,0,,,commercial
ecommerce ai images,ai-commerce,ai ecommerce,10,4.78,HIGH,,commercial
create ecommerce website using ai free,ai-commerce,ai ecommerce,10,0,,,commercial
ai photo editing for ecommerce,ai-commerce,ai ecommerce,10,0,,,commercial
ai image generator for ecommerce,ai-commerce,ai ecommerce,10,6.99,HIGH,,commercial
ai ml in ecommerce,ai-commerce,ai ecommerce,10,0,,,informational
generative ai ecommerce,ai-commerce,ai ecommerce,10,0,,25,commercial
ai to build ecommerce website,ai-commerce,ai ecommerce,10,0,,,commercial
generative ai and ecommerce,ai-commerce,ai ecommerce,10,0,,,commercial
ecommerce product photography ai,ai-commerce,ai ecommerce,10,0,MEDIUM,,commercial
ecommerce ai chatbot,ai-commerce,ai ecommerce,10,63.22,MEDIUM,39,commercial
ecommerce website with ai,ai-commerce,ai ecommerce,10,0,,,commercial
build ecommerce website with ai,ai-commerce,ai ecommerce,10,35.7,HIGH,,commercial
ai ecommerce website,ai-commerce,ai ecommerce,10,0,HIGH,,commercial
ai for ecommerce course,ai-commerce,ai ecommerce,10,0,,,commercial
ecommerce ai seo,ai-commerce,ai ecommerce,10,0,HIGH,,commercial
best ai ecommerce tools,ai-commerce,ai ecommerce,10,0,,,commercial
ai impact on ecommerce,ai-commerce,ai ecommerce,10,0,HIGH,,informational
product images for ecommerce website ai,ai-commerce,ai ecommerce,10,0,,,informational
ecommerce ai chatbots,ai-commerce,ai ecommerce,10,63.22,MEDIUM,39,commercial
ai in ecommerce research paper,ai-commerce,ai ecommerce,10,0,HIGH,,commercial
ai ecommerce image generator,ai-commerce,ai ecommerce,10,9.42,HIGH,,commercial
10web ai ecommerce website builder,ai-commerce,ai ecommerce,10,0,,,navigational
ai ecommerce photography,ai-commerce,ai ecommerce,10,6.82,MEDIUM,,commercial
using ai for ecommerce,ai-commerce,ai ecommerce,10,3.7,HIGH,,commercial
how to use ai in ecommerce,ai-commerce,ai ecommerce,10,17.81,HIGH,,informational
ai search ecommerce,ai-commerce,ai ecommerce,10,22.8,MEDIUM,,commercial
vertex ai ecommerce,ai-commerce,ai ecommerce,10,0,,,commercial
ai for ecommerce brands,ai-commerce,ai ecommerce,10,0,,,commercial
ai tools for ecommerce business,ai-commerce,ai ecommerce,10,0,,,commercial
ecommerce ai use cases,ai-commerce,ai ecommerce,10,0,,,commercial
google ai ecommerce,ai-commerce,ai ecommerce,10,1.95,HIGH,,commercial
ai ecommerce builder,ai-commerce,ai ecommerce,10,0,HIGH,,commercial
best ai agents for ecommerce,ai-commerce,ai ecommerce,10,0,,,commercial
ai automation ecommerce,ai-commerce,ai ecommerce,10,0,,,commercial
ai ecommerce store,ai-commerce,ai ecommerce,10,7.23,HIGH,,commercial
ai in ecommerce: statistics,ai-commerce,ai ecommerce,10,0,LOW,,informational
ai chatbot for ecommerce website,ai-commerce,ai ecommerce,10,0,MEDIUM,,commercial
ai content creation for ecommerce,ai-commerce,ai ecommerce,10,0,,,commercial
ai ecommerce business,ai-commerce,ai ecommerce,10,0,HIGH,24,commercial
ecommerce website ai free,ai-commerce,ai ecommerce,10,0,,,commercial
ai ecommerce personalization,ai-commerce,ai ecommerce,10,0,LOW,,commercial
best ai ecommerce website builder,ai-commerce,ai ecommerce,10,12.13,HIGH,,commercial
ai assistant for ecommerce,ai-commerce,ai ecommerce,10,0,LOW,,commercial
chatbot ai ecommerce,ai-commerce,ai ecommerce,10,0,,39,commercial
ai ecommerce photo,ai-commerce,ai ecommerce,10,0,,,commercial
ai generated ecommerce website,ai-commerce,ai ecommerce,10,0,,,commercial
ai-powered ecommerce platform,ai-commerce,ai ecommerce,10,15.36,LOW,,commercial
best ai tool for ecommerce,ai-commerce,ai ecommerce,10,2.95,HIGH,,commercial
ai ecommerce product image,ai-commerce,ai ecommerce,10,0,,,commercial
ecommerce product description ai,ai-commerce,ai ecommerce,10,0,,,informational
agentic ai for ecommerce,ai-commerce,ai ecommerce,10,0,LOW,,commercial
ai for ecommerce business,ai-commerce,ai ecommerce,10,0,,,commercial
best ai for ecommerce,ai-commerce,ai ecommerce,10,72.98,LOW,,commercial
agentic ai in ecommerce,ai-commerce,ai ecommerce,10,0,,,commercial
free ai tools for ecommerce,ai-commerce,ai ecommerce,10,36.35,HIGH,,commercial
how is ai used in ecommerce,ai-commerce,ai ecommerce,10,0,,,informational
build an ecommerce website with ai,ai-commerce,ai ecommerce,10,0,HIGH,,commercial
agentic systems for commerce,agentic-commerce,agentic commerce,10,0,,,commercial
agentic commerce jobs,agentic-commerce,agentic commerce,10,0,LOW,,commercial
what does agentic commerce mean,agentic-commerce,agentic commerce,10,0.46,LOW,,informational
agentic commerce course,agentic-commerce,agentic commerce,10,10.04,HIGH,,commercial
agentic commerce stripe,agentic-commerce,agentic commerce,10,0,LOW,19,navigational
what is agentic e commerce,agentic-commerce,agentic commerce,10,0,LOW,,informational
agentic commerce protocol vs universal commerce protocol,agentic-commerce,agentic commerce,10,0,LOW,,commercial
agentic commerce paypal,agentic-commerce,agentic commerce,10,0,LOW,,navigational
visa agentic commerce announcement,agentic-commerce,agentic commerce,10,0,,,transactional
agentic commerce protocol chatgpt,agentic-commerce,agentic commerce,10,0,MEDIUM,,navigational
chat gpt agentic commerce,agentic-commerce,agentic commerce,10,0,LOW,,navigational
stripe agentic commerce protocol,agentic-commerce,agentic commerce,10,0,LOW,,informational
agentic commerce github,agentic-commerce,agentic commerce,10,0,LOW,,navigational
agentic commerce protocol google,agentic-commerce,agentic commerce,10,0,LOW,,navigational
agentic commerce suite,agentic-commerce,agentic commerce,10,0,MEDIUM,,commercial
universal commerce protocol vs agentic commerce protocol,agentic-commerce,agentic commerce,10,0,LOW,,commercial
google agentic commerce protocol,agentic-commerce,agentic commerce,10,0,LOW,,navigational
agentic commerce visa,agentic-commerce,agentic commerce,10,0,LOW,8,navigational
agentic commerce mckinsey,agentic-commerce,agentic commerce,10,0,MEDIUM,,commercial
agentic commerce salesforce,agentic-commerce,agentic commerce,10,0,LOW,,navigational
openai agentic commerce protocol,agentic-commerce,agentic commerce,10,0,LOW,,transactional
agentic commerce payments,agentic-commerce,agentic commerce,10,0,HIGH,,commercial
agentic commerce protocol shopify,agentic-commerce,agentic commerce,10,0,HIGH,,navigational
agentic commerce companies,agentic-commerce,agentic commerce,10,0,HIGH,,commercial
salesforce agentic commerce,agentic-commerce,agentic commerce,10,11.58,MEDIUM,,navigational
agentic commerce demo,agentic-commerce,agentic commerce,10,0,HIGH,,navigational
commercetools agentic commerce,agentic-commerce,agentic commerce,10,8.86,MEDIUM,,commercial
basis theory agentic commerce,agentic-commerce,agentic commerce,10,23.94,HIGH,,informational
acp agentic commerce protocol,agentic-commerce,agentic commerce,10,0,MEDIUM,,navigational
agentic commerce openai,agentic-commerce,agentic commerce,10,0,MEDIUM,,navigational
bcg agentic commerce,agentic-commerce,agentic commerce,10,0,LOW,,navigational
agentic commerce platform,agentic-commerce,agentic commerce,10,0,MEDIUM,,commercial
agentic commerce protocol openai,agentic-commerce,agentic commerce,10,0,LOW,,transactional
agentic commerce mastercard,agentic-commerce,agentic commerce,10,0,LOW,,commercial
agentic commerce protocol stripe,agentic-commerce,agentic commerce,10,0,LOW,,navigational
visa agentic commerce protocol,agentic-commerce,agentic commerce,10,0,LOW,,navigational
agentic commerce protocol github,agentic-commerce,agentic commerce,10,0,LOW,,navigational
agentic commerce protocol demo,agentic-commerce,agentic commerce,10,0,,,navigational
agentic commerce examples,agentic-commerce,agentic commerce,10,41.73,HIGH,,informational
shopify agentic commerce protocol,agentic-commerce,agentic commerce,10,0,LOW,,navigational
agentic ai stats,agentic-commerce,agentic ai,10,0,HIGH,,informational
agentic ai course online with certificate,agentic-commerce,agentic ai,10,0,,,commercial
the complete agentic ai engineering course 2025 free download,agentic-commerce,agentic ai,10,0,,,commercial
seo humanize ai,ai-seo,ai seo,10,11.03,HIGH,,informational
ai overview impact on seo,ai-seo,ai seo,10,0,LOW,,commercial
ai search seo changes,ai-seo,ai seo,10,0,,,informational
generative ai in seo,ai-seo,ai seo,10,0,,34,commercial
seo ai news,ai-seo,ai seo,10,0,,,informational
wordpress ai seo plugin,ai-seo,ai seo,10,10.19,HIGH,,commercial
enterprise seo ai trends 2025,ai-seo,ai seo,10,0,,,commercial
google ai and seo,ai-seo,ai seo,10,0,LOW,,commercial
ai seo plugin,ai-seo,ai seo,10,0,HIGH,,commercial
best seo writing ai,ai-seo,ai seo,10,0,,,commercial
ai seo academy,ai-seo,ai seo,10,0,LOW,,navigational
seo for ai name,ai-seo,ai seo,10,2.02,MEDIUM,,informational
claude ai seo skill,ai-seo,ai seo,10,0,HIGH,,transactional
ai seo for shopify,ai-seo,ai seo,10,20.29,HIGH,,commercial
ai for website seo,ai-seo,ai seo,10,0,,,commercial
seo in the world of ai,ai-seo,ai seo,10,0,,,informational
seo checker ai,ai-seo,ai seo,10,14.65,HIGH,,commercial
seo writing ai affiliate program,ai-seo,ai seo,10,0,,,commercial
ai for seo keyword research,ai-seo,ai seo,10,7.36,HIGH,,commercial
seo writing ai coupon code,ai-seo,ai seo,10,0,,,commercial
automate seo with ai,ai-seo,ai seo,10,0,HIGH,,transactional
is seo dead because of ai,ai-seo,ai seo,10,0,LOW,,informational
seo title generator ai,ai-seo,ai seo,10,0,,,commercial
seo keyword generator ai,ai-seo,ai seo,10,0,,,commercial
ai seo ranking,ai-seo,ai seo,10,0,MEDIUM,,commercial
how does ai affect seo,ai-seo,ai seo,10,0,HIGH,,informational
ai seo agency singapore,ai-seo,ai seo agency,10,0,,,commercial
ai seo agency model disruption,ai-seo,ai seo agency,10,0,,,commercial
generative engine optimization expert,ai-seo,generative engine optimization,10,0,,,commercial
generative engine optimization geo services,ai-seo,generative engine optimization,10,13.06,LOW,,commercial
how generative engine optimization geo rewrites the rules of search,ai-seo,generative engine optimization,10,0,,,informational
generative engine optimization guide,ai-seo,generative engine optimization,10,0,,,commercial
generative engine optimization tips,ai-seo,generative engine optimization,10,0,HIGH,,informational
geo: generative engine optimization paper,ai-seo,generative engine optimization,10,0,HIGH,,commercial
generative engine optimization free course,ai-seo,generative engine optimization,10,0,MEDIUM,,commercial
generative engine optimization how to dominate ai search,ai-seo,generative engine optimization,10,9.51,MEDIUM,,commercial
generative engine optimization software,ai-seo,generative engine optimization,10,0,LOW,,commercial
generative engine optimization startups,ai-seo,generative engine optimization,10,0,,,commercial
generative engine optimization what is it,ai-seo,generative engine optimization,10,0,,,informational
generative engine optimization marketing,ai-seo,generative engine optimization,10,0,LOW,,commercial
top generative engine optimization strategies for ai visibility,ai-seo,generative engine optimization,10,0,,,commercial
generative engine optimization wordpress plugin,ai-seo,generative engine optimization,10,10.82,MEDIUM,,commercial
top generative engine optimization companies in ai,ai-seo,generative engine optimization,10,0,LOW,,commercial
generative engine optimization wiki,ai-seo,generative engine optimization,10,0,,,commercial
geo generative engine optimization course,ai-seo,generative engine optimization,10,4.07,HIGH,,commercial
generative engine optimization paper,ai-seo,generative engine optimization,10,0,,,informational
generative engine optimization research paper,ai-seo,generative engine optimization,10,0,HIGH,,informational
generative engine optimization market size,ai-seo,generative engine optimization,10,0,,,commercial
geo generative engine optimization tools,ai-seo,generative engine optimization,10,10.88,MEDIUM,,commercial
generative engine optimization company,ai-seo,generative engine optimization,10,0,LOW,,commercial
generative engine optimization examples,ai-seo,generative engine optimization,10,0,LOW,,informational
generative engine optimization icon,ai-seo,generative engine optimization,10,0,LOW,,informational
generative engine optimization github,ai-seo,generative engine optimization,10,0,,,commercial
generative engine optimization or geo,ai-seo,generative engine optimization,10,0,,,informational
generative engine optimization arxiv,ai-seo,generative engine optimization,10,0,,,commercial
what is generative engine optimization geo,ai-seo,generative engine optimization,10,0,MEDIUM,,informational
recommended generative engine optimization software,ai-seo,generative engine optimization,10,0,,,commercial
generative engine optimization reddit,ai-seo,generative engine optimization,10,0,LOW,,informational
semrush generative engine optimization,ai-seo,generative engine optimization,10,0,,,commercial
best generative engine optimization for ai focused businesses,ai-seo,generative engine optimization,10,0,,,commercial
generative engine optimization how to,ai-seo,generative engine optimization,10,0,HIGH,,informational
reddit generative engine optimization,ai-seo,generative engine optimization,10,0,,,informational
generative engine optimization webinar,ai-seo,generative engine optimization,10,0,,,commercial
most effective ai visibility tools with generative engine optimization,ai-seo,generative engine optimization,10,0,,,commercial
generative engine optimization semrush,ai-seo,generative engine optimization,10,0,,,commercial
generative engine optimization vs aeo,ai-seo,generative engine optimization,10,0,HIGH,,commercial
which generative engine optimization is best for ai,ai-seo,generative engine optimization,10,0,,,commercial
top rated generative engine optimization for ai,ai-seo,generative engine optimization,10,0,,,commercial
generative engine optimization course free,ai-seo,generative engine optimization,10,1.6,HIGH,,commercial
generative engine optimization best practices,ai-seo,generative engine optimization,10,0,,,commercial
generative engine optimization wikipedia,ai-seo,generative engine optimization,10,0,LOW,,commercial
generative engine optimization statistics,ai-seo,generative engine optimization,10,0,,,commercial
generative engine optimization vs seo,ai-seo,generative engine optimization,10,0,LOW,,commercial
geo generative engine optimization pdf,ai-seo,generative engine optimization,10,0,,,commercial
generative engine optimization: how to dominate ai search,ai-seo,generative engine optimization,10,9.51,MEDIUM,,commercial
best tools for generative engine optimization,ai-seo,generative engine optimization,10,0,,,commercial
geo generative engine optimization paper,ai-seo,generative engine optimization,10,0,HIGH,,commercial
how does generative engine optimization work,ai-seo,generative engine optimization,10,0,MEDIUM,,informational
generative engine optimization jobs,ai-seo,generative engine optimization,10,0,LOW,,commercial
generative engine optimization certification,ai-seo,generative engine optimization,10,0,LOW,,commercial
generative engine optimization report,ai-seo,generative engine optimization,10,0,,,commercial
best rated generative engine optimization for ai,ai-seo,generative engine optimization,10,0,LOW,,commercial
generative engine optimization companies,ai-seo,generative engine optimization,10,0,LOW,,commercial
generative engine optimization pdf,ai-seo,generative engine optimization,10,0,,,informational
what's the best generative engine optimization strategy for ai,ai-seo,generative engine optimization,10,0,,,informational
answer engine optimization vs generative engine optimization,ai-seo,generative engine optimization,10,0,LOW,,commercial
how to implement generative engine optimization,ai-seo,generative engine optimization,10,0,,,informational
geo generative engine optimization arxiv,ai-seo,generative engine optimization,10,0,LOW,,commercial
leading generative engine optimization services for ai products,ai-seo,generative engine optimization,10,0,,,commercial
generative engine optimization geo course,ai-seo,generative engine optimization,10,16.85,HIGH,,commercial
leading generative engine optimization services in ai industry,ai-seo,generative engine optimization,10,0,LOW,,commercial
generative engine optimization checker,ai-seo,generative engine optimization,10,10.67,LOW,,commercial
how to measure generative engine optimization,ai-seo,generative engine optimization,10,18.21,HIGH,,informational
generative engine optimization case study,ai-seo,generative engine optimization,10,0,,,commercial
generative engine optimization and answer engine optimization,ai-seo,generative engine optimization,10,0,,,commercial
geo: generative engine optimization aggarwal,ai-seo,generative engine optimization,10,0,LOW,,commercial
how to do generative engine optimization,ai-seo,generative engine optimization,10,36.1,HIGH,,informational
generative engine optimization checklist,ai-seo,generative engine optimization,10,0,HIGH,,commercial
generative engine optimization audit,ai-seo,generative engine optimization,10,0,HIGH,,commercial
generative engine optimization images,ai-seo,generative engine optimization,10,0,,,commercial
generative engine optimization book,ai-seo,generative engine optimization,10,0,,,commercial
ai seo mastering generative engine optimization geo,ai-seo,generative engine optimization,10,0.74,HIGH,,commercial
answer engine optimization aeo services,ai-seo,answer engine optimization,10,0,LOW,,commercial
best answer engine optimization methods for ai visibility,ai-seo,answer engine optimization,10,0,,,commercial
answer engine optimization course,ai-seo,answer engine optimization,10,4.76,HIGH,,informational
answer engine optimization examples,ai-seo,answer engine optimization,10,4.26,MEDIUM,,informational
what's the best answer engine optimization tool,ai-seo,answer engine optimization,10,0,,,informational
most popular answer engine optimization for ai products,ai-seo,answer engine optimization,10,0,,,commercial
best answer engine optimization services for ai visibility,ai-seo,answer engine optimization,10,0,,,commercial
answer engine optimization course free,ai-seo,answer engine optimization,10,0,,,commercial
best rated answer engine optimization for ai applications,ai-seo,answer engine optimization,10,0,,,commercial
how to do answer engine optimization,ai-seo,answer engine optimization,10,0,HIGH,,informational
answer engine optimization agency,ai-seo,answer engine optimization,10,0,LOW,,navigational
top answer engine optimization options for ai visibility products,ai-seo,answer engine optimization,10,0,,,commercial
best techniques for answer engine optimization in ai,ai-seo,answer engine optimization,10,0,LOW,,commercial
answer engine optimization definition,ai-seo,answer engine optimization,10,0,,,informational
top rated answer engine optimization for ai products,ai-seo,answer engine optimization,10,0,,,commercial
answer engine optimization reddit,ai-seo,answer engine optimization,10,0,,,commercial
best answer engine optimization for enhancing ai visibility,ai-seo,answer engine optimization,10,0,,,commercial
answer engine optimization wikipedia,ai-seo,answer engine optimization,10,0,LOW,,informational
answer engine optimization zero click searches,ai-seo,answer engine optimization,10,0,,,commercial
ai answer engine optimization,ai-seo,answer engine optimization,10,0,,,commercial
best answer engine optimization solutions for ai tech,ai-seo,answer engine optimization,10,0,,,commercial
best answer engine optimization services,ai-seo,answer engine optimization,10,0,,,commercial
top answer engine optimization services for ai industry,ai-seo,answer engine optimization,10,0,,,commercial
profound answer engine optimization,ai-seo,answer engine optimization,10,3.4,MEDIUM,,commercial
best answer engine optimization for ai driven platforms,ai-seo,answer engine optimization,10,0,LOW,,commercial
best rated answer engine optimization tools,ai-seo,answer engine optimization,10,0,,,commercial
answer engine optimization certification,ai-seo,answer engine optimization,10,0,MEDIUM,,commercial
answer engine optimization services,ai-seo,answer engine optimization,10,0,LOW,,informational
international ecommerce seo,seo,ecommerce seo,10,0,LOW,,commercial
benefits of seo for ecommerce,seo,ecommerce seo,10,0,LOW,,informational
seo checklist for ecommerce sites,seo,ecommerce seo,10,0,LOW,,informational
seo audit for ecommerce site,seo,ecommerce seo,10,0,,43,commercial
seo tools ecommerce,seo,ecommerce seo,10,0,,,commercial
seo of ecommerce websites,seo,ecommerce seo,10,0,LOW,38,commercial
ecommerce seo south africa,seo,ecommerce seo,10,0,,,commercial
most seo friendly ecommerce platform,seo,ecommerce seo,10,0,LOW,,commercial
seo para ecommerce,seo,ecommerce seo,10,0,LOW,,commercial
seo ecommerce 2017,seo,ecommerce seo,10,0,LOW,,commercial
seo case study ecommerce,seo,ecommerce seo,10,0,LOW,22,commercial
ecommerce website seo checklist,seo,ecommerce seo,10,0,LOW,,informational
ecommerce url structure seo,seo,ecommerce seo,10,0,,,informational
shopify ecommerce seo,seo,ecommerce seo,10,7.11,LOW,,commercial
seo for ecommerce stores,seo,ecommerce seo,10,0,LOW,62,commercial
seo optimization ecommerce,seo,ecommerce seo,10,0,HIGH,23,commercial
ecommerce seo proposal,seo,ecommerce seo,10,0,,,commercial
ecommerce seo services usa,seo,ecommerce seo,10,0,,,commercial
ecommerce seo agentur,seo,ecommerce seo,10,0,,,commercial
seo activities for ecommerce website,seo,ecommerce seo,10,0,,47,informational
los angeles ca ecommerce seo,seo,ecommerce seo,10,0,LOW,,navigational
seo friendly ecommerce website,seo,ecommerce seo,10,0,LOW,71,commercial
best seo practices for ecommerce,seo,ecommerce seo,10,0,LOW,22,informational
best ecommerce seo specialist in uk,seo,ecommerce seo,10,0,MEDIUM,,commercial
ecommerce seo link building,seo,ecommerce seo,10,0,LOW,,commercial
ecommerce seo trends 2024,seo,ecommerce seo,10,0,,,informational
ecommerce seo freelancer,seo,ecommerce seo,10,0,LOW,,commercial
ecommerce seo checklist 2021,seo,ecommerce seo,10,0,LOW,,informational
ahrefs ecommerce seo,seo,ecommerce seo,10,0,LOW,72,commercial
seo proposal for ecommerce website,seo,ecommerce seo,10,0,,,informational
seo per ecommerce,seo,ecommerce seo,10,0,,,commercial
benefits of ecommerce seo,seo,ecommerce seo,10,0,LOW,43,informational
how to do ecommerce website seo,seo,ecommerce seo,10,0,,71,informational
ecommerce seo pdf,seo,ecommerce seo,10,0,,,commercial
ecommerce seo faq,seo,ecommerce seo,10,0,LOW,,informational
seo ecommerce case study,seo,ecommerce seo,10,0,,22,commercial
fashion ecommerce seo,seo,ecommerce seo,10,0,LOW,0,commercial
top ecommerce seo agencies,seo,ecommerce seo,10,0,HIGH,,commercial
seo checklist for ecommerce,seo,ecommerce seo,10,0,LOW,8,informational
ecommerce website seo packages,seo,ecommerce seo,10,0,LOW,45,commercial
best seo for ecommerce websites,seo,ecommerce seo,10,0,,,commercial
seo plan for ecommerce website,seo,ecommerce seo,10,0,,,commercial
ecommerce seo australia,seo,ecommerce seo,10,0,,,commercial
ecommerce category page seo best practices,seo,ecommerce seo,10,0,,,informational
wordpress ecommerce seo,seo,ecommerce seo,10,0,LOW,,commercial
best ecommerce platforms for seo,seo,ecommerce seo,10,5.96,HIGH,0,commercial
ecommerce seo consultants london,seo,ecommerce seo,10,0,LOW,,commercial
webfx ecommerce seo,seo,ecommerce seo,10,0,,,commercial
best ecommerce seo sites,seo,ecommerce seo,10,0,,48,commercial
ecommerce seo book,seo,ecommerce seo,10,0,,,commercial
ecommerce seo strategy template,seo,ecommerce seo,10,0,,,informational
ecommerce seo toronto,seo,ecommerce seo,10,0,,,commercial
seo for ecommerce category pages,seo,ecommerce seo,10,0,,40,informational
ecommerce seo singapore,seo,ecommerce seo,10,0,,,commercial
ecommerce seo plan,seo,ecommerce seo,10,0,,,commercial
ecommerce seo stats,seo,ecommerce seo,10,3.51,LOW,,commercial
how does ecommerce seo work,seo,ecommerce seo,10,0,LOW,,informational
seo for ecommerce store,seo,ecommerce seo,10,0,LOW,62,commercial
ecommerce seo 2020,seo,ecommerce seo,10,0,,,commercial
ecommerce seo sydney,seo,ecommerce seo,10,0,,,commercial
ecommerce seo 2025,seo,ecommerce seo,10,0,,,commercial
ecommerce seo 2021,seo,ecommerce seo,10,0,,,commercial
ecommerce seo mistakes,seo,ecommerce seo,10,0,LOW,,informational
faceted navigation ecommerce seo,seo,ecommerce seo,10,0,,,navigational
marketing seo ecommerce,seo,ecommerce seo,10,0,,74,commercial
ecommerce seo price,seo,ecommerce seo,10,0,LOW,44,commercial
best web design software for small business,web-design,small business web design,10,0,,,commercial
best web design companies for small business,web-design,small business web design,10,21.85,LOW,19,commercial
small business web design sydney,web-design,small business web design,10,0,,,commercial
custom web design for small business,web-design,small business web design,10,0,,,commercial
small business web design brisbane,web-design,small business web design,10,0,LOW,,commercial
small business web design vancouver,web-design,small business web design,10,0,,,commercial
web design software for small business,web-design,small business web design,10,0,,,commercial
small business branding and web design,web-design,small business web design,10,0,,,commercial
small business web design boston,web-design,small business web design,10,0,,,commercial
web design small business melbourne,web-design,small business web design,10,0,LOW,100,commercial
small business web design template,web-design,small business web design,10,0,HIGH,,informational
selling web design to small business,web-design,small business web design,10,0,,,transactional
web design packages for small business,web-design,small business web design,10,0,LOW,0,commercial
web design services for small business near me,web-design,small business web design,10,0,LOW,,commercial
how to start a small web design business,web-design,small business web design,10,0,,,informational
small business web design melbourne,web-design,small business web design,10,0,LOW,100,commercial
chicago small business web design,web-design,small business web design,10,0,,,commercial
small business web design ideas,web-design,small business web design,10,0,MEDIUM,,informational
logo and web design for small business,web-design,small business web design,10,0,,,commercial
small business web design australia,web-design,small business web design,10,0,,,commercial
small business web design seattle,web-design,small business web design,10,0,,,commercial
web design agency for small business,web-design,small business web design,10,0,,,commercial
web design and marketing for small business,web-design,small business web design,10,0,,,commercial
small business web design chicago,web-design,small business web design,10,0,,,commercial
small business web design manchester,web-design,small business web design,10,0,MEDIUM,,commercial
web design tips for small business,web-design,small business web design,10,0,LOW,,informational
web design agency small business,web-design,small business web design,10,0,,,commercial
small business web design and development,web-design,small business web design,10,0,,,commercial
small business web design perth,web-design,small business web design,10,0,LOW,,commercial
wordpress web design for small business,web-design,small business web design,10,0,,,commercial
small business web design near me,web-design,small business web design,10,0,LOW,13,commercial
small business web design nz,web-design,small business web design,10,0,,,commercial
web design melbourne small business,web-design,small business web design,10,0,LOW,27,commercial
small business looking for web design,web-design,small business web design,10,0,,,commercial
branding and web design for small business,web-design,small business web design,10,0,LOW,,commercial
small business web design birmingham al,web-design,small business web design,10,0,,,commercial
best web design and hosting for small business,web-design,small business web design,10,43.97,LOW,,commercial
starting a small web design business,web-design,small business web design,10,0,,,commercial
google ai agent development kit,ai-agent-dev,ai agent development,10,0,HIGH,,transactional
mobile app development ai agent,ai-agent-dev,ai agent development,10,0,,,commercial
ai agent development agency,ai-agent-dev,ai agent development,10,0,LOW,,navigational
best ai agent for web development,ai-agent-dev,ai agent development,10,0,,,commercial
google ai software agent development,ai-agent-dev,ai agent development,10,0,,,commercial
best ai agent for app development,ai-agent-dev,ai agent development,10,0,,,commercial
ai agent development guide,ai-agent-dev,ai agent development,10,37.13,MEDIUM,,informational
ai agent development solutions,ai-agent-dev,ai agent development,10,0,,,commercial
ai agent development roadmap,ai-agent-dev,ai agent development,10,0,LOW,,informational
ai agent for web development,ai-agent-dev,ai agent development,10,10.94,HIGH,,commercial
top ai agent development companies,ai-agent-dev,ai agent development,10,0,HIGH,,commercial
ai agent development python,ai-agent-dev,ai agent development,10,0,,,navigational
ai agent development platform,ai-agent-dev,ai agent development,10,0,LOW,,commercial
building agentic ai systems hands-on agent development,ai-agent-dev,ai agent development,10,0,HIGH,,commercial
no code ai agent development,ai-agent-dev,ai agent development,10,0,LOW,,commercial
ai agent for app development,ai-agent-dev,ai agent development,10,0,,,transactional
ai agent development lifecycle,ai-agent-dev,ai agent development,10,0,MEDIUM,,informational
ai agent development tutorial,ai-agent-dev,ai agent development,10,0,MEDIUM,,informational
ai agent capability development,ai-agent-dev,ai agent development,10,0,,,informational
custom ai agent development company,ai-agent-dev,ai agent development,10,0,LOW,,commercial
ai agent development framework,ai-agent-dev,ai agent development,10,0,HIGH,,informational
ai agent software development,ai-agent-dev,ai agent development,10,0,MEDIUM,,commercial
datastax ai agent development,ai-agent-dev,ai agent development,10,0,,,commercial
ai agent game development,ai-agent-dev,ai agent development,10,0,,,commercial
ai agent development team,ai-agent-dev,ai agent development,10,0,,,navigational
ai agent development proposal,ai-agent-dev,ai agent development,10,0,HIGH,,commercial
ai agent development process,ai-agent-dev,ai agent development,10,0,HIGH,,informational
business development ai agent,ai-agent-dev,ai agent development,10,0,,,commercial
ai agent development kit,ai-agent-dev,ai agent development,10,16.99,HIGH,,transactional
ai agent development jobs,ai-agent-dev,ai agent development,10,0,,,informational
ai agent for business development,ai-agent-dev,ai agent development,10,0,,,transactional
ai coding agent development,ai-agent-dev,ai agent development,10,0,,,commercial
ai agent development course free,ai-agent-dev,ai agent development,10,0.88,HIGH,,commercial
ai agent for game development,ai-agent-dev,ai agent development,10,10.01,HIGH,,commercial
ai agent development tools,ai-agent-dev,ai agent development,10,0,,,commercial
ai automation agency examples,ai-agent-dev,ai automation agency,10,22.34,HIGH,,informational
ai automation agency blueprint,ai-agent-dev,ai automation agency,10,0,,,navigational
ai automation agency tools,ai-agent-dev,ai automation agency,10,0,,,commercial
ai automation agency n8n,ai-agent-dev,ai automation agency,10,0,,,navigational
how to create ai automation agency,ai-agent-dev,ai automation agency,10,0,,,informational
how to create an ai automation agency,ai-agent-dev,ai automation agency,10,0,HIGH,,informational
ai automation agency websites,ai-agent-dev,ai automation agency,10,0,,,commercial
ai automation agency australia,ai-agent-dev,ai automation agency,10,0,,,commercial
ai automation agency how to start,ai-agent-dev,ai automation agency,10,12.43,HIGH,,informational
ai automation agency accelerator by liam ottley,ai-agent-dev,ai automation agency,10,0,,,commercial
ai automation agency the real world,ai-agent-dev,ai automation agency,10,0,,,navigational
start ai automation agency,ai-agent-dev,ai automation agency,10,0,HIGH,,commercial
how to build ai automation agency,ai-agent-dev,ai automation agency,10,0,MEDIUM,,informational
ai automation agency accelerator liam ottley,ai-agent-dev,ai automation agency,10,0,,,commercial
ai automation agency hub reviews,ai-agent-dev,ai automation agency,10,0,LOW,,commercial
ai automation agency dubai,ai-agent-dev,ai automation agency,10,0,LOW,,commercial
ai workflow automation agency,ai-agent-dev,ai automation agency,10,0,LOW,,commercial
ai automation agency template,ai-agent-dev,ai automation agency,10,0,,,navigational
ai automation agency in india,ai-agent-dev,ai automation agency,10,6.32,MEDIUM,,commercial
ai automation agency full course,ai-agent-dev,ai automation agency,10,0,,,navigational
how much do ai automation agency make,ai-agent-dev,ai automation agency,10,0,,,commercial
build ai automation agency,ai-agent-dev,ai automation agency,10,0,MEDIUM,,commercial
ai automation agency jobs,ai-agent-dev,ai automation agency,10,0,LOW,,navigational
optimind ai automation agency,ai-agent-dev,ai automation agency,10,0,,,commercial
liam ottley ai automation agency,ai-agent-dev,ai automation agency,10,0,HIGH,,navigational
real estate ai automation agency,ai-agent-dev,ai automation agency,10,0,,,commercial
ai automation agency 2024,ai-agent-dev,ai automation agency,10,0,,,informational
ai automation agency list,ai-agent-dev,ai automation agency,10,0,,,navigational
best niches for ai automation agency,ai-agent-dev,ai automation agency,10,5.32,HIGH,,commercial
ai automation agency reviews,ai-agent-dev,ai automation agency,10,0,,,commercial
ai automation agency usa,ai-agent-dev,ai automation agency,10,0,,,navigational
ai automation agency for small businesses,ai-agent-dev,ai automation agency,10,12.72,MEDIUM,,commercial
ai automation agency discord,ai-agent-dev,ai automation agency,10,0,,,navigational
ai automation agency south africa,ai-agent-dev,ai automation agency,10,0,,,navigational
ai automation agency meaning,ai-agent-dev,ai automation agency,10,0,LOW,,informational
ai automation agency tutorial,ai-agent-dev,ai automation agency,10,0,LOW,,navigational
ai automation agency explained,ai-agent-dev,ai automation agency,10,0,,,transactional
is ai automation agency legit,ai-agent-dev,ai automation agency,10,0,,,informational
ai automation agency website template,ai-agent-dev,ai automation agency,10,5.19,HIGH,,navigational
ai automation agency liam ottley,ai-agent-dev,ai automation agency,10,0,HIGH,,navigational
ai automation agency 2025,ai-agent-dev,ai automation agency,10,0,,,commercial
ai automation agency skool,ai-agent-dev,ai automation agency,10,0,,,navigational
aaa ai automation agency,ai-agent-dev,ai automation agency,10,0,,,navigational
ai automation agency for real estate,ai-agent-dev,ai automation agency,10,0,LOW,,commercial
automation ai agency,ai-agent-dev,ai automation agency,10,68.72,HIGH,,navigational
ai automation agency services,ai-agent-dev,ai automation agency,10,0,LOW,,navigational
ai automation agency india,ai-agent-dev,ai automation agency,10,0,HIGH,,navigational
ai automation agency business,ai-agent-dev,ai automation agency,10,0,,,commercial
ai automation agency names,ai-agent-dev,ai automation agency,10,0,,,commercial
ai automation marketing agency,ai-agent-dev,ai automation agency,10,0,HIGH,,commercial
ai automation agency niches,ai-agent-dev,ai automation agency,10,0,,,navigational
ai automation agency course,ai-agent-dev,ai automation agency,10,6.25,MEDIUM,,navigational
ai automation agency chatbot,ai-agent-dev,ai automation agency,10,0,,,commercial
ai automation agency pdf,ai-agent-dev,ai automation agency,10,0,,,navigational
ai automation agency nz,ai-agent-dev,ai automation agency,10,0,,,commercial
best ai automation agency,ai-agent-dev,ai automation agency,10,0,,,commercial
ai automation agency course free,ai-agent-dev,ai automation agency,10,4.81,HIGH,,informational
ai and automation agency,ai-agent-dev,ai automation agency,10,12.55,HIGH,,navigational
ai business automation agency,ai-agent-dev,ai automation agency,10,0,HIGH,,commercial
the real world ai automation agency,ai-agent-dev,ai automation agency,10,0,,,navigational
how to start an ai automation agency,ai-agent-dev,ai automation agency,10,5.34,HIGH,,informational
how to start ai automation agency,ai-agent-dev,ai automation agency,10,28.6,HIGH,,informational
is ai automation agency worth it,ai-agent-dev,ai automation agency,10,0,LOW,,informational
ai automation agency in usa,ai-agent-dev,ai automation agency,10,0,,,commercial
start an ai automation agency,ai-agent-dev,ai automation agency,10,12.77,HIGH,,transactional
white label ai automation agency,ai-agent-dev,ai automation agency,10,3.53,HIGH,,commercial
how to build an ai automation agency,ai-agent-dev,ai automation agency,10,0,HIGH,,informational
how to start an ai automation agency step by step,ai-agent-dev,ai automation agency,10,0,MEDIUM,,informational
ai automation agency business model,ai-agent-dev,ai automation agency,10,4.31,HIGH,,commercial
starting ai automation agency,ai-agent-dev,ai automation agency,10,0,HIGH,,commercial
is ai automation agency saturated,ai-agent-dev,ai automation agency,10,0,LOW,,informational
ai automation agency in pakistan,ai-agent-dev,ai automation agency,10,0,,,commercial
ai marketing automation agency,ai-agent-dev,ai automation agency,10,0,MEDIUM,,commercial
ai automation agency ideas,ai-agent-dev,ai automation agency,10,0,,,commercial
digital marketing agency ai automation support,ai-agent-dev,ai automation agency,10,0,,,commercial
starting an ai automation agency,ai-agent-dev,ai automation agency,10,12.77,HIGH,,commercial
ai automation agency pricing,ai-agent-dev,ai automation agency,10,8.29,MEDIUM,,commercial
ai automation agency hub skool,ai-agent-dev,ai automation agency,10,0,LOW,,navigational
ai automation agency model,ai-agent-dev,ai automation agency,10,7.03,HIGH,,commercial
ai automation agency hub,ai-agent-dev,ai automation agency,10,33,MEDIUM,,navigational
ai automation agency website,ai-agent-dev,ai automation agency,10,6.72,HIGH,,navigational
andrew tate ai automation agency,ai-agent-dev,ai automation agency,10,0,,,navigational
ai automation agency real estate,ai-agent-dev,ai automation agency,10,0,,,navigational
ai automation agency by andrew tate,ai-agent-dev,ai automation agency,10,0,,,informational
how to get clients for ai automation agency,ai-agent-dev,ai automation agency,10,0,HIGH,,commercial
ai and chatbot development course,ai-agent-dev,ai chatbot development,10,0,,,commercial
ai chatbot development course,ai-agent-dev,ai chatbot development,10,0,,,commercial
enterprise ai chatbot development service,ai-agent-dev,ai chatbot development,10,0,LOW,,commercial
ai powered chatbot development,ai-agent-dev,ai chatbot development,10,0,,,commercial
custom ai chatbot development,ai-agent-dev,ai chatbot development,10,0,MEDIUM,,commercial
best ai chatbot for web development,ai-agent-dev,ai chatbot development,10,0,,,commercial
ai chatbot development cost,ai-agent-dev,ai chatbot development,10,0,,,commercial
generative ai chatbot development,ai-agent-dev,ai chatbot development,10,0,,,commercial
ai chatbot development tools,ai-agent-dev,ai chatbot development,10,0,,,commercial
ai based chatbot development,ai-agent-dev,ai chatbot development,10,0,,,commercial
ai agents for business automation,ai-agent-dev,ai agents for business,10,0,MEDIUM,,commercial
ai voice agents for business,ai-agent-dev,ai agents for business,10,0,,,commercial
building ai agents for small business,ai-agent-dev,ai agents for business,10,0,LOW,,commercial
post graduate program in ai agents for business applications,ai-agent-dev,ai agents for business,10,10.66,HIGH,,commercial
ai agents for business intelligence,ai-agent-dev,ai agents for business,10,0,MEDIUM,,commercial
ai agents for business operations,ai-agent-dev,ai agents for business,10,0,HIGH,,commercial
ai agents for your business,ai-agent-dev,ai agents for business,10,0,HIGH,,commercial
ai agents for business development,ai-agent-dev,ai agents for business,10,0,,,commercial
