keyword,seed,search_volume,ai_search_volume,cpc,competition,difficulty,intent,superlative,is_question
services seo,seo services,74000,,48.59,LOW,62,commercial,,False
seo services seo,seo services,74000,,48.59,LOW,60,commercial,,False
seo services,seo services,74000,,48.59,LOW,34,commercial,,False
seo optimization services,seo services,74000,,48.59,LOW,46,commercial,,False
and seo services,seo services,74000,,48.59,LOW,34,commercial,,False
services of seo,seo services,74000,,48.59,LOW,62,commercial,,False
services for seo,seo services,74000,,48.59,LOW,62,commercial,,False
ai agency,ai agency,49500,,24.3,MEDIUM,24,navigational,,False
agency ai,ai agency,49500,,24.3,MEDIUM,24,navigational,,False
agency marketing digital,digital marketing agency,40500,,20.05,LOW,75,commercial,,False
digital marketing and advertising agency,digital marketing agency,40500,,20.05,LOW,68,commercial,,False
digital marketing marketing agency,digital marketing agency,40500,,20.05,LOW,75,commercial,,False
digital marketing digital marketing agency,digital marketing agency,40500,,20.05,LOW,75,commercial,,False
"allintitle: ""digital marketing agency",digital marketing agency,40500,,20.05,LOW,87,commercial,,False
digital-marketing agency,digital marketing agency,40500,,20.05,LOW,75,commercial,,False
agency for digital marketing,digital marketing agency,40500,,20.05,LOW,75,commercial,,False
digital marketing ads agency,digital marketing agency,40500,,20.05,LOW,83,commercial,,False
digital-marketing-agency,digital marketing agency,40500,,20.05,LOW,75,commercial,,False
marketing agency digital,digital marketing agency,40500,,20.05,LOW,75,commercial,,False
digital marketing advertising agency,digital marketing agency,40500,,20.05,LOW,83,commercial,,False
digital marketing ad agency,digital marketing agency,40500,,20.05,LOW,45,commercial,,False
digital marketing agency,digital marketing agency,40500,,20.05,LOW,75,commercial,,False
agency digital marketing,digital marketing agency,40500,,20.05,LOW,75,commercial,,False
digital agency marketing,digital marketing agency,40500,,20.05,LOW,75,commercial,,False
agency of digital marketing,digital marketing agency,40500,,20.05,LOW,75,commercial,,False
seo for agency,seo agency,27100,,44.12,LOW,23,commercial,,False
agency for seo,seo agency,27100,,44.12,LOW,19,commercial,,False
seo optimisation agency,seo agency,27100,,44.12,LOW,56,commercial,,False
seo agency,seo agency,27100,,44.12,LOW,19,commercial,,False
agency seo,seo agency,27100,,44.12,LOW,19,commercial,,False
seo optimization agency,seo agency,27100,,44.12,LOW,61,commercial,,False
surfer seo ai humanizer,ai seo,27100,,12.45,LOW,3,commercial,,False
seo agency near me,seo agency,22200,,49.45,LOW,11,commercial,,False
company for seo,seo company,22200,,72.17,LOW,30,commercial,,False
seo of company,seo company,22200,,72.17,LOW,30,commercial,,False
seo optimization company,seo company,22200,,72.17,LOW,56,commercial,,False
seo and company,seo company,22200,,72.17,LOW,67,commercial,,False
seo company,seo company,22200,,72.17,LOW,30,commercial,,False
seo in company,seo company,22200,,72.17,LOW,30,commercial,,False
seo company seo,seo company,22200,,72.17,LOW,30,commercial,,False
seo for company,seo company,22200,,72.17,LOW,61,commercial,,False
company seo,seo company,22200,,72.17,LOW,30,commercial,,False
seo of a company,seo company,22200,,72.17,LOW,30,commercial,,False
seo services near me,seo services,22200,,49.45,LOW,1,commercial,,False
near me digital marketing agency,digital marketing agency,18100,,14.59,LOW,30,commercial,,False
digital marketing agency near me,digital marketing agency,18100,,14.59,LOW,21,commercial,,False
seo company near me,seo company,14800,,81.17,LOW,22,commercial,,False
web design company,web design company,14800,,49.15,LOW,88,commercial,,False
web design for company,web design company,14800,,49.15,LOW,88,commercial,,False
web design company website,web design company,14800,,49.15,LOW,61,navigational,,False
web design company websites,web design company,14800,,49.15,LOW,38,commercial,,False
web design website company,web design company,14800,,49.15,LOW,38,commercial,,False
company web design,web design company,14800,,49.15,LOW,88,commercial,,False
company design web,web design company,14800,,49.15,LOW,100,navigational,,False
design web company,web design company,14800,,49.15,LOW,88,commercial,,False
web design design company,web design company,14800,,49.15,LOW,88,commercial,,False
web design company sites,web design company,14800,,49.15,LOW,71,commercial,,False
company web page design,web design company,14800,,49.15,LOW,20,navigational,,False
company for web design,web design company,14800,,49.15,LOW,88,commercial,,False
web-design company,web design company,14800,,49.15,LOW,88,commercial,,False
web-design-company,web design company,14800,,49.15,LOW,88,commercial,,False
design company web,web design company,14800,,49.15,LOW,88,commercial,,False
shopify development partners,shopify development,14800,,27.47,LOW,16,navigational,,False
shopify development partner,shopify development,14800,,27.47,LOW,36,commercial,,False
what is an ai agency,ai agency,14800,103,11.32,MEDIUM,0,informational,,True
seo agency interamplify,seo agency,12100,,0,LOW,0,commercial,,False
web design agency,web design agency,12100,,26.9,LOW,41,commercial,,False
agency web design,web design agency,12100,,26.9,LOW,21,commercial,,False
agency for web design,web design agency,12100,,26.9,LOW,21,commercial,,False
local seo services,seo services,8100,,38.45,LOW,34,commercial,,False
ai for seo,ai seo,8100,,45.04,MEDIUM,25,commercial,,False
ai and seo,ai seo,8100,,45.04,MEDIUM,47,commercial,,False
ai seo,ai seo,8100,,45.04,MEDIUM,52,informational,,False
seo ai,ai seo,8100,,45.04,MEDIUM,55,informational,,False
ai in seo,ai seo,8100,,45.04,MEDIUM,52,informational,,False
best seo agency,seo agency,6600,272,70.34,LOW,36,commercial,best,False
seo agency best,seo agency,6600,272,70.34,LOW,21,commercial,best,False
best company for seo,seo company,6600,724,70.34,LOW,17,commercial,best,False
best seo company,seo company,6600,724,70.34,LOW,24,commercial,best,False
seo company best,seo company,6600,724,70.34,LOW,17,commercial,best,False
good seo company,seo company,6600,8,70.34,LOW,25,commercial,good,False
best seo optimization company,seo company,6600,0,70.34,LOW,40,commercial,best,False
seo best company,seo company,6600,724,70.34,LOW,22,commercial,best,False
web design company near me,web design company,6600,,28.65,LOW,94,commercial,,False
seo company for small business,seo company,5400,,107.67,LOW,8,commercial,,False
seo company for small businesses,seo company,5400,,107.67,LOW,15,commercial,,False
seo services small business,seo services,5400,,107.67,LOW,31,commercial,,False
seo services small businesses,seo services,5400,,107.67,LOW,31,commercial,,False
small business seo services,seo services,5400,,107.67,LOW,31,commercial,,False
seo services for small business,seo services,5400,,107.67,LOW,19,commercial,,False
seo marketing services,seo services,5400,,17.83,LOW,28,commercial,,False
seo services for small businesses,seo services,5400,,107.67,LOW,31,commercial,,False
seo marketing agency,seo agency,4400,,78.99,LOW,32,commercial,,False
seo agency austin,seo agency,4400,,28.12,LOW,12,commercial,,False
seo agency in austin,seo agency,4400,,28.12,LOW,14,commercial,,False
austin seo agency,seo agency,4400,,28.12,LOW,4,commercial,,False
marketing seo agency,seo agency,4400,,78.99,LOW,55,commercial,,False
marketing seo company,seo company,4400,,78.99,LOW,78,commercial,,False
seo marketing company,seo company,4400,,78.99,LOW,79,commercial,,False
seo and marketing company,seo company,4400,,78.99,LOW,81,commercial,,False
seo company austin texas,seo company,4400,,28.12,LOW,17,commercial,,False
seo company in austin,seo company,4400,,28.12,LOW,17,commercial,,False
marketing company seo,seo company,4400,,78.99,LOW,78,commercial,,False
seo company austin tx,seo company,4400,,28.12,LOW,17,commercial,,False
austin seo company,seo company,4400,,28.12,LOW,14,commercial,,False
company marketing seo,seo company,4400,,78.99,LOW,78,commercial,,False
seo company austin,seo company,4400,,28.12,LOW,18,commercial,,False
seo company marketing,seo company,4400,,78.99,LOW,81,commercial,,False
search engine optimization seo services,seo services,4400,,74.72,LOW,56,commercial,,False
seo services search engine optimization,seo services,4400,,74.72,LOW,53,commercial,,False
seo optimisation services,seo services,4400,,74.72,LOW,39,commercial,,False
seo search engine optimization services,seo services,4400,,74.72,LOW,39,commercial,,False
search engine optimization services seo,seo services,4400,,74.72,LOW,42,commercial,,False
generative engine optimization,generative engine optimization,4400,,28.56,MEDIUM,54,informational,,False
development website company,website development company,4400,,43.32,LOW,58,commercial,,False
website development company,website development company,4400,,43.32,LOW,70,commercial,,False
company website development,website development company,4400,,43.32,LOW,45,commercial,,False
ai automation agency,ai agency,4400,,17.8,LOW,19,navigational,,False
digital marketing agency best,digital marketing agency,4400,234,26.12,LOW,15,commercial,best,False
top digital marketing agency,digital marketing agency,4400,23,26.12,LOW,11,commercial,top,False
digital marketing agency top,digital marketing agency,4400,23,26.12,LOW,11,commercial,top,False
best digital marketing agency,digital marketing agency,4400,234,26.12,LOW,15,commercial,best,False
biggest digital marketing agency,digital marketing agency,4400,8,26.12,LOW,42,commercial,biggest,False
big digital marketing agency,digital marketing agency,4400,,26.12,LOW,42,commercial,,False
local seo agency,seo agency,3600,,36.37,LOW,11,commercial,,False
seo local agency,seo agency,3600,,36.37,LOW,11,commercial,,False
seo company in colorado springs,seo company,3600,,0,LOW,19,commercial,,False
seo company colorado springs,seo company,3600,,0,LOW,17,commercial,,False
colorado springs seo company,seo company,3600,,0,LOW,24,commercial,,False
seo consultants services,seo services,3600,,55.75,LOW,26,commercial,,False
consulting seo services,seo services,3600,,55.75,LOW,26,commercial,,False
seo services consultants,seo services,3600,,55.75,LOW,18,commercial,,False
seo services consultant,seo services,3600,,55.75,LOW,19,commercial,,False
seo consulting services,seo services,3600,,55.75,LOW,26,commercial,,False
seo consultant services,seo services,3600,,55.75,LOW,39,commercial,,False
consultant seo services,seo services,3600,,55.75,LOW,26,commercial,,False
seo consultancy services,seo services,3600,,55.75,LOW,26,commercial,,False
local seo company,seo company,2900,,64.47,LOW,16,commercial,,False
seo local company,seo company,2900,,64.47,LOW,16,commercial,,False
local seo services near me,seo services,2900,,62.38,LOW,47,commercial,,False
local-seo-services-near-me,seo services,2900,,62.38,LOW,21,commercial,,False
web design company in dallas,web design company,2900,,24.09,LOW,47,commercial,,False
web design company in houston texas,web design company,2900,,25.59,LOW,43,commercial,,False
web design company dallas,web design company,2900,,24.09,LOW,24,commercial,,False
how to build an ai agency,ai agency,2900,0,18.09,MEDIUM,39,informational,,True
seo agency in denver,seo agency,2400,,39.73,LOW,51,commercial,,False
seo agency san diego,seo agency,2400,,24.01,LOW,39,commercial,,False
los angeles seo agency,seo agency,2400,,15.98,LOW,62,commercial,,False
seo agency in san diego,seo agency,2400,,24.01,LOW,32,commercial,,False
seo agency usa,seo agency,2400,,23.54,LOW,7,commercial,,False
usa seo agency,seo agency,2400,,23.54,LOW,9,commercial,,False
seo agency in usa,seo agency,2400,,23.54,LOW,9,commercial,,False
san diego seo agency,seo agency,2400,,24.01,LOW,26,commercial,,False
seo agency us,seo agency,2400,,23.54,LOW,35,commercial,,False
seo agency los angeles,seo agency,2400,,15.98,LOW,35,commercial,,False
seo agency in united states,seo agency,2400,,23.54,LOW,14,commercial,,False
us seo agency,seo agency,2400,,23.54,LOW,29,commercial,,False
seo agency in los angeles,seo agency,2400,,15.98,LOW,35,commercial,,False
seo agency in us,seo agency,2400,,23.54,LOW,7,commercial,,False
denver seo agency,seo agency,2400,,39.73,LOW,27,commercial,,False
seo company about us,seo company,2400,,23.54,LOW,21,commercial,,False
seo company in san diego,seo company,2400,,24.01,LOW,34,commercial,,False
la seo company,seo company,2400,,15.98,LOW,40,commercial,,False
seo company america,seo company,2400,,23.54,LOW,17,commercial,,False
seo company in usa,seo company,2400,,23.54,LOW,27,commercial,,False
seo company denver,seo company,2400,,39.73,LOW,17,commercial,,False
seo company denver co,seo company,2400,,39.73,LOW,24,commercial,,False
los angeles seo company,seo company,2400,,15.98,LOW,36,commercial,,False
seo company in los angeles,seo company,2400,,15.98,LOW,36,commercial,,False
seo company los angeles ca,seo company,2400,,15.98,LOW,18,commercial,,False
san diego seo company,seo company,2400,,24.01,LOW,50,commercial,,False
seo company in united states,seo company,2400,,23.54,LOW,36,commercial,,False
seo company in us,seo company,2400,,23.54,LOW,30,commercial,,False
seo usa company,seo company,2400,,23.54,LOW,30,commercial,,False
american seo company,seo company,2400,,23.54,LOW,27,commercial,,False
usa seo company,seo company,2400,,23.54,LOW,40,commercial,,False
seo company in la ca,seo company,2400,,15.98,LOW,28,commercial,,False
seo company san diego ca,seo company,2400,,24.01,LOW,41,commercial,,False
seo company in the usa,seo company,2400,,23.54,LOW,52,commercial,,False
seo company in los angeles ca,seo company,2400,,15.98,LOW,36,commercial,,False
seo company united states,seo company,2400,,23.54,LOW,36,commercial,,False
seo company in america,seo company,2400,,23.54,LOW,22,commercial,,False
seo company san diego,seo company,2400,,24.01,LOW,33,commercial,,False
us seo company,seo company,2400,,23.54,LOW,29,commercial,,False
seo company in denver,seo company,2400,,39.73,LOW,17,commercial,,False
seo company los angeles,seo company,2400,,15.98,LOW,36,commercial,,False
seo company usa,seo company,2400,,23.54,LOW,30,commercial,,False
denver seo company,seo company,2400,,39.73,LOW,31,commercial,,False
seo auditing services,seo services,2400,,145.04,LOW,11,commercial,,False
seo services united states,seo services,2400,,23.54,LOW,29,commercial,,False
seo audit services,seo services,2400,,145.04,LOW,16,commercial,,False
seo services business,seo services,2400,,10.83,LOW,4,commercial,,False
seo services in denver,seo services,2400,,39.73,LOW,46,commercial,,False
seo services for businesses,seo services,2400,,10.83,LOW,19,commercial,,False
seo services in san diego,seo services,2400,,24.01,LOW,24,commercial,,False
seo services for business,seo services,2400,,10.83,LOW,21,commercial,,False
ai seo tool,ai seo,2400,,56.43,LOW,10,commercial,,False
ai seo tools,ai seo,2400,,56.43,LOW,10,commercial,,False
answer engine optimization,answer engine optimization,2400,,30.77,MEDIUM,36,informational,,False
web design agency near me,web design agency,2400,,29.84,LOW,88,commercial,,False
ecommerce agency,ecommerce agency,2400,,106.43,LOW,0,commercial,,False
agency ecommerce,ecommerce agency,2400,,106.43,LOW,0,commercial,,False
development shopify,shopify development,2400,,30.76,MEDIUM,59,commercial,,False
ai voice agency,ai agency,2400,,48.51,LOW,,commercial,,False
what is ai agency,ai agency,2400,103,13.08,MEDIUM,35,informational,,True
building ai agency,ai agency,2400,,25.98,MEDIUM,50,commercial,,False
digital marketing agency tampa,digital marketing agency,2400,,8.36,LOW,39,commercial,,False
digital marketing agency tampa fl,digital marketing agency,2400,,8.36,LOW,41,commercial,,False
digital marketing agency in tampa,digital marketing agency,2400,,8.36,LOW,40,commercial,,False
tampa digital marketing agency,digital marketing agency,2400,,8.36,LOW,41,commercial,,False
digital marketing agency tampa florida,digital marketing agency,2400,,8.36,LOW,41,commercial,,False
seo agency new york,seo agency,1900,,23.32,LOW,22,commercial,,False
local seo agency near me,seo agency,1900,,13.61,LOW,36,commercial,,False
seo agency in new york,seo agency,1900,,23.32,LOW,21,commercial,,False
new york seo agency,seo agency,1900,,23.32,LOW,41,commercial,,False
nyc seo agency,seo agency,1900,,23.32,LOW,22,commercial,,False
ny seo agency,seo agency,1900,,23.32,LOW,21,commercial,,False
seo agency nyc,seo agency,1900,,23.32,LOW,21,commercial,,False
seo agency new york city,seo agency,1900,,23.32,LOW,21,commercial,,False
seo agency in nyc,seo agency,1900,,23.32,LOW,31,commercial,,False
new york city seo agency,seo agency,1900,,23.32,LOW,21,commercial,,False
seo services company,seo company,1900,,54.27,LOW,45,commercial,,False
seo company service,seo company,1900,,54.27,LOW,45,commercial,,False
local seo company near me,seo company,1900,,60.23,LOW,34,commercial,,False
services seo company,seo company,1900,,54.27,LOW,31,commercial,,False
seo service company,seo company,1900,,54.27,LOW,46,commercial,,False
service seo company,seo company,1900,,54.27,LOW,45,commercial,,False
seo company services,seo company,1900,,54.27,LOW,81,commercial,,False
company seo services,seo company,1900,,54.27,LOW,39,commercial,,False
seo companies services,seo services,1900,,54.27,LOW,23,commercial,,False
local seo marketing services,seo services,1900,,5.74,LOW,36,commercial,,False
on-page seo services,seo services,1900,,10.92,LOW,17,commercial,,False
on page seo services,seo services,1900,,10.92,LOW,1,commercial,,False
technical seo services,seo services,1900,,9.87,LOW,8,commercial,,False
local seo optimization services,seo services,1900,,5.74,LOW,11,commercial,,False
seo services companies,seo services,1900,,54.27,LOW,45,commercial,,False
new york web design company,web design company,1900,,28.12,LOW,77,commercial,,False
web design and development company,web design company,1900,,25.07,LOW,95,commercial,,False
web design company new york,web design company,1900,,28.12,LOW,35,commercial,,False
web development design company,web design company,1900,,25.07,LOW,70,commercial,,False
web development and design company,web design company,1900,,25.07,LOW,68,commercial,,False
web design company in phoenix,web design company,1900,,22.9,LOW,35,commercial,,False
web design company ny,web design company,1900,,28.12,LOW,44,commercial,,False
web design company chicago,web design company,1900,,31.89,LOW,90,commercial,,False
web design web development company,web design company,1900,,25.07,LOW,45,commercial,,False
web design and web development company,web design company,1900,,25.07,LOW,59,commercial,,False
design web development company,web design company,1900,,25.07,LOW,70,commercial,,False
web design company phoenix,web design company,1900,,22.9,LOW,31,navigational,,False
web design company in ny,web design company,1900,,28.12,LOW,45,commercial,,False
web design development company,web design company,1900,,25.07,LOW,69,commercial,,False
web design & development company,web design company,1900,,25.07,LOW,52,commercial,,False
web design and development agency,web design agency,1900,,25.07,LOW,45,commercial,,False
website designing and development company,website development company,1900,,25.07,LOW,68,commercial,,False
website design & development company,website development company,1900,,25.07,LOW,90,commercial,,False
website design and development company,website development company,1900,,25.07,LOW,58,commercial,,False
website development and design company,website development company,1900,,25.07,LOW,95,commercial,,False
website development and designing company,website development company,1900,,25.07,LOW,46,commercial,,False
website designing & development company,website development company,1900,,25.07,LOW,71,commercial,,False
website design development company,website development company,1900,,25.07,LOW,77,commercial,,False
shopify development,shopify development,1900,,26.78,LOW,27,informational,,False
how to create an ai agency,ai agency,1900,0,16.05,HIGH,0,informational,,True
ai marketing agency,ai agency,1900,,29.36,MEDIUM,15,commercial,,False
best ai agency,ai agency,1900,18,24.78,MEDIUM,11,commercial,best,False
seo agency for healthcare,seo agency,1600,,122.42,LOW,0,commercial,,False
seo agency healthcare,seo agency,1600,,122.42,LOW,2,commercial,,False
healthcare seo agency,seo agency,1600,,122.42,LOW,3,commercial,,False
seo company in houston,seo company,1600,,31.35,LOW,34,commercial,,False
seo company houston tx,seo company,1600,,31.35,LOW,33,commercial,,False
seo company houston texas,seo company,1600,,31.35,LOW,57,commercial,,False
houston seo company,seo company,1600,,31.35,LOW,17,commercial,,False
seo houston company,seo company,1600,,31.35,LOW,34,commercial,,False
seo company houston,seo company,1600,,31.35,LOW,35,commercial,,False
ecommerce seo services,seo services,1600,,36.33,LOW,9,commercial,,False
seo services ecommerce,seo services,1600,,36.33,LOW,41,commercial,,False
e-commerce seo services,seo services,1600,,36.33,LOW,41,commercial,,False
e commerce seo services,seo services,1600,,36.33,LOW,9,commercial,,False
pro seo services,seo services,1600,,132.94,LOW,47,commercial,,False
seo services for ecommerce,seo services,1600,,36.33,LOW,34,commercial,,False
seo ecommerce services,seo services,1600,,36.33,LOW,40,commercial,,False
professional seo services,seo services,1600,,132.94,LOW,29,commercial,,False
webfx seo services,seo services,1600,,19.1,LOW,15,commercial,,False
surfer seo ai content detector,ai seo,1600,,9.46,MEDIUM,7,commercial,,False
generative engine optimization geo,generative engine optimization,1600,,29.66,LOW,57,informational,,False
web design company wordpress,web design company,1600,,66.33,LOW,45,commercial,,False
web design company in tampa,web design company,1600,,36.65,LOW,10,commercial,,False
wordpress web design company,web design company,1600,,66.33,LOW,37,commercial,,False
web design company tampa,web design company,1600,,36.65,LOW,13,commercial,,False
web design company san diego,web design company,1600,,12.74,LOW,30,commercial,,False
web design company in san diego,web design company,1600,,12.74,LOW,60,commercial,,False
long island web design company,web design company,1600,,11.47,LOW,64,commercial,,False
web design company in austin,web design company,1600,,25.59,LOW,85,commercial,,False
wordpress web design agency,web design agency,1600,,66.33,LOW,27,commercial,,False
shopify agency,shopify agency,1600,,31.66,LOW,58,navigational,,False
how to build ai agency,ai agency,1600,0,15.48,MEDIUM,38,informational,,True
small business digital marketing agency,digital marketing agency,1600,,39.64,LOW,28,commercial,,False
digital marketing agency for small business,digital marketing agency,1600,,39.64,LOW,31,commercial,,False
digital marketing agency small businesses,digital marketing agency,1600,,39.64,LOW,10,commercial,,False
digital marketing agency for small businesses,digital marketing agency,1600,,39.64,LOW,16,commercial,,False
digital marketing agency small business,digital marketing agency,1600,,39.64,LOW,31,commercial,,False
long island seo agency,seo agency,1300,,52.49,LOW,73,commercial,,False
seo agency in india,seo agency,1300,,23.39,LOW,66,commercial,,False
agency seo software,seo agency,1300,,6.33,LOW,64,commercial,,False
seo agency software,seo agency,1300,,6.33,LOW,13,commercial,,False
indian seo agency,seo agency,1300,,23.39,LOW,51,commercial,,False
india seo agency,seo agency,1300,,23.39,LOW,66,commercial,,False
webfx seo agency,seo agency,1300,,0,LOW,34,commercial,,False
shopify seo agency,seo agency,1300,,34.66,LOW,0,commercial,,False
seo agency phoenix,seo agency,1300,,14.88,LOW,24,navigational,,False
seo and web design agency,seo agency,1300,,19.93,LOW,95,commercial,,False
seo agency india,seo agency,1300,,23.39,LOW,69,commercial,,False
new york city seo company,seo company,1300,,13.53,LOW,22,commercial,,False
seo company phoenix,seo company,1300,,14.88,LOW,43,commercial,,False
ny seo company,seo company,1300,,13.53,LOW,21,commercial,,False
seo company in dallas,seo company,1300,,77.73,LOW,34,commercial,,False
seo company in ny,seo company,1300,,13.53,LOW,23,commercial,,False
india seo company,seo company,1300,,23.39,LOW,63,commercial,,False
web design seo company,seo company,1300,,19.93,LOW,38,commercial,,False
web design & seo company,seo company,1300,,19.93,LOW,38,commercial,,False
long island seo company,seo company,1300,,52.49,LOW,36,commercial,,False
seo company in new york city,seo company,1300,,13.53,LOW,21,commercial,,False
seo and website design company,seo company,1300,,19.93,LOW,95,commercial,,False
seo dallas company,seo company,1300,,77.73,LOW,29,commercial,,False
seo website design company,seo company,1300,,19.93,LOW,79,commercial,,False
seo optimization company india,seo company,1300,,23.39,LOW,32,commercial,,False
seo company atlanta ga,seo company,1300,,28.87,LOW,35,commercial,,False
dallas texas seo company,seo company,1300,,77.73,LOW,23,commercial,,False
indian seo company,seo company,1300,,23.39,LOW,66,commercial,,False
seo company from india,seo company,1300,,23.39,LOW,63,commercial,,False
seo company in phoenix az,seo company,1300,,14.88,LOW,26,commercial,,False
seo company india,seo company,1300,,23.39,LOW,52,commercial,,False
atlanta seo company,seo company,1300,,28.87,LOW,34,commercial,,False
web design and seo company,seo company,1300,,19.93,LOW,81,commercial,,False
seo company dallas texas,seo company,1300,,77.73,LOW,17,commercial,,False
website design and seo company,seo company,1300,,19.93,LOW,71,commercial,,False
seo company long island ny,seo company,1300,,52.49,LOW,35,commercial,,False
seo atlanta company,seo company,1300,,28.87,LOW,21,commercial,,False
seo company in atlanta,seo company,1300,,28.87,LOW,31,commercial,,False
seo company in nyc,seo company,1300,,13.53,LOW,25,commercial,,False
seo company atlanta,seo company,1300,,28.87,LOW,23,commercial,,False
seo company dallas tx,seo company,1300,,77.73,LOW,39,commercial,,False
seo company new york,seo company,1300,,13.53,LOW,21,commercial,,False
seo company long island,seo company,1300,,52.49,LOW,26,commercial,,False
phoenix seo company,seo company,1300,,14.88,LOW,12,commercial,,False
seo company manhattan,seo company,1300,,13.53,LOW,,navigational,,False
seo company phoenix az,seo company,1300,,14.88,LOW,41,commercial,,False
phoenix az seo company,seo company,1300,,14.88,LOW,13,commercial,,False
seo company in india,seo company,1300,,23.39,LOW,64,commercial,,False
seo web design company,seo company,1300,,19.93,LOW,38,commercial,,False
seo company dallas,seo company,1300,,77.73,LOW,36,commercial,,False
nyc seo company,seo company,1300,,13.53,LOW,24,commercial,,False
seo company in phoenix,seo company,1300,,14.88,LOW,28,commercial,,False
seo and web design company,seo company,1300,,19.93,LOW,98,commercial,,False
seo company in phoenix arizona,seo company,1300,,14.88,LOW,12,commercial,,False
lawyer seo services,seo services,1300,,172.29,LOW,9,commercial,,False
home services seo,seo services,1300,,38.23,LOW,0,commercial,,False
dental seo services,seo services,1300,,43.17,LOW,8,commercial,,False
get seo services,seo services,1300,,0,LOW,39,commercial,,False
seo and web design services,seo services,1300,,39.86,LOW,63,commercial,,False
law seo services,seo services,1300,,172.29,LOW,37,commercial,,False
dentist seo services,seo services,1300,,43.17,LOW,6,commercial,,False
seo web design services,seo services,1300,,39.86,LOW,41,commercial,,False
web design and seo services,seo services,1300,,39.86,LOW,36,commercial,,False
seo services in new york,seo services,1300,,13.53,LOW,21,commercial,,False
legal seo services,seo services,1300,,172.29,LOW,21,commercial,,False
seo services for shopify,seo services,1300,,34.66,LOW,24,commercial,,False
seo services for lawyers,seo services,1300,,172.29,LOW,27,commercial,,False
website design and seo services,seo services,1300,,39.86,LOW,97,commercial,,False
lawyers seo services,seo services,1300,,172.29,LOW,38,commercial,,False
website design seo services,seo services,1300,,39.86,LOW,78,commercial,,False
shopify seo services,seo services,1300,,34.66,LOW,9,commercial,,False
attorney seo services,seo services,1300,,172.29,LOW,31,commercial,,False
web design seo services,seo services,1300,,39.86,LOW,57,commercial,,False
web design company st louis,web design company,1300,,26.95,LOW,72,commercial,,False
web design company in miami fl,web design company,1300,,22.11,LOW,30,navigational,,False
web design company in orange county,web design company,1300,,31.02,MEDIUM,34,commercial,,False
new orleans web design company,web design company,1300,,18.3,LOW,49,commercial,,False
web design company new orleans,web design company,1300,,18.3,LOW,67,commercial,,False
orange county web design company,web design company,1300,,31.02,MEDIUM,27,commercial,,False
web design company in miami florida,web design company,1300,,22.11,LOW,63,commercial,,False
st louis web design company,web design company,1300,,26.95,LOW,82,commercial,,False
web design company orange county,web design company,1300,,31.02,MEDIUM,27,commercial,,False
what is agency in ai,ai agency,1300,103,14.09,MEDIUM,37,informational,,True
digital marketing agency usa,digital marketing agency,1300,,13.14,LOW,43,commercial,,False
digital marketing agency in usa,digital marketing agency,1300,,13.14,LOW,43,commercial,,False
digital marketing agency u.s,digital marketing agency,1300,,13.14,LOW,45,commercial,,False
ny digital marketing agency,digital marketing agency,1300,,13.12,LOW,41,commercial,,False
digital marketing agency in houston,digital marketing agency,1300,,23.84,LOW,37,commercial,,False
digital marketing agency new york,digital marketing agency,1300,,13.12,LOW,30,commercial,,False
digital marketing agency houston tx,digital marketing agency,1300,,23.84,LOW,46,commercial,,False
miami digital marketing agency,digital marketing agency,1300,,10.98,LOW,33,commercial,,False
digital marketing agency miami fl,digital marketing agency,1300,,10.98,LOW,21,commercial,,False
digital marketing agency in la,digital marketing agency,1300,,12.58,LOW,19,commercial,,False
digital marketing agency in the us,digital marketing agency,1300,,13.14,LOW,80,commercial,,False
new york digital marketing agency,digital marketing agency,1300,,13.12,LOW,40,commercial,,False
digital marketing agency in new york city,digital marketing agency,1300,,13.12,LOW,17,commercial,,False
digital marketing agency la,digital marketing agency,1300,,12.58,LOW,33,commercial,,False
digital marketing agency in united states,digital marketing agency,1300,,13.14,LOW,55,commercial,,False
nyc digital marketing agency,digital marketing agency,1300,,13.12,LOW,17,commercial,,False
houston digital marketing agency,digital marketing agency,1300,,23.84,LOW,46,commercial,,False
digital marketing agency miami,digital marketing agency,1300,,10.98,LOW,36,commercial,,False
digital marketing agency in ny,digital marketing agency,1300,,13.12,LOW,17,commercial,,False
data driven digital marketing agency,digital marketing agency,1300,,0,LOW,3,commercial,,False
digital marketing agency in miami,digital marketing agency,1300,,10.98,LOW,37,commercial,,False
digital marketing agency in nyc,digital marketing agency,1300,,13.12,LOW,54,commercial,,False
data-driven digital marketing agency,digital marketing agency,1300,,0,LOW,3,commercial,,False
digital marketing agency new york city,digital marketing agency,1300,,13.12,LOW,17,commercial,,False
digital marketing agency new york ny,digital marketing agency,1300,,13.12,LOW,54,commercial,,False
la digital marketing agency,digital marketing agency,1300,,12.58,LOW,28,commercial,,False
digital marketing agency houston,digital marketing agency,1300,,23.84,LOW,38,commercial,,False
digital marketing agency united states,digital marketing agency,1300,,13.14,LOW,45,commercial,,False
digital marketing agency los angeles,digital marketing agency,1300,,12.58,LOW,26,commercial,,False
los angeles digital marketing agency,digital marketing agency,1300,,12.58,LOW,36,commercial,,False
digital marketing agency in us,digital marketing agency,1300,,13.14,LOW,48,commercial,,False
webfx digital marketing agency,digital marketing agency,1300,,11.82,LOW,62,commercial,,False
digital marketing agency us,digital marketing agency,1300,,13.14,LOW,79,commercial,,False
digital marketing agency los angeles ca,digital marketing agency,1300,,12.58,LOW,26,commercial,,False
digital marketing agency in new york,digital marketing agency,1300,,13.12,LOW,17,commercial,,False
digital marketing agency nyc,digital marketing agency,1300,,13.12,LOW,17,commercial,,False
digital marketing agency in los angeles,digital marketing agency,1300,,12.58,LOW,12,commercial,,False
seo agency united kingdom,seo agency,1000,,0,LOW,56,commercial,,False
seo agency dallas tx,seo agency,1000,,16.13,LOW,54,commercial,,False
seo agency uk,seo agency,1000,,0,LOW,54,commercial,,False
seo agency in dallas,seo agency,1000,,16.13,LOW,24,commercial,,False
seo agency in uk,seo agency,1000,,0,LOW,44,commercial,,False
seo agency tools,seo agency,1000,,85.1,LOW,23,commercial,,False
uk seo agency,seo agency,1000,,0,LOW,53,commercial,,False
saas seo agency,seo agency,1000,,82.94,LOW,0,commercial,,False
seo agency dallas texas,seo agency,1000,,16.13,LOW,22,commercial,,False
seo agency b2b,seo agency,1000,,143.24,LOW,6,commercial,,False
seo agency in the uk,seo agency,1000,,0,LOW,55,commercial,,False
best seo agency usa,seo agency,1000,0,48.86,LOW,14,commercial,best,False
dallas seo agency,seo agency,1000,,16.13,LOW,22,commercial,,False
agency seo tools,seo agency,1000,,85.1,LOW,64,commercial,,False
seo tools for agency,seo agency,1000,,85.1,LOW,16,commercial,,False
seo agency tool,seo agency,1000,,85.1,LOW,52,commercial,,False
ecommerce seo agency,seo agency,1000,,43.26,LOW,3,commercial,,False
seo agency dallas,seo agency,1000,,16.13,LOW,34,commercial,,False
b2b seo agency,seo agency,1000,,143.24,LOW,0,commercial,,False
ai seo agency,seo agency,1000,,82.43,LOW,8,commercial,,False
roofer seo company,seo company,1000,,32.32,LOW,37,commercial,,False
best seo company in us,seo company,1000,13,48.86,LOW,40,commercial,best,False
best seo company in america,seo company,1000,0,48.86,LOW,20,commercial,best,False
seo company in united kingdom,seo company,1000,,0,LOW,49,commercial,,False
best seo company usa,seo company,1000,246,48.86,LOW,29,commercial,best,False
seo company ny,seo company,1000,,47.03,LOW,23,commercial,,False
new jersey seo company,seo company,1000,,90.29,LOW,6,commercial,,False
roofing company seo,seo company,1000,,32.32,LOW,8,commercial,,False
dental seo company,seo company,1000,,68.89,LOW,9,commercial,,False
ecommerce seo company,seo company,1000,,43.26,LOW,18,commercial,,False
seo company uk,seo company,1000,,0,LOW,44,commercial,,False
best seo company in usa,seo company,1000,246,48.86,LOW,17,commercial,best,False
uk seo company,seo company,1000,,0,LOW,63,navigational,,False
moving company seo,seo company,1000,,31.08,LOW,4,commercial,,False
seo company nyc,seo company,1000,,47.03,LOW,28,commercial,,False
nj seo company,seo company,1000,,90.29,LOW,20,commercial,,False
seo company in nj,seo company,1000,,90.29,LOW,20,commercial,,False
seo company nj,seo company,1000,,90.29,LOW,22,commercial,,False
seo company in new jersey,seo company,1000,,90.29,LOW,0,commercial,,False
seo uk company,seo company,1000,,0,LOW,25,commercial,,False
top seo company,seo company,1000,8,62.3,LOW,31,commercial,top,False
seo company new york city,seo company,1000,,47.03,LOW,21,commercial,,False
dentist seo company,seo company,1000,,68.89,LOW,6,commercial,,False
best seo company near me,seo company,1000,0,35.59,LOW,41,commercial,best,False
seo company england,seo company,1000,,0,LOW,57,commercial,,False
seo company united kingdom,seo company,1000,,0,LOW,42,commercial,,False
roofing seo company,seo company,1000,,32.32,LOW,16,commercial,,False
seo company in uk,seo company,1000,,0,LOW,56,commercial,,False
best seo company america,seo company,1000,0,48.86,LOW,29,commercial,best,False
seo company new jersey,seo company,1000,,90.29,LOW,22,commercial,,False
new york seo company,seo company,1000,,47.03,LOW,29,commercial,,False
seo for moving company,seo company,1000,,31.08,LOW,2,commercial,,False
best seo company united states,seo company,1000,0,48.86,LOW,24,commercial,best,False
seo link-building services,seo services,1000,,0,LOW,26,commercial,,False
prices for seo services,seo services,1000,,22.76,LOW,32,commercial,,False
seo services in the uk,seo services,1000,,0,LOW,56,commercial,,False
seo services cost,seo services,1000,,22.76,LOW,47,commercial,,False
price for seo services,seo services,1000,,22.76,LOW,32,commercial,,False
seo services website,seo services,1000,,116.34,LOW,93,commercial,,False
seo link building services,seo services,1000,,0,LOW,31,commercial,,False
expert seo services,seo services,1000,,12.83,LOW,44,commercial,,False
seo services prices,seo services,1000,,22.76,LOW,32,commercial,,False
seo services colorado springs,seo services,1000,,0,LOW,20,commercial,,False
seo services fees,seo services,1000,,22.76,LOW,34,commercial,,False
seo services price,seo services,1000,,22.76,LOW,32,commercial,,False
seo services for website,seo services,1000,,116.34,LOW,46,commercial,,False
seo services site,seo services,1000,,116.34,LOW,78,commercial,,False
cost for seo services,seo services,1000,,22.76,LOW,28,commercial,,False
link building seo services,seo services,1000,,0,LOW,31,commercial,,False
cost of seo services,seo services,1000,,22.76,LOW,39,commercial,,False
affordable seo services,seo services,1000,0,65.98,LOW,2,commercial,affordable,False
price of seo services,seo services,1000,,22.76,LOW,32,commercial,,False
price seo services,seo services,1000,,22.76,LOW,32,commercial,,False
seo services rates,seo services,1000,,22.76,LOW,20,commercial,,False
pricing seo services,seo services,1000,,22.76,LOW,32,commercial,,False
seo services websites,seo services,1000,,116.34,LOW,52,commercial,,False
etsy seo services,seo services,1000,,8.58,LOW,0,commercial,,False
site seo services,seo services,1000,,116.34,LOW,52,commercial,,False
pricing for seo services,seo services,1000,,22.76,LOW,32,commercial,,False
seo-expert-services,seo services,1000,,12.83,LOW,44,commercial,,False
web and seo services,seo services,1000,,116.34,LOW,95,commercial,,False
seo expert services,seo services,1000,,12.83,LOW,46,commercial,,False
seo services link building,seo services,1000,,0,LOW,26,commercial,,False
seo backlink building services,seo services,1000,,0,LOW,43,commercial,,False
seo services pricing,seo services,1000,,22.76,LOW,29,commercial,,False
seo services costs,seo services,1000,,22.76,LOW,32,commercial,,False
website and seo services,seo services,1000,,116.34,LOW,46,commercial,,False
seo services for websites,seo services,1000,,116.34,LOW,68,commercial,,False
ai seo services,seo services,1000,,78.77,LOW,0,commercial,,False
website with seo services,seo services,1000,,116.34,LOW,68,commercial,,False
seo services sites,seo services,1000,,116.34,LOW,46,commercial,,False
ai seo service,ai seo,1000,,78.77,LOW,27,commercial,,False
ai seo agencies,ai seo,1000,,82.43,LOW,68,commercial,,False
ai powered seo tool,ai seo,1000,,20.43,LOW,8,commercial,,False
ai powered seo tools,ai seo,1000,,20.43,LOW,45,commercial,,False
ai-powered seo tools,ai seo,1000,,20.43,LOW,26,commercial,,False
web design company charlotte nc,web design company,1000,,26.87,LOW,69,commercial,,False
best company for web design,web design company,1000,213,54.69,LOW,57,commercial,best,False
famous web design company,web design company,1000,0,54.69,LOW,24,commercial,famous,False
web design for construction company,web design company,1000,,17.84,LOW,0,navigational,,False
web design company charleston sc,web design company,1000,,17.58,LOW,14,navigational,,False
web design company in la,web design company,1000,,29.78,LOW,38,commercial,,False
biggest web design company,web design company,1000,0,54.69,LOW,43,commercial,biggest,False
web design company atlanta,web design company,1000,,27.62,LOW,55,commercial,,False
web design company in jacksonville,web design company,1000,,35.26,LOW,35,commercial,,False
web design company in seattle,web design company,1000,,15.55,LOW,79,commercial,,False
top web design company websites,web design company,1000,0,54.69,LOW,42,commercial,top,False
web design construction company,web design company,1000,,17.84,LOW,0,commercial,,False
web design company seattle,web design company,1000,,15.55,LOW,96,commercial,,False
web design company in boston,web design company,1000,,29.21,LOW,79,commercial,,False
web design company in charlotte,web design company,1000,,26.87,LOW,36,commercial,,False
top web design company,web design company,1000,0,54.69,LOW,12,commercial,top,False
construction company web design,web design company,1000,,17.84,LOW,0,navigational,,False
shopify web design company,web design company,1000,,27.5,LOW,60,navigational,,False
website and application development company,website development company,1000,,116.39,LOW,27,commercial,,False
website app development company,website development company,1000,,116.39,LOW,55,commercial,,False
ai consulting agency,ai agency,1000,,23.85,MEDIUM,36,commercial,,False
how to create ai agency,ai agency,1000,0,16.21,HIGH,0,informational,,True
ai sales agency,ai agency,1000,,74.89,MEDIUM,36,commercial,,False
ai consultant agency,ai agency,1000,,23.85,MEDIUM,25,commercial,,False
ai agency course,ai agency,1000,,13.95,HIGH,,informational,,False
digital marketing agency dallas tx,digital marketing agency,1000,,12.66,LOW,41,commercial,,False
digital marketing agency in dallas,digital marketing agency,1000,,12.66,LOW,45,commercial,,False
digital marketing agency in new jersey,digital marketing agency,1000,,8.45,LOW,50,commercial,,False
dallas digital marketing agency,digital marketing agency,1000,,12.66,LOW,42,commercial,,False
digital marketing agency new jersey,digital marketing agency,1000,,8.45,LOW,24,commercial,,False
digital marketing agency dallas texas,digital marketing agency,1000,,12.66,LOW,29,commercial,,False
digital marketing agency in dallas tx,digital marketing agency,1000,,12.66,LOW,47,commercial,,False
digital marketing agency nj,digital marketing agency,1000,,8.45,LOW,58,commercial,,False
digital marketing agency dallas,digital marketing agency,1000,,12.66,LOW,34,commercial,,False
amazon agency,amazon agency,1000,,57.62,MEDIUM,17,navigational,,False
agency for amazon,amazon agency,1000,,57.62,MEDIUM,17,navigational,,False
agency amazon,amazon agency,1000,,57.62,MEDIUM,42,navigational,,False
best seo agency tools,seo agency,880,5,36.34,LOW,11,commercial,best,False
seo agency boston,seo agency,880,,30.9,LOW,5,commercial,,False
seo agency in chicago,seo agency,880,,46.23,LOW,0,commercial,,False
seo agency charlotte,seo agency,880,,16.47,LOW,12,commercial,,False
boston seo agency,seo agency,880,,30.9,LOW,12,commercial,,False
seo agency chicago,seo agency,880,,46.23,LOW,1,commercial,,False
seo agency in florida,seo agency,880,,16.52,LOW,16,commercial,,False
seo agency in london,seo agency,880,,4.21,LOW,43,commercial,,False
small business seo agency,seo agency,880,,0,LOW,22,commercial,,False
seo agency charlotte nc,seo agency,880,,16.47,LOW,15,commercial,,False
seo agency service,seo agency,880,,0,LOW,39,commercial,,False
new orleans seo agency,seo agency,880,,0,LOW,6,commercial,,False
florida seo agency,seo agency,880,,16.52,LOW,9,commercial,,False
seo agency florida,seo agency,880,,16.52,LOW,6,commercial,,False
seo agency london uk,seo agency,880,,4.21,LOW,54,commercial,,False
seo agency chicago il,seo agency,880,,46.23,LOW,18,commercial,,False
london seo agency,seo agency,880,,4.21,LOW,56,commercial,,False
seo agency new orleans,seo agency,880,,0,LOW,1,commercial,,False
best seo tools for agency,seo agency,880,5,36.34,LOW,20,commercial,best,False
seo agency in las vegas,seo agency,880,,126.06,LOW,7,commercial,,False
seo agency miami,seo agency,880,,25.94,LOW,17,commercial,,False
seo agency in boston,seo agency,880,,30.9,LOW,29,commercial,,False
chicago seo agency,seo agency,880,,46.23,LOW,17,commercial,,False
seo london agency,seo agency,880,,4.21,LOW,46,commercial,,False
seo agency services,seo agency,880,,0,LOW,19,commercial,,False
seo agency london,seo agency,880,,4.21,LOW,57,commercial,,False
seo company website,seo company,880,,88.34,LOW,46,commercial,,False
seo company fl,seo company,880,,16.52,LOW,23,commercial,,False
florida seo company,seo company,880,,16.52,LOW,15,commercial,,False
charlotte seo company,seo company,880,,16.47,LOW,12,commercial,,False
seo company charlotte,seo company,880,,16.47,LOW,12,commercial,,False
best law firm seo company,seo company,880,0,268.78,LOW,6,commercial,best,False
seo company miami fl,seo company,880,,25.94,LOW,10,commercial,,False
seo consultant company,seo company,880,,0,LOW,18,commercial,,False
seo company in florida,seo company,880,,16.52,LOW,12,commercial,,False
web and seo company,seo company,880,,88.34,LOW,66,commercial,,False
seo company websites,seo company,880,,88.34,LOW,57,commercial,,False
seo professional company,seo company,880,,0,LOW,46,commercial,,False
seattle seo company,seo company,880,,7.4,LOW,26,commercial,,False
las vegas seo company,seo company,880,,126.06,LOW,1,commercial,,False
new orleans seo company,seo company,880,,0,LOW,0,commercial,,False
seo company charlotte nc,seo company,880,,16.47,LOW,16,commercial,,False
seo company in charlotte,seo company,880,,16.47,LOW,19,commercial,,False
chicago seo company,seo company,880,,7.29,LOW,17,commercial,,False
seo company in chicago,seo company,880,,46.23,LOW,24,commercial,,False
seo consultancy company,seo company,880,,0,LOW,38,commercial,,False
seo company orange county,seo company,880,,71.41,LOW,27,commercial,,False
seo company seattle wa,seo company,880,,7.4,LOW,28,commercial,,False
seo company in new orleans,seo company,880,,0,LOW,0,commercial,,False
seo company in miami,seo company,880,,25.94,LOW,10,commercial,,False
seo miami company,seo company,880,,25.94,LOW,17,commercial,,False
seo company in las vegas,seo company,880,,126.06,LOW,1,commercial,,False
seo website company,seo company,880,,88.34,LOW,64,commercial,,False
seo company orange county ca,seo company,880,,117.54,LOW,30,commercial,,False
company website seo,seo company,880,,88.34,LOW,72,commercial,,False
seo company las vegas,seo company,880,,126.06,LOW,1,commercial,,False
seo for company website,seo company,880,,88.34,LOW,66,commercial,,False
website and seo company,seo company,880,,88.34,LOW,93,commercial,,False
web seo company,seo company,880,,88.34,LOW,93,commercial,,False
website seo company,seo company,880,,88.34,LOW,55,commercial,,False
seo company florida,seo company,880,,16.52,LOW,33,commercial,,False
professional seo company,seo company,880,,0,LOW,53,commercial,,False
seo company seattle,seo company,880,,7.4,LOW,28,commercial,,False
oc seo company,seo company,880,,117.54,LOW,58,commercial,,False
seo company chicago,seo company,880,,7.29,LOW,19,commercial,,False
orange county seo company,seo company,880,,117.54,LOW,32,commercial,,False
seo company new orleans,seo company,880,,0,LOW,0,commercial,,False
seo consulting company,seo company,880,,0,LOW,21,commercial,,False
seo web company,seo company,880,,88.34,LOW,41,commercial,,False
dallas seo company,seo company,880,,0,LOW,16,commercial,,False
seo company small business,seo company,880,,0,LOW,22,commercial,,False
boston seo company,seo company,880,,30.9,LOW,14,commercial,,False
seo company in seattle,seo company,880,,7.4,LOW,22,commercial,,False
small business seo company,seo company,880,,0,LOW,8,commercial,,False
seo services in united states,seo services,880,,17.92,LOW,38,commercial,,False
best seo optimization services,seo services,880,0,55.7,LOW,45,commercial,best,False
seo services amazon,seo services,880,,38.47,LOW,15,commercial,,False
seo services white label,seo services,880,,62.63,LOW,25,commercial,,False
seo services in las vegas,seo services,880,,126.06,LOW,0,commercial,,False
youtube seo services,seo services,880,,0,LOW,10,commercial,,False
hvac seo services,seo services,880,,59.89,LOW,15,commercial,,False
seo best services,seo services,880,65,55.7,LOW,32,commercial,best,False
seo services in usa,seo services,880,,17.92,LOW,26,commercial,,False
us seo services,seo services,880,,17.92,LOW,39,commercial,,False
seo services us,seo services,880,,17.92,LOW,39,commercial,,False
seo services in us,seo services,880,,17.92,LOW,39,commercial,,False
seo services best,seo services,880,65,55.7,LOW,28,commercial,best,False
local seo services for small businesses,seo services,880,,42.58,LOW,23,commercial,,False
seo services providers,seo services,880,,101.47,LOW,33,commercial,,False
seo services youtube,seo services,880,,0,LOW,10,commercial,,False
best seo services,seo services,880,65,55.7,LOW,46,commercial,best,False
seo provider services,seo services,880,,101.47,LOW,48,commercial,,False
amazon seo services,seo services,880,,38.47,LOW,14,commercial,,False
usa seo services,seo services,880,,17.92,LOW,38,commercial,,False
seo services america,seo services,880,,17.92,LOW,50,commercial,,False
seo services usa,seo services,880,,17.92,LOW,43,commercial,,False
local seo services for small business,seo services,880,,42.58,LOW,10,commercial,,False
advance seo services,seo services,880,,18.79,LOW,1,commercial,,False
seo services provider,seo services,880,,101.47,LOW,47,commercial,,False
white label seo services,seo services,880,,62.63,LOW,8,commercial,,False
advanced seo services,seo services,880,,18.79,LOW,14,commercial,,False
seo services in miami,seo services,880,,25.94,LOW,18,commercial,,False
seo services miami,seo services,880,,25.94,LOW,6,commercial,,False
good seo services,seo services,880,0,55.7,LOW,30,commercial,good,False
white-label seo services,seo services,880,,62.63,LOW,23,commercial,,False
ai tools for seo,ai seo,880,,37.79,LOW,35,commercial,,False
ai tool for seo,ai seo,880,,37.79,LOW,15,commercial,,False
seo for ai,ai seo,880,,34.76,MEDIUM,46,commercial,,False
best ai seo tool,ai seo,880,62,30.77,LOW,4,commercial,best,False
best ai seo tools,ai seo,880,62,30.77,LOW,4,commercial,best,False
what is generative engine optimization,generative engine optimization,880,10,13.42,LOW,57,informational,,True
web design company in lebanon,web design company,880,,0,LOW,82,commercial,,False
web design company lebanon,web design company,880,,0,LOW,45,commercial,,False
web design company in denver,web design company,880,,12.27,LOW,35,commercial,,False
web design company in cincinnati,web design company,880,,34.06,LOW,79,commercial,,False
atlanta web design company,web design company,880,,44.78,LOW,75,commercial,,False
web design company cincinnati,web design company,880,,34.06,LOW,74,commercial,,False
denver web design company,web design company,880,,12.27,LOW,35,commercial,,False
web design company in atlanta,web design company,880,,44.78,LOW,77,commercial,,False
web design company atlanta ga,web design company,880,,44.78,LOW,30,commercial,,False
atlanta web design agency,web design agency,880,,44.78,LOW,53,commercial,,False
web design agency atlanta,web design agency,880,,44.78,LOW,53,commercial,,False
us website development company,website development company,880,,54.9,LOW,50,commercial,,False
website development company usa,website development company,880,,54.9,LOW,31,commercial,,False
best website development company,website development company,880,17,28.55,LOW,56,commercial,best,False
top website development company,website development company,880,0,28.55,LOW,7,commercial,top,False
website development company in united states,website development company,880,,54.9,LOW,40,commercial,,False
website development company in us,website development company,880,,54.9,LOW,23,commercial,,False
website development company in usa,website development company,880,,54.9,LOW,36,commercial,,False
ecommerce marketing agency,ecommerce agency,880,,67.14,LOW,15,commercial,,False
ecommerce development company,ecommerce development company,880,,54.45,LOW,5,commercial,,False
ecommerce-development company,ecommerce development company,880,,54.45,LOW,59,commercial,,False
shopify development services,shopify development,880,,20.46,LOW,10,commercial,,False
shopify development service,shopify development,880,,20.46,LOW,26,commercial,,False
voice ai agency,ai agency,880,,45.53,MEDIUM,73,commercial,,False
ai arbitrage agency,ai agency,880,,13.32,MEDIUM,0,navigational,,False
digital marketing agency denver,digital marketing agency,880,,17.72,LOW,52,commercial,,False
digital marketing agency atlanta,digital marketing agency,880,,16.84,LOW,39,commercial,,False
digital marketing agency san diego,digital marketing agency,880,,6.7,LOW,27,commercial,,False
digital marketing agency in denver,digital marketing agency,880,,17.72,LOW,52,commercial,,False
digital marketing agency phoenix,digital marketing agency,880,,32.42,LOW,69,commercial,,False
digital marketing agency phoenix az,digital marketing agency,880,,32.42,LOW,36,commercial,,False
phoenix digital marketing agency,digital marketing agency,880,,32.42,LOW,1,commercial,,False
sacramento digital marketing agency,digital marketing agency,880,,0.85,LOW,21,commercial,,False
atlanta digital marketing agency,digital marketing agency,880,,16.84,LOW,43,commercial,,False
digital marketing agency chicago illinois,digital marketing agency,880,,11.49,LOW,26,commercial,,False
digital marketing agency denver co,digital marketing agency,880,,17.72,LOW,50,commercial,,False
digital marketing agency sacramento,digital marketing agency,880,,0.85,LOW,34,commercial,,False
digital marketing agency chicago il,digital marketing agency,880,,11.49,LOW,41,commercial,,False
san diego digital marketing agency,digital marketing agency,880,,6.7,LOW,34,commercial,,False
digital marketing agency in san diego,digital marketing agency,880,,6.7,LOW,22,commercial,,False
denver digital marketing agency,digital marketing agency,880,,17.72,LOW,50,commercial,,False
digital marketing agency atlanta ga,digital marketing agency,880,,16.84,LOW,29,commercial,,False
digital marketing agency in chicago,digital marketing agency,880,,11.49,LOW,42,commercial,,False
digital marketing agency chicago,digital marketing agency,880,,11.49,LOW,26,commercial,,False
digital marketing agency in atlanta,digital marketing agency,880,,16.84,LOW,39,commercial,,False
digital marketing agency in phoenix,digital marketing agency,880,,32.42,LOW,1,commercial,,False
chicago digital marketing agency,digital marketing agency,880,,11.49,LOW,28,commercial,,False
amazon ads agency,amazon agency,880,,141.38,LOW,31,commercial,,False
ad agency for amazon,amazon agency,880,,141.38,LOW,42,commercial,,False
amazon ad agency,amazon agency,880,,141.38,LOW,22,commercial,,False
amazon advertising agency,amazon agency,880,,141.38,LOW,16,commercial,,False
advertising agency for amazon,amazon agency,880,,141.38,LOW,35,commercial,,False
best uk seo agency,seo agency,720,25,8.32,LOW,13,commercial,best,False
seo agency australia,seo agency,720,,67.63,LOW,42,commercial,,False
seo digital marketing agency,seo agency,720,,26.84,LOW,95,commercial,,False
seo agency philadelphia,seo agency,720,,7.44,LOW,67,commercial,,False
philadelphia seo agency,seo agency,720,,7.44,LOW,14,commercial,,False
best seo agency in the uk,seo agency,720,25,8.32,LOW,42,commercial,best,False
best seo agency uk,seo agency,720,25,8.32,LOW,42,commercial,best,False
insurance agency seo,seo agency,720,,48.35,LOW,0,commercial,,False
portland seo agency,seo agency,720,,47.45,LOW,15,commercial,,False
australia seo agency,seo agency,720,,67.63,LOW,39,commercial,,False
insurance seo agency,seo agency,720,,48.35,LOW,0,commercial,,False
seo agency reviews,seo agency,720,,31.91,LOW,29,commercial,,False
orlando seo agency,seo agency,720,,13.48,LOW,10,commercial,,False
best seo agency in uk,seo agency,720,25,8.32,LOW,26,commercial,best,False
seo for insurance agency,seo agency,720,,48.35,LOW,0,commercial,,False
seo agency review,seo agency,720,,31.91,LOW,13,commercial,,False
international seo agency,seo agency,720,,0,LOW,2,commercial,,False
australian seo agency,seo agency,720,,67.63,LOW,39,commercial,,False
best seo agency united kingdom,seo agency,720,0,8.32,LOW,48,commercial,best,False
technical seo agency,seo agency,720,,53.1,LOW,7,commercial,,False
global seo agency,seo agency,720,,0,LOW,0,commercial,,False
seo agency in australia,seo agency,720,,67.63,LOW,39,commercial,,False
best local seo agency,seo agency,720,0,51.29,LOW,15,commercial,best,False
top seo agency uk,seo agency,720,0,8.32,LOW,42,commercial,top,False
lawyer seo company,seo company,720,,548.78,LOW,18,commercial,,False
best seo uk company,seo company,720,0,8.32,LOW,23,commercial,best,False
best seo company uk,seo company,720,0,8.32,LOW,24,commercial,best,False
philadelphia seo company,seo company,720,,7.44,LOW,14,commercial,,False
best seo company in uk,seo company,720,0,8.32,LOW,42,commercial,best,False
digital marketing seo company,seo company,720,,26.84,LOW,93,commercial,,False
seo company orlando,seo company,720,,13.48,LOW,7,commercial,,False
top seo company uk,seo company,720,0,8.32,LOW,30,commercial,top,False
australia seo company,seo company,720,,67.63,LOW,39,commercial,,False
seo company portland,seo company,720,,47.45,LOW,16,commercial,,False
seo company philadelphia,seo company,720,,7.44,LOW,18,commercial,,False
portland seo company,seo company,720,,47.45,LOW,19,commercial,,False
seo company portland or,seo company,720,,47.45,LOW,12,commercial,,False
seo digital marketing company,seo company,720,,26.84,LOW,31,commercial,,False
top seo company in uk,seo company,720,0,8.32,LOW,26,commercial,top,False
seo and digital marketing company,seo company,720,,26.84,LOW,93,commercial,,False
best seo company in the uk,seo company,720,0,8.32,LOW,42,commercial,best,False
seo company in australia,seo company,720,,67.63,LOW,39,commercial,,False
seo company in portland oregon,seo company,720,,47.45,LOW,21,commercial,,False
seo company for lawyers,seo company,720,,548.78,LOW,18,commercial,,False
seo company in portland,seo company,720,,47.45,LOW,25,commercial,,False
enterprise seo company,seo company,720,,400.43,LOW,5,commercial,,False
seo company au,seo company,720,,67.63,LOW,54,commercial,,False
seo company reviews,seo company,720,,31.91,LOW,23,commercial,,False
seo provider company,seo company,720,,16.84,LOW,54,commercial,,False
seo company review,seo company,720,,31.91,LOW,8,commercial,,False
seo company in orlando,seo company,720,,13.48,LOW,9,commercial,,False
best local seo company,seo company,720,0,51.29,LOW,16,commercial,best,False
orlando seo company,seo company,720,,13.48,LOW,15,commercial,,False
australian seo company,seo company,720,,67.63,LOW,39,commercial,,False
seo company australia,seo company,720,,67.63,LOW,43,commercial,,False
seo company portland oregon,seo company,720,,47.45,LOW,10,commercial,,False
best uk seo company,seo company,720,0,8.32,LOW,39,commercial,best,False
seo company in philadelphia,seo company,720,,7.44,LOW,12,commercial,,False
seo services houston tx,seo services,720,,60.36,LOW,35,commercial,,False
best seo services uk,seo services,720,19,8.32,LOW,22,commercial,best,False
seo services chicago,seo services,720,,59.38,LOW,24,commercial,,False
seo services in phoenix,seo services,720,,14.28,LOW,35,commercial,,False
low price seo services,seo services,720,,40.81,LOW,8,commercial,,False
seo specialist services,seo services,720,,0.02,LOW,47,commercial,,False
seo services for real estate,seo services,720,,10.9,LOW,9,commercial,,False
seo services for law firms,seo services,720,,56.74,LOW,17,commercial,,False
seo services in phoenix arizona,seo services,720,,14.28,LOW,35,commercial,,False
seo and website services,seo services,720,,68.6,LOW,78,commercial,,False
seo services affordable,seo services,720,0,40.81,LOW,0,commercial,affordable,False
seo services in houston tx,seo services,720,,60.36,LOW,33,commercial,,False
seo and ppc services,seo services,720,,54.84,LOW,16,commercial,,False
website seo services,seo services,720,,68.6,LOW,46,commercial,,False
low-cost seo services,seo services,720,,40.81,LOW,11,commercial,,False
houston seo services,seo services,720,,60.36,LOW,34,commercial,,False
seo services phoenix,seo services,720,,14.28,LOW,35,commercial,,False
seo rank services,seo services,720,,15.04,LOW,37,commercial,,False
specialist seo services,seo services,720,,0.02,LOW,29,commercial,,False
top seo services uk,seo services,720,0,8.32,LOW,26,commercial,top,False
seo services cheap,seo services,720,,40.81,LOW,8,commercial,,False
san diego seo services,seo services,720,,0,LOW,28,commercial,,False
cheap seo services,seo services,720,,40.81,LOW,13,commercial,,False
inexpensive seo services,seo services,720,,40.81,LOW,0,commercial,,False
low cost seo services,seo services,720,0,40.81,LOW,13,commercial,low cost,False
real estate seo services,seo services,720,,10.9,LOW,15,commercial,,False
seo services phoenix az,seo services,720,,14.28,LOW,35,commercial,,False
cheapest seo services,seo services,720,0,40.81,LOW,0,commercial,cheapest,False
seo services specialist,seo services,720,,0.02,LOW,24,commercial,,False
law firm seo services,seo services,720,,56.74,LOW,12,commercial,,False
seo services san diego,seo services,720,,0,LOW,29,commercial,,False
web seo services,seo services,720,,68.6,LOW,33,commercial,,False
roofing seo services,seo services,720,,0,LOW,11,commercial,,False
seo services for law firm,seo services,720,,56.74,LOW,17,commercial,,False
cheap-seo-services,seo services,720,,40.81,LOW,23,commercial,,False
best seo services in uk,seo services,720,19,8.32,LOW,26,commercial,best,False
seo services low cost,seo services,720,0,40.81,LOW,9,commercial,low cost,False
phoenix seo services,seo services,720,,14.28,LOW,28,commercial,,False
rank seo services,seo services,720,,15.04,LOW,46,commercial,,False
seo services houston,seo services,720,,60.36,LOW,34,commercial,,False
seo ranking services,seo services,720,,15.04,LOW,59,commercial,,False
ai seo optimization,ai seo,720,,42.52,MEDIUM,29,commercial,,False
seo writer ai,ai seo,720,,4.11,MEDIUM,45,commercial,,False
semrush ai seo tool,ai seo,720,,0,LOW,61,informational,,False
seo writing ai,ai seo,720,,4.11,MEDIUM,42,commercial,,False
geo generative engine optimization,generative engine optimization,720,,25.22,MEDIUM,71,informational,,False
generative engine optimization geo services,generative engine optimization,720,,0,LOW,13,commercial,,False
geo: generative engine optimization,generative engine optimization,720,,25.22,MEDIUM,61,informational,,False
web design company los angeles,web design company,720,,16.97,LOW,46,commercial,,False
web design company san francisco,web design company,720,,13.98,LOW,18,commercial,,False
web design toronto company,web design company,720,,15.51,LOW,98,commercial,,False
houston web design company,web design company,720,,11.45,LOW,22,commercial,,False
best web design company website,web design company,720,0,52.8,LOW,43,commercial,best,False
web design company in usa,web design company,720,,19.94,LOW,19,commercial,,False
web design company houston,web design company,720,,11.45,LOW,50,commercial,,False
us web design company,web design company,720,,19.94,LOW,29,commercial,,False
nashville web design company,web design company,720,,32.01,LOW,67,commercial,,False
american web design company,web design company,720,,19.94,LOW,32,commercial,,False
web design company in tulsa,web design company,720,,12.17,LOW,34,commercial,,False
web design company in kansas city,web design company,720,,21.47,LOW,32,commercial,,False
web design company of usa,web design company,720,,19.94,LOW,70,commercial,,False
web design company in houston,web design company,720,,11.45,LOW,32,commercial,,False
los angeles web design company,web design company,720,,16.97,LOW,46,commercial,,False
web design company in philadelphia,web design company,720,,21.08,LOW,52,commercial,,False
best web design company websites,web design company,720,0,52.8,LOW,40,commercial,best,False
web design company in toronto,web design company,720,,15.51,LOW,98,commercial,,False
web design company philadelphia,web design company,720,,21.08,LOW,52,commercial,,False
san francisco web design company,web design company,720,,13.98,LOW,21,commercial,,False
philadelphia web design company,web design company,720,,21.08,LOW,52,commercial,,False
web design company nashville,web design company,720,,32.01,LOW,38,commercial,,False
web design company los angeles ca,web design company,720,,16.97,LOW,65,commercial,,False
web design company america,web design company,720,,19.94,LOW,38,commercial,,False
web design company in us,web design company,720,,19.94,LOW,79,commercial,,False
web design company in los angeles,web design company,720,,16.97,LOW,82,commercial,,False
toronto web design company,web design company,720,,15.51,LOW,98,commercial,,False
web design company nyc,web design company,720,,14.38,LOW,33,commercial,,False
web design company in baltimore,web design company,720,,8.4,LOW,20,commercial,,False
web design company in san francisco,web design company,720,,13.98,LOW,12,commercial,,False
web-design-company in usa,web design company,720,,19.94,LOW,19,commercial,,False
web design company usa,web design company,720,,19.94,LOW,36,commercial,,False
custom web design company,web design company,720,,104.5,LOW,46,commercial,,False
web design company in america,web design company,720,,19.94,LOW,48,commercial,,False
web design company us,web design company,720,,19.94,LOW,38,commercial,,False
web design company toronto,web design company,720,,15.51,LOW,100,commercial,,False
best web design company sites,web design company,720,0,52.8,LOW,43,commercial,best,False
best web design company,web design company,720,213,52.8,LOW,43,commercial,best,False
web design company houston tx,web design company,720,,11.45,LOW,37,commercial,,False
web design agency houston,web design agency,720,,11.45,LOW,100,commercial,,False
web design agency in new york,web design agency,720,,14.38,LOW,28,commercial,,False
ny web design agency,web design agency,720,,14.38,LOW,70,commercial,,False
web design agency in houston,web design agency,720,,11.45,LOW,44,commercial,,False
web design agency new york,web design agency,720,,14.38,LOW,50,commercial,,False
new york city web design agency,web design agency,720,,14.38,LOW,37,commercial,,False
web design agency nyc,web design agency,720,,14.38,LOW,13,commercial,,False
custom web design agency,web design agency,720,,39.07,LOW,35,commercial,,False
houston web design agency,web design agency,720,,11.45,LOW,61,commercial,,False
web design agency toronto,web design agency,720,,15.51,LOW,54,commercial,,False
web design agency usa,web design agency,720,,19.94,LOW,79,commercial,,False
web design agency in toronto,web design agency,720,,15.51,LOW,47,commercial,,False
nyc web design agency,web design agency,720,,14.38,LOW,70,commercial,,False
web design agency new york city,web design agency,720,,14.38,LOW,46,commercial,,False
web design agency in nyc,web design agency,720,,14.38,LOW,69,commercial,,False
toronto web design agency,web design agency,720,,15.51,LOW,54,commercial,,False
new york web design agency,web design agency,720,,14.38,LOW,51,commercial,,False
website development company in toronto,website development company,720,,15.51,LOW,22,commercial,,False
website development company toronto,website development company,720,,15.51,LOW,32,commercial,,False
website development company philadelphia,website development company,720,,21.08,LOW,27,commercial,,False
development company website,website development company,720,,63.6,LOW,58,navigational,,False
website development company website,website development company,720,,63.6,LOW,48,navigational,,False
shopify website development company,website development company,720,,36.19,LOW,56,navigational,,False
ecommerce app development company,ecommerce development company,720,,29.5,LOW,12,commercial,,False
ecommerce mobile app development company,ecommerce development company,720,,29.5,LOW,15,commercial,,False
shopify web development,shopify development,720,,36.19,LOW,62,commercial,,False
shopify web development company,shopify development,720,,36.19,LOW,59,commercial,,False
shopify development companies,shopify development,720,,26.6,LOW,20,commercial,,False
shopify website development,shopify development,720,,36.19,LOW,23,commercial,,False
shopify development company,shopify development,720,,26.6,LOW,26,commercial,,False
building an ai agency,ai agency,720,,23.91,HIGH,0,commercial,,False
conversational ai agency,ai agency,720,,34.96,LOW,74,navigational,,False
how to make an ai agency,ai agency,720,1,16.46,HIGH,0,informational,,True
digital marketing agency california,digital marketing agency,720,,9.34,LOW,26,commercial,,False
full-service digital marketing agency,digital marketing agency,720,,21.4,LOW,31,commercial,,False
digital marketing agency austin tx,digital marketing agency,720,,21.54,LOW,22,commercial,,False
digital marketing agency in detroit,digital marketing agency,720,,6.04,LOW,15,commercial,,False
austin digital marketing agency,digital marketing agency,720,,21.54,LOW,11,commercial,,False
digital marketing agency service,digital marketing agency,720,,19.74,LOW,39,commercial,,False
digital marketing agency dc,digital marketing agency,720,,4.25,LOW,32,commercial,,False
digital marketing agency ca,digital marketing agency,720,,9.34,LOW,28,commercial,,False
digital marketing service agency,digital marketing agency,720,,19.74,LOW,34,commercial,,False
digital marketing agency in washington dc,digital marketing agency,720,,4.25,LOW,0,commercial,,False
digital marketing agency services,digital marketing agency,720,,19.74,LOW,38,commercial,,False
digital marketing agency in austin,digital marketing agency,720,,21.54,LOW,15,commercial,,False
digital marketing agency austin,digital marketing agency,720,,21.54,LOW,0,commercial,,False
california digital marketing agency,digital marketing agency,720,,9.34,LOW,26,commercial,,False
digital marketing agency washington dc,digital marketing agency,720,,4.25,LOW,18,commercial,,False
full service digital marketing agency,digital marketing agency,720,,21.4,LOW,38,commercial,,False
washington dc digital marketing agency,digital marketing agency,720,,4.25,LOW,0,commercial,,False
digital marketing agency austin texas,digital marketing agency,720,,21.54,LOW,17,commercial,,False
digital marketing agency in california,digital marketing agency,720,,9.34,LOW,32,commercial,,False
digital marketing agency detroit,digital marketing agency,720,,6.04,LOW,8,commercial,,False
dc digital marketing agency,digital marketing agency,720,,4.25,LOW,14,commercial,,False
digital marketing services agency,digital marketing agency,720,,19.74,LOW,37,commercial,,False
top seo agency in india,seo agency,590,0,7.23,LOW,51,commercial,top,False
what is an seo agency,seo agency,590,196,4.74,LOW,0,informational,,True
legal seo agency,seo agency,590,,202.17,LOW,11,commercial,,False
cleveland seo agency,seo agency,590,,0,LOW,0,commercial,,False
canada seo agency,seo agency,590,,13.9,LOW,15,commercial,,False
seo agency for small business,seo agency,590,,73.72,LOW,17,commercial,,False
seo agency las vegas,seo agency,590,,0,LOW,13,commercial,,False
dental seo agency,seo agency,590,,31.42,LOW,0,commercial,,False
top seo agency,seo agency,590,1,12.81,LOW,29,commercial,top,False
seo agency houston,seo agency,590,,21.68,LOW,46,commercial,,False
top seo agency usa,seo agency,590,0,35.86,LOW,27,commercial,top,False
las vegas seo agency,seo agency,590,,0,LOW,7,commercial,,False
seo agency in california,seo agency,590,,31.98,LOW,11,commercial,,False
seo agency california,seo agency,590,,31.98,LOW,1,commercial,,False
search engine optimization seo agency,seo agency,590,,0,LOW,46,commercial,,False
utah seo agency,seo agency,590,,51.77,LOW,44,commercial,,False
dentist seo agency,seo agency,590,,31.42,LOW,0,commercial,,False
seo agency for small businesses,seo agency,590,,73.72,LOW,11,commercial,,False
best seo agency india,seo agency,590,0,7.23,LOW,53,commercial,best,False
seo agency ct,seo agency,590,,6,LOW,11,commercial,,False
seo agency in houston,seo agency,590,,21.68,LOW,11,commercial,,False
seo agency denver,seo agency,590,,32.07,LOW,20,commercial,,False
seo agency in canada,seo agency,590,,13.9,LOW,22,commercial,,False
jacksonville seo agency,seo agency,590,,70.46,LOW,18,commercial,,False
what is seo agency,seo agency,590,196,4.74,LOW,0,informational,,True
seo agency canada,seo agency,590,,13.9,LOW,15,commercial,,False
canadian seo agency,seo agency,590,,13.9,LOW,3,commercial,,False
law seo agency,seo agency,590,,202.17,LOW,26,commercial,,False
best seo agency in india,seo agency,590,0,7.23,LOW,62,commercial,best,False
seo company in utah,seo company,590,,51.77,LOW,44,commercial,,False
seo company california,seo company,590,,31.98,LOW,20,commercial,,False
construction company seo,seo company,590,,40.24,LOW,0,commercial,,False
seo company jacksonville,seo company,590,,70.46,LOW,18,commercial,,False
columbus seo company,seo company,590,,27.07,LOW,19,commercial,,False
utah seo company,seo company,590,,51.77,LOW,44,commercial,,False
leading seo company in india,seo company,590,0,7.23,LOW,21,commercial,leading,False
dc seo company,seo company,590,,0,LOW,2,commercial,,False
seo company utah,seo company,590,,51.77,LOW,49,commercial,,False
seo company ca,seo company,590,,31.98,LOW,26,commercial,,False
seo hosting company,seo company,590,,16.37,LOW,56,commercial,,False
seo company dc,seo company,590,,0,LOW,2,commercial,,False
san antonio tx seo company,seo company,590,,53.04,LOW,24,commercial,,False
california seo company,seo company,590,,31.98,LOW,37,commercial,,False
top seo company usa,seo company,590,0,35.86,LOW,30,commercial,top,False
construction seo company,seo company,590,,40.24,LOW,0,commercial,,False
seo company in columbus,seo company,590,,27.07,LOW,4,commercial,,False
best seo company new york,seo company,590,2,6,LOW,21,commercial,best,False
cleveland seo company,seo company,590,,0,LOW,0,commercial,,False
seo company in washington dc,seo company,590,,0,LOW,5,commercial,,False
first page sage seo company,seo company,590,,0,LOW,11,commercial,,False
seo company in connecticut,seo company,590,,6,LOW,9,commercial,,False
seo company in lebanon,seo company,590,,0,LOW,0,commercial,,False
washington dc seo company,seo company,590,,0,LOW,15,commercial,,False
seo company in jacksonville,seo company,590,,70.46,LOW,22,commercial,,False
seo company in tampa,seo company,590,,21.34,LOW,0,commercial,,False
best seo company for small business,seo company,590,0,80.29,LOW,23,commercial,best,False
canadian seo company,seo company,590,,13.9,LOW,8,commercial,,False
best seo company from india,seo company,590,0,7.23,LOW,31,commercial,best,False
jacksonville seo company,seo company,590,,70.46,LOW,18,commercial,,False
seo company ct,seo company,590,,6,LOW,24,commercial,,False
seo company tampa,seo company,590,,21.34,LOW,0,commercial,,False
frisco seo company,seo company,590,,0,LOW,0,commercial,,False
seo company washington dc,seo company,590,,0,LOW,24,commercial,,False
jacksonville-seo-company,seo company,590,,70.46,LOW,18,commercial,,False
seo company cleveland ohio,seo company,590,,0,LOW,18,commercial,,False
seo company in dc,seo company,590,,0,LOW,10,commercial,,False
seo company lebanon,seo company,590,,0,LOW,0,commercial,,False
san antonio seo company,seo company,590,,53.04,LOW,22,commercial,,False
seo company in california,seo company,590,,31.98,LOW,8,commercial,,False
india's best seo company,seo company,590,44,7.23,LOW,51,commercial,best,False
tampa seo company,seo company,590,,21.34,LOW,0,commercial,,False
columbus ohio seo company,seo company,590,,27.07,LOW,8,commercial,,False
seo company jacksonville fl,seo company,590,,70.46,LOW,18,commercial,,False
seo company connecticut,seo company,590,,6,LOW,8,commercial,,False
seo company san antonio tx,seo company,590,,53.04,LOW,46,commercial,,False
best seo company nyc,seo company,590,4,6,LOW,40,commercial,best,False
best seo company new york city,seo company,590,0,6,LOW,22,commercial,best,False
seo company in san antonio,seo company,590,,53.04,LOW,14,commercial,,False
top seo company in america,seo company,590,0,35.86,LOW,31,commercial,top,False
best seo company small business,seo company,590,0,80.29,LOW,24,commercial,best,False
best company for seo in india,seo company,590,44,7.23,LOW,24,commercial,best,False
connecticut seo company,seo company,590,,6,LOW,8,commercial,,False
seo company columbus ohio,seo company,590,,27.07,LOW,21,commercial,,False
seo company washington,seo company,590,,0,LOW,18,commercial,,False
best small business seo company,seo company,590,0,80.29,LOW,30,commercial,best,False
seo company san antonio,seo company,590,,53.04,LOW,20,commercial,,False
seo company in jacksonville fl,seo company,590,,70.46,LOW,22,commercial,,False
best seo company for small businesses,seo company,590,0,80.29,LOW,11,commercial,best,False
best seo company in india,seo company,590,44,7.23,LOW,48,commercial,best,False
seo best company in india,seo company,590,44,7.23,LOW,24,commercial,best,False
seo company in cleveland,seo company,590,,0,LOW,8,commercial,,False
canada seo company,seo company,590,,13.9,LOW,29,commercial,,False
seo for construction company,seo company,590,,40.24,LOW,0,commercial,,False
what is seo company,seo company,590,547,4.74,LOW,29,informational,,True
best seo company in new york,seo company,590,2,6,LOW,25,commercial,best,False
top seo company in india,seo company,590,0,7.23,LOW,51,commercial,top,False
seo company canada,seo company,590,,13.9,LOW,19,commercial,,False
seo company what is,seo company,590,,4.74,LOW,43,informational,,False
seo company cleveland,seo company,590,,0,LOW,1,commercial,,False
best seo company in nyc,seo company,590,4,6,LOW,26,commercial,best,False
seo company in canada,seo company,590,,13.9,LOW,3,commercial,,False
what is an seo company,seo company,590,547,4.74,LOW,43,informational,,True
what company is seo,seo company,590,547,4.74,LOW,43,informational,,True
best indian seo company,seo company,590,0,7.23,LOW,48,commercial,best,False
seo company tampa fl,seo company,590,,21.34,LOW,13,commercial,,False
best seo company india,seo company,590,44,7.23,LOW,48,commercial,best,False
best seo company ny,seo company,590,0,6,LOW,,commercial,best,False
seo services for healthcare,seo services,590,,160.3,LOW,0,commercial,,False
seo services san antonio,seo services,590,,53.04,LOW,22,commercial,,False
wordpress seo services,seo services,590,,38.15,LOW,0,commercial,,False
affordable seo services for small business,seo services,590,0,65.13,LOW,12,commercial,affordable,False
technical seo audit services,seo services,590,,129.07,LOW,0,commercial,,False
seo content writer services,seo services,590,,0,LOW,9,commercial,,False
seo and content writing services,seo services,590,,0,LOW,0,commercial,,False
best seo services india,seo services,590,0,7.23,LOW,37,commercial,best,False
enterprise seo optimization services,seo services,590,,8.63,LOW,6,commercial,,False
charleston seo services,seo services,590,,12.63,LOW,0,commercial,,False
denver seo services,seo services,590,,32.07,LOW,25,commercial,,False
seo services for local businesses,seo services,590,,0,LOW,22,commercial,,False
seo services wordpress,seo services,590,,38.15,LOW,11,commercial,,False
austin seo services,seo services,590,,0,LOW,14,commercial,,False
seo services austin,seo services,590,,0,LOW,9,commercial,,False
b2b seo services,seo services,590,,0,LOW,0,commercial,,False
seo services healthcare,seo services,590,,160.3,LOW,9,commercial,,False
healthcare seo services,seo services,590,,160.3,LOW,1,commercial,,False
seo services for wordpress,seo services,590,,38.15,LOW,9,commercial,,False
seo hosting services,seo services,590,,16.37,LOW,11,commercial,,False
seo services dallas,seo services,590,,170.88,LOW,21,commercial,,False
seo services in houston,seo services,590,,21.68,LOW,33,commercial,,False
seo content writing services,seo services,590,,0,LOW,0,commercial,,False
seo for healthcare services,seo services,590,,160.3,LOW,10,commercial,,False
seo services austin tx,seo services,590,,0,LOW,15,commercial,,False
affordable seo services for small businesses,seo services,590,0,65.13,LOW,7,commercial,affordable,False
enterprise seo services,seo services,590,,8.63,LOW,0,commercial,,False
seo services charleston sc,seo services,590,,12.63,LOW,11,commercial,,False
seo services charleston,seo services,590,,12.63,LOW,4,commercial,,False
top seo services usa,seo services,590,0,35.86,LOW,37,commercial,top,False
seo copywriting services,seo services,590,,9.8,LOW,6,commercial,,False
medical seo services,seo services,590,,0,LOW,0,commercial,,False
seo services for local business,seo services,590,,0,LOW,37,commercial,,False
seo ai tool,ai seo,590,,33.32,LOW,53,commercial,,False
seo ai tools,ai seo,590,,33.32,LOW,19,commercial,,False
generative engine optimization tools,generative engine optimization,590,,37.42,LOW,20,informational,,False
generative engine optimization services,generative engine optimization,590,,39.88,LOW,6,commercial,,False
generative engine optimization service,generative engine optimization,590,,39.88,LOW,2,commercial,,False
generative engine optimization tool,generative engine optimization,590,,37.42,LOW,24,informational,,False
web design company salt lake city,web design company,590,,25.43,LOW,35,commercial,,False
minneapolis web design company,web design company,590,,13.67,LOW,29,navigational,,False
ct web design company,web design company,590,,0,LOW,50,commercial,,False
connecticut web design company,web design company,590,,0,LOW,21,commercial,,False
web design company connecticut,web design company,590,,0,LOW,52,commercial,,False
web design company in connecticut,web design company,590,,0,LOW,32,commercial,,False
web design company in richmond,web design company,590,,11.6,LOW,49,commercial,,False
web design company in salt lake city,web design company,590,,25.43,LOW,29,commercial,,False
responsive web design company,web design company,590,,0,LOW,48,commercial,,False
salt lake city web design company,web design company,590,,25.43,LOW,21,commercial,,False
web design company in san jose,web design company,590,,32.01,LOW,9,commercial,,False
web design company richmond va,web design company,590,,11.6,LOW,31,commercial,,False
baton rouge web design company,web design company,590,,6.09,LOW,28,navigational,,False
web design company baton rouge,web design company,590,,6.09,LOW,18,commercial,,False
web design company fargo,web design company,590,,5.71,LOW,28,navigational,,False
web design company detroit,web design company,590,,7.16,LOW,3,commercial,,False
web design company in chicago,web design company,590,,16.36,LOW,90,commercial,,False
web design company ct,web design company,590,,0,LOW,77,commercial,,False
web design agency chicago,web design agency,590,,16.36,LOW,39,commercial,,False
best web design agency website,web design agency,590,0,22.1,LOW,30,commercial,best,False
web design agency in chicago,web design agency,590,,16.36,LOW,73,commercial,,False
chicago web design agency,web design agency,590,,16.36,LOW,95,commercial,,False
top web design agency,web design agency,590,1,54.28,MEDIUM,16,commercial,top,False
responsive web design agency,web design agency,590,,0,LOW,0,commercial,,False
best agency web design,web design agency,590,10,22.1,LOW,25,commercial,best,False
best web design agency,web design agency,590,10,22.1,LOW,59,commercial,best,False
responsive website development company,website development company,590,,0,LOW,2,commercial,,False
website application development company,website development company,590,,61.79,LOW,49,commercial,,False
shopify ecommerce website development,shopify development,590,,162.42,LOW,20,navigational,,False
shopify ecommerce web development,shopify development,590,,162.42,LOW,40,commercial,,False
shopify application development,shopify development,590,,21.54,LOW,33,commercial,,False
app development shopify,shopify development,590,,21.54,LOW,17,commercial,,False
shopify app development,shopify development,590,,21.54,LOW,31,commercial,,False
shopify custom theme development,shopify development,590,,8.51,MEDIUM,18,navigational,,False
shopify apps development,shopify development,590,,21.54,LOW,30,commercial,,False
what is a ai agency,ai agency,590,103,14.5,MEDIUM,13,informational,,True
ai agency reddit,ai agency,590,,0,LOW,21,informational,,False
create an ai agency,ai agency,590,,27.32,HIGH,39,commercial,,False
ai agent development company,ai agent development,590,,58.21,LOW,4,navigational,,False
ai agent development,ai agent development,590,,25.39,MEDIUM,27,commercial,,False
ai agent development companies,ai agent development,590,,58.21,LOW,0,commercial,,False
digital healthcare marketing agency,digital marketing agency,590,,29.09,LOW,75,commercial,,False
florida digital marketing agency,digital marketing agency,590,,13.82,LOW,29,commercial,,False
smartsites digital marketing agency,digital marketing agency,590,,103.06,LOW,33,commercial,,False
b2b digital marketing agency,digital marketing agency,590,,77.91,LOW,12,commercial,,False
digital marketing agency columbus oh,digital marketing agency,590,,7.47,LOW,29,commercial,,False
digital marketing agency in orlando,digital marketing agency,590,,21.29,LOW,43,commercial,,False
digital marketing agency columbus,digital marketing agency,590,,7.47,LOW,40,commercial,,False
digital b2b marketing agency,digital marketing agency,590,,77.91,LOW,46,commercial,,False
digital marketing agency in philadelphia,digital marketing agency,590,,21.85,LOW,63,commercial,,False
healthcare digital marketing agency,digital marketing agency,590,,29.09,LOW,28,commercial,,False
digital marketing agency florida,digital marketing agency,590,,13.82,LOW,31,commercial,,False
digital marketing agency healthcare,digital marketing agency,590,,29.09,LOW,28,commercial,,False
digital marketing agency for b2b,digital marketing agency,590,,77.91,LOW,57,commercial,,False
digital marketing agency orlando,digital marketing agency,590,,21.29,LOW,44,commercial,,False
digital marketing agency in connecticut,digital marketing agency,590,,0,LOW,41,commercial,,False
digital marketing agency orlando fl,digital marketing agency,590,,21.29,LOW,64,commercial,,False
digital marketing agency b2b,digital marketing agency,590,,77.91,LOW,50,commercial,,False
digital marketing agency in columbus,digital marketing agency,590,,7.47,LOW,29,commercial,,False
digital marketing agency ct,digital marketing agency,590,,0,LOW,32,commercial,,False
connecticut digital marketing agency,digital marketing agency,590,,0,LOW,19,commercial,,False
digital marketing agency philadelphia,digital marketing agency,590,,21.85,LOW,66,commercial,,False
digital marketing agency for healthcare,digital marketing agency,590,,29.09,LOW,28,commercial,,False
philadelphia digital marketing agency,digital marketing agency,590,,21.85,LOW,35,commercial,,False
health care digital marketing agency,digital marketing agency,590,,29.09,LOW,75,commercial,,False
digital marketing agency philadelphia pa,digital marketing agency,590,,21.85,LOW,63,commercial,,False
digital marketing agency connecticut,digital marketing agency,590,,0,LOW,32,commercial,,False
orlando digital marketing agency,digital marketing agency,590,,21.29,LOW,44,commercial,,False
digital marketing agency in florida,digital marketing agency,590,,13.82,LOW,29,commercial,,False
columbus digital marketing agency,digital marketing agency,590,,7.47,LOW,91,commercial,,False
digital marketing agency columbus ohio,digital marketing agency,590,,7.47,LOW,79,commercial,,False
amazon marketing agency,amazon agency,590,,51.8,LOW,11,commercial,,False
toronto seo agency,seo agency,480,,37.8,LOW,25,commercial,,False
seo agency seattle,seo agency,480,,22.19,LOW,27,commercial,,False
seo agency minneapolis,seo agency,480,,19.7,LOW,31,commercial,,False
indianapolis seo agency,seo agency,480,,0,LOW,0,commercial,,False
seo agency in texas,seo agency,480,,79.77,LOW,13,commercial,,False
houston seo agency,seo agency,480,,0,LOW,33,commercial,,False
fort lauderdale seo agency,seo agency,480,,0,LOW,0,commercial,,False
organic seo agency,seo agency,480,,0,LOW,0,commercial,,False
enterprise seo agency,seo agency,480,,88.05,LOW,0,commercial,,False
seo services agency,seo agency,480,,0,LOW,33,commercial,,False
seo agency in seattle,seo agency,480,,22.19,LOW,27,commercial,,False
seattle seo agency,seo agency,480,,22.19,LOW,27,commercial,,False
minneapolis seo agency,seo agency,480,,19.7,LOW,29,commercial,,False
seo agency toronto,seo agency,480,,37.8,LOW,33,commercial,,False
seo agency houston tx,seo agency,480,,0,LOW,34,commercial,,False
affordable seo company,seo company,480,0,0,LOW,10,commercial,affordable,False
seo company in minneapolis,seo company,480,,19.7,LOW,28,commercial,,False
seo software company,seo company,480,,74.73,LOW,61,commercial,,False
st louis seo company,seo company,480,,0,LOW,13,commercial,,False
seo company mn,seo company,480,,19.7,LOW,33,commercial,,False
seo company in st louis,seo company,480,,0,LOW,9,commercial,,False
indianapolis seo company,seo company,480,,0,LOW,0,commercial,,False
ai seo company,seo company,480,,108.97,LOW,0,commercial,,False
seo company myrtle beach,seo company,480,,0,LOW,0,commercial,,False
seo for plumbing company,seo company,480,,0,LOW,20,commercial,,False
seo company in indianapolis,seo company,480,,0,LOW,2,commercial,,False
seo company for plumbers,seo company,480,,0,LOW,16,commercial,,False
organic seo company,seo company,480,,0,LOW,25,commercial,,False
charleston seo company,seo company,480,,0,LOW,0,commercial,,False
seo toronto company,seo company,480,,37.8,LOW,28,commercial,,False
seo company charleston,seo company,480,,0,LOW,0,commercial,,False
seo company texas,seo company,480,,79.77,LOW,41,commercial,,False
seo company st louis,seo company,480,,0,LOW,18,commercial,,False
myrtle beach seo company,seo company,480,,0,LOW,0,commercial,,False
seo company toronto,seo company,480,,37.8,LOW,28,commercial,,False
miami seo company,seo company,480,,0,LOW,20,commercial,,False
seo company fort lauderdale,seo company,480,,0,LOW,0,commercial,,False
seo company in scottsdale,seo company,480,,0,LOW,1,commercial,,False
seo company in fort lauderdale,seo company,480,,0,LOW,0,commercial,,False
plumbing company seo,seo company,480,,0,LOW,16,navigational,,False
seo company tx,seo company,480,,79.77,LOW,19,commercial,,False
minnesota seo company,seo company,480,,19.7,LOW,22,commercial,,False
seo company minneapolis,seo company,480,,19.7,LOW,23,commercial,,False
seo company scottsdale,seo company,480,,0,LOW,8,commercial,,False
law firm seo company,seo company,480,,78.1,LOW,10,commercial,,False
fort lauderdale seo company,seo company,480,,0,LOW,0,commercial,,False
seo company indianapolis,seo company,480,,0,LOW,0,commercial,,False
scottsdale seo company,seo company,480,,0,LOW,0,commercial,,False
minneapolis seo company,seo company,480,,19.7,LOW,13,commercial,,False
the miami seo company,seo company,480,,0,LOW,27,commercial,,False
seo company in texas,seo company,480,,79.77,LOW,30,commercial,,False
seo services india,seo services,480,,24.42,LOW,52,commercial,,False
seo services denver co,seo services,480,,0,LOW,32,commercial,,False
outsourcing seo services,seo services,480,,0,LOW,0,commercial,,False
seo services google,seo services,480,,17.06,LOW,23,commercial,,False
what are the seo services,seo services,480,231,8.99,LOW,19,informational,,True
new york seo services,seo services,480,,37.7,LOW,21,commercial,,False
seo services new york,seo services,480,,37.7,LOW,21,commercial,,False
seo reseller services,seo services,480,,70.26,LOW,22,commercial,,False
what is seo services,seo services,480,231,8.99,LOW,39,informational,,True
seo services los angeles ca,seo services,480,,7.28,LOW,13,commercial,,False
google seo optimization services,seo services,480,,17.06,LOW,54,commercial,,False
google seo services,seo services,480,,17.06,LOW,42,commercial,,False
seo for financial services,seo services,480,,39.08,LOW,0,commercial,,False
financial services seo,seo services,480,,39.08,LOW,0,commercial,,False
seo & marketing services,seo services,480,,74.3,LOW,25,commercial,,False
los angeles seo services,seo services,480,,7.28,LOW,5,commercial,,False
seo services in la ca,seo services,480,,7.28,LOW,20,commercial,,False
seo business services,seo services,480,,0,LOW,19,commercial,,False
seo india services,seo services,480,,24.42,LOW,52,commercial,,False
outsourced seo services,seo services,480,,0,LOW,2,commercial,,False
organic seo services,seo services,480,,0,LOW,3,commercial,,False
vegas seo services,seo services,480,,20.09,LOW,11,commercial,,False
seo services from india,seo services,480,,24.42,LOW,52,commercial,,False
seo services new york city,seo services,480,,37.7,LOW,26,commercial,,False
seo services what is,seo services,480,,8.99,LOW,33,informational,,False
seo services las vegas,seo services,480,,20.09,LOW,30,commercial,,False
marketing and seo services,seo services,480,,74.3,LOW,26,commercial,,False
reseller seo services,seo services,480,,70.26,LOW,21,commercial,,False
what seo services,seo services,480,231,8.99,LOW,25,informational,,True
seo backlink services,seo services,480,,30.33,LOW,25,commercial,,False
seo services agencies,seo services,480,,0,LOW,17,commercial,,False
seo management services,seo services,480,,42.78,LOW,39,commercial,,False
indian seo services,seo services,480,,24.42,LOW,48,commercial,,False
seo and online marketing services,seo services,480,,0,LOW,60,commercial,,False
outsource seo services,seo services,480,,0,LOW,10,commercial,,False
seo services new york ny,seo services,480,,37.7,LOW,21,commercial,,False
finance seo services,seo services,480,,39.08,LOW,0,commercial,,False
seo services by google,seo services,480,,17.06,LOW,71,commercial,,False
woocommerce seo services,seo services,480,,0,LOW,0,commercial,,False
florida seo services,seo services,480,,0,LOW,3,commercial,,False
seo services firm,seo services,480,,0,LOW,46,commercial,,False
seo services in los angeles,seo services,480,,7.28,LOW,24,commercial,,False
seo services online,seo services,480,,26.94,LOW,33,commercial,,False
seo services in india,seo services,480,,24.42,LOW,48,commercial,,False
backlink seo services,seo services,480,,30.33,LOW,25,commercial,,False
seo services in florida,seo services,480,,0,LOW,14,commercial,,False
seo online services,seo services,480,,26.94,LOW,35,commercial,,False
seo and marketing services,seo services,480,,74.3,LOW,31,commercial,,False
india seo services,seo services,480,,24.42,LOW,51,commercial,,False
seo backlinks services,seo services,480,,30.33,LOW,25,commercial,,False
saas seo services,seo services,480,,24.43,LOW,0,commercial,,False
marketing seo services,seo services,480,,74.3,LOW,39,commercial,,False
seo services la,seo services,480,,7.28,LOW,12,commercial,,False
las vegas seo services,seo services,480,,20.09,LOW,10,commercial,,False
online marketing seo services,seo services,480,,0,LOW,36,commercial,,False
seo online marketing services,seo services,480,,0,LOW,37,commercial,,False
seo services reseller,seo services,480,,70.26,LOW,14,commercial,,False
seo services for google,seo services,480,,17.06,LOW,30,commercial,,False
seo services firms,seo services,480,,0,LOW,25,commercial,,False
what are seo services,seo services,480,231,8.99,LOW,25,informational,,True
seo services marketing,seo services,480,,74.3,LOW,15,commercial,,False
seo financial services,seo services,480,,39.08,LOW,0,commercial,,False
seo services denver,seo services,480,,0,LOW,32,commercial,,False
online seo services,seo services,480,,26.94,LOW,57,commercial,,False
financial seo services,seo services,480,,39.08,LOW,0,commercial,,False
best ai tool for seo,ai seo,480,62,43.21,LOW,4,commercial,best,False
best ai tools for seo,ai seo,480,62,43.21,LOW,15,commercial,best,False
ai seo companies,ai seo,480,,108.97,LOW,0,commercial,,False
search atlas ai seo software,ai seo,480,,10.42,MEDIUM,25,commercial,,False
what is answer engine optimization,answer engine optimization,480,18,11.44,LOW,32,informational,,True
answer engine optimization services,answer engine optimization,480,,36.37,LOW,6,informational,,False
answer engine optimization aeo,answer engine optimization,480,,45.28,LOW,36,informational,,False
web design company in nyc,web design company,480,,17.93,LOW,42,commercial,,False
web design company in vancouver,web design company,480,,48.35,LOW,93,commercial,,False
web design company lexington ky,web design company,480,,13.98,LOW,40,commercial,,False
austin web design company,web design company,480,,32.91,LOW,85,commercial,,False
web design company ecommerce,web design company,480,,41.74,LOW,24,commercial,,False
web design company west palm beach,web design company,480,,23.84,LOW,0,commercial,,False
new jersey web design company,web design company,480,,74.24,MEDIUM,67,commercial,,False
web design company in india,web design company,480,,11.16,LOW,86,commercial,,False
web design company new jersey,web design company,480,,74.24,MEDIUM,52,commercial,,False
nj web design company,web design company,480,,74.24,MEDIUM,67,commercial,,False
e commerce web design company,web design company,480,,41.74,LOW,21,commercial,,False
professional web design company,web design company,480,,44.54,LOW,91,commercial,,False
dc web design company,web design company,480,,0,LOW,28,commercial,,False
web design company new york city,web design company,480,,17.93,LOW,33,commercial,,False
web design company austin,web design company,480,,32.91,LOW,82,commercial,,False
web design company in new jersey,web design company,480,,74.24,MEDIUM,33,commercial,,False
web design company in louisville,web design company,480,,21.32,LOW,93,commercial,,False
web design company in cleveland,web design company,480,,13.67,LOW,0,commercial,,False
new york city web design company,web design company,480,,17.93,LOW,33,navigational,,False
web design company florida,web design company,480,,13.79,LOW,75,commercial,,False
web design company in buffalo,web design company,480,,23.51,LOW,53,commercial,,False
e-commerce web design company,web design company,480,,41.74,LOW,59,commercial,,False
nyc web design company,web design company,480,,17.93,LOW,45,commercial,,False
web design company dc,web design company,480,,0,LOW,28,commercial,,False
web design company in nj,web design company,480,,74.24,MEDIUM,67,commercial,,False
web design company austin texas,web design company,480,,32.91,LOW,51,commercial,,False
web design company nj,web design company,480,,74.24,MEDIUM,49,commercial,,False
india web design company,web design company,480,,11.16,LOW,92,commercial,,False
florida web design company,web design company,480,,13.79,LOW,74,commercial,,False
web design company in dc,web design company,480,,0,LOW,28,commercial,,False
web design company india,web design company,480,,11.16,LOW,87,commercial,,False
web design company in columbia,web design company,480,,17.86,LOW,25,commercial,,False
web design company in florida,web design company,480,,13.79,LOW,69,commercial,,False
ny web design company,web design company,480,,17.93,LOW,47,commercial,,False
web design company in new york city,web design company,480,,17.93,LOW,33,commercial,,False
web design company vancouver,web design company,480,,48.35,LOW,93,commercial,,False
web design company in washington dc,web design company,480,,0,LOW,60,commercial,,False
tucson web design company,web design company,480,,26.08,LOW,68,navigational,,False
web design company washington dc,web design company,480,,0,LOW,60,commercial,,False
ecommerce web design company,web design company,480,,41.74,LOW,45,commercial,,False
web design company in united states,web design company,480,,17.38,MEDIUM,41,commercial,,False
web design agency india,web design agency,480,,11.16,LOW,65,commercial,,False
web design agency in india,web design agency,480,,11.16,LOW,84,commercial,,False
web design agency nj,web design agency,480,,74.24,MEDIUM,70,commercial,,False
web design agency ny,web design agency,480,,17.93,LOW,93,commercial,,False
dallas web design agency,web design agency,480,,56.86,LOW,72,commercial,,False
web design agency dallas,web design agency,480,,56.86,LOW,37,commercial,,False
web design agency in dallas,web design agency,480,,56.86,LOW,35,commercial,,False
web design agency washington dc,web design agency,480,,0,LOW,61,commercial,,False
b2b web design agency,web design agency,480,,131.31,LOW,33,commercial,,False
website and app development company,website development company,480,,0,LOW,51,commercial,,False
professional website development company,website development company,480,,44.54,LOW,40,commercial,,False
ad agency ecommerce,ecommerce agency,480,,124.25,LOW,14,commercial,,False
ecommerce advertising agency,ecommerce agency,480,,124.25,LOW,7,commercial,,False
ecommerce ad agency,ecommerce agency,480,,124.25,LOW,4,commercial,,False
shopify ecommerce development company,ecommerce development company,480,,0,LOW,22,commercial,,False
shopify plus agency,shopify agency,480,,14.1,LOW,0,navigational,,False
shopify development agency,shopify agency,480,,31.59,LOW,32,navigational,,False
shopify dev agency,shopify agency,480,,31.59,LOW,32,navigational,,False
theme development shopify,shopify development,480,,10.86,LOW,16,commercial,,False
shopify ecommerce development,shopify development,480,,0,LOW,58,commercial,,False
shopify web development service,shopify development,480,,29.84,LOW,48,commercial,,False
shopify development agencies,shopify development,480,,31.59,LOW,82,commercial,,False
shopify theme development,shopify development,480,,10.86,LOW,4,commercial,,False
shopify website development service,shopify development,480,,29.84,LOW,43,commercial,,False
shopify development theme,shopify development,480,,10.86,LOW,23,navigational,,False
shopify web development services,shopify development,480,,29.84,LOW,26,commercial,,False
shopify template development,shopify development,480,,10.86,LOW,19,commercial,,False
shopify website development services,shopify development,480,,29.84,LOW,44,commercial,,False
ai agency jobs,ai agency,480,,4.35,LOW,,navigational,,False
ai advertising agency,ai agency,480,,26.84,MEDIUM,45,commercial,,False
ai ad agency,ai agency,480,,26.84,MEDIUM,27,commercial,,False
automation agency ai,ai agency,480,,0,LOW,25,navigational,,False
ai ads agency,ai agency,480,,26.84,MEDIUM,54,commercial,,False
ai agent development services,ai agent development,480,,34.7,LOW,2,commercial,,False
ai agent development service,ai agent development,480,,34.7,LOW,0,commercial,,False
san francisco digital marketing agency,digital marketing agency,480,,22.18,LOW,3,commercial,,False
sf digital marketing agency,digital marketing agency,480,,22.18,LOW,6,commercial,,False
digital marketing agency in nashville,digital marketing agency,480,,10.4,LOW,29,commercial,,False
pittsburgh digital marketing agency,digital marketing agency,480,,11.7,LOW,24,commercial,,False
ct digital marketing agency,digital marketing agency,480,,0,LOW,75,commercial,,False
st louis digital marketing agency,digital marketing agency,480,,15.06,LOW,42,commercial,,False
digital marketing agency in boston,digital marketing agency,480,,31.73,LOW,38,commercial,,False
digital marketing agency boston,digital marketing agency,480,,31.73,LOW,26,commercial,,False
digital marketing agency pittsburgh,digital marketing agency,480,,11.7,LOW,51,commercial,,False
digital marketing agency nashville,digital marketing agency,480,,10.4,LOW,17,commercial,,False
best digital marketing agency in usa,digital marketing agency,480,0,15.29,LOW,59,commercial,best,False
digital marketing agency in pittsburgh,digital marketing agency,480,,11.7,LOW,12,commercial,,False
nashville digital marketing agency,digital marketing agency,480,,10.4,LOW,14,commercial,,False
digital marketing agency st louis,digital marketing agency,480,,15.06,LOW,31,commercial,,False
digital marketing agency boston ma,digital marketing agency,480,,31.73,LOW,22,commercial,,False
digital marketing agency nashville tn,digital marketing agency,480,,10.4,LOW,29,commercial,,False
digital marketing agency san francisco,digital marketing agency,480,,22.18,LOW,6,commercial,,False
boston digital marketing agency,digital marketing agency,480,,31.73,LOW,50,commercial,,False
best digital marketing agency usa,digital marketing agency,480,0,15.29,LOW,58,commercial,best,False
digital marketing agency san francisco ca,digital marketing agency,480,,22.18,LOW,3,commercial,,False
digital marketing agency in san francisco,digital marketing agency,480,,22.18,LOW,6,commercial,,False
law firm seo agency,seo agency,390,,199.39,LOW,15,commercial,,False
best tools for seo agency,seo agency,390,5,0,LOW,12,commercial,best,False
seo agency new jersey,seo agency,390,,53.97,LOW,23,commercial,,False
google seo agency,seo agency,390,,122.18,LOW,54,commercial,,False
seo agency for attorneys,seo agency,390,,0,LOW,20,commercial,,False
edmonton seo agency,seo agency,390,,0,LOW,32,commercial,,False
pittsburgh seo agency,seo agency,390,,15.19,LOW,9,commercial,,False
white label seo agency,seo agency,390,,47.33,LOW,11,commercial,,False
seo and digital marketing agency,seo agency,390,,28.67,LOW,75,commercial,,False
digital marketing seo agency,seo agency,390,,28.67,LOW,97,commercial,,False
melbourne seo agency,seo agency,390,,0,LOW,47,commercial,,False
best seo agency in london,seo agency,390,0,0,LOW,28,commercial,best,False
seo agency san francisco,seo agency,390,,42.83,LOW,20,commercial,,False
nj seo agency,seo agency,390,,53.97,LOW,20,commercial,,False
digital-marketing-agency seo,seo agency,390,,28.67,LOW,95,commercial,,False
seo agency melbourne,seo agency,390,,0,LOW,40,commercial,,False
seo agency in melbourne,seo agency,390,,0,LOW,47,commercial,,False
baltimore seo agency,seo agency,390,,0,LOW,7,commercial,,False
san francisco seo agency,seo agency,390,,42.83,LOW,19,commercial,,False
seo agency edmonton,seo agency,390,,0,LOW,17,commercial,,False
best seo agency london,seo agency,390,0,0,LOW,42,commercial,best,False
seo agency boise,seo agency,390,,47.93,LOW,12,commercial,,False
digital marketing agency seo,seo agency,390,,28.67,LOW,42,commercial,,False
seo agency management software,seo agency,390,,0,LOW,1,commercial,,False
boise seo agency,seo agency,390,,0,LOW,23,commercial,,False
seo agency in san francisco,seo agency,390,,42.83,LOW,19,commercial,,False
top local seo agency,seo agency,390,0,39.54,LOW,26,commercial,top,False
seo marketing agency near me,seo agency,390,,10.2,LOW,36,commercial,,False
new jersey seo agency,seo agency,390,,53.97,LOW,18,commercial,,False
seo agency in dubai,seo agency,390,,0,LOW,50,commercial,,False
seo agency dubai,seo agency,390,,0,LOW,39,commercial,,False
seo agency nj,seo agency,390,,53.97,LOW,35,commercial,,False
seo agency in new jersey,seo agency,390,,53.97,LOW,36,commercial,,False
seo company cheap,seo company,390,,106.55,LOW,11,commercial,,False
seo marketing company near me,seo company,390,,100.03,LOW,30,commercial,,False
seo company search,seo company,390,,0,LOW,47,commercial,,False
best seo company in london,seo company,390,0,0,LOW,28,commercial,best,False
seo company san francisco,seo company,390,,42.83,LOW,20,commercial,,False
best seo company for lawyers,seo company,390,0,311.42,LOW,10,commercial,best,False
seo company london,seo company,390,,0,LOW,32,commercial,,False
buffalo seo company,seo company,390,,45.49,LOW,0,commercial,,False
best seo company london,seo company,390,0,0,LOW,29,commercial,best,False
london seo company,seo company,390,,0,LOW,32,commercial,,False
seo company in san francisco,seo company,390,,42.83,LOW,19,commercial,,False
insurance company seo,seo company,390,,0,LOW,0,commercial,,False
buffalo ny seo company,seo company,390,,45.49,LOW,1,commercial,,False
seo company buffalo,seo company,390,,45.49,LOW,0,commercial,,False
seo company uae,seo company,390,,0,LOW,30,commercial,,False
pittsburgh seo company,seo company,390,,15.19,LOW,0,commercial,,False
boise idaho seo company,seo company,390,,0,LOW,15,navigational,,False
seo company boise,seo company,390,,0,LOW,5,commercial,,False
cheap seo company,seo company,390,,106.55,LOW,12,commercial,,False
seo and internet marketing company,seo company,390,,0,LOW,44,commercial,,False
best lawyer seo company,seo company,390,0,311.42,LOW,15,commercial,best,False
search engine optimization seo company,seo company,390,,0,LOW,39,commercial,,False
top local seo company,seo company,390,0,39.54,LOW,16,commercial,top,False
dubai seo company,seo company,390,,0,LOW,45,commercial,,False
seo for insurance company,seo company,390,,0,LOW,0,commercial,,False
best seo company for attorneys,seo company,390,0,311.42,LOW,25,commercial,best,False
seo for hvac company,seo company,390,,91.17,LOW,19,commercial,,False
seo dubai company,seo company,390,,0,LOW,45,commercial,,False
seo company in london,seo company,390,,0,LOW,29,commercial,,False
seo company in buffalo,seo company,390,,45.49,LOW,0,commercial,,False
seo company boise idaho,seo company,390,,0,LOW,10,navigational,,False
seo company in boise,seo company,390,,0,LOW,8,commercial,,False
seo company in baltimore,seo company,390,,0,LOW,4,commercial,,False
seo company in orange county,seo company,390,,74.53,LOW,27,commercial,,False
seo internet marketing company,seo company,390,,0,LOW,39,commercial,,False
baltimore seo company,seo company,390,,0,LOW,2,commercial,,False
seo company london uk,seo company,390,,0,LOW,57,commercial,,False
seo company in edmonton,seo company,390,,0,LOW,32,commercial,,False
seo company buffalo ny,seo company,390,,45.49,LOW,0,commercial,,False
google company seo,seo company,390,,122.18,LOW,47,commercial,,False
boise seo company,seo company,390,,0,LOW,5,commercial,,False
seo company pittsburgh,seo company,390,,15.19,LOW,3,commercial,,False
seo company in dubai,seo company,390,,0,LOW,50,commercial,,False
seo company baltimore,seo company,390,,0,LOW,3,commercial,,False
edmonton seo company,seo company,390,,0,LOW,32,commercial,,False
seo company dubai,seo company,390,,0,LOW,45,commercial,,False
b2b seo company,seo company,390,,501.35,LOW,0,commercial,,False
insurance seo company,seo company,390,,0,LOW,0,commercial,,False
google seo company,seo company,390,,122.18,LOW,35,commercial,,False
seo company in pittsburgh,seo company,390,,15.19,LOW,11,commercial,,False
seo company edmonton,seo company,390,,0,LOW,13,commercial,,False
conductor seo company,seo company,390,,6.58,MEDIUM,19,commercial,,False
seo company in uae,seo company,390,,0,LOW,69,commercial,,False
google map seo services,seo services,390,,11.76,LOW,0,commercial,,False
seo services england,seo services,390,,0,LOW,45,commercial,,False
seo services in orange county,seo services,390,,74.53,LOW,23,commercial,,False
seo optimization services uk,seo services,390,,0,LOW,48,commercial,,False
seo services outsourcing,seo services,390,,0,LOW,11,commercial,,False
seo services in seattle,seo services,390,,0,LOW,9,commercial,,False
new jersey seo services,seo services,390,,0,LOW,25,commercial,,False
offpage seo services,seo services,390,,9.24,LOW,4,commercial,,False
seo keyword research services,seo services,390,,0,LOW,84,commercial,,False
seo services los angeles,seo services,390,,16.19,LOW,13,commercial,,False
seo services new orleans,seo services,390,,0,LOW,0,commercial,,False
best seo services in london,seo services,390,0,0,LOW,25,commercial,best,False
seo services in england,seo services,390,,0,LOW,45,commercial,,False
new orleans seo services,seo services,390,,0,LOW,0,commercial,,False
uk seo services,seo services,390,,0,LOW,45,commercial,,False
seo services orange county,seo services,390,,74.53,LOW,34,commercial,,False
seo services in new orleans,seo services,390,,0,LOW,0,commercial,,False
seo for professional services firms,seo services,390,,0,LOW,0,commercial,,False
seo services in uk,seo services,390,,0,LOW,47,commercial,,False
seo uk services,seo services,390,,0,LOW,43,commercial,,False
seo services new jersey,seo services,390,,0,LOW,24,commercial,,False
tampa seo services,seo services,390,,0,LOW,12,commercial,,False
seo services keyword research,seo services,390,,0,LOW,84,commercial,,False
seo services uk,seo services,390,,0,LOW,45,commercial,,False
seo website optimization services,seo services,390,,206.92,LOW,50,commercial,,False
seo outsourcing services,seo services,390,,0,LOW,1,commercial,,False
google maps seo services,seo services,390,,11.76,LOW,0,commercial,,False
seo technical audit services,seo services,390,,0,LOW,0,commercial,,False
seattle seo services,seo services,390,,0,LOW,9,commercial,,False
seo off page services,seo services,390,,9.24,LOW,0,commercial,,False
off-page seo services,seo services,390,,9.24,LOW,3,commercial,,False
seo services in dubai,seo services,390,,0,LOW,43,commercial,,False
off page seo services,seo services,390,,9.24,LOW,3,commercial,,False
dallas seo services,seo services,390,,7.85,LOW,23,commercial,,False
seo services tampa,seo services,390,,0,LOW,0,commercial,,False
seo services in tampa,seo services,390,,0,LOW,0,commercial,,False
seo services dallas tx,seo services,390,,7.85,LOW,19,commercial,,False
nj seo services,seo services,390,,0,LOW,21,commercial,,False
seo services tampa fl,seo services,390,,0,LOW,0,commercial,,False
seo services orange county ca,seo services,390,,74.53,LOW,23,commercial,,False
plumber seo services,seo services,390,,0,LOW,17,commercial,,False
seo services in nj,seo services,390,,0,LOW,29,commercial,,False
seo services in new jersey,seo services,390,,0,LOW,21,commercial,,False
seo services dubai,seo services,390,,0,LOW,39,commercial,,False
international seo services,seo services,390,,0,LOW,0,commercial,,False
seo services in dallas,seo services,390,,7.85,LOW,25,commercial,,False
seo professional services,seo services,390,,0,LOW,17,commercial,,False
plumbing seo services,seo services,390,,0,LOW,10,commercial,,False
seo services seattle,seo services,390,,0,LOW,8,commercial,,False
seo services in san francisco,seo services,390,,42.83,LOW,37,commercial,,False
seo for professional services,seo services,390,,0,LOW,0,commercial,,False
ai-based seo tools,ai seo,390,,126.36,LOW,29,commercial,,False
ai seo software,ai seo,390,,43.42,LOW,32,commercial,,False
ai based seo tools,ai seo,390,,126.36,LOW,22,commercial,,False
surfer seo ai detector,ai seo,390,,6.41,LOW,20,commercial,,False
best ai seo,ai seo,390,113,42.21,MEDIUM,14,commercial,best,False
profound generative engine optimization,generative engine optimization,390,,14.34,LOW,22,commercial,,False
answer engine optimization tool,answer engine optimization,390,,17.61,LOW,13,commercial,,False
answer engine optimization tools,answer engine optimization,390,,17.61,LOW,16,informational,,False
ecommerce web design development company,web design company,390,,0,LOW,19,commercial,,False
web design company orlando,web design company,390,,0,LOW,70,commercial,,False
web design and development company in india,web design company,390,,52.25,LOW,86,commercial,,False
web design company edmonton,web design company,390,,1.54,LOW,59,commercial,,False
web design and development company india,web design company,390,,52.25,LOW,57,commercial,,False
charlotte web design company,web design company,390,,0,LOW,28,commercial,,False
indian web design company,web design company,390,,52.25,LOW,90,commercial,,False
web design company for small business,web design company,390,,10.92,LOW,19,commercial,,False
chicago web design company,web design company,390,,0,LOW,72,commercial,,False
bellingham web design company,web design company,390,,12.46,LOW,57,commercial,,False
web design company minneapolis,web design company,390,,22.99,LOW,84,commercial,,False
web design company charlotte,web design company,390,,0,LOW,20,commercial,,False
web design company in edmonton,web design company,390,,1.54,LOW,48,commercial,,False
orlando web design agency,web design agency,390,,0,LOW,47,commercial,,False
web design agency orlando,web design agency,390,,0,LOW,78,commercial,,False
clay web design agency,web design agency,390,,37.08,LOW,38,commercial,,False
website development services company,website development company,390,,28.04,LOW,35,commercial,,False
website development company services,website development company,390,,28.04,LOW,24,commercial,,False
india website development company,website development company,390,,52.25,LOW,78,commercial,,False
indian website development company,website development company,390,,52.25,LOW,84,commercial,,False
website design and development company in india,website development company,390,,52.25,LOW,86,commercial,,False
custom website development company,website development company,390,,30.43,LOW,19,commercial,,False
website design and development company india,website development company,390,,52.25,LOW,87,commercial,,False
website designing and development company in india,website development company,390,,52.25,LOW,84,commercial,,False
ecommerce website design and development company,website development company,390,,0,LOW,37,commercial,,False
website development service company,website development company,390,,28.04,LOW,39,commercial,,False
website development company chicago,website development company,390,,0,LOW,43,commercial,,False
website development company india,website development company,390,,52.25,LOW,38,commercial,,False
website development company near me,website development company,390,,83.19,LOW,72,commercial,,False
ecommerce website development company,website development company,390,,0,LOW,19,commercial,,False
ecommerce digital marketing agency,ecommerce agency,390,,269.81,LOW,4,commercial,,False
digital marketing agency ecommerce,ecommerce agency,390,,269.81,LOW,12,commercial,,False
shopify development stores,shopify development,390,,9.81,LOW,26,navigational,,False
shopify development jobs,shopify development,390,,2.62,LOW,19,navigational,,False
development store shopify,shopify development,390,,9.81,LOW,26,navigational,,False
shopify development store,shopify development,390,,9.81,LOW,28,navigational,,False
shopify store development,shopify development,390,,9.81,LOW,25,commercial,,False
shopify development login,shopify development,390,,0,LOW,81,navigational,,False
development shopify store,shopify development,390,,9.81,LOW,26,navigational,,False
development stores shopify,shopify development,390,,9.81,LOW,39,navigational,,False
ai calling agency,ai agency,390,,102.77,MEDIUM,57,informational,,False
ai chat agency,ai agency,390,,20.1,LOW,75,commercial,,False
top ai agency,ai agency,390,0,17.55,MEDIUM,,navigational,top,False
ai chatbot agency,ai agency,390,,20.1,LOW,31,commercial,,False
how to make ai agency,ai agency,390,1,15.3,MEDIUM,,informational,,True
digital marketing agency london uk,digital marketing agency,390,,12.24,LOW,65,commercial,,False
digital marketing agency in seattle,digital marketing agency,390,,12.02,LOW,20,commercial,,False
digital marketing agency charlotte nc,digital marketing agency,390,,19.76,LOW,23,commercial,,False
seattle digital marketing agency,digital marketing agency,390,,12.02,LOW,52,commercial,,False
e-commerce digital marketing agency,digital marketing agency,390,,269.81,LOW,53,commercial,,False
digital marketing london agency,digital marketing agency,390,,12.24,LOW,57,commercial,,False
startup digital marketing agency,digital marketing agency,390,,0,LOW,0,commercial,,False
digital marketing agency startups,digital marketing agency,390,,0,LOW,0,commercial,,False
charlotte digital marketing agency,digital marketing agency,390,,19.76,LOW,26,commercial,,False
digital marketing agency india,digital marketing agency,390,,14.42,LOW,68,commercial,,False
digital marketing agency for startup,digital marketing agency,390,,0,LOW,0,commercial,,False
e commerce digital marketing agency,digital marketing agency,390,,269.81,LOW,3,commercial,,False
digital marketing agency seattle,digital marketing agency,390,,12.02,LOW,20,commercial,,False
digital marketing agency for law firms,digital marketing agency,390,,52.22,LOW,83,commercial,,False
digital marketing agency e commerce,digital marketing agency,390,,269.81,LOW,5,commercial,,False
digital marketing agency in london,digital marketing agency,390,,12.24,LOW,47,commercial,,False
digital marketing agency in india,digital marketing agency,390,,14.42,LOW,34,commercial,,False
digital marketing agency in las vegas,digital marketing agency,390,,8.03,LOW,27,commercial,,False
digital marketing agency for startups,digital marketing agency,390,,0,LOW,0,commercial,,False
london digital marketing agency,digital marketing agency,390,,12.24,LOW,57,commercial,,False
digital marketing agency in charlotte,digital marketing agency,390,,19.76,LOW,33,commercial,,False
india digital marketing agency,digital marketing agency,390,,14.42,LOW,34,commercial,,False
digital marketing agency startup,digital marketing agency,390,,0,LOW,0,commercial,,False
digital marketing agency las vegas,digital marketing agency,390,,8.03,LOW,27,commercial,,False
top digital marketing agency in usa,digital marketing agency,390,0,20.56,LOW,43,commercial,top,False
agency digital marketing london,digital marketing agency,390,,12.24,LOW,57,commercial,,False
top digital marketing agency usa,digital marketing agency,390,,20.56,LOW,18,commercial,top,False
digital marketing agency charlotte,digital marketing agency,390,,19.76,LOW,24,commercial,,False
digital marketing agency london,digital marketing agency,390,,12.24,LOW,57,commercial,,False
las vegas digital marketing agency,digital marketing agency,390,,8.03,LOW,38,commercial,,False
law firm digital marketing agency,digital marketing agency,390,,52.22,LOW,53,commercial,,False
seo agency birmingham,seo agency,320,,0,LOW,0,commercial,,False
top-rated seo agency,seo agency,320,,136.86,LOW,39,commercial,,False
seo outsourcing agency,seo agency,320,,78.31,LOW,0,commercial,,False
seo agency pricing,seo agency,320,,0,LOW,32,commercial,,False
nashville seo agency,seo agency,320,,59.81,LOW,1,commercial,,False
seo agency price,seo agency,320,,0,LOW,32,commercial,,False
seo consulting agency,seo agency,320,,0,LOW,14,commercial,,False
birmingham seo agency,seo agency,320,,0,LOW,0,commercial,,False
seo agency in miami,seo agency,320,,0,LOW,17,commercial,,False
top 10 seo agency,seo agency,320,,0,LOW,22,commercial,top 10,False
seo consultant agency,seo agency,320,,0,LOW,18,commercial,,False
seo ai agency,seo agency,320,,32.02,MEDIUM,40,commercial,,False
seo ads agency,seo agency,320,,46.45,LOW,78,commercial,,False
best seo agency near me,seo agency,320,,115.49,LOW,30,commercial,best,False
seo agency nashville,seo agency,320,,59.81,LOW,0,commercial,,False
tucson seo agency,seo agency,320,,0,LOW,7,commercial,,False
seo agency for law firms,seo agency,320,,135.69,LOW,21,commercial,,False
seo agency tampa,seo agency,320,,0,LOW,9,commercial,,False
best saas seo agency,seo agency,320,,69.56,LOW,14,commercial,best,False
best seo agency nj,seo agency,320,,0,LOW,23,commercial,best,False
seo advertising agency,seo agency,320,,46.45,LOW,29,commercial,,False
seo agency in birmingham,seo agency,320,,0,LOW,3,commercial,,False
top rated seo agency,seo agency,320,,136.86,LOW,27,commercial,top,False
1 seo digital agency,seo agency,320,,27.46,LOW,9,commercial,,False
seo agency in san jose,seo agency,320,,7.22,LOW,0,commercial,,False
seo agency fees,seo agency,320,,0,LOW,18,commercial,,False
seo company in manchester,seo company,320,,0,LOW,11,commercial,,False
fort worth seo company,seo company,320,,14.98,LOW,0,commercial,,False
best seo services company,seo company,320,,0,LOW,15,commercial,best,False
virginia seo company,seo company,320,,133.24,LOW,5,commercial,,False
best seo company nj,seo company,320,,0,LOW,17,commercial,best,False
richmond seo company,seo company,320,,0,LOW,0,commercial,,False
top rated seo company,seo company,320,,136.86,LOW,18,commercial,top,False
seo company virginia,seo company,320,,133.24,LOW,0,commercial,,False
birmingham seo company,seo company,320,,0,LOW,0,commercial,,False
best seo service company,seo company,320,,0,LOW,39,commercial,best,False
manchester seo company,seo company,320,,0,LOW,28,commercial,,False
seo company richmond,seo company,320,,0,LOW,0,commercial,,False
best seo company new jersey,seo company,320,,0,LOW,9,commercial,best,False
plumber seo company,seo company,320,,111.78,LOW,16,commercial,,False
seo company in san jose,seo company,320,,7.22,LOW,0,commercial,,False
best ecommerce seo company,seo company,320,,0,LOW,10,commercial,best,False
local seo company los angeles,seo company,320,,0,LOW,11,commercial,,False
local seo marketing company,seo company,320,,0,LOW,19,commercial,,False
healthcare seo company,seo company,320,,290.15,LOW,0,commercial,,False
best seo company houston,seo company,320,,58.31,LOW,36,commercial,best,False
best seo company in nj,seo company,320,,0,LOW,21,commercial,best,False
seo services best company,seo company,320,,0,LOW,39,commercial,best,False
seo advertising company,seo company,320,,46.45,LOW,21,commercial,,False
best seo company in houston,seo company,320,,58.31,LOW,35,commercial,best,False
seo company prices,seo company,320,,0,LOW,21,commercial,,False
seo company in fort worth,seo company,320,,14.98,LOW,1,commercial,,False
technical seo company,seo company,320,,0,LOW,8,commercial,,False
top-rated seo company,seo company,320,,136.86,LOW,39,commercial,,False
seo company va,seo company,320,,133.24,LOW,5,commercial,,False
spokane seo company,seo company,320,,0,LOW,2,commercial,,False
va seo company,seo company,320,,133.24,LOW,12,commercial,,False
top ten seo company,seo company,320,,0,LOW,24,commercial,top,False
seo company fort worth tx,seo company,320,,14.98,LOW,6,commercial,,False
seo company in nashville,seo company,320,,0,LOW,0,commercial,,False
seo company fort worth,seo company,320,,14.98,LOW,0,commercial,,False
best seo company in new jersey,seo company,320,,0,LOW,6,commercial,best,False
seo company nashville,seo company,320,,0,LOW,9,commercial,,False
best houston seo company,seo company,320,,58.31,LOW,43,commercial,best,False
seo company in virginia,seo company,320,,133.24,LOW,0,commercial,,False
best seo company services,seo company,320,,0,LOW,39,commercial,best,False
real estate company seo,seo company,320,,16.01,LOW,0,commercial,,False
seo company san jose,seo company,320,,7.22,LOW,0,commercial,,False
seo company pricing,seo company,320,,0,LOW,28,commercial,,False
seo company richmond va,seo company,320,,0,LOW,0,navigational,,False
real estate seo company,seo company,320,,16.01,LOW,6,commercial,,False
seo company in richmond,seo company,320,,0,LOW,0,commercial,,False
best seo company for ecommerce,seo company,320,,0,LOW,39,commercial,best,False
seo company in spokane,seo company,320,,0,LOW,2,commercial,,False
hvac seo company,seo company,320,,0,LOW,14,commercial,,False
los angeles local seo company,seo company,320,,0,LOW,12,commercial,,False
san jose seo company,seo company,320,,7.22,LOW,0,commercial,,False
seo outsourcing company,seo company,320,,78.31,LOW,0,commercial,,False
seo company santa rosa,seo company,320,,0,LOW,18,commercial,,False
seo company manchester,seo company,320,,0,LOW,11,commercial,,False
plumbing seo company,seo company,320,,111.78,LOW,14,commercial,,False
top 10 seo company,seo company,320,,0,LOW,33,commercial,top 10,False
keyword research seo company,seo company,320,,0,,40,commercial,,False
seo services in arizona,seo services,320,,0,LOW,14,commercial,,False
automated seo services,seo services,320,,61.83,LOW,22,commercial,,False
digital marketing and seo services,seo services,320,,0,LOW,42,commercial,,False
franchise seo services,seo services,320,,17.09,LOW,0,commercial,,False
godaddy seo services,seo services,320,,13.21,LOW,0,commercial,,False
arizona seo services,seo services,320,,0,LOW,0,commercial,,False
best seo services companies,seo services,320,,0,LOW,26,commercial,best,False
seo services in portland,seo services,320,,39.64,LOW,23,commercial,,False
freelancer seo services,seo services,320,,0,LOW,35,commercial,,False
seo services for franchises,seo services,320,,17.09,LOW,0,commercial,,False
ny seo services,seo services,320,,63.57,LOW,24,commercial,,False
magento seo services,seo services,320,,0,LOW,0,commercial,,False
myrtle beach seo services,seo services,320,,0,LOW,0,commercial,,False
digital marketing seo services,seo services,320,,0,LOW,80,commercial,,False
portland seo services,seo services,320,,39.64,LOW,15,commercial,,False
seo services for contractors,seo services,320,,0,LOW,0,commercial,,False
seo monthly services,seo services,320,,22.07,LOW,19,commercial,,False
seo services package,seo services,320,,0,LOW,6,commercial,,False
seo services california,seo services,320,,39.1,LOW,20,commercial,,False
seo services in manchester,seo services,320,,0,LOW,28,commercial,,False
seo services myrtle beach,seo services,320,,0,LOW,0,commercial,,False
website marketing seo services,seo services,320,,0,LOW,45,commercial,,False
chicago seo services,seo services,320,,0,LOW,18,commercial,,False
automotive seo services,seo services,320,,61.83,LOW,12,commercial,,False
la seo services,seo services,320,,13.75,LOW,15,commercial,,False
seo services chicago il,seo services,320,,0,LOW,32,commercial,,False
mobile seo services,seo services,320,,0,LOW,0,commercial,,False
seo services portland oregon,seo services,320,,39.64,LOW,20,commercial,,False
best seo consulting services,seo services,320,,3.69,LOW,28,commercial,best,False
nyc seo services,seo services,320,,63.57,LOW,22,commercial,,False
miami seo services,seo services,320,,0,LOW,6,commercial,,False
contractor seo services,seo services,320,,0,LOW,0,commercial,,False
seo services monthly,seo services,320,,22.07,LOW,26,commercial,,False
seo internet marketing services,seo services,320,,0,LOW,12,commercial,,False
oklahoma seo services,seo services,320,,0,LOW,8,commercial,,False
california seo services,seo services,320,,39.1,LOW,33,commercial,,False
freelance seo services,seo services,320,,0,LOW,13,commercial,,False
seo freelance services,seo services,320,,0,LOW,14,commercial,,False
seo services arizona,seo services,320,,0,LOW,15,commercial,,False
seo services expert,seo services,320,,0,LOW,44,commercial,,False
top-rated seo services,seo services,320,,136.86,LOW,31,commercial,,False
seo services in san jose,seo services,320,,7.22,LOW,1,commercial,,False
seo services portland,seo services,320,,39.64,LOW,19,commercial,,False
seo services nyc,seo services,320,,63.57,LOW,31,commercial,,False
new york city seo services,seo services,320,,63.57,LOW,24,commercial,,False
seo content creation services,seo services,320,,0,LOW,0,commercial,,False
seo and digital marketing services,seo services,320,,0,LOW,21,commercial,,False
seo services in new york city,seo services,320,,63.57,LOW,25,commercial,,False
monthly seo services,seo services,320,,22.07,LOW,19,commercial,,False
white hat seo services,seo services,320,,0,LOW,25,commercial,,False
seo services in california,seo services,320,,39.1,LOW,3,commercial,,False
top rated seo services,seo services,320,,136.86,LOW,30,commercial,top,False
seo services experts,seo services,320,,0,LOW,31,commercial,,False
auto seo services,seo services,320,,61.83,LOW,27,commercial,,False
top 10 seo services,seo services,320,,0,LOW,24,commercial,top 10,False
seo services miami fl,seo services,320,,0,LOW,20,commercial,,False
seo site audit services,seo services,320,,0,LOW,31,commercial,,False
seo website audit services,seo services,320,,0,LOW,31,commercial,,False
seo services packages,seo services,320,,0,LOW,6,commercial,,False
seo ai agents,ai seo,320,,32.02,MEDIUM,2,commercial,,False
seo ai agent,ai seo,320,,32.02,MEDIUM,26,commercial,,False
best seo ai tool,ai seo,320,,54.33,LOW,7,commercial,best,False
best seo ai tools,ai seo,320,,54.33,LOW,16,commercial,best,False
free ai seo tools,ai seo,320,,32.2,LOW,28,commercial,,False
semrush ai seo,ai seo,320,,8.85,LOW,60,informational,,False
ai seo platform,ai seo,320,,44.12,LOW,20,commercial,,False
what is ai seo,ai seo,320,110,22.34,LOW,53,informational,,True
free seo ai tools,ai seo,320,,16.75,LOW,41,commercial,,False
free seo ai tool,ai seo,320,,16.75,LOW,60,commercial,,False
free ai seo tool,ai seo,320,,32.2,LOW,34,commercial,,False
leading software for ai visibility and generative engine optimization,generative engine optimization,320,,0,LOW,3,commercial,leading,False
generative engine optimization agency,generative engine optimization,320,,45.3,LOW,0,commercial,,False
web design company in gainesville,web design company,320,,5.18,LOW,15,commercial,,False
michigan web design company,web design company,320,,10.01,LOW,71,commercial,,False
good web design company,web design company,320,,47.37,MEDIUM,47,commercial,good,False
web design company in california,web design company,320,,11.15,LOW,43,commercial,,False
web design company michigan,web design company,320,,10.01,LOW,77,commercial,,False
web design company in michigan,web design company,320,,10.01,LOW,77,commercial,,False
california web design company,web design company,320,,11.15,LOW,40,commercial,,False
dentist web design company,web design company,320,,107.01,MEDIUM,60,commercial,,False
top-rated web design company,web design company,320,,47.37,MEDIUM,6,commercial,,False
web design company in colorado springs,web design company,320,,18.12,LOW,20,commercial,,False
dental web design company,web design company,320,,107.01,MEDIUM,23,commercial,,False
best company design web,web design company,320,,47.37,MEDIUM,24,commercial,best,False
top rated web design company,web design company,320,,47.37,MEDIUM,6,commercial,top,False
san diego web design company,web design company,320,,31.37,LOW,60,commercial,,False
web design agency in los angeles,web design agency,320,,16.93,MEDIUM,43,commercial,,False
shopify web design agency,web design agency,320,,25.58,LOW,40,commercial,,False
web design agency los angeles,web design agency,320,,16.93,MEDIUM,95,commercial,,False
la web design agency,web design agency,320,,16.93,MEDIUM,47,commercial,,False
web design agency michigan,web design agency,320,,10.01,LOW,86,commercial,,False
ecommerce web design agency,web design agency,320,,6.77,LOW,35,commercial,,False
california web design agency,web design agency,320,,11.15,LOW,34,commercial,,False
web design agency la,web design agency,320,,16.93,MEDIUM,50,commercial,,False
e commerce web design agency,web design agency,320,,6.77,LOW,16,commercial,,False
los angeles web design agency,web design agency,320,,16.93,MEDIUM,56,commercial,,False
web design agency california,web design agency,320,,11.15,LOW,21,commercial,,False
new york website development company,website development company,320,,39.48,LOW,30,commercial,,False
e commerce website development company,website development company,320,,13.06,LOW,38,commercial,,False
e-commerce website development company,website development company,320,,13.06,LOW,38,commercial,,False
website development company nyc,website development company,320,,39.48,LOW,60,commercial,,False
wordpress website development company,website development company,320,,0,LOW,34,commercial,,False
website development company in new york,website development company,320,,39.48,LOW,30,commercial,,False
wordpress-website-development-company,website development company,320,,0,LOW,34,commercial,,False
geothermal development company website,website development company,320,,1.97,LOW,17,navigational,,False
ecommerce website design agency,ecommerce agency,320,,6.77,LOW,26,commercial,,False
ecommerce agency near me,ecommerce agency,320,,16.48,LOW,0,navigational,,False
ecommerce website designing agency,ecommerce agency,320,,6.77,LOW,41,commercial,,False
ecommerce marketing agency usa,ecommerce agency,320,,0,LOW,8,commercial,,False
ecommerce software development company,ecommerce development company,320,,0,LOW,7,commercial,,False
ecommerce web development company,ecommerce development company,320,,13.06,LOW,38,commercial,,False
shopify website design agency,shopify agency,320,,25.58,LOW,51,navigational,,False
agentic ai agency,ai agency,320,,29.55,HIGH,,navigational,,False
ai agency near me,ai agency,320,,12.14,MEDIUM,22,commercial,,False
ai agency github,ai agency,320,,13.09,LOW,,navigational,,False
ai video agency,ai agency,320,,11.96,LOW,0,commercial,,False
digital marketing agency in cleveland,digital marketing agency,320,,15.39,LOW,39,commercial,,False
automotive digital marketing agency,digital marketing agency,320,,30.57,LOW,53,commercial,,False
digital marketing agency in raleigh,digital marketing agency,320,,0,LOW,29,commercial,,False
digital marketing agency in dubai,digital marketing agency,320,,2.03,LOW,27,commercial,,False
digital marketing agency dubai,digital marketing agency,320,,2.03,LOW,33,commercial,,False
fort worth digital marketing agency,digital marketing agency,320,,0,LOW,56,commercial,,False
colorado springs digital marketing agency,digital marketing agency,320,,0,LOW,20,commercial,,False
digital marketing agency in birmingham,digital marketing agency,320,,0,LOW,43,commercial,,False
digital marketing agency cleveland,digital marketing agency,320,,15.39,LOW,37,commercial,,False
raleigh digital marketing agency,digital marketing agency,320,,0,LOW,85,commercial,,False
digital marketing agency automotive,digital marketing agency,320,,30.57,LOW,21,commercial,,False
saas digital marketing agency,digital marketing agency,320,,20.01,LOW,0,commercial,,False
digital marketing agency in orange county,digital marketing agency,320,,15.34,LOW,35,commercial,,False
digital marketing agency fort worth,digital marketing agency,320,,0,LOW,68,commercial,,False
digital marketing agency in utah,digital marketing agency,320,,44.64,LOW,48,commercial,,False
local digital marketing agency,digital marketing agency,320,,17.45,LOW,10,commercial,,False
white label digital marketing agency,digital marketing agency,320,,50.81,LOW,25,commercial,,False
digital marketing agency colorado springs,digital marketing agency,320,,0,LOW,26,commercial,,False
digital marketing agency cleveland ohio,digital marketing agency,320,,15.39,LOW,39,commercial,,False
digital marketing agency west palm beach,digital marketing agency,320,,0,LOW,21,commercial,,False
white-label digital marketing agency,digital marketing agency,320,,50.81,LOW,25,commercial,,False
digital marketing agency raleigh,digital marketing agency,320,,0,LOW,87,commercial,,False
orange county digital marketing agency,digital marketing agency,320,,15.34,LOW,35,commercial,,False
digital marketing agency utah,digital marketing agency,320,,44.64,LOW,46,commercial,,False
cleveland digital marketing agency,digital marketing agency,320,,15.39,LOW,43,commercial,,False
digital marketing agency birmingham,digital marketing agency,320,,0,LOW,43,commercial,,False
best digital marketing agency near me,digital marketing agency,320,,31.28,LOW,72,commercial,best,False
birmingham digital marketing agency,digital marketing agency,320,,0,LOW,43,commercial,,False
digital marketing agency orange county,digital marketing agency,320,,15.34,LOW,35,commercial,,False
dubai digital marketing agency,digital marketing agency,320,,2.03,LOW,33,commercial,,False
staffing agency amazon,amazon agency,320,,1.85,LOW,5,navigational,,False
staffing agency for amazon,amazon agency,320,,2.73,LOW,6,navigational,,False
full service amazon agency,amazon agency,320,,87.14,LOW,5,navigational,,False
temp agency for amazon,amazon agency,320,,2.73,LOW,42,navigational,,False
amazon temp agency,amazon agency,320,,2.73,LOW,42,navigational,,False
temp agency amazon,amazon agency,320,,2.73,LOW,42,navigational,,False
full-service amazon agency,amazon agency,320,,87.14,LOW,41,navigational,,False
amazon staffing agency,amazon agency,320,,1.85,LOW,42,navigational,,False
amazon ppc agency,amazon agency,320,,54.91,LOW,16,navigational,,False
casino seo agency,seo agency,260,,0,LOW,9,commercial,,False
automotive seo agency,seo agency,260,,51.89,LOW,17,commercial,,False
manufacturing seo agency,seo agency,260,,0,LOW,6,commercial,,False
seo agency in vancouver,seo agency,260,,33.06,LOW,17,commercial,,False
seo service agency,seo agency,260,,52.41,LOW,39,commercial,,False
seo agency for ecommerce,seo agency,260,,0,LOW,5,commercial,,False
seo agency for saas,seo agency,260,,226.75,LOW,0,commercial,,False
medical seo agency,seo agency,260,,0,LOW,0,commercial,,False
best seo agency in los angeles,seo agency,260,,0,LOW,9,commercial,best,False
hvac seo agency,seo agency,260,,109.43,LOW,22,commercial,,False
best seo agency in canada,seo agency,260,,0,LOW,8,commercial,best,False
roofing seo agency,seo agency,260,,23.81,LOW,1,commercial,,False
miami seo agency,seo agency,260,,0,LOW,17,commercial,,False
lawyers seo agency,seo agency,260,,187.8,LOW,3,commercial,,False
calgary seo agency,seo agency,260,,0,LOW,54,commercial,,False
seo agency miami fl,seo agency,260,,0,LOW,19,commercial,,False
seo agency charleston,seo agency,260,,7.87,LOW,7,commercial,,False
seo agency in sydney,seo agency,260,,30.16,LOW,21,commercial,,False
sydney seo agency,seo agency,260,,30.16,LOW,26,commercial,,False
best seo agency canada,seo agency,260,,0,LOW,6,commercial,best,False
igaming seo agency,seo agency,260,,16.49,LOW,0,commercial,,False
lawyer seo agency,seo agency,260,,187.8,LOW,0,commercial,,False
professional seo agency,seo agency,260,,0,LOW,47,commercial,,False
best seo agency in the world,seo agency,260,,70.44,LOW,42,commercial,best,False
seo company expert,seo company,260,,0,LOW,33,commercial,,False
cincinnati seo company,seo company,260,,5.03,LOW,6,commercial,,False
seo company surrey,seo company,260,,0,LOW,17,commercial,,False
clearwater seo company,seo company,260,,0,LOW,0,commercial,,False
seo service provider company,seo company,260,,66.85,LOW,46,commercial,,False
best los angeles seo company,seo company,260,,0,LOW,17,commercial,best,False
sarasota seo company,seo company,260,,45.62,LOW,2,commercial,,False
seo company in calgary,seo company,260,,0,LOW,54,commercial,,False
best seo company worldwide,seo company,260,,70.44,LOW,7,commercial,best,False
seo company in fresno,seo company,260,,12.01,LOW,2,commercial,,False
boca raton seo company,seo company,260,,0,LOW,0,navigational,,False
nashville seo company,seo company,260,,0,LOW,29,commercial,,False
seo company experts,seo company,260,,0,LOW,29,commercial,,False
seo company in cincinnati,seo company,260,,5.03,LOW,40,commercial,,False
seo company in tulsa,seo company,260,,0,LOW,0,commercial,,False
seo company ranking,seo company,260,,56.16,LOW,18,commercial,,False
world best seo company,seo company,260,,70.44,LOW,25,commercial,best,False
pest control seo company,seo company,260,,15.74,LOW,5,commercial,,False
best seo company canada,seo company,260,,0,LOW,6,commercial,best,False
local seo services company,seo company,260,,52.22,LOW,35,commercial,,False
seo company in vancouver,seo company,260,,33.06,LOW,17,commercial,,False
michigan seo company,seo company,260,,69.06,LOW,11,commercial,,False
best seo marketing company,seo company,260,,108.46,LOW,25,commercial,best,False
seo services provider company,seo company,260,,66.85,LOW,34,commercial,,False
best seo company los angeles ca,seo company,260,,0,LOW,19,commercial,best,False
best canadian seo company,seo company,260,,0,LOW,5,commercial,best,False
little rock seo company,seo company,260,,0,LOW,0,commercial,,False
vancouver seo company,seo company,260,,33.06,LOW,27,commercial,,False
seo company sydney,seo company,260,,30.16,LOW,22,commercial,,False
seo for pest control company,seo company,260,,15.74,LOW,0,commercial,,False
seo company sacramento,seo company,260,,0,LOW,2,commercial,,False
surrey seo company,seo company,260,,0,LOW,0,commercial,,False
seo expert company,seo company,260,,0,LOW,31,commercial,,False
shopify seo company,seo company,260,,16.01,LOW,11,commercial,,False
best seo company in world,seo company,260,,70.44,LOW,25,commercial,best,False
auto seo company,seo company,260,,51.89,LOW,22,commercial,,False
seo company calgary,seo company,260,,0,LOW,54,commercial,,False
tulsa seo company,seo company,260,,0,LOW,8,commercial,,False
best seo company in canada,seo company,260,,0,LOW,5,commercial,best,False
best seo company los angeles,seo company,260,,0,LOW,15,commercial,best,False
seo company fresno,seo company,260,,12.01,LOW,0,commercial,,False
seo service providers company,seo company,260,,66.85,LOW,39,commercial,,False
automotive seo company,seo company,260,,51.89,LOW,5,commercial,,False
seo company in sydney,seo company,260,,30.16,LOW,29,commercial,,False
seo company michigan,seo company,260,,69.06,LOW,3,commercial,,False
calgary seo company,seo company,260,,0,LOW,54,commercial,,False
seo for cleaning company,seo company,260,,19.9,LOW,4,commercial,,False
seo company in sacramento,seo company,260,,14.27,LOW,3,commercial,,False
seo company melbourne australia,seo company,260,,0,LOW,57,commercial,,False
seo vancouver company,seo company,260,,33.06,LOW,16,commercial,,False
seo company sarasota,seo company,260,,45.62,LOW,3,commercial,,False
medical seo company,seo company,260,,157.88,LOW,0,commercial,,False
best seo company in los angeles,seo company,260,,0,LOW,16,commercial,best,False
top ranked seo company,seo company,260,,57.22,LOW,46,commercial,top,False
top-ranked seo company,seo company,260,,57.22,LOW,46,commercial,,False
seo company in melbourne,seo company,260,,0,LOW,51,commercial,,False
sacramento seo company,seo company,260,,14.27,LOW,5,commercial,,False
seo company tulsa,seo company,260,,0,LOW,9,commercial,,False
professional seo services company,seo company,260,,0,LOW,46,commercial,,False
best seo company la,seo company,260,,0,LOW,9,commercial,best,False
melbourne seo company,seo company,260,,0,LOW,57,commercial,,False
seo company melbourne,seo company,260,,0,LOW,51,commercial,,False
seo company vancouver,seo company,260,,33.06,LOW,24,commercial,,False
seo experts company,seo company,260,,0,LOW,46,commercial,,False
seo company vancouver bc,seo company,260,,33.06,LOW,21,commercial,,False
seo company in michigan,seo company,260,,69.06,LOW,5,commercial,,False
electrician seo company,seo company,260,,0,LOW,0,commercial,,False
seo company in boca raton,seo company,260,,0,LOW,0,commercial,,False
seo company boca raton,seo company,260,,0,LOW,0,navigational,,False
best seo company in the world,seo company,260,,70.44,LOW,25,commercial,best,False
seo company cincinnati,seo company,260,,5.03,LOW,4,commercial,,False
los angeles best seo company,seo company,260,,0,LOW,35,commercial,best,False
seo company rankings,seo company,260,,56.16,LOW,39,commercial,,False
best seo company in dallas,seo company,260,,23.6,LOW,16,commercial,best,False
best seo hosting company,seo company,260,,14,LOW,5,commercial,best,False
seo company in surrey,seo company,260,,0,LOW,0,commercial,,False
seo ranking company,seo company,260,,56.16,LOW,32,commercial,,False
seo services sydney,seo services,260,,0,LOW,28,commercial,,False
buy seo services,seo services,260,,5.66,LOW,27,transactional,,False
seo cleaning services,seo services,260,,19.9,LOW,0,commercial,,False
seo services in boston,seo services,260,,0,LOW,28,commercial,,False
seo services for startups,seo services,260,,0,LOW,0,commercial,,False
local seo services companies,seo services,260,,52.22,LOW,18,commercial,,False
seo website services,seo services,260,,79.71,LOW,44,commercial,,False
seo services definition,seo services,260,,4.91,LOW,60,informational,,False
seo services in ct,seo services,260,,0,LOW,11,commercial,,False
define seo services,seo services,260,,4.91,LOW,60,informational,,False
philadelphia seo services,seo services,260,,0,LOW,10,commercial,,False
seo services guaranteed,seo services,260,,0,LOW,20,commercial,,False
pittsburgh seo services,seo services,260,,0,LOW,4,commercial,,False
seo services west palm beach,seo services,260,,0,LOW,0,commercial,,False
what is seo consulting services,seo services,260,3,0,LOW,17,informational,,True
seo sem services,seo services,260,,0,LOW,36,commercial,,False
seo services meaning,seo services,260,,4.91,LOW,60,informational,,False
seo services in connecticut,seo services,260,,0,LOW,0,commercial,,False
atlanta seo services,seo services,260,,0,LOW,14,commercial,,False
calgary seo services,seo services,260,,0,LOW,56,commercial,,False
seo & sem services,seo services,260,,0,LOW,28,commercial,,False
local seo services for businesses,seo services,260,,0,LOW,30,commercial,,False
meaning of seo services,seo services,260,,4.91,LOW,46,informational,,False
seo services in michigan,seo services,260,,69.06,LOW,13,commercial,,False
seo services means,seo services,260,,4.91,LOW,60,informational,,False
guaranteed seo services,seo services,260,,0,LOW,25,commercial,,False
seo services description,seo services,260,,4.91,LOW,52,commercial,,False
seo services for startup,seo services,260,,0,LOW,8,commercial,,False
local seo for home services,seo services,260,,0,LOW,9,commercial,,False
seo for cleaning services,seo services,260,,19.9,LOW,4,commercial,,False
startup seo services,seo services,260,,0,LOW,0,commercial,,False
ebay seo services,seo services,260,,0.33,LOW,0,commercial,,False
orlando seo services,seo services,260,,16.41,LOW,19,commercial,,False
internet marketing and seo services,seo services,260,,0,LOW,20,commercial,,False
seo services raleigh nc,seo services,260,,0,LOW,11,commercial,,False
seo services philadelphia,seo services,260,,0,LOW,14,commercial,,False
seo services for ecommerce websites,seo services,260,,0,LOW,24,commercial,,False
seo services for ecommerce website,seo services,260,,0,LOW,22,commercial,,False
seo services guarantee,seo services,260,,0,LOW,3,commercial,,False
seo services virginia,seo services,260,,0,LOW,5,commercial,,False
affordable local seo services,seo services,260,,0,LOW,2,commercial,affordable,False
seo services philippines,seo services,260,,0,LOW,33,commercial,,False
seo services nashville tn,seo services,260,,0,LOW,4,commercial,,False
seo services ct,seo services,260,,0,LOW,17,commercial,,False
seo services in nashville,seo services,260,,0,LOW,0,commercial,,False
seo services boston,seo services,260,,0,LOW,29,commercial,,False
internet marketing seo services,seo services,260,,0,LOW,27,commercial,,False
seo or sem services,seo services,260,,0,LOW,31,commercial,,False
seo and sem services,seo services,260,,0,LOW,23,commercial,,False
seo services in orlando,seo services,260,,16.41,LOW,8,commercial,,False
cheap local seo services,seo services,260,,0,LOW,14,commercial,,False
seo services in virginia,seo services,260,,0,LOW,5,commercial,,False
seo and internet marketing services,seo services,260,,0,LOW,30,commercial,,False
utah seo services,seo services,260,,0,LOW,44,commercial,,False
virginia seo services,seo services,260,,0,LOW,0,commercial,,False
seo services in sydney,seo services,260,,0,LOW,28,commercial,,False
seo services raleigh,seo services,260,,0,LOW,1,commercial,,False
seo services nashville,seo services,260,,0,LOW,13,commercial,,False
seo services for dentists,seo services,260,,23.25,LOW,10,commercial,,False
free trial seo services,seo services,260,,0,LOW,20,commercial,,False
hotel seo services,seo services,260,,0,LOW,5,commercial,,False
seo services orlando fl,seo services,260,,16.41,LOW,14,commercial,,False
seo services in calgary,seo services,260,,0,LOW,39,commercial,,False
nashville seo services,seo services,260,,0,LOW,17,commercial,,False
boston ma seo services,seo services,260,,0,LOW,28,commercial,,False
managed seo services,seo services,260,,0,LOW,27,commercial,,False
seo/sem services,seo services,260,,0,LOW,36,commercial,,False
seo services for dentist,seo services,260,,23.25,LOW,8,commercial,,False
seo and web services,seo services,260,,79.71,LOW,29,commercial,,False
seo services philly,seo services,260,,0,LOW,10,commercial,,False
website seo audit services,seo services,260,,0,LOW,27,commercial,,False
raleigh seo services,seo services,260,,0,LOW,18,commercial,,False
seo web services,seo services,260,,79.71,LOW,29,commercial,,False
ct seo services,seo services,260,,0,LOW,13,commercial,,False
seo services orlando,seo services,260,,16.41,LOW,8,commercial,,False
philippine seo services,seo services,260,,0,LOW,34,commercial,,False
cleaning services seo,seo services,260,,19.9,LOW,4,commercial,,False
buying seo services,seo services,260,,5.66,LOW,1,transactional,,False
ai-powered seo,ai seo,260,,66.25,LOW,79,commercial,,False
ai powered seo,ai seo,260,,66.25,LOW,37,commercial,,False
ai-driven seo,ai seo,260,,0,LOW,44,commercial,,False
semrush ai seo toolkit,ai seo,260,,0,LOW,43,commercial,,False
seo for ai search,ai seo,260,,35.27,LOW,35,commercial,,False
ai seo agent,ai seo,260,,17.42,LOW,17,commercial,,False
ai driven seo,ai seo,260,,0,LOW,41,informational,,False
best ai seo software,ai seo,260,,0,LOW,17,commercial,best,False
best ai for seo,ai seo,260,,31.79,LOW,13,commercial,best,False
surfer seo free ai humanizer,ai seo,260,,0,LOW,44,commercial,,False
what is ai seo called,ai seo,260,8,4.51,LOW,17,informational,,True
generative engine optimization geo tools,generative engine optimization,260,,0,LOW,19,commercial,,False
ai tools with best generative engine optimization features,generative engine optimization,260,,0,LOW,20,commercial,best,False
aeo answer engine optimization,answer engine optimization,260,,34.69,MEDIUM,32,informational,,False
web design company in bangkok,web design company,260,,0,LOW,24,commercial,,False
web design company columbus ohio,web design company,260,,36.59,LOW,40,commercial,,False
sacramento web design company,web design company,260,,31.05,LOW,18,commercial,,False
web design company in liverpool,web design company,260,,0,LOW,24,commercial,,False
web design company denver,web design company,260,,230.95,LOW,37,commercial,,False
columbus web design company,web design company,260,,36.59,LOW,31,commercial,,False
web design company packages,web design company,260,,12.44,LOW,0,commercial,,False
web design company calgary,web design company,260,,0,LOW,22,commercial,,False
web design company sacramento,web design company,260,,31.05,LOW,52,commercial,,False
web design company london,web design company,260,,12.85,LOW,74,commercial,,False
web design company in sacramento,web design company,260,,31.05,LOW,52,commercial,,False
calgary web design company,web design company,260,,0,LOW,43,commercial,,False
denver web design agency,web design agency,260,,30.64,LOW,77,commercial,,False
web design agency london,web design agency,260,,12.85,LOW,72,commercial,,False
web design agency denver,web design agency,260,,30.64,LOW,82,commercial,,False
web design london agency,web design agency,260,,12.85,LOW,88,commercial,,False
calgary web design agency,web design agency,260,,0,LOW,66,commercial,,False
web design agency in calgary,web design agency,260,,0,LOW,26,commercial,,False
web design agency in london,web design agency,260,,12.85,LOW,100,commercial,,False
saas web design agency,web design agency,260,,33.47,LOW,1,commercial,,False
london web design agency,web design agency,260,,12.85,LOW,100,commercial,,False
web design agency london uk,web design agency,260,,12.85,LOW,100,commercial,,False
uk website development company,website development company,260,,7.65,LOW,38,commercial,,False
php website development company,website development company,260,,0,LOW,0,commercial,,False
website development company uk,website development company,260,,7.65,LOW,41,commercial,,False
website development company in uk,website development company,260,,7.65,LOW,32,commercial,,False
ecommerce development agency,ecommerce agency,260,,8.47,LOW,38,commercial,,False
ppc agency for ecommerce,ecommerce agency,260,,79.93,LOW,2,commercial,,False
ppc ecommerce agency,ecommerce agency,260,,79.93,LOW,22,commercial,,False
ecommerce web development agency,ecommerce agency,260,,3.11,LOW,44,commercial,,False
ecommerce website development agency,ecommerce agency,260,,3.11,LOW,32,commercial,,False
ecommerce ppc agency,ecommerce agency,260,,79.93,LOW,5,commercial,,False
shopify app development services,shopify development,260,,0,LOW,25,commercial,,False
shopify development account,shopify development,260,,1.77,LOW,50,navigational,,False
shopify app development service,shopify development,260,,0,LOW,22,commercial,,False
ai digital marketing agency,ai agency,260,,46.93,LOW,21,commercial,,False
ai marketing agency near me,ai agency,260,,10.77,LOW,7,commercial,,False
ai powered agency,ai agency,260,,45.84,MEDIUM,54,commercial,,False
what is agency ai,ai agency,260,103,21.22,MEDIUM,,informational,,True
marketing ai agency,ai agency,260,,27.73,HIGH,15,commercial,,False
digital marketing agency in uk,digital marketing agency,260,,6.95,LOW,60,commercial,,False
iconier digital marketing agency,digital marketing agency,260,,0,LOW,17,commercial,,False
digital marketing agency buffalo ny,digital marketing agency,260,,6.06,LOW,14,commercial,,False
digital marketing agency texas,digital marketing agency,260,,12.25,LOW,42,commercial,,False
digital marketing agency portland oregon,digital marketing agency,260,,18.81,LOW,37,commercial,,False
uk digital marketing agency,digital marketing agency,260,,6.95,LOW,58,commercial,,False
digital marketing agency in united kingdom,digital marketing agency,260,,6.95,LOW,60,commercial,,False
digital marketing agency in san antonio,digital marketing agency,260,,12.64,LOW,34,commercial,,False
franchise digital marketing agency,digital marketing agency,260,,30.93,LOW,0,commercial,,False
minneapolis digital marketing agency,digital marketing agency,260,,11.4,LOW,38,commercial,,False
digital marketing agency in portland,digital marketing agency,260,,18.81,LOW,43,commercial,,False
digital marketing agency franchise,digital marketing agency,260,,30.93,LOW,39,commercial,,False
marketing digital agency uk,digital marketing agency,260,,6.95,LOW,63,commercial,,False
digital marketing agency buffalo,digital marketing agency,260,,6.06,LOW,12,commercial,,False
indianapolis digital marketing agency,digital marketing agency,260,,4.92,LOW,37,commercial,,False
digital marketing agency portland or,digital marketing agency,260,,18.81,LOW,37,commercial,,False
digital marketing agency minneapolis,digital marketing agency,260,,11.4,LOW,39,commercial,,False
online digital marketing agency,digital marketing agency,260,,17.32,LOW,40,commercial,,False
digital marketing agency northern virginia,digital marketing agency,260,,0,LOW,0,commercial,,False
digital marketing agency uk,digital marketing agency,260,,6.95,LOW,60,commercial,,False
digital marketing agency in the uk,digital marketing agency,260,,6.95,LOW,63,commercial,,False
what are digital marketing agency,digital marketing agency,260,441,23.76,LOW,27,informational,,True
digital marketing agency in indianapolis,digital marketing agency,260,,4.92,LOW,37,commercial,,False
digital marketing agency england,digital marketing agency,260,,6.95,LOW,29,commercial,,False
digital marketing agency minneapolis mn,digital marketing agency,260,,11.4,LOW,47,commercial,,False
digital marketing agency united kingdom,digital marketing agency,260,,6.95,LOW,60,commercial,,False
digital marketing agency in minneapolis,digital marketing agency,260,,11.4,LOW,34,commercial,,False
comrade digital marketing agency,digital marketing agency,260,,10.43,LOW,3,commercial,,False
portland digital marketing agency,digital marketing agency,260,,18.81,LOW,59,commercial,,False
digital marketing agency indianapolis,digital marketing agency,260,,4.92,LOW,33,commercial,,False
digital marketing agency tx,digital marketing agency,260,,12.25,LOW,43,commercial,,False
digital marketing agency mn,digital marketing agency,260,,11.4,LOW,49,commercial,,False
digital marketing agency minnesota,digital marketing agency,260,,11.4,LOW,51,commercial,,False
digital marketing agency in texas,digital marketing agency,260,,12.25,LOW,42,commercial,,False
buffalo digital marketing agency,digital marketing agency,260,,6.06,LOW,5,commercial,,False
what is a digital marketing agency,digital marketing agency,260,441,23.76,LOW,30,informational,,True
digital marketing agency portland,digital marketing agency,260,,18.81,LOW,37,commercial,,False
digital online marketing agency,digital marketing agency,260,,17.32,LOW,96,commercial,,False
digital marketing agency san antonio,digital marketing agency,260,,12.64,LOW,34,commercial,,False
connecticut seo agency,seo agency,210,,7.27,LOW,9,commercial,,False
seo online agency,seo agency,210,,7.62,LOW,30,commercial,,False
seo agency delhi,seo agency,210,,8.91,LOW,27,commercial,,False
seo content agency,seo agency,210,,24.93,LOW,28,commercial,,False
seo agency in york,seo agency,210,,0,LOW,6,commercial,,False
atlanta seo agency,seo agency,210,,67.38,LOW,30,commercial,,False
e-commerce seo agency,seo agency,210,,50.93,LOW,18,commercial,,False
seo agency sydney,seo agency,210,,0,LOW,24,commercial,,False
detroit seo agency,seo agency,210,,0,LOW,7,commercial,,False
seo agency list,seo agency,210,,0,LOW,29,commercial,,False
york seo agency,seo agency,210,,0,LOW,21,commercial,,False
enterprise seo agency software,seo agency,210,,0,LOW,14,commercial,,False
seo agency reporting software,seo agency,210,,0,LOW,2,commercial,,False
seo agency philippines,seo agency,210,,36.19,LOW,33,commercial,,False
seo agency for startups,seo agency,210,,0,LOW,0,commercial,,False
seo agency in connecticut,seo agency,210,,7.27,LOW,16,commercial,,False
wordpress seo agency,seo agency,210,,14.08,LOW,6,commercial,,False
seo agency manchester,seo agency,210,,0,LOW,17,commercial,,False
bristol seo agency,seo agency,210,,0,LOW,11,commercial,,False
seo agency in surrey,seo agency,210,,0,LOW,0,commercial,,False
cheap seo agency,seo agency,210,,17.83,LOW,15,commercial,,False
seo agency in orlando,seo agency,210,,0,LOW,23,commercial,,False
seo and content marketing agency,seo agency,210,,0,LOW,16,commercial,,False
seo agency cambridge,seo agency,210,,0,LOW,4,commercial,,False
seo for digital marketing agency,seo agency,210,,0,LOW,31,commercial,,False
seo agency atlanta,seo agency,210,,46.53,LOW,22,commercial,,False
e commerce seo agency,seo agency,210,,50.93,LOW,18,commercial,,False
best seo agency software,seo agency,210,,0,LOW,7,commercial,best,False
hiring an seo agency,seo agency,210,,0,LOW,10,commercial,,False
seo agency connecticut,seo agency,210,,7.27,LOW,18,commercial,,False
seo management agency,seo agency,210,,0,LOW,34,commercial,,False
dental seo marketing agency,seo agency,210,,0,LOW,27,commercial,,False
affordable seo agency,seo agency,210,,17.83,LOW,11,commercial,affordable,False
seo agency edinburgh,seo agency,210,,0,LOW,18,commercial,,False
seo agency in manchester,seo agency,210,,0,LOW,17,commercial,,False
seo agency mumbai,seo agency,210,,0,LOW,14,commercial,,False
seo digital agency,seo agency,210,,21.32,LOW,28,commercial,,False
biggest seo agency,seo agency,210,,50.87,LOW,20,commercial,biggest,False
seo agency in cambridge,seo agency,210,,0,LOW,0,commercial,,False
seo agency in mumbai,seo agency,210,,0,LOW,19,commercial,,False
hire an seo agency,seo agency,210,,0,LOW,26,commercial,,False
plumber seo agency,seo agency,210,,0,LOW,20,commercial,,False
seo and content agency,seo agency,210,,24.93,LOW,66,commercial,,False
digital agency seo,seo agency,210,,21.32,LOW,39,commercial,,False
seo agency bristol,seo agency,210,,0,LOW,10,commercial,,False
cambridge seo agency,seo agency,210,,0,LOW,0,commercial,,False
seo agency in arizona,seo agency,210,,4.34,LOW,40,commercial,,False
content seo agency,seo agency,210,,24.93,LOW,47,commercial,,False
amazon seo agency,seo agency,210,,0,LOW,9,commercial,,False
seo content marketing agency,seo agency,210,,0,LOW,17,commercial,,False
seo agency orlando,seo agency,210,,0,LOW,23,commercial,,False
seo agency in bristol,seo agency,210,,0,LOW,10,commercial,,False
surrey seo agency,seo agency,210,,0,LOW,0,commercial,,False
seo agency surrey,seo agency,210,,0,LOW,2,commercial,,False
plumbing seo agency,seo agency,210,,0,LOW,23,commercial,,False
seo agency detroit,seo agency,210,,0,LOW,0,commercial,,False
big seo agency,seo agency,210,,50.87,LOW,20,commercial,,False
seo agency york,seo agency,210,,0,LOW,20,commercial,,False
local seo marketing agency,seo agency,210,,56.78,LOW,19,commercial,,False
manchester seo agency,seo agency,210,,0,LOW,17,navigational,,False
texas seo agency,seo agency,210,,0,LOW,8,commercial,,False
online seo agency,seo agency,210,,7.62,LOW,37,commercial,,False
seo company in delhi india,seo company,210,,8.91,LOW,28,commercial,,False
what does seo do for a company,seo company,210,93,4.07,LOW,30,informational,,True
seo company in delhi,seo company,210,,8.91,LOW,23,commercial,,False
arizona seo company,seo company,210,,4.34,LOW,12,commercial,,False
seo company in maryland,seo company,210,,0,LOW,3,commercial,,False
south carolina seo company,seo company,210,,0,LOW,0,commercial,,False
seo company pennsylvania,seo company,210,,0,LOW,0,commercial,,False
mumbai seo company,seo company,210,,0,LOW,12,commercial,,False
hire an seo company,seo company,210,,0,LOW,23,commercial,,False
seo company in alabama,seo company,210,,0,LOW,0,commercial,,False
arkansas seo company,seo company,210,,0,LOW,0,commercial,,False
texas seo company,seo company,210,,0,LOW,31,commercial,,False
seo audit company,seo company,210,,0,LOW,38,commercial,,False
seo company arizona,seo company,210,,4.34,LOW,12,commercial,,False
az seo company,seo company,210,,4.34,LOW,28,commercial,,False
seo company in arizona,seo company,210,,4.34,LOW,25,commercial,,False
maryland seo company,seo company,210,,0,LOW,0,commercial,,False
seo international company,seo company,210,,0,LOW,0,commercial,,False
hire seo company,seo company,210,,0,LOW,30,commercial,,False
seo company in pa,seo company,210,,0,LOW,0,commercial,,False
attorney seo company,seo company,210,,0,LOW,8,commercial,,False
what does a seo company do,seo company,210,93,4.07,LOW,12,informational,,True
seo company alabama,seo company,210,,0,LOW,3,commercial,,False
hiring seo company,seo company,210,,0,LOW,2,commercial,,False
seo company for law firms,seo company,210,,425.61,LOW,16,commercial,,False
seo company list,seo company,210,,0,LOW,23,commercial,,False
seo philippines company,seo company,210,,8.59,LOW,30,commercial,,False
seo and web development company,seo company,210,,0,LOW,44,commercial,,False
seo company edinburgh,seo company,210,,0,LOW,7,commercial,,False
seo company philippines,seo company,210,,8.59,LOW,31,commercial,,False
finance seo company,seo company,210,,0,LOW,0,commercial,,False
seo company in the philippines,seo company,210,,8.59,LOW,37,commercial,,False
largest seo company,seo company,210,,50.87,LOW,24,commercial,largest,False
how to start seo company,seo company,210,1,12.64,LOW,9,informational,,True
seo company in pennsylvania,seo company,210,,0,LOW,0,commercial,,False
best seo company chicago,seo company,210,,0,LOW,13,commercial,best,False
best seo company in chicago,seo company,210,,0,LOW,6,commercial,best,False
best chicago seo company,seo company,210,,0,LOW,6,commercial,best,False
legal seo company,seo company,210,,45.37,LOW,30,commercial,,False
adult seo company,seo company,210,,0,LOW,10,commercial,,False
hawaii seo company,seo company,210,,0,LOW,9,commercial,,False
alabama seo company,seo company,210,,0,LOW,0,commercial,,False
website development and seo company,seo company,210,,0,LOW,80,commercial,,False
seo company for law firm,seo company,210,,425.61,LOW,14,commercial,,False
international seo company,seo company,210,,0,LOW,0,commercial,,False
seo company south carolina,seo company,210,,0,LOW,0,commercial,,False
seo company hawaii,seo company,210,,0,LOW,0,commercial,,False
tucson seo company,seo company,210,,0,LOW,5,commercial,,False
delhi seo company,seo company,210,,8.91,LOW,35,commercial,,False
seo company india delhi,seo company,210,,8.91,LOW,31,commercial,,False
seo company in south carolina,seo company,210,,0,LOW,0,commercial,,False
philippine seo company,seo company,210,,8.59,LOW,23,commercial,,False
seo company arkansas,seo company,210,,0,LOW,0,commercial,,False
seo company mumbai,seo company,210,,0,LOW,25,commercial,,False
seo company in arkansas,seo company,210,,0,LOW,0,commercial,,False
seo company in mumbai,seo company,210,,0,LOW,16,commercial,,False
what does an seo company do,seo company,210,93,4.07,LOW,2,informational,,True
seo company in delhi ncr,seo company,210,,8.91,LOW,30,commercial,,False
seo company for financial companies,seo company,210,,0,LOW,0,commercial,,False
wordpress seo company,seo company,210,,0,LOW,13,commercial,,False
seo company temecula,seo company,210,,0,LOW,0,commercial,,False
seo web development company,seo company,210,,0,LOW,54,commercial,,False
seo company in philippines,seo company,210,,8.59,LOW,26,commercial,,False
seo company delhi ncr,seo company,210,,8.91,LOW,27,commercial,,False
best seo company in austin,seo company,210,,21.05,LOW,8,commercial,best,False
hiring an seo company,seo company,210,,0,LOW,17,commercial,,False
seo company charleston sc,seo company,210,,18.27,LOW,4,commercial,,False
web development and seo company,seo company,210,,0,LOW,96,commercial,,False
seo company in edinburgh,seo company,210,,0,LOW,7,commercial,,False
biggest seo company,seo company,210,,50.87,LOW,18,commercial,biggest,False
seo management company,seo company,210,,110.43,LOW,46,commercial,,False
edinburgh seo company,seo company,210,,0,LOW,7,commercial,,False
seo delhi company,seo company,210,,8.91,LOW,31,commercial,,False
how to start an seo company,seo company,210,1,12.64,LOW,0,informational,,True
seo company tucson,seo company,210,,0,LOW,8,commercial,,False
seo company delhi india,seo company,210,,8.91,LOW,27,commercial,,False
seo company in hawaii,seo company,210,,0,LOW,0,commercial,,False
seo company maryland,seo company,210,,0,LOW,0,commercial,,False
pennsylvania seo company,seo company,210,,0,LOW,2,commercial,,False
how to start a seo company,seo company,210,1,12.64,LOW,27,informational,,True
seo services dc,seo services,210,,0,LOW,0,commercial,,False
national seo services,seo services,210,,0,LOW,0,commercial,,False
seo services top,seo services,210,,0,LOW,35,commercial,top,False
seo services atlanta ga,seo services,210,,0,LOW,21,commercial,,False
seo analysis services,seo services,210,,0,LOW,72,commercial,,False
full seo services,seo services,210,,0,LOW,26,commercial,,False
seo migration services,seo services,210,,17.07,LOW,0,commercial,,False
seo services frisco,seo services,210,,0,LOW,0,commercial,,False
how much does it cost for seo services,seo services,210,84,11.51,LOW,25,informational,,True
philippines seo services,seo services,210,,36.19,LOW,32,commercial,,False
best seo services small business,seo services,210,,19.19,LOW,23,commercial,best,False
seo writing services,seo services,210,,0,LOW,0,commercial,,False
seo and content marketing services,seo services,210,,0,LOW,0,commercial,,False
seo services for attorneys,seo services,210,,0,LOW,14,commercial,,False
seo services long island,seo services,210,,0,LOW,19,commercial,,False
local business seo services,seo services,210,,0,LOW,20,commercial,,False
professional seo services near me,seo services,210,,0,LOW,14,commercial,,False
best seo services for attorneys,seo services,210,,0,LOW,19,commercial,best,False
seo services toronto,seo services,210,,7.35,LOW,32,commercial,,False
frisco seo services,seo services,210,,0,LOW,0,navigational,,False
seo services tools,seo services,210,,0,LOW,43,commercial,,False
australian seo services,seo services,210,,0,LOW,39,commercial,,False
seo toronto services,seo services,210,,7.35,LOW,24,commercial,,False
top seo services,seo services,210,,0,LOW,18,commercial,top,False
video seo services,seo services,210,,0,LOW,0,commercial,,False
seo services sarasota,seo services,210,,0,LOW,2,commercial,,False
boston seo services,seo services,210,,0,LOW,15,commercial,,False
sarasota seo services,seo services,210,,0,LOW,3,commercial,,False
seo lead generation services,seo services,210,,0,LOW,0,commercial,,False
australia seo services,seo services,210,,0,LOW,51,commercial,,False
content marketing seo services,seo services,210,,0,LOW,0,commercial,,False
seo services washington dc,seo services,210,,0,LOW,0,commercial,,False
local search seo services,seo services,210,,0,LOW,26,commercial,,False
how much do seo services cost,seo services,210,44,11.51,LOW,32,informational,,True
seo services ca,seo services,210,,0,LOW,33,commercial,,False
seo services in canada,seo services,210,,0,LOW,15,commercial,,False
how much does seo services cost,seo services,210,84,11.51,LOW,32,informational,,True
seo services in vancouver,seo services,210,,0,LOW,18,commercial,,False
best seo services for small business,seo services,210,,19.19,LOW,11,commercial,best,False
seo services london,seo services,210,,13.82,LOW,47,commercial,,False
seo services video,seo services,210,,0,LOW,2,commercial,,False
local seo services usa,seo services,210,,11,LOW,19,commercial,,False
custom seo services,seo services,210,,0,LOW,62,commercial,,False
seo content marketing services,seo services,210,,0,LOW,5,commercial,,False
seo services atlanta,seo services,210,,0,LOW,21,commercial,,False
washington dc seo services,seo services,210,,0,LOW,5,commercial,,False
seo services in toronto,seo services,210,,7.35,LOW,21,commercial,,False
seo services in australia,seo services,210,,0,LOW,42,commercial,,False
seo services vancouver,seo services,210,,0,LOW,10,commercial,,False
seo services in philippines,seo services,210,,36.19,LOW,25,commercial,,False
vancouver seo services,seo services,210,,0,LOW,29,commercial,,False
seo services australia,seo services,210,,0,LOW,39,commercial,,False
london seo services,seo services,210,,13.82,LOW,42,commercial,,False
long island seo services,seo services,210,,0,LOW,13,commercial,,False
seo and link building services,seo services,210,,0,LOW,30,commercial,,False
seo content services,seo services,210,,10.73,LOW,0,commercial,,False
seo for home services,seo services,210,,8.57,LOW,8,commercial,,False
seo services florida,seo services,210,,0,LOW,13,commercial,,False
corporate seo services,seo services,210,,0,LOW,28,commercial,,False
dc seo services,seo services,210,,0,LOW,5,commercial,,False
seo australia services,seo services,210,,0,LOW,26,commercial,,False
toronto seo services,seo services,210,,7.35,LOW,33,commercial,,False
ai seo optimization tool,ai seo,210,,24.92,LOW,74,commercial,,False
seo and ai,ai seo,210,,35.04,MEDIUM,41,commercial,,False
otto seo ai,ai seo,210,,7.58,LOW,22,informational,,False
ai seo analyzer,ai seo,210,,42.5,LOW,72,commercial,,False
ai driven seo tools,ai seo,210,,0,LOW,18,commercial,,False
ai seo optimization tools,ai seo,210,,24.92,LOW,15,commercial,,False
ai seo content generator,ai seo,210,,27.07,LOW,24,commercial,,False
profound ai seo,ai seo,210,,33.17,MEDIUM,21,informational,,False
what is seo for ai called,ai seo,210,8,13.08,LOW,15,informational,,True
ai driven seo tool,ai seo,210,,0,LOW,28,commercial,,False
generative engine optimization statistics,generative engine optimization,210,,0,LOW,40,commercial,,False
best rated answer engine optimization tools,answer engine optimization,210,,0,LOW,4,commercial,best,False
answer engine optimization agency,answer engine optimization,210,,50.9,LOW,6,navigational,,False
web design company in texas,web design company,210,,0,LOW,68,commercial,,False
web design company in south florida,web design company,210,,3.52,LOW,75,commercial,,False
web design company in philippines,web design company,210,,22.97,LOW,32,commercial,,False
web design company in new york,web design company,210,,4.93,LOW,34,commercial,,False
indianapolis web design company,web design company,210,,64.82,MEDIUM,35,commercial,,False
dallas web design company,web design company,210,,90.59,LOW,41,commercial,,False
medical web design company,web design company,210,,31.3,LOW,27,navigational,,False
web design company boston,web design company,210,,0,LOW,87,commercial,,False
small business web design company,web design company,210,,93.78,LOW,50,commercial,,False
web design company services page,web design company,210,,34.09,LOW,30,navigational,,False
web design company cleveland,web design company,210,,10.74,LOW,9,commercial,,False
web design company small business,web design company,210,,93.78,LOW,6,commercial,,False
web design company in pune,web design company,210,,0,LOW,72,commercial,,False
web design and development company in pune,web design company,210,,0,LOW,37,commercial,,False
web design company jacksonville,web design company,210,,23.49,MEDIUM,51,commercial,,False
web design company in maryland,web design company,210,,0,LOW,28,commercial,,False
web design company services,web design company,210,,34.09,LOW,28,commercial,,False
web design company jacksonville fl,web design company,210,,23.49,MEDIUM,51,commercial,,False
web design services company,web design company,210,,34.09,LOW,35,commercial,,False
web design company in thailand,web design company,210,,0,LOW,24,commercial,,False
local web design company,web design company,210,,31.35,LOW,5,commercial,,False
web design company indianapolis,web design company,210,,64.82,MEDIUM,33,commercial,,False
web design company texas,web design company,210,,0,LOW,68,commercial,,False
web design company in the philippines,web design company,210,,22.97,LOW,49,commercial,,False
web design company in calgary,web design company,210,,14.74,LOW,66,commercial,,False
web design service company,web design company,210,,34.09,LOW,26,commercial,,False
tampa web design company,web design company,210,,69.14,LOW,19,commercial,,False
web design company pune,web design company,210,,0,LOW,72,commercial,,False
web design company franchise,web design company,210,,38.63,LOW,0,commercial,,False
texas web design company,web design company,210,,0,LOW,41,commercial,,False
seattle web design company,web design company,210,,11.13,LOW,97,navigational,,False
web design agency pune,web design agency,210,,0,LOW,61,commercial,,False
detroit web design agency,web design agency,210,,5.04,MEDIUM,25,commercial,,False
web design agency tampa,web design agency,210,,10.25,LOW,59,commercial,,False
web design agency seattle,web design agency,210,,11.13,LOW,42,commercial,,False
web design agency boston,web design agency,210,,0,LOW,97,commercial,,False
boston web design agency,web design agency,210,,0,LOW,79,commercial,,False
tampa web design agency,web design agency,210,,10.25,LOW,30,commercial,,False
web design agency san francisco,web design agency,210,,16.13,LOW,3,commercial,,False
real estate agency web design,web design agency,210,,38.43,MEDIUM,49,commercial,,False
san francisco web design agency,web design agency,210,,16.13,LOW,19,commercial,,False
web design agency in boston,web design agency,210,,0,LOW,87,commercial,,False
web design agency in san francisco,web design agency,210,,16.13,LOW,19,commercial,,False
web design agency in seattle,web design agency,210,,11.13,LOW,42,commercial,,False
seattle web design agency,web design agency,210,,11.13,LOW,78,commercial,,False
pune website development company,website development company,210,,0,LOW,33,navigational,,False
website development company pune,website development company,210,,0,LOW,36,navigational,,False
website development company in pune,website development company,210,,0,LOW,36,commercial,,False
website design and development company in pune,website development company,210,,0,LOW,28,commercial,,False
shopify marketing agency,shopify agency,210,,81.52,LOW,0,commercial,,False
shopify ecommerce development services,shopify development,210,,0,LOW,23,commercial,,False
shopify app development companies,shopify development,210,,45.2,LOW,8,commercial,,False
shopify app development company,shopify development,210,,45.2,LOW,34,navigational,,False
ai agency website,ai agency,210,,21.24,HIGH,38,navigational,,False
ai dev agency,ai agency,210,,29.27,LOW,76,commercial,,False
ai automation agency services,ai agency,210,,18.05,LOW,6,navigational,,False
gohighlevel ai agency,ai agency,210,,10.57,MEDIUM,,commercial,,False
agency coach ai,ai agency,210,,24.75,MEDIUM,0,transactional,,False
ai agency automation,ai agency,210,,39.23,MEDIUM,23,navigational,,False
ai search agency,ai agency,210,,35.21,LOW,67,commercial,,False
ai development agency,ai agency,210,,29.27,LOW,21,navigational,,False
ai development agent,ai agent development,210,,29.27,LOW,72,commercial,,False
ai agent development platforms,ai agent development,210,,14.54,LOW,13,commercial,,False
ai agent development platform,ai agent development,210,,14.54,LOW,28,commercial,,False
ai agent development tools,ai agent development,210,,11.83,LOW,36,commercial,,False
digital marketing creative agency,digital marketing agency,210,,8.65,LOW,75,commercial,,False
digital marketing agency in canada,digital marketing agency,210,,25.97,LOW,35,commercial,,False
digital marketing agency prices,digital marketing agency,210,,6.54,LOW,14,commercial,,False
digital marketing agency in baltimore,digital marketing agency,210,,13.55,LOW,51,commercial,,False
digital marketing agency websites,digital marketing agency,210,,8.68,MEDIUM,39,commercial,,False
international digital marketing agency,digital marketing agency,210,,0,LOW,45,commercial,,False
digital marketing agency cost,digital marketing agency,210,,6.54,LOW,3,commercial,,False
digital marketing agency website,digital marketing agency,210,,8.68,MEDIUM,39,commercial,,False
digital marketing agency fort lauderdale,digital marketing agency,210,,15.78,LOW,13,commercial,,False
creative digital marketing agency,digital marketing agency,210,,8.65,LOW,56,commercial,,False
digital marketing agency baltimore,digital marketing agency,210,,13.55,LOW,49,commercial,,False
digital marketing agency charleston,digital marketing agency,210,,13.15,LOW,18,commercial,,False
digital marketing agency baltimore md,digital marketing agency,210,,13.55,LOW,42,commercial,,False
digital marketing agency price,digital marketing agency,210,,6.54,LOW,0,commercial,,False
digital marketing agency costs,digital marketing agency,210,,6.54,LOW,20,commercial,,False
digital marketing and creative agency,digital marketing agency,210,,8.65,LOW,75,commercial,,False
baltimore digital marketing agency,digital marketing agency,210,,13.55,LOW,27,commercial,,False
digital marketing agency corpus christi,digital marketing agency,210,,0,LOW,15,commercial,,False
how to start digital marketing agency,digital marketing agency,210,44,21.13,LOW,0,commercial,,True
website digital marketing agency,digital marketing agency,210,,8.68,MEDIUM,39,commercial,,False
fort lauderdale digital marketing agency,digital marketing agency,210,,15.78,LOW,9,commercial,,False
real estate digital marketing agency,digital marketing agency,210,,73.23,LOW,30,commercial,,False
canadian digital marketing agency,digital marketing agency,210,,25.97,LOW,27,commercial,,False
charleston digital marketing agency,digital marketing agency,210,,13.15,LOW,17,commercial,,False
digital marketing agency for attorneys,digital marketing agency,210,,0,LOW,37,commercial,,False
digital marketing agency in toronto,digital marketing agency,210,,0,LOW,26,commercial,,False
how to open digital marketing agency,digital marketing agency,210,0,21.13,LOW,16,commercial,,True
digital marketing agency pricing,digital marketing agency,210,,6.54,LOW,10,commercial,,False
toronto digital marketing agency,digital marketing agency,210,,0,LOW,35,commercial,,False
digital marketing agency canada,digital marketing agency,210,,25.97,LOW,53,commercial,,False
digital marketing agency real estate,digital marketing agency,210,,16.05,LOW,24,commercial,,False
how to start a digital marketing agency,digital marketing agency,210,44,21.13,LOW,0,informational,,True
digital marketing agency charleston sc,digital marketing agency,210,,13.15,LOW,27,commercial,,False
canada digital marketing agency,digital marketing agency,210,,25.97,LOW,32,commercial,,False
digital marketing agency for real estate,digital marketing agency,210,,16.05,LOW,28,commercial,,False
digital marketing agency rates,digital marketing agency,210,,6.54,LOW,18,commercial,,False
digital marketing agency for lawyers,digital marketing agency,210,,0,LOW,29,commercial,,False
digital creative marketing agency,digital marketing agency,210,,8.65,LOW,83,commercial,,False
digital marketing agency toronto,digital marketing agency,210,,0,LOW,35,commercial,,False
seo & ppc agency,seo agency,170,,0,LOW,22,commercial,,False
seo tools agency,seo agency,170,,29.56,LOW,5,commercial,,False
marketing agency seo,seo agency,170,,78.1,LOW,15,commercial,,False
seo and marketing agency,seo agency,170,,78.1,LOW,40,commercial,,False
seo agency virginia,seo agency,170,,0,LOW,5,commercial,,False
estate agency seo,seo agency,170,,0,LOW,0,commercial,,False
virginia seo agency,seo agency,170,,0,LOW,9,commercial,,False
attorney seo agency,seo agency,170,,0,LOW,16,commercial,,False
professional seo services agency,seo agency,170,,0,LOW,28,commercial,,False
seo agency richmond va,seo agency,170,,0,LOW,0,commercial,,False
fintech seo agency,seo agency,170,,0,LOW,0,commercial,,False
best enterprise seo agency,seo agency,170,,0,LOW,9,commercial,best,False
seo tool agency,seo agency,170,,29.56,LOW,4,commercial,,False
montreal seo agency,seo agency,170,,0,LOW,0,commercial,,False
best seo agency in dubai,seo agency,170,,0,LOW,51,commercial,best,False
tool for seo agency,seo agency,170,,0,LOW,31,commercial,,False
san jose seo agency,seo agency,170,,0,LOW,0,commercial,,False
seo agency montreal,seo agency,170,,0,LOW,0,commercial,,False
seo agency bangkok,seo agency,170,,0,LOW,24,commercial,,False
seo agency link building,seo agency,170,,78.43,LOW,27,commercial,,False
seo agency san jose,seo agency,170,,0,LOW,0,commercial,,False
ppc seo agency,seo agency,170,,0,LOW,8,commercial,,False
website seo agency,seo agency,170,,0,LOW,41,commercial,,False
best ecommerce seo agency,seo agency,170,,0,LOW,25,commercial,best,False
seo agency for contractors,seo agency,170,,15.11,LOW,5,commercial,,False
seo expert agency,seo agency,170,,0,LOW,28,commercial,,False
real estate seo agency,seo agency,170,,16.4,LOW,4,commercial,,False
seo link building agency,seo agency,170,,78.43,LOW,19,commercial,,False
seo agency in virginia,seo agency,170,,0,LOW,9,commercial,,False
seo ppc agency,seo agency,170,,0,LOW,9,commercial,,False
richmond seo agency,seo agency,170,,0,LOW,0,commercial,,False
seo agency irvine,seo agency,170,,1.76,LOW,0,commercial,,False
seo agency richmond,seo agency,170,,0,LOW,0,commercial,,False
contractor seo agency,seo agency,170,,15.11,LOW,0,commercial,,False
charlotte seo agency,seo agency,170,,139.29,LOW,15,commercial,,False
seo agency definition,seo agency,170,,0,LOW,13,commercial,,False
ppc and seo agency,seo agency,170,,0,LOW,19,commercial,,False
seo agency portland,seo agency,170,,25.13,LOW,17,commercial,,False
seo agency portland oregon,seo agency,170,,25.13,LOW,30,commercial,,False
best ai seo agency,seo agency,170,,33.15,LOW,0,commercial,best,False
web seo agency,seo agency,170,,0,LOW,32,commercial,,False
best seo agency dubai,seo agency,170,,0,LOW,39,commercial,best,False
seo agency in atlanta,seo agency,170,,0,LOW,30,commercial,,False
link building seo agency,seo agency,170,,78.43,LOW,26,commercial,,False
recruitment agency seo,seo agency,170,,0,LOW,12,commercial,,False
little rock seo agency,seo agency,170,,0,LOW,0,commercial,,False
seo company in kent,seo company,170,,0,LOW,0,commercial,,False
seo company in kansas city,seo company,170,,1,LOW,16,commercial,,False
irvine seo company,seo company,170,,1.76,LOW,0,commercial,,False
link building seo company,seo company,170,,0,LOW,30,commercial,,False
seo company in georgia,seo company,170,,0,LOW,22,commercial,,False
mesa seo company,seo company,170,,0,LOW,0,commercial,,False
onpage seo company,seo company,170,,0,LOW,27,commercial,,False
seo company in birmingham,seo company,170,,0,LOW,0,commercial,,False
seo company boston,seo company,170,,25.89,LOW,15,commercial,,False
seo company lancaster pa,seo company,170,,0,LOW,0,commercial,,False
best seo company in dubai,seo company,170,,0,LOW,39,commercial,best,False
med spa seo company,seo company,170,,0,LOW,0,commercial,,False
seo company meaning,seo company,170,,0,LOW,37,informational,,False
seo company ohio,seo company,170,,0,LOW,2,commercial,,False
seo company essex,seo company,170,,0,LOW,48,commercial,,False
seo for painting company,seo company,170,,0,LOW,0,commercial,,False
seo company means,seo company,170,,0,LOW,42,commercial,,False
georgia seo company,seo company,170,,0,LOW,8,commercial,,False
seo company definition,seo company,170,,0,LOW,23,informational,,False
lancaster seo company,seo company,170,,0,LOW,0,commercial,,False
ohio seo company,seo company,170,,0,LOW,2,commercial,,False
painting company seo,seo company,170,,0,LOW,0,commercial,,False
top seo company dubai,seo company,170,,0,LOW,32,commercial,top,False
seo company raleigh,seo company,170,,6.2,LOW,7,commercial,,False
global seo company,seo company,170,,0,LOW,0,commercial,,False
seo company in new york,seo company,170,,8.81,LOW,23,commercial,,False
seo company in ohio,seo company,170,,0,LOW,2,commercial,,False
seo link building company,seo company,170,,0,LOW,27,commercial,,False
seo company georgia,seo company,170,,0,LOW,13,commercial,,False
seo company irvine ca,seo company,170,,1.76,LOW,4,commercial,,False
seo company in essex,seo company,170,,0,LOW,20,commercial,,False
medical spa seo company,seo company,170,,0,LOW,0,commercial,,False
bangkok seo company,seo company,170,,0,LOW,38,commercial,,False
kent seo company,seo company,170,,0,LOW,0,commercial,,False
seo company in mesa,seo company,170,,0,LOW,0,commercial,,False
top seo company in dubai,seo company,170,,0,LOW,29,commercial,top,False
seo company birmingham al,seo company,170,,0,LOW,0,commercial,,False
seo leeds company,seo company,170,,0,LOW,0,commercial,,False
seo for it company,seo company,170,,0,LOW,29,commercial,,False
leeds seo company,seo company,170,,0,LOW,0,commercial,,False
kansas city seo company,seo company,170,,1,LOW,13,commercial,,False
seo company in lancaster,seo company,170,,0,LOW,0,commercial,,False
milwaukee seo company,seo company,170,,0,LOW,18,commercial,,False
on-page seo company,seo company,170,,0,LOW,11,commercial,,False
seo for landscaping company,seo company,170,,0,LOW,0,commercial,,False
seo for saas company,seo company,170,,10.11,LOW,0,commercial,,False
naples seo company,seo company,170,,6.78,LOW,7,commercial,,False
seo company in irvine,seo company,170,,1.76,LOW,4,commercial,,False
bellevue seo company,seo company,170,,0,LOW,0,commercial,,False
seo company bangkok,seo company,170,,0,LOW,36,commercial,,False
raleigh seo company,seo company,170,,13.98,LOW,18,commercial,,False
national seo company,seo company,170,,0,LOW,0,commercial,,False
salt lake city seo company,seo company,170,,0,LOW,30,commercial,,False
moving company seo services,seo company,170,,0,LOW,0,commercial,,False
seo company raleigh nc,seo company,170,,6.2,LOW,7,commercial,,False
seo company irvine,seo company,170,,1.76,LOW,0,commercial,,False
seo company salt lake city,seo company,170,,0,LOW,22,commercial,,False
seo company kansas city,seo company,170,,1,LOW,5,commercial,,False
seo company in leeds,seo company,170,,0,LOW,0,commercial,,False
lancaster pa seo company,seo company,170,,0,LOW,0,commercial,,False
seo company in raleigh,seo company,170,,6.2,LOW,19,commercial,,False
on page seo company,seo company,170,,0,LOW,11,commercial,,False
white label seo company,seo company,170,,142.82,LOW,10,commercial,,False
best seo company dubai,seo company,170,,0,LOW,39,commercial,best,False
seo company leeds,seo company,170,,0,LOW,0,commercial,,False
seo company naples,seo company,170,,6.78,LOW,10,commercial,,False
seo company birmingham,seo company,170,,0,LOW,0,commercial,,False
seo company in bangkok,seo company,170,,0,LOW,36,commercial,,False
seo company kent,seo company,170,,0,LOW,0,commercial,,False
web development and seo services,seo services,170,,0,LOW,29,commercial,,False
bigcommerce seo services,seo services,170,,0,LOW,1,commercial,,False
on-site seo services,seo services,170,,0,LOW,0,commercial,,False
seo reputation management services,seo services,170,,91.58,LOW,9,commercial,,False
website development and seo services,seo services,170,,0,LOW,36,commercial,,False
jacksonville seo services,seo services,170,,35.58,LOW,20,commercial,,False
columbus seo services,seo services,170,,0,LOW,1,commercial,,False
best seo services london,seo services,170,,0,LOW,42,commercial,best,False
best local seo services,seo services,170,,0,LOW,36,commercial,best,False
on site seo services,seo services,170,,0,LOW,0,commercial,,False
seo services jacksonville fl,seo services,170,,35.58,LOW,20,commercial,,False
omaha seo services,seo services,170,,0,LOW,25,commercial,,False
seo outreach services,seo services,170,,0,LOW,0,commercial,,False
seo services fiverr,seo services,170,,8.56,LOW,0,commercial,,False
seo services columbus ohio,seo services,170,,0,LOW,0,commercial,,False
fiverr seo services,seo services,170,,8.56,LOW,0,commercial,,False
website and seo services near me,seo services,170,,0,LOW,23,commercial,,False
indianapolis seo services,seo services,170,,0,LOW,0,commercial,,False
seo services for photographers,seo services,170,,0,LOW,0,commercial,,False
seo digital marketing services,seo services,170,,23.8,LOW,37,commercial,,False
outreach seo services,seo services,170,,0,LOW,0,commercial,,False
seo services in indianapolis,seo services,170,,0,LOW,0,commercial,,False
white label seo services for agencies,seo services,170,,0,LOW,13,commercial,,False
travel seo services,seo services,170,,0,LOW,0,commercial,,False
best seo services in dubai,seo services,170,,0,LOW,41,commercial,best,False
quality seo services,seo services,170,,0,LOW,29,commercial,,False
seo services indianapolis,seo services,170,,0,LOW,0,commercial,,False
seo services omaha,seo services,170,,0,LOW,17,commercial,,False
best seo services in uae,seo services,170,,0,LOW,39,commercial,best,False
seo services cleveland,seo services,170,,0,LOW,20,commercial,,False
seo services jacksonville,seo services,170,,35.58,LOW,20,commercial,,False
dental seo marketing services,seo services,170,,0,LOW,14,commercial,,False
seo services boise,seo services,170,,0,LOW,1,commercial,,False
seo services inc,seo services,170,,0,LOW,39,commercial,,False
cleveland seo services,seo services,170,,0,LOW,11,commercial,,False
charlotte seo services,seo services,170,,0,LOW,18,commercial,,False
seo services thailand,seo services,170,,0,LOW,12,commercial,,False
seo services incorp,seo services,170,,0,LOW,5,commercial,,False
seo marketing services near me,seo services,170,,0,LOW,32,commercial,,False
seo services in atlanta,seo services,170,,0,LOW,31,commercial,,False
seo services on fiverr,seo services,170,,8.56,LOW,0,commercial,,False
best seo services dubai,seo services,170,,0,LOW,32,commercial,best,False
seo services in thailand,seo services,170,,0,LOW,18,commercial,,False
seo services in jacksonville,seo services,170,,35.58,LOW,21,commercial,,False
seo with ai,ai seo,170,,46.21,MEDIUM,40,commercial,,False
how to use ai for seo,ai seo,170,13,23.55,LOW,22,informational,,True
best ai visibility platforms with seo capabilities,ai seo,170,,0,LOW,6,commercial,best,False
generative ai seo,ai seo,170,,31.65,LOW,26,commercial,,False
ai seo strategy,ai seo,170,,46.36,LOW,40,commercial,,False
surfer seo ai,ai seo,170,,36.62,MEDIUM,10,commercial,,False
seo ai ai content detector,ai seo,170,,0,LOW,39,navigational,,False
ai search seo,ai seo,170,,93.29,LOW,27,commercial,,False
seo ai google website rank checker,ai seo,170,,0,,44,navigational,,False
ai seo strategies,ai seo,170,,46.36,LOW,24,commercial,,False
seo ai software,ai seo,170,,44.09,LOW,51,commercial,,False
what is generative engine optimization geo,generative engine optimization,170,3,17.96,LOW,44,informational,,True
web design company canada,web design company,170,,0,LOW,44,commercial,,False
web design company california,web design company,170,,0,LOW,31,commercial,,False
web design company new york webwolfs,web design company,170,,0,LOW,44,navigational,,False
web design company las vegas,web design company,170,,68.1,LOW,41,commercial,,False
web design company prices,web design company,170,,9.38,LOW,12,commercial,,False
web design company cyprus,web design company,170,,0,LOW,55,commercial,,False
web design company virginia,web design company,170,,0,LOW,54,commercial,,False
web design company in virginia,web design company,170,,0,LOW,32,commercial,,False
las vegas web design company,web design company,170,,68.1,LOW,46,commercial,,False
web design company wordpress themes,web design company,170,,6.89,LOW,53,commercial,,False
web design company in canada,web design company,170,,0,LOW,46,commercial,,False
web design company pricing,web design company,170,,9.38,LOW,12,commercial,,False
boston web design company,web design company,170,,6.39,LOW,79,commercial,,False
web design company testimonials,web design company,170,,2.41,LOW,0,commercial,,False
web design company miami,web design company,170,,0,LOW,41,commercial,,False
web design company va,web design company,170,,0,LOW,74,commercial,,False
web design company colorado springs,web design company,170,,21.91,LOW,63,commercial,,False
virginia web design company,web design company,170,,0,LOW,73,commercial,,False
orlando web design company,web design company,170,,10.48,LOW,47,commercial,,False
web design company in miami,web design company,170,,0,LOW,37,commercial,,False
web design company boston ma,web design company,170,,6.39,LOW,79,commercial,,False
web design company in ohio,web design company,170,,8.36,LOW,32,commercial,,False
web design company wordpress template,web design company,170,,6.89,LOW,26,navigational,,False
brooklyn web design company,web design company,170,,0,LOW,22,commercial,,False
miami web design company,web design company,170,,16.5,LOW,62,commercial,,False
wordpress web design company theme,web design company,170,,6.89,LOW,53,commercial,,False
phoenix web design company,web design company,170,,11.03,LOW,30,navigational,,False
web design agency austin tx,web design agency,170,,11.52,LOW,85,commercial,,False
miami web design agency,web design agency,170,,10.11,LOW,75,commercial,,False
web design agency virginia,web design agency,170,,0,LOW,74,commercial,,False
dental web design agency,web design agency,170,,56.86,LOW,96,commercial,,False
web design agency miami,web design agency,170,,10.11,LOW,62,commercial,,False
web design for insurance agency,web design agency,170,,26.44,LOW,30,commercial,,False
dentist web design agency,web design agency,170,,56.86,LOW,32,commercial,,False
web design insurance agency,web design agency,170,,26.44,LOW,33,commercial,,False
web design agency austin,web design agency,170,,11.52,LOW,82,commercial,,False
web design agency in miami,web design agency,170,,10.11,LOW,74,commercial,,False
insurance agency web design,web design agency,170,,26.44,LOW,18,commercial,,False
austin web design agency,web design agency,170,,11.52,LOW,81,commercial,,False
website development company in california,website development company,170,,0,LOW,7,commercial,,False
website development outsourcing company,website development company,170,,0,LOW,10,commercial,,False
website development company california,website development company,170,,0,LOW,9,commercial,,False
website development company canada,website development company,170,,0,LOW,0,commercial,,False
website development company in india,website development company,170,,15.06,LOW,57,commercial,,False
adult website development company,website development company,170,,0,LOW,0,commercial,,False
b2b ecommerce agency,ecommerce agency,170,,29.12,MEDIUM,1,commercial,,False
ecommerce email marketing agency,ecommerce agency,170,,49.57,LOW,17,commercial,,False
ecommerce development company usa,ecommerce development company,170,,12.41,LOW,16,commercial,,False
ecommerce development company in usa,ecommerce development company,170,,12.41,LOW,42,commercial,,False
shopify plus development agency,shopify agency,170,,0,LOW,0,navigational,,False
shopify store development services,shopify development,170,,85.2,LOW,40,commercial,,False
shopify store development service,shopify development,170,,85.2,LOW,48,navigational,,False
shopify plus development company,shopify development,170,,0,LOW,10,navigational,,False
ai agency consulting,ai agency,170,,45.93,MEDIUM,28,commercial,,False
ai optimization agency,ai agency,170,,32.22,LOW,30,commercial,,False
ai recruitment agency,ai agency,170,,77.36,MEDIUM,57,commercial,,False
gen ai agency,ai agency,170,,14.62,MEDIUM,45,navigational,,False
ai model agency,ai agency,170,,6.69,LOW,0,commercial,,False
ai recruiting agency,ai agency,170,,77.36,MEDIUM,11,commercial,,False
ai powered marketing agency,ai agency,170,,20.88,LOW,26,commercial,,False
ai modeling agency,ai agency,170,,6.69,LOW,19,commercial,,False
the instant ai agency,ai agency,170,,4.39,MEDIUM,0,navigational,,False
generative ai agency,ai agency,170,,14.48,MEDIUM,19,commercial,,False
ai creative agency,ai agency,170,,13.62,LOW,9,commercial,,False
ai modelling agency,ai agency,170,,6.69,LOW,50,commercial,,False
ai agency business model,ai agency,170,,21.58,MEDIUM,19,commercial,,False
ai models agency,ai agency,170,,6.69,LOW,43,commercial,,False
digital marketing agency milwaukee,digital marketing agency,170,,21.56,LOW,52,commercial,,False
milwaukee digital marketing agency,digital marketing agency,170,,21.56,LOW,30,commercial,,False
digital marketing agency wichita ks,digital marketing agency,170,,0,LOW,35,commercial,,False
digital marketing agency in michigan,digital marketing agency,170,,0,LOW,70,commercial,,False
digital marketing agency sydney australia,digital marketing agency,170,,0,LOW,49,commercial,,False
digital marketing agency in surrey,digital marketing agency,170,,0,LOW,19,commercial,,False
hvac digital marketing agency,digital marketing agency,170,,0,LOW,21,commercial,,False
top digital marketing agency india,digital marketing agency,170,,24.75,LOW,34,commercial,top,False
software for digital marketing agency,digital marketing agency,170,,61.49,LOW,12,commercial,,False
digital marketing agency in hyderabad,digital marketing agency,170,,7.94,MEDIUM,59,commercial,,False
digital marketing agency in milwaukee,digital marketing agency,170,,21.56,LOW,26,commercial,,False
fintech digital marketing agency,digital marketing agency,170,,0,LOW,0,commercial,,False
digital marketing agency in sydney,digital marketing agency,170,,0,LOW,49,commercial,,False
how to choose a digital marketing agency,digital marketing agency,170,13,0,LOW,0,informational,,True
des moines digital marketing agency,digital marketing agency,170,,13.43,LOW,41,commercial,,False
digital marketing agency melbourne,digital marketing agency,170,,0,LOW,76,commercial,,False
digital marketing agency surrey,digital marketing agency,170,,0,LOW,14,commercial,,False
top digital marketing agency in india,digital marketing agency,170,,24.75,LOW,36,commercial,top,False
cheapest digital marketing agency,digital marketing agency,170,,15.38,LOW,16,commercial,cheapest,False
digital marketing agency michigan,digital marketing agency,170,,0,LOW,51,commercial,,False
digital marketing agency kansas city,digital marketing agency,170,,36.28,LOW,34,commercial,,False
digital marketing agency des moines,digital marketing agency,170,,13.43,LOW,44,commercial,,False
digital marketing agency job,digital marketing agency,170,,5.11,LOW,24,commercial,,False
digital marketing agency in melbourne,digital marketing agency,170,,0,LOW,76,commercial,,False
dental digital marketing agency,digital marketing agency,170,,46.18,LOW,57,commercial,,False
digital growth marketing agency,digital marketing agency,170,,0,LOW,3,commercial,,False
cheap digital marketing agency,digital marketing agency,170,,15.38,LOW,16,commercial,,False
michigan digital marketing agency,digital marketing agency,170,,0,LOW,74,commercial,,False
best digital marketing agency for small businesses,digital marketing agency,170,,43.7,LOW,16,commercial,best,False
digital marketing agency in hyd,digital marketing agency,170,,7.94,MEDIUM,59,commercial,,False
digital marketing agency in kansas city,digital marketing agency,170,,36.28,LOW,34,commercial,,False
how to choose digital marketing agency,digital marketing agency,170,13,0,LOW,4,informational,,True
affordable digital marketing agency,digital marketing agency,170,,15.38,LOW,7,commercial,affordable,False
digital marketing agency sydney,digital marketing agency,170,,0,LOW,55,commercial,,False
digital marketing agency software,digital marketing agency,170,,61.49,LOW,1,commercial,,False
best digital marketing agency for small business,digital marketing agency,170,,43.7,LOW,10,commercial,best,False
surrey digital marketing agency,digital marketing agency,170,,0,LOW,24,commercial,,False
digital marketing job agency,digital marketing agency,170,,5.11,LOW,47,commercial,,False
digital marketing agency jobs,digital marketing agency,170,,5.11,LOW,4,commercial,,False
digital marketing agency hyderabad,digital marketing agency,170,,7.94,MEDIUM,75,commercial,,False
dentist digital marketing agency,digital marketing agency,170,,46.18,LOW,57,commercial,,False
amazon consultant agency,amazon agency,170,,23.09,LOW,14,navigational,,False
amazon consulting agency,amazon agency,170,,23.09,LOW,0,navigational,,False
pirawna amazon marketing agency,amazon agency,170,,23.71,LOW,0,commercial,,False
amazon full service agency,amazon agency,170,,140.69,LOW,6,navigational,,False
amazon full-service agency,amazon agency,170,,140.69,LOW,15,navigational,,False
seo agency in leeds,seo agency,140,,0,LOW,0,commercial,,False
starting seo agency,seo agency,140,,21.67,LOW,0,transactional,,False
seo agency in bangalore,seo agency,140,,0,LOW,35,commercial,,False
seo agency newcastle upon tyne,seo agency,140,,0,LOW,8,commercial,,False
start an seo agency,seo agency,140,,21.67,LOW,0,commercial,,False
colorado seo agency,seo agency,140,,0,LOW,49,commercial,,False
seo/sem agency,seo agency,140,,0,LOW,39,commercial,,False
seo agency long island,seo agency,140,,32.77,MEDIUM,53,commercial,,False
phoenix seo agency,seo agency,140,,0,LOW,24,commercial,,False
charleston seo agency,seo agency,140,,0,LOW,7,commercial,,False
seo agency website,seo agency,140,,56.49,LOW,49,commercial,,False
seo agency bangalore,seo agency,140,,0,LOW,35,commercial,,False
best seo agency chicago,seo agency,140,,0,LOW,9,commercial,best,False
tech seo agency,seo agency,140,,0,LOW,18,commercial,,False
san antonio seo agency,seo agency,140,,0,LOW,31,commercial,,False
brighton seo agency,seo agency,140,,0,LOW,18,commercial,,False
sem seo agency,seo agency,140,,0,LOW,14,commercial,,False
seo agency salt lake city,seo agency,140,,0,LOW,25,commercial,,False
seo agency in brighton,seo agency,140,,0,LOW,0,commercial,,False
seo agency brighton,seo agency,140,,0,LOW,0,commercial,,False
seo agency san antonio,seo agency,140,,0,LOW,10,commercial,,False
seo agency for dentist,seo agency,140,,16.5,LOW,3,commercial,,False
fuel online digital marketing agency seo services,seo agency,140,,0,LOW,11,commercial,,False
mobile seo agency,seo agency,140,,0,LOW,0,commercial,,False
b2b saas seo agency,seo agency,140,,52.16,LOW,0,commercial,,False
seo sem agency,seo agency,140,,0,LOW,37,commercial,,False
seo agency brisbane,seo agency,140,,0,LOW,30,commercial,,False
victorious seo agency,seo agency,140,,10.92,LOW,14,commercial,,False
seo agency for lawyers,seo agency,140,,0,LOW,16,commercial,,False
seo agency for dentists,seo agency,140,,16.5,LOW,11,commercial,,False
national seo agency,seo agency,140,,0,LOW,1,commercial,,False
seo agency newcastle,seo agency,140,,0,LOW,6,commercial,,False
seo audit agency,seo agency,140,,0,LOW,9,commercial,,False
seo agency vancouver,seo agency,140,,0,LOW,24,commercial,,False
msp seo agency,seo agency,140,,53.4,LOW,0,commercial,,False
colorado springs seo agency,seo agency,140,,10.94,LOW,21,commercial,,False
starting an seo agency,seo agency,140,,21.67,LOW,0,commercial,,False
seo for travel agency,seo agency,140,,0,LOW,0,commercial,,False
med spa seo agency,seo agency,140,,0,LOW,0,commercial,,False
franchise seo agency,seo agency,140,,25.56,LOW,0,commercial,,False
seo agency in newcastle upon tyne,seo agency,140,,0,LOW,6,commercial,,False
seo agency in san antonio,seo agency,140,,0,LOW,20,commercial,,False
magento seo agency,seo agency,140,,0,LOW,0,commercial,,False
seo agency leeds,seo agency,140,,0,LOW,0,commercial,,False
hotel seo agency,seo agency,140,,50.28,LOW,0,commercial,,False
seo agency in brisbane,seo agency,140,,0,LOW,28,commercial,,False
start seo agency,seo agency,140,,21.67,LOW,0,commercial,,False
salt lake city seo agency,seo agency,140,,0,LOW,44,commercial,,False
seo and ppc agency,seo agency,140,,173.61,LOW,11,commercial,,False
best seo agency in usa,seo agency,140,,111.89,LOW,6,commercial,best,False
web agency seo,seo agency,140,,29.23,LOW,54,commercial,,False
travel agency seo,seo agency,140,,0,LOW,0,commercial,,False
seo website agency,seo agency,140,,29.23,LOW,48,commercial,,False
newcastle seo agency,seo agency,140,,0,LOW,4,commercial,,False
alabama seo agency,seo agency,140,,0,LOW,0,commercial,,False
seo agency alabama,seo agency,140,,0,LOW,0,commercial,,False
seo agency in delhi,seo agency,140,,0,LOW,27,commercial,,False
seo agency in phoenix az,seo agency,140,,0,LOW,28,commercial,,False
seo agency project management software,seo agency,140,,0,LOW,3,commercial,,False
seo web agency,seo agency,140,,29.23,LOW,29,commercial,,False
thrive seo agency,seo agency,140,,5.06,LOW,79,commercial,,False
brisbane seo agency,seo agency,140,,0,LOW,30,commercial,,False
tampa seo agency,seo agency,140,,13.61,LOW,9,commercial,,False
seo agency for hotels,seo agency,140,,50.28,LOW,7,commercial,,False
video seo agency,seo agency,140,,0,LOW,2,commercial,,False
seo agency websites,seo agency,140,,56.49,LOW,78,commercial,,False
leeds seo agency,seo agency,140,,0,LOW,5,commercial,,False
vancouver seo agency,seo agency,140,,0,LOW,45,commercial,,False
video seo company,seo company,140,,0,LOW,0,commercial,,False
seo company brisbane,seo company,140,,0,LOW,24,commercial,,False
best seo company in miami,seo company,140,,0,LOW,10,commercial,best,False
seo company bangalore,seo company,140,,0,LOW,26,commercial,,False
baton rouge seo company,seo company,140,,0,LOW,4,commercial,,False
seo company in liverpool,seo company,140,,0,LOW,17,commercial,,False
seo company in harrisburg,seo company,140,,0,LOW,0,commercial,,False
seo sem company,seo company,140,,0,LOW,40,commercial,,False
glendale seo company,seo company,140,,0,LOW,0,commercial,,False
seo company colorado,seo company,140,,0,LOW,22,commercial,,False
saas seo company,seo company,140,,0,LOW,0,commercial,,False
franchise seo company,seo company,140,,0,LOW,0,commercial,,False
online seo company,seo company,140,,0,LOW,49,commercial,,False
how to choose seo company,seo company,140,13,186.67,LOW,16,informational,,True
liverpool seo company,seo company,140,,0,LOW,3,commercial,,False
select seo company,seo company,140,,0,LOW,28,commercial,,False
seo reseller company,seo company,140,,0,LOW,18,commercial,,False
seo company liverpool,seo company,140,,0,LOW,0,commercial,,False
omaha seo company,seo company,140,,7.69,LOW,18,commercial,,False
seo company in bangalore,seo company,140,,0,LOW,38,commercial,,False
best us seo company,seo company,140,,0,LOW,30,commercial,best,False
seo company in sheffield,seo company,140,,0,LOW,0,commercial,,False
seo company in glasgow,seo company,140,,0,LOW,20,commercial,,False
plastic surgery seo company,seo company,140,,0,LOW,0,navigational,,False
seo company baton rouge,seo company,140,,0,LOW,0,navigational,,False
seo and sem company,seo company,140,,0,LOW,40,commercial,,False
seo company in jaipur,seo company,140,,0,LOW,22,commercial,,False
leading seo company,seo company,140,,0,LOW,31,commercial,leading,False
pasadena seo company,seo company,140,,0,LOW,0,commercial,,False
seo company in colorado,seo company,140,,0,LOW,28,commercial,,False
the best seo company,seo company,140,,30.56,LOW,39,commercial,best,False
seo for solar company,seo company,140,,0,LOW,0,commercial,,False
seo company glasgow,seo company,140,,0,LOW,28,commercial,,False
how to pick an seo company,seo company,140,1,186.67,LOW,10,informational,,True
seo company miami,seo company,140,,0,LOW,10,commercial,,False
ppc seo company,seo company,140,,173.61,LOW,18,commercial,,False
seo company cambridge,seo company,140,,0,LOW,0,commercial,,False
seo online company,seo company,140,,0,LOW,54,commercial,,False
seo company in,seo company,140,,0,LOW,35,commercial,,False
harrisburg seo company,seo company,140,,0,LOW,0,commercial,,False
brisbane seo company,seo company,140,,0,LOW,19,commercial,,False
seo company online,seo company,140,,0,LOW,51,commercial,,False
sem and seo company,seo company,140,,0,LOW,38,commercial,,False
best dental seo company,seo company,140,,0,LOW,9,commercial,best,False
choose seo company,seo company,140,,0,LOW,14,commercial,,False
seo company naperville,seo company,140,,15.86,LOW,0,commercial,,False
seo company in baton rouge,seo company,140,,0,LOW,3,commercial,,False
award winning seo company,seo company,140,,0,LOW,46,commercial,award winning,False
seo company west palm beach,seo company,140,,0,LOW,0,commercial,,False
seo company brampton,seo company,140,,0,LOW,0,commercial,,False
seo company marietta ga,seo company,140,,0,LOW,0,navigational,,False
mobile seo company,seo company,140,,0,LOW,0,commercial,,False
seo company sheffield,seo company,140,,0,LOW,0,commercial,,False
contractor seo company,seo company,140,,0,LOW,7,commercial,,False
west palm beach seo company,seo company,140,,0,LOW,0,commercial,,False
brampton seo company,seo company,140,,0,LOW,0,commercial,,False
best seo company miami,seo company,140,,0,LOW,10,commercial,best,False
how to choose an seo company,seo company,140,13,186.67,LOW,14,informational,,True
seo company in brampton,seo company,140,,0,LOW,0,commercial,,False
seo ppc company,seo company,140,,173.61,LOW,54,commercial,,False
san francisco seo company,seo company,140,,0,LOW,20,commercial,,False
seo company in brisbane,seo company,140,,0,LOW,19,commercial,,False
bangalore seo company,seo company,140,,0,LOW,43,commercial,,False
choosing seo company,seo company,140,,0,LOW,14,commercial,,False
seo optimisation company,seo company,140,,0,LOW,46,commercial,,False
seo company delhi,seo company,140,,0,LOW,27,commercial,,False
glasgow seo company,seo company,140,,0,LOW,24,commercial,,False
manufacturing seo company,seo company,140,,63.8,LOW,7,navigational,,False
choosing an seo company,seo company,140,,0,LOW,14,commercial,,False
seo company marietta,seo company,140,,0,LOW,0,commercial,,False
seo company in cambridge,seo company,140,,0,LOW,0,commercial,,False
seo web marketing company,seo company,140,,0,LOW,36,commercial,,False
temecula seo company,seo company,140,,0,LOW,0,commercial,,False
marietta seo company,seo company,140,,0,LOW,0,commercial,,False
seo services list,seo services,140,,0,LOW,21,commercial,,False
seo services blogspot,seo services,140,,0,LOW,0,commercial,,False
seo services in delhi ncr,seo services,140,,0,LOW,17,commercial,,False
electrician seo services,seo services,140,,47.73,LOW,0,commercial,,False
orange county seo services,seo services,140,,0,LOW,32,commercial,,False
seo services san francisco,seo services,140,,0,LOW,20,commercial,,False
best seo services chicago,seo services,140,,0,LOW,21,commercial,best,False
seo blogging services,seo services,140,,8.82,LOW,0,commercial,,False
seo and social media services,seo services,140,,0,LOW,16,commercial,,False
los angeles local seo services,seo services,140,,12.43,LOW,2,commercial,,False
best seo services providers,seo services,140,,0,LOW,39,commercial,best,False
local seo services los angeles,seo services,140,,12.43,LOW,24,commercial,,False
social media seo services,seo services,140,,0,LOW,31,commercial,,False
blog seo services,seo services,140,,8.82,LOW,12,commercial,,False
glasgow seo services,seo services,140,,0,LOW,10,commercial,,False
med spa seo services,seo services,140,,19.53,LOW,0,commercial,,False
blogs on seo services,seo services,140,,8.82,LOW,35,commercial,,False
multilingual seo services,seo services,140,,0,LOW,0,commercial,,False
local seo services for law firms,seo services,140,,0,LOW,10,commercial,,False
ai driven seo services,seo services,140,,0,LOW,16,commercial,,False
adult seo services,seo services,140,,6.73,LOW,14,commercial,,False
complete seo services,seo services,140,,0,LOW,4,commercial,,False
seo services blogs,seo services,140,,0,LOW,20,commercial,,False
seo for plumbing services,seo services,140,,0,LOW,20,commercial,,False
seo services for bloggers,seo services,140,,8.82,LOW,7,commercial,,False
best seo services provider,seo services,140,,0,LOW,31,commercial,best,False
kansas city seo services,seo services,140,,0,LOW,19,commercial,,False
seo services nj,seo services,140,,0,LOW,17,commercial,,False
web development seo services,seo services,140,,0,LOW,27,commercial,,False
wix seo services,seo services,140,,10.81,LOW,22,commercial,,False
seo services for architects,seo services,140,,0,LOW,0,commercial,,False
global seo services,seo services,140,,0,LOW,0,commercial,,False
casino seo services,seo services,140,,0,LOW,11,commercial,,False
seo services kansas city,seo services,140,,0,LOW,10,commercial,,False
seo services in baltimore,seo services,140,,0,LOW,2,commercial,,False
paid seo services,seo services,140,,0,LOW,25,commercial,,False
seo services fort worth,seo services,140,,0,LOW,0,commercial,,False
best seo services usa,seo services,140,,0,LOW,8,commercial,best,False
seo services in sacramento,seo services,140,,0,LOW,21,commercial,,False
seo services baltimore,seo services,140,,0,LOW,0,commercial,,False
milwaukee seo services,seo services,140,,12.91,LOW,0,commercial,,False
pest control seo services,seo services,140,,41,LOW,0,commercial,,False
seo services in delhi,seo services,140,,0,LOW,28,commercial,,False
seo services in san antonio,seo services,140,,0,LOW,46,commercial,,False
seo white label services,seo services,140,,0,LOW,8,commercial,,False
seo services milwaukee,seo services,140,,12.91,LOW,0,commercial,,False
seo social media services,seo services,140,,0,LOW,7,commercial,,False
seo services fort lauderdale,seo services,140,,12.15,LOW,0,commercial,,False
seo list of services,seo services,140,,0,LOW,0,commercial,,False
sacramento seo services,seo services,140,,0,LOW,4,commercial,,False
seo services for doctors,seo services,140,,0,LOW,0,commercial,,False
medical spa seo services,seo services,140,,19.53,LOW,0,commercial,,False
seo services in kansas city,seo services,140,,0,LOW,16,commercial,,False
google my business seo services,seo services,140,,0,LOW,42,commercial,,False
best seo services near me,seo services,140,,0,LOW,24,commercial,best,False
worldwide seo services,seo services,140,,0,LOW,15,commercial,,False
seo services for plumbers,seo services,140,,0,LOW,21,commercial,,False
seo services delhi,seo services,140,,0,LOW,55,commercial,,False
san francisco seo services,seo services,140,,0,LOW,20,commercial,,False
fort worth seo services,seo services,140,,0,LOW,0,commercial,,False
seo services for blogs,seo services,140,,8.82,LOW,21,commercial,,False
restaurant seo services,seo services,140,,42.07,LOW,0,commercial,,False
seo optimization services reviews,seo services,140,,0,LOW,23,commercial,,False
seo services for doctor,seo services,140,,0,LOW,0,commercial,,False
seo services in glasgow,seo services,140,,0,LOW,23,commercial,,False
seo website migration services,seo services,140,,0,LOW,0,commercial,,False
doctor seo services,seo services,140,,0,LOW,0,commercial,,False
seo services delhi ncr,seo services,140,,0,LOW,31,commercial,,False
seo services india delhi,seo services,140,,0,LOW,29,commercial,,False
seo web development services,seo services,140,,0,LOW,20,commercial,,False
seo strategy services,seo services,140,,0,LOW,31,commercial,,False
san antonio seo services,seo services,140,,0,LOW,13,commercial,,False
list of seo services,seo services,140,,0,LOW,28,commercial,,False
buy seo services online,seo services,140,,0,LOW,40,transactional,,False
baltimore seo services,seo services,140,,0,LOW,2,commercial,,False
seo services blog,seo services,140,,0,LOW,22,commercial,,False
listing seo services,seo services,140,,0,LOW,15,commercial,,False
seo services glasgow,seo services,140,,0,LOW,13,commercial,,False
seo services reviews,seo services,140,,0,LOW,13,commercial,,False
seo services review,seo services,140,,0,LOW,11,commercial,,False
seo services sacramento,seo services,140,,0,LOW,2,commercial,,False
seo blog services,seo services,140,,8.82,LOW,0,commercial,,False
seo services bangkok,seo services,140,,0,LOW,38,commercial,,False
seo services for plumber,seo services,140,,0,LOW,13,commercial,,False
use ai for seo,ai seo,140,,25.52,MEDIUM,23,commercial,,False
best seo ai,ai seo,140,,27.79,MEDIUM,15,commercial,best,False
ai software for seo,ai seo,140,,60.33,LOW,23,commercial,,False
seo ai tool free,ai seo,140,,16.09,LOW,23,commercial,,False
seo ai rank checker,ai seo,140,,39.2,LOW,62,commercial,,False
seo ai ai detector,ai seo,140,,0,MEDIUM,51,informational,,False
ai seo courses,ai seo,140,,10.55,LOW,12,commercial,,False
ai overview seo,ai seo,140,,10.87,LOW,29,commercial,,False
top ai seo tools,ai seo,140,,16.8,LOW,28,commercial,top,False
ai seo title generator,ai seo,140,,0,LOW,9,commercial,,False
best ai tools for seo optimization,ai seo,140,,133.96,LOW,21,commercial,best,False
using ai for seo,ai seo,140,,25.52,MEDIUM,23,commercial,,False
seo ai tools free,ai seo,140,,16.09,LOW,41,commercial,,False
ai tool seo,ai seo,140,,48.37,LOW,22,informational,,False
ai seo course,ai seo,140,,10.55,LOW,12,commercial,,False
best ai tool for seo optimization,ai seo,140,,133.96,LOW,20,commercial,best,False
ai tools seo,ai seo,140,,48.37,LOW,27,commercial,,False
ai overviews seo,ai seo,140,,10.87,LOW,31,commercial,,False
seo optimization ai,ai seo,140,,46.53,MEDIUM,26,commercial,,False
ai visibility solutions with best generative engine optimization,generative engine optimization,140,,0,LOW,11,commercial,best,False
top solutions for ai visibility and generative engine optimization,generative engine optimization,140,,0,LOW,0,commercial,top,False
best answer engine optimization tools,answer engine optimization,140,,0,LOW,11,commercial,best,False
answer engine optimization aeo services,answer engine optimization,140,,0,LOW,32,commercial,,False
profound answer engine optimization,answer engine optimization,140,,3.54,MEDIUM,13,commercial,,False
web design company baltimore,web design company,140,,6.77,LOW,44,commercial,,False
best web design company for small business,web design company,140,,11.13,LOW,30,commercial,best,False
bay area web design company,web design company,140,,0,LOW,24,commercial,,False
web design company faq,web design company,140,,11.05,LOW,0,informational,,False
web design marketing company,web design company,140,,37.62,MEDIUM,79,commercial,,False
web design for marketing company,web design company,140,,37.62,MEDIUM,37,commercial,,False
cleveland web design company,web design company,140,,3.09,LOW,1,commercial,,False
cheap web design company,web design company,140,,71.95,LOW,25,commercial,,False
cheapest web design company,web design company,140,,71.95,LOW,20,commercial,cheapest,False
web design and marketing company,web design company,140,,37.62,MEDIUM,63,commercial,,False
marketing web design company,web design company,140,,37.62,MEDIUM,80,commercial,,False
baltimore web design company,web design company,140,,6.77,LOW,24,commercial,,False
maine web design company,web design company,140,,0,MEDIUM,43,commercial,,False
web design company hong kong,web design company,140,,0,LOW,34,commercial,,False
web design company bay area,web design company,140,,0,LOW,89,commercial,,False
moving company web design,web design company,140,,20.95,LOW,0,commercial,,False
web design company singapore,web design company,140,,0,LOW,29,commercial,,False
alaska web design company,web design company,140,,9.05,LOW,77,commercial,,False
web design company in anaheim,web design company,140,,21.19,LOW,0,commercial,,False
bigcommerce web design company,web design company,140,,60.41,LOW,12,commercial,,False
law firm web design company,web design company,140,,329.35,LOW,36,commercial,,False
web design company cleveland ohio,web design company,140,,3.09,LOW,9,commercial,,False
hong kong web design company,web design company,140,,0,LOW,31,commercial,,False
web design company cheap,web design company,140,,71.95,LOW,23,commercial,,False
nonprofit web design agency,web design agency,140,,34.65,MEDIUM,42,navigational,,False
web design services agency,web design agency,140,,19.96,LOW,70,commercial,,False
web design creative agency,web design agency,140,,12.13,LOW,97,commercial,,False
web design agency services,web design agency,140,,19.96,LOW,21,commercial,,False
web design agency phoenix,web design agency,140,,0,LOW,32,commercial,,False
digital marketing and web design agency,web design agency,140,,0,LOW,100,commercial,,False
philadelphia web design agency,web design agency,140,,38.37,LOW,52,commercial,,False
web design service agency,web design agency,140,,19.96,LOW,78,commercial,,False
phoenix web design agency,web design agency,140,,0,LOW,20,navigational,,False
non profit web design agency,web design agency,140,,34.65,MEDIUM,42,commercial,,False
healthcare web design agency,web design agency,140,,48.59,LOW,13,commercial,,False
manufacturing web design agency,web design agency,140,,0,LOW,0,navigational,,False
creative web design agency,web design agency,140,,12.13,LOW,82,commercial,,False
software & website development company,website development company,140,,149.69,LOW,62,commercial,,False
website and software development company,website development company,140,,149.69,LOW,62,commercial,,False
website development company los angeles,website development company,140,,0,LOW,36,commercial,,False
website and mobile app development company,website development company,140,,34.08,LOW,34,commercial,,False
website development company atlanta,website development company,140,,0,LOW,53,commercial,,False
software development company website,website development company,140,,149.69,LOW,62,navigational,,False
drupal website development company,website development company,140,,0,LOW,21,commercial,,False
mobile application development company website,website development company,140,,34.08,LOW,36,navigational,,False
website software development company,website development company,140,,149.69,LOW,56,commercial,,False
mobile app development company website,website development company,140,,34.08,LOW,38,navigational,,False
e commerce website development company in india,website development company,140,,0,LOW,17,commercial,,False
ecommerce website development company india,website development company,140,,0,LOW,13,commercial,,False
ecommerce website development company in india,website development company,140,,0,LOW,11,commercial,,False
london ecommerce agency,ecommerce agency,140,,0,MEDIUM,26,commercial,,False
ecommerce digital agency,ecommerce agency,140,,56.25,LOW,17,commercial,,False
ecommerce agency london,ecommerce agency,140,,0,MEDIUM,25,commercial,,False
digital marketing agency for ecommerce,ecommerce agency,140,,435.06,LOW,14,commercial,,False
digital agency ecommerce,ecommerce agency,140,,56.25,LOW,62,commercial,,False
digital agency for ecommerce,ecommerce agency,140,,56.25,LOW,14,commercial,,False
ecommerce development company india,ecommerce development company,140,,0,LOW,14,commercial,,False
custom ecommerce development company,ecommerce development company,140,,0,LOW,5,commercial,,False
ecommerce web development company in india,ecommerce development company,140,,0,LOW,42,commercial,,False
ecommerce development company in india,ecommerce development company,140,,0,LOW,28,commercial,,False
magento ecommerce development company,ecommerce development company,140,,0,LOW,29,commercial,,False
shopify agency los angeles,shopify agency,140,,21.53,LOW,0,navigational,,False
shopify web development agency,shopify agency,140,,15.93,LOW,51,navigational,,False
shopify design agency,shopify agency,140,,13.52,LOW,51,navigational,,False
shopify agency partners,shopify agency,140,,30.23,LOW,25,navigational,,False
shopify website development agency,shopify agency,140,,15.93,LOW,36,navigational,,False
custom shopify development,shopify development,140,,31.51,LOW,32,commercial,,False
shopify custom development,shopify development,140,,31.51,LOW,18,navigational,,False
white label ai agency,ai agency,140,,17.34,HIGH,0,commercial,,False
ai lead gen agency,ai agency,140,,28.87,LOW,49,navigational,,False
ai lead generation agency,ai agency,140,,28.87,LOW,49,commercial,,False
ai pr agency,ai agency,140,,40.11,LOW,0,commercial,,False
invisible agency ai trainer,ai agency,140,,0,LOW,14,navigational,,False
ai search optimization agency,ai agency,140,,0,LOW,0,commercial,,False
ai voice agent agency,ai agency,140,,31.14,LOW,34,commercial,,False
bristol digital marketing agency,digital marketing agency,140,,3.43,LOW,31,commercial,,False
digital marketing agency bristol,digital marketing agency,140,,3.43,LOW,31,commercial,,False
digital marketing for insurance agency,digital marketing agency,140,,79.3,LOW,0,commercial,,False
digital marketing agency australia,digital marketing agency,140,,16.21,LOW,55,commercial,,False
financial services digital marketing agency,digital marketing agency,140,,43.87,LOW,0,commercial,,False
new-orleans-digital-marketing-agency,digital marketing agency,140,,23.82,LOW,34,commercial,,False
digital marketing agency virginia,digital marketing agency,140,,19.01,LOW,20,commercial,,False
digital marketing agency in richmond,digital marketing agency,140,,8.52,LOW,29,commercial,,False
san jose digital marketing agency,digital marketing agency,140,,17.57,LOW,1,commercial,,False
digital marketing agency business,digital marketing agency,140,,0,LOW,11,commercial,,False
hospitality digital marketing agency,digital marketing agency,140,,33.92,LOW,9,commercial,,False
australian digital marketing agency,digital marketing agency,140,,16.21,LOW,49,commercial,,False
award winning digital marketing agency,digital marketing agency,140,,0,LOW,31,commercial,award winning,False
digital marketing agency in japan,digital marketing agency,140,,0,LOW,36,commercial,,False
new orleans digital marketing agency,digital marketing agency,140,,23.82,LOW,34,commercial,,False
digital marketing agency san jose,digital marketing agency,140,,17.57,LOW,6,commercial,,False
boutique digital marketing agency,digital marketing agency,140,,5.04,LOW,41,commercial,,False
digital marketing agency southampton,digital marketing agency,140,,0,LOW,14,commercial,,False
hotel digital marketing agency,digital marketing agency,140,,27.75,LOW,25,commercial,,False
nj digital marketing agency,digital marketing agency,140,,5.25,LOW,25,commercial,,False
richmond digital marketing agency,digital marketing agency,140,,8.52,LOW,29,commercial,,False
digital marketing agency oklahoma city,digital marketing agency,140,,0,LOW,27,commercial,,False
digital marketing agency in bristol,digital marketing agency,140,,3.43,LOW,13,commercial,,False
singapore digital marketing agency,digital marketing agency,140,,8.98,LOW,28,commercial,,False
digital marketing agency hospitality,digital marketing agency,140,,33.92,LOW,23,commercial,,False
digital marketing agency insurance,digital marketing agency,140,,79.3,LOW,0,commercial,,False
digital marketing agency new orleans,digital marketing agency,140,,23.82,LOW,34,commercial,,False
digital marketing agency in singapore,digital marketing agency,140,,8.98,LOW,19,commercial,,False
digital marketing agency singapore,digital marketing agency,140,,8.98,LOW,19,commercial,,False
digital marketing agency vancouver,digital marketing agency,140,,8.59,LOW,25,commercial,,False
digital marketing agency for financial services,digital marketing agency,140,,43.87,LOW,0,commercial,,False
digital marketing agency knoxville,digital marketing agency,140,,23.59,LOW,75,commercial,,False
digital marketing agency richmond,digital marketing agency,140,,8.52,LOW,29,commercial,,False
oklahoma city digital marketing agency,digital marketing agency,140,,0,LOW,30,commercial,,False
digital marketing agency for hotels,digital marketing agency,140,,27.75,LOW,13,commercial,,False
digital marketing agency in southampton,digital marketing agency,140,,0,LOW,13,commercial,,False
digital marketing agency for e-commerce,digital marketing agency,140,,435.06,LOW,1,commercial,,False
digital marketing agency au,digital marketing agency,140,,16.21,LOW,67,commercial,,False
best digital marketing agency india,digital marketing agency,140,,14.41,LOW,48,commercial,best,False
digital marketing agency japan,digital marketing agency,140,,0,LOW,31,commercial,,False
digital marketing agency richmond va,digital marketing agency,140,,8.52,LOW,41,commercial,,False
australia digital marketing agency,digital marketing agency,140,,16.21,LOW,49,commercial,,False
digital marketing agency in vancouver,digital marketing agency,140,,8.59,LOW,27,commercial,,False
digital marketing agency in new orleans,digital marketing agency,140,,23.82,LOW,34,commercial,,False
digital marketing agency okc,digital marketing agency,140,,0,LOW,32,commercial,,False
digital marketing agency for hotel,digital marketing agency,140,,27.75,LOW,31,commercial,,False
knoxville digital marketing agency,digital marketing agency,140,,23.59,LOW,75,commercial,,False
best digital marketing agency in india,digital marketing agency,140,,14.41,LOW,46,commercial,best,False
digital marketing agency for hospitality,digital marketing agency,140,,33.92,LOW,23,commercial,,False
digital marketing agency hotels,digital marketing agency,140,,27.75,LOW,19,commercial,,False
vancouver digital marketing agency,digital marketing agency,140,,8.59,LOW,30,commercial,,False
award-winning digital marketing agency,digital marketing agency,140,,0,LOW,1,commercial,,False
digital marketing agency sg,digital marketing agency,140,,8.98,LOW,23,commercial,,False
digital media marketing agency,digital marketing agency,140,,29.26,LOW,39,commercial,,False
digital marketing agency in australia,digital marketing agency,140,,16.21,LOW,25,commercial,,False
insurance agency digital marketing,digital marketing agency,140,,79.3,LOW,5,commercial,,False
digital marketing agency knoxville tn,digital marketing agency,140,,23.59,LOW,76,commercial,,False
insurance digital marketing agency,digital marketing agency,140,,79.3,LOW,2,commercial,,False
digital marketing agency in san jose,digital marketing agency,140,,17.57,LOW,3,commercial,,False
japan digital marketing agency,digital marketing agency,140,,0,LOW,39,commercial,,False
digital marketing agency financial services,digital marketing agency,140,,43.87,LOW,0,commercial,,False
amazon seller agency,amazon agency,140,,23.9,LOW,13,navigational,,False
seo agency singapore,seo agency,110,,22.29,LOW,32,commercial,,False
on page seo agency,seo agency,110,,0,LOW,2,commercial,,False
seo agency ecommerce,seo agency,110,,0,LOW,4,commercial,,False
hiring seo agency,seo agency,110,,0,LOW,0,commercial,,False
travel seo agency,seo agency,110,,8.64,LOW,0,commercial,,False
bigcommerce seo agency,seo agency,110,,0,LOW,11,commercial,,False
seo agency pte ltd,seo agency,110,,22.29,LOW,34,commercial,,False
seo agency for restaurant,seo agency,110,,0,LOW,0,commercial,,False
seo agency platform,seo agency,110,,0,LOW,61,commercial,,False
find seo agency,seo agency,110,,0,LOW,41,commercial,,False
top seo agency london,seo agency,110,,0,LOW,28,commercial,top,False
oxford seo agency,seo agency,110,,0,LOW,0,commercial,,False
seo agency sg,seo agency,110,,22.29,LOW,38,commercial,,False
raleigh seo agency,seo agency,110,,0,LOW,18,commercial,,False
tools for seo agency,seo agency,110,,0,LOW,26,commercial,,False
llm seo agency,seo agency,110,,0,LOW,0,commercial,,False
crypto seo agency,seo agency,110,,0,LOW,0,commercial,,False
la seo agency,seo agency,110,,9.48,LOW,24,commercial,,False
seo outreach agency,seo agency,110,,0,LOW,4,commercial,,False
seo agency in singapore,seo agency,110,,22.29,LOW,25,commercial,,False
seo agency raleigh,seo agency,110,,0,LOW,10,commercial,,False
seo agency in la ca,seo agency,110,,9.48,LOW,20,commercial,,False
china seo agency,seo agency,110,,0,LOW,0,commercial,,False
seo agency washington dc,seo agency,110,,0,LOW,1,commercial,,False
restaurant seo agency,seo agency,110,,0,LOW,0,commercial,,False
youtube seo agency,seo agency,110,,0,LOW,4,commercial,,False
seo agency in malaysia,seo agency,110,,0,LOW,23,commercial,,False
local plumber seo agency,seo agency,110,,0,LOW,18,commercial,,False
huntsville seo agency,seo agency,110,,0,LOW,0,commercial,,False
seo agency oxford,seo agency,110,,0,LOW,10,commercial,,False
digital marketing and seo agency,seo agency,110,,0,LOW,37,commercial,,False
seo agency in la,seo agency,110,,9.48,LOW,11,commercial,,False
boutique seo agency,seo agency,110,,29.26,LOW,0,commercial,,False
seo agency columbus,seo agency,110,,0,LOW,10,commercial,,False
malaysia seo agency,seo agency,110,,0,LOW,26,commercial,,False
seo agency in oxford,seo agency,110,,0,LOW,0,commercial,,False
buffalo seo agency,seo agency,110,,0,LOW,0,commercial,,False
squarespace seo agency,seo agency,110,,72.56,LOW,15,commercial,,False
seo content writing agency,seo agency,110,,0,LOW,0,commercial,,False
restaurants seo agency,seo agency,110,,0,LOW,0,commercial,,False
hire seo agency,seo agency,110,,0,LOW,30,commercial,,False
seo agency malaysia,seo agency,110,,0,LOW,24,commercial,,False
seo agency columbus ohio,seo agency,110,,0,LOW,5,commercial,,False
columbus seo agency,seo agency,110,,0,LOW,0,commercial,,False
seo agency for restaurants,seo agency,110,,0,LOW,5,commercial,,False
white hat seo agency,seo agency,110,,0,LOW,20,commercial,,False
seo agency la,seo agency,110,,9.48,LOW,24,commercial,,False
on-page seo agency,seo agency,110,,0,LOW,0,commercial,,False
seo agency dc,seo agency,110,,0,LOW,5,commercial,,False
seo agency texas,seo agency,110,,0,LOW,31,commercial,,False
affordable seo services company,seo company,110,,0,LOW,17,commercial,affordable,False
expert seo company,seo company,110,,0,LOW,31,commercial,,False
seo service company near me,seo company,110,,0,LOW,28,commercial,,False
seo company lahore,seo company,110,,8.21,LOW,8,commercial,,False
best seo company for real estate,seo company,110,,0,LOW,22,commercial,best,False
start seo company,seo company,110,,4.87,LOW,16,commercial,,False
seo company in albuquerque,seo company,110,,0,LOW,16,commercial,,False
seo company st petersburg fl,seo company,110,,9.68,LOW,0,commercial,,False
seo company bristol,seo company,110,,0,LOW,7,commercial,,False
seo company in china,seo company,110,,0,LOW,1,commercial,,False
seo company management software,seo company,110,,0,LOW,1,commercial,,False
seo in a company,seo company,110,,0,LOW,57,commercial,,False
best seo company in atlanta,seo company,110,,0,LOW,22,commercial,best,False
dental seo marketing company,seo company,110,,0,LOW,38,commercial,,False
arlington seo company,seo company,110,,0,LOW,0,commercial,,False
a seo company,seo company,110,,0,LOW,39,commercial,,False
china seo company,seo company,110,,0,LOW,0,commercial,,False
seo outsourcing company in india,seo company,110,,0,LOW,13,commercial,,False
seo for roofing company,seo company,110,,32.87,LOW,17,informational,,False
longmont seo company,seo company,110,,0,LOW,0,commercial,,False
seo company in ottawa,seo company,110,,0,LOW,17,commercial,,False
top seo company services,seo company,110,,0,LOW,25,commercial,top,False
local seo company nyc,seo company,110,,0,LOW,4,commercial,,False
rochester ny seo company,seo company,110,,0,LOW,1,commercial,,False
find seo company,seo company,110,,0,LOW,34,commercial,,False
best seo consulting company,seo company,110,,0,LOW,25,commercial,best,False
best seo company in san diego,seo company,110,,5.58,LOW,31,commercial,best,False
best seo company las vegas,seo company,110,,0,LOW,18,commercial,best,False
the los angeles seo company,seo company,110,,0,LOW,36,commercial,,False
seo company for saas,seo company,110,,0,LOW,0,commercial,,False
a-seo company,seo company,110,,0,LOW,31,commercial,,False
seo company virginia beach,seo company,110,,0,LOW,0,commercial,,False
malaysia seo company,seo company,110,,0,LOW,41,commercial,,False
seo company newcastle,seo company,110,,0,LOW,0,commercial,,False
albuquerque seo company,seo company,110,,0,LOW,18,commercial,,False
best local seo company for google,seo company,110,,0,LOW,16,commercial,best,False
seo company honolulu,seo company,110,,0,LOW,0,commercial,,False
seo malaysia company,seo company,110,,0,LOW,38,commercial,,False
seo company newcastle upon tyne,seo company,110,,0,LOW,0,commercial,,False
chiropractic seo company,seo company,110,,0,LOW,0,commercial,,False
bristol seo company,seo company,110,,0,LOW,8,commercial,,False
seo company in rochester,seo company,110,,0,LOW,0,commercial,,False
local seo company in usa,seo company,110,,0,LOW,21,commercial,,False
llm seo company coalition,seo company,110,,8.09,MEDIUM,3,commercial,,False
virginia beach seo company,seo company,110,,0,LOW,0,commercial,,False
seo company in malaysia,seo company,110,,0,LOW,27,commercial,,False
seo company madison,seo company,110,,0,LOW,0,commercial,,False
rochester seo company,seo company,110,,0,LOW,0,commercial,,False
best portland seo company,seo company,110,,0,LOW,15,commercial,best,False
best seo company long island,seo company,110,,0,LOW,13,commercial,best,False
local seo service company,seo company,110,,0,LOW,25,commercial,,False
seo pakistan company,seo company,110,,0,LOW,26,commercial,,False
seo company in lahore,seo company,110,,8.21,LOW,8,commercial,,False
ai seo company coalition,seo company,110,,15.56,MEDIUM,25,commercial,,False
chiropractor seo company,seo company,110,,0,LOW,0,commercial,,False
st pete seo company,seo company,110,,9.68,LOW,0,navigational,,False
affordable seo service company,seo company,110,,0,LOW,10,commercial,affordable,False
seo company pakistan,seo company,110,,0,LOW,32,commercial,,False
best real estate seo company,seo company,110,,0,LOW,16,commercial,best,False
seo company st petersburg,seo company,110,,9.68,LOW,0,commercial,,False
best seo consultant company,seo company,110,,0,LOW,29,commercial,best,False
seo company detroit,seo company,110,,36.62,LOW,0,commercial,,False
best san diego seo company,seo company,110,,5.58,LOW,33,commercial,best,False
seo company albuquerque,seo company,110,,0,LOW,12,commercial,,False
seo company in pakistan,seo company,110,,0,LOW,28,commercial,,False
best seo company atlanta,seo company,110,,0,LOW,21,commercial,best,False
seo outsourcing company india,seo company,110,,0,LOW,13,commercial,,False
local seo company usa,seo company,110,,0,LOW,20,commercial,,False
madison seo company,seo company,110,,0,LOW,0,commercial,,False
seo solutions company,seo company,110,,0,LOW,30,commercial,,False
seo company china,seo company,110,,0,LOW,0,commercial,,False
local seo company new york,seo company,110,,0,LOW,21,commercial,,False
ottawa seo company,seo company,110,,0,LOW,21,commercial,,False
seo company in sri lanka,seo company,110,,0,LOW,1,commercial,,False
aurora seo company,seo company,110,,0,LOW,0,commercial,,False
best seo company portland oregon,seo company,110,,0,LOW,18,commercial,best,False
thailand seo company,seo company,110,,0,LOW,12,commercial,,False
best seo company in california,seo company,110,,13.79,LOW,20,commercial,best,False
best seo company california,seo company,110,,13.79,LOW,5,commercial,best,False
seo company rochester ny,seo company,110,,0,LOW,0,commercial,,False
south florida seo company,seo company,110,,0,LOW,0,commercial,,False
seo services company near me,seo company,110,,0,LOW,34,commercial,,False
best atlanta seo company,seo company,110,,0,LOW,24,commercial,best,False
best white label seo company,seo company,110,,41.64,LOW,16,commercial,best,False
top seo company in london,seo company,110,,0,LOW,27,commercial,top,False
local seo company houston,seo company,110,,0,LOW,21,commercial,,False
local seo company services,seo company,110,,0,LOW,26,commercial,,False
outsource seo company india,seo company,110,,0,LOW,10,commercial,,False
seo company thailand,seo company,110,,0,LOW,22,commercial,,False
seo company in thailand,seo company,110,,0,LOW,18,commercial,,False
top seo company london,seo company,110,,0,LOW,29,commercial,top,False
startup seo company,seo company,110,,4.87,LOW,25,commercial,,False
best seo company in seattle,seo company,110,,59.26,LOW,8,commercial,best,False
top seo services company,seo company,110,,0,LOW,43,commercial,top,False
top seo company india,seo company,110,,59.19,LOW,32,commercial,top,False
honolulu seo company,seo company,110,,0,LOW,0,commercial,,False
san diego best seo company,seo company,110,,5.58,LOW,36,commercial,best,False
seo company in bristol,seo company,110,,0,LOW,0,commercial,,False
seo company cheshire,seo company,110,,0,LOW,8,commercial,,False
new york local seo company,seo company,110,,0,LOW,5,commercial,,False
pakistan seo company,seo company,110,,0,LOW,28,commercial,,False
best seo company in portland,seo company,110,,0,LOW,7,commercial,best,False
top seo marketing company,seo company,110,,2.1,LOW,39,commercial,top,False
best seo company seattle,seo company,110,,59.26,LOW,0,commercial,best,False
outsourcing seo company india,seo company,110,,0,LOW,13,commercial,,False
best seo company san diego,seo company,110,,5.58,LOW,34,commercial,best,False
seo company rochester,seo company,110,,0,LOW,0,commercial,,False
seo company in detroit,seo company,110,,36.62,LOW,7,commercial,,False
seo company sri lanka,seo company,110,,0,LOW,5,commercial,,False
seo company in honolulu,seo company,110,,0,LOW,2,commercial,,False
seo company ottawa,seo company,110,,0,LOW,20,commercial,,False
surrey seo services,seo services,110,,0,LOW,2,commercial,,False
keywords for seo services,seo services,110,,0,LOW,20,commercial,,False
seo services in montreal,seo services,110,,0,LOW,0,commercial,,False
seo services pasadena,seo services,110,,0,LOW,0,commercial,,False
seo article writing services,seo services,110,,8.2,LOW,0,commercial,,False
seo services for free,seo services,110,,0,LOW,33,commercial,,False
little rock seo services,seo services,110,,0,LOW,0,commercial,,False
seo services singapore,seo services,110,,0,LOW,32,commercial,,False
seo services keywords,seo services,110,,0,LOW,21,commercial,,False
seo services texas,seo services,110,,0,LOW,31,commercial,,False
seo canada services,seo services,110,,0,LOW,16,commercial,,False
llm seo services,seo services,110,,34.02,LOW,0,commercial,,False
boca raton seo services,seo services,110,,0,LOW,0,navigational,,False
pinterest seo services,seo services,110,,0,LOW,16,commercial,,False
seo and social media marketing services,seo services,110,,0,LOW,7,commercial,,False
seo services in surrey,seo services,110,,0,LOW,0,commercial,,False
best seo services in california,seo services,110,,13.79,LOW,12,commercial,best,False
free seo services,seo services,110,,0,LOW,44,commercial,,False
local seo services denver,seo services,110,,0,LOW,17,commercial,,False
business seo services,seo services,110,,0,LOW,21,commercial,,False
seo services in,seo services,110,,0,LOW,20,commercial,,False
what are local seo services,seo services,110,14,0,LOW,51,informational,,True
cincinnati seo services,seo services,110,,23.7,LOW,9,commercial,,False
seo local services,seo services,110,,0,LOW,25,commercial,,False
plastic surgery seo services,seo services,110,,0,LOW,0,commercial,,False
seo services it,seo services,110,,0,LOW,54,commercial,,False
naples seo services,seo services,110,,0,LOW,2,commercial,,False
it services seo,seo services,110,,0,LOW,17,commercial,,False
seo services boca raton,seo services,110,,0,LOW,0,commercial,,False
local seo services in new york,seo services,110,,11.4,LOW,21,commercial,,False
seo reporting services,seo services,110,,0,LOW,7,commercial,,False
seo services in lahore,seo services,110,,8.21,LOW,6,commercial,,False
effective seo services,seo services,110,,0,LOW,29,commercial,,False
seo services canada,seo services,110,,0,LOW,15,commercial,,False
seo blog writing services,seo services,110,,7.07,LOW,0,commercial,,False
gmb seo services,seo services,110,,0,LOW,0,commercial,,False
what is local seo services,seo services,110,14,0,LOW,51,informational,,True
affordable seo services small business,seo services,110,,0,LOW,5,commercial,affordable,False
seo services alabama,seo services,110,,0,LOW,3,commercial,,False
new york local seo services,seo services,110,,11.4,LOW,3,commercial,,False
seo services in malaysia,seo services,110,,0,LOW,38,commercial,,False
white label local seo services,seo services,110,,65.49,LOW,6,commercial,,False
seo services malaysia,seo services,110,,0,LOW,29,commercial,,False
san jose seo services,seo services,110,,0,LOW,0,commercial,,False
seo services san jose,seo services,110,,0,LOW,0,commercial,,False
professional services seo,seo services,110,,0,LOW,0,commercial,,False
dispensary seo services,seo services,110,,0,LOW,0,commercial,,False
seo services surrey,seo services,110,,0,LOW,0,commercial,,False
seo services montreal,seo services,110,,0,LOW,0,commercial,,False
seo ppc services,seo services,110,,0,LOW,29,commercial,,False
seo services cincinnati,seo services,110,,23.7,LOW,7,commercial,,False
local seo services nyc,seo services,110,,11.4,LOW,20,commercial,,False
affordable seo services near me,seo services,110,,0,LOW,12,commercial,affordable,False
montreal seo services,seo services,110,,0,LOW,0,commercial,,False
msp seo services,seo services,110,,45.03,LOW,0,commercial,,False
seo social media marketing services,seo services,110,,0,LOW,6,commercial,,False
affordable small business seo services,seo services,110,,0,LOW,6,commercial,affordable,False
seo services walnut creek,seo services,110,,0,LOW,0,commercial,,False
affordable seo services small businesses,seo services,110,,0,LOW,0,commercial,affordable,False
seo services free,seo services,110,,0,LOW,26,commercial,,False
affordable local seo services near me,seo services,110,,0,LOW,33,commercial,affordable,False
geo ai seo,ai seo,110,,14.85,MEDIUM,20,informational,,False
ai seo audit,ai seo,110,,22.46,LOW,66,commercial,,False
best free ai tools for seo,ai seo,110,,35.67,LOW,22,commercial,best,False
alli ai seo,ai seo,110,,4.83,MEDIUM,16,informational,,False
seo optimization ai tool,ai seo,110,,68.93,LOW,22,commercial,,False
ai seo content,ai seo,110,,54.13,LOW,39,commercial,,False
seo tool ai,ai seo,110,,27.49,LOW,25,commercial,,False
ai agent for seo,ai seo,110,,38.88,LOW,5,commercial,,False
ai tool for seo optimization,ai seo,110,,16.26,LOW,24,commercial,,False
ai seo tracker,ai seo,110,,62.71,LOW,60,informational,,False
seo tools ai,ai seo,110,,27.49,LOW,28,commercial,,False
generative ai seo software,ai seo,110,,0,LOW,26,commercial,,False
ai seo expert,ai seo,110,,0,LOW,7,commercial,,False
seo optimization ai tools,ai seo,110,,68.93,LOW,22,commercial,,False
ai driven seo software,ai seo,110,,0,LOW,14,commercial,,False
jasper ai seo,ai seo,110,,0,LOW,25,informational,,False
ai agents for seo,ai seo,110,,38.88,LOW,16,commercial,,False
ai seo tracking,ai seo,110,,62.71,LOW,70,informational,,False
auto seo ai,ai seo,110,,33.95,MEDIUM,6,informational,,False
ai seo consultant,ai seo,110,,0,LOW,22,commercial,,False
seo ai keyword rank checker,ai seo,110,,0,LOW,44,commercial,,False
automated seo ai,ai seo,110,,33.95,MEDIUM,20,commercial,,False
seo ai domain authority checker,ai seo,110,,0,LOW,92,informational,,False
ai optimization seo,ai seo,110,,26.5,MEDIUM,42,commercial,,False
ai tools for seo optimization,ai seo,110,,16.26,LOW,20,commercial,,False
generative engine optimization course,generative engine optimization,110,,12.98,HIGH,6,informational,,False
recommended generative engine optimization software,generative engine optimization,110,,0,LOW,4,commercial,,False
generative engine optimization strategy,generative engine optimization,110,,19.98,LOW,54,commercial,,False
generative engine optimization courses,generative engine optimization,110,,12.98,HIGH,0,commercial,,False
generative engine optimization companies,generative engine optimization,110,,26.2,LOW,0,commercial,,False
most effective ai visibility tools with generative engine optimization,generative engine optimization,110,,0,LOW,8,commercial,,False
leading generative engine optimization services in ai industry,generative engine optimization,110,,0,LOW,3,commercial,leading,False
top generative engine optimization companies in ai,generative engine optimization,110,,0,LOW,8,commercial,top,False
generative engine optimization strategies,generative engine optimization,110,,19.98,LOW,57,informational,,False
generative engine optimization company,generative engine optimization,110,,26.2,LOW,12,commercial,,False
semrush generative engine optimization,generative engine optimization,110,,0,LOW,22,commercial,,False
what is answer engine optimization aeo,answer engine optimization,110,7,14.42,LOW,29,informational,,True
best answer engine optimization services,answer engine optimization,110,,0,LOW,5,commercial,best,False
uk web design company,web design company,110,,0,LOW,61,commercial,,False
best law firm web design company,web design company,110,,285.24,LOW,31,commercial,best,False
real estate web design company,web design company,110,,14.74,LOW,57,commercial,,False
web design company fort lauderdale,web design company,110,,0,LOW,19,commercial,,False
web design company in utah,web design company,110,,1.07,LOW,55,commercial,,False
nj small business web design company,web design company,110,,0,LOW,37,commercial,,False
best web design company usa,web design company,110,,5.88,LOW,38,commercial,best,False
india top web design company,web design company,110,,0,LOW,76,commercial,top,False
web design company in hyderabad,web design company,110,,33.76,LOW,84,commercial,,False
top web design company in usa,web design company,110,,5.88,LOW,24,commercial,top,False
san antonio web design company,web design company,110,,72.67,LOW,37,commercial,,False
usa best web design company,web design company,110,,5.88,LOW,49,commercial,best,False
web design company in uk,web design company,110,,0,LOW,79,commercial,,False
web design company sarasota,web design company,110,,0,LOW,0,commercial,,False
web design company san antonio,web design company,110,,72.67,LOW,77,commercial,,False
web design company in united kingdom,web design company,110,,0,LOW,89,commercial,,False
buffalo web design company,web design company,110,,0,,54,commercial,,False
best web design company india,web design company,110,,0,LOW,76,commercial,best,False
web design company hyderabad,web design company,110,,33.76,LOW,84,navigational,,False
top web design company in india,web design company,110,,0,LOW,65,commercial,top,False
india best web design company,web design company,110,,0,LOW,65,commercial,best,False
web design company price,web design company,110,,15.03,MEDIUM,12,commercial,,False
milwaukee web design company,web design company,110,,0,LOW,62,commercial,,False
top web design company india,web design company,110,,0,LOW,65,commercial,top,False
affordable web design company,web design company,110,,0,LOW,38,commercial,affordable,False
web design company utah,web design company,110,,1.07,LOW,53,commercial,,False
web design company dallas tx,web design company,110,,0,LOW,24,commercial,,False
best web design company near me,web design company,110,,42.01,LOW,70,commercial,best,False
web design company in england,web design company,110,,0,LOW,79,commercial,,False
web design company uk,web design company,110,,0,LOW,79,commercial,,False
hyderabad web design company,web design company,110,,33.76,LOW,54,navigational,,False
design agency web,web design agency,110,,20.2,MEDIUM,21,commercial,,False
webflow web design agency,web design agency,110,,8.73,MEDIUM,17,commercial,,False
web design agency website design,web design agency,110,,20.2,MEDIUM,20,commercial,,False
san diego web design agency,web design agency,110,,11.03,LOW,37,commercial,,False
web design agency st louis,web design agency,110,,0,LOW,72,commercial,,False
medical web design agency,web design agency,110,,0,LOW,13,commercial,,False
agency design web,web design agency,110,,20.2,MEDIUM,14,commercial,,False
web design agency san diego,web design agency,110,,11.03,LOW,36,commercial,,False
how to choose a web design agency,web design agency,110,3,5.28,LOW,0,informational,,True
hvac web design agency,web design agency,110,,76.74,LOW,6,navigational,,False
top website development company usa,website development company,110,,19.77,LOW,43,commercial,top,False
website development company in london,website development company,110,,0,LOW,18,commercial,,False
best website development company in usa,website development company,110,,19.77,LOW,26,commercial,best,False
website development company australia,website development company,110,,0,LOW,36,commercial,,False
website development company in chicago,website development company,110,,11.55,LOW,24,commercial,,False
website development company houston,website development company,110,,0,LOW,43,commercial,,False
website development company in australia,website development company,110,,0,LOW,17,commercial,,False
full-service ecommerce agency,ecommerce agency,110,,18.56,LOW,0,commercial,,False
ecommerce conversion rate optimisation agency,ecommerce agency,110,,0,LOW,25,commercial,,False
full service ecommerce agency,ecommerce agency,110,,18.56,LOW,0,commercial,,False
shopify ecommerce agency,ecommerce agency,110,,0,LOW,38,commercial,,False
top ecommerce development company,ecommerce development company,110,,34.32,LOW,0,commercial,top,False
shopify web agency,shopify agency,110,,30.11,LOW,51,commercial,,False
shopify agency london,shopify agency,110,,19.57,HIGH,31,commercial,,False
shopify website agency,shopify agency,110,,30.11,LOW,85,navigational,,False
shopify app development agency,shopify agency,110,,0,LOW,22,navigational,,False
shopify development coalition,shopify development,110,,0,LOW,0,navigational,,False
instant ai agency,ai agency,110,,6.67,MEDIUM,0,navigational,,False
ai design agency,ai agency,110,,19.54,LOW,18,commercial,,False
ai agency model,ai agency,110,,27.85,LOW,55,commercial,,False
ai content agency,ai agency,110,,14.3,MEDIUM,10,commercial,,False
ai staffing agency,ai agency,110,,15.47,MEDIUM,11,commercial,,False
ai ppc agency,ai agency,110,,0,LOW,2,commercial,,False
ai digital agency,ai agency,110,,35.59,LOW,15,commercial,,False
ai powered web development agent,ai agent development,110,,0,LOW,43,commercial,,False
andrej karpathy ai agent development timeline,ai agent development,110,,0,,28,transactional,,False
custom ai agent development,ai agent development,110,,14.02,MEDIUM,17,commercial,,False
digital marketing staffing agency,digital marketing agency,110,,12.75,LOW,42,commercial,,False
digital marketing agency tools,digital marketing agency,110,,104.47,LOW,10,commercial,,False
plumbing digital marketing agency,digital marketing agency,110,,0,LOW,21,navigational,,False
what digital marketing agency do,digital marketing agency,110,164,6.95,LOW,10,informational,,True
medical spa digital marketing agency,digital marketing agency,110,,0,LOW,36,commercial,,False
plumber digital marketing agency,digital marketing agency,110,,0,LOW,22,navigational,,False
digital marketing agency kansas,digital marketing agency,110,,0,LOW,21,commercial,,False
digital marketing agency iowa,digital marketing agency,110,,0,LOW,61,commercial,,False
global digital marketing agency,digital marketing agency,110,,0,LOW,32,commercial,,False
digital marketing agency business plan,digital marketing agency,110,,0,LOW,0,commercial,,False
digital marketing agency scottsdale,digital marketing agency,110,,0,LOW,12,commercial,,False
digital marketing agency cincinnati,digital marketing agency,110,,9.08,LOW,11,commercial,,False
china digital marketing agency,digital marketing agency,110,,0,LOW,48,commercial,,False
covered digital marketing agency,digital marketing agency,110,,17.65,MEDIUM,4,commercial,,False
business plan digital marketing agency,digital marketing agency,110,,0,LOW,0,commercial,,False
cannabis digital marketing agency,digital marketing agency,110,,0,LOW,31,commercial,,False
digital marketing agency mumbai,digital marketing agency,110,,37.3,LOW,69,commercial,,False
digital marketing agency scottsdale az,digital marketing agency,110,,0,LOW,12,commercial,,False
tools for digital marketing agency,digital marketing agency,110,,104.47,LOW,16,commercial,,False
digital marketing agency content,digital marketing agency,110,,0,LOW,4,commercial,,False
digital marketing agency ahmedabad,digital marketing agency,110,,11.43,MEDIUM,33,commercial,,False
what does a digital marketing agency do,digital marketing agency,110,164,6.95,LOW,22,informational,,True
digital marketing agency in nj,digital marketing agency,110,,0,LOW,42,commercial,,False
small digital marketing agency,digital marketing agency,110,,7.19,LOW,32,commercial,,False
digital marketing agency china,digital marketing agency,110,,0,LOW,10,commercial,,False
what is digital marketing agency,digital marketing agency,110,441,0,LOW,33,informational,,True
med spa digital marketing agency,digital marketing agency,110,,0,LOW,36,commercial,,False
digital marketing agency in ahmedabad,digital marketing agency,110,,11.43,MEDIUM,49,commercial,,False
tools-for-digital-marketing-agency,digital marketing agency,110,,104.47,LOW,12,commercial,,False
digital marketing agency stamford ct,digital marketing agency,110,,0,MEDIUM,0,commercial,,False
digital marketing agency global,digital marketing agency,110,,0,LOW,33,commercial,,False
digital marketing agency plano,digital marketing agency,110,,0,LOW,7,commercial,,False
what do digital marketing agency do,digital marketing agency,110,164,6.95,LOW,27,informational,,True
scottsdale digital marketing agency,digital marketing agency,110,,0,LOW,0,commercial,,False
digital marketing agency anaheim,digital marketing agency,110,,0,LOW,0,commercial,,False
new jersey digital marketing agency,digital marketing agency,110,,0,LOW,33,commercial,,False
business plan for digital marketing agency,digital marketing agency,110,,0,LOW,0,commercial,,False
digital marketing agency in china,digital marketing agency,110,,0,LOW,26,commercial,,False
business plan for a digital marketing agency,digital marketing agency,110,,0,LOW,0,commercial,,False
digital marketing agency in mumbai,digital marketing agency,110,,37.3,LOW,39,commercial,,False
digital marketing agency in kansas,digital marketing agency,110,,0,LOW,16,commercial,,False
home services digital marketing agency,digital marketing agency,110,,18.85,LOW,15,commercial,,False
karma jack digital marketing agency,digital marketing agency,110,,7.47,LOW,22,commercial,,False
long island digital marketing agency,digital marketing agency,110,,17.3,LOW,26,commercial,,False
best digital marketing agency in assam,digital marketing agency,110,,0,,24,commercial,best,False
digital marketing agency long island,digital marketing agency,110,,17.3,LOW,56,commercial,,False
top digital marketing agency in uk,digital marketing agency,110,,0,LOW,47,commercial,top,False
digital marketing strategy agency,digital marketing agency,110,,0,LOW,52,commercial,,False
marketing digital agency,digital marketing agency,110,,48.82,LOW,54,commercial,,False
top uk digital marketing agency,digital marketing agency,110,,0,LOW,32,commercial,top,False
virginia digital marketing agency,digital marketing agency,110,,26.72,LOW,33,commercial,,False
digital marketing agency salt lake city,digital marketing agency,110,,8.32,LOW,13,commercial,,False
digital marketing agency in virginia,digital marketing agency,110,,26.72,LOW,33,commercial,,False
top digital marketing agency uk,digital marketing agency,110,,0,LOW,39,commercial,top,False
cincinnati digital marketing agency,digital marketing agency,110,,9.08,LOW,13,commercial,,False
amazon account management agency,amazon agency,110,,54.46,MEDIUM,0,navigational,,False
amazon ppc management agency,amazon agency,110,,75.51,LOW,11,navigational,,False
seo agency essex,seo agency,90,,0,LOW,48,commercial,,False
derby seo agency,seo agency,90,,0,LOW,6,commercial,,False
seo agency in southampton,seo agency,90,,0,LOW,0,commercial,,False
seo agency norwich,seo agency,90,,0,LOW,4,commercial,,False
award winning seo agency,seo agency,90,,0,LOW,48,commercial,award winning,False
google maps seo agency,seo agency,90,,0,LOW,3,commercial,,False
seo agency for b2b,seo agency,90,,0,LOW,0,commercial,,False
best seo agency philippines,seo agency,90,,0,LOW,22,commercial,best,False
southampton seo agency,seo agency,90,,0,LOW,3,commercial,,False
orange county seo agency,seo agency,90,,0,LOW,58,commercial,,False
seo agency pune,seo agency,90,,0,LOW,22,commercial,,False
cardiff seo agency,seo agency,90,,0,LOW,39,commercial,,False
seo agency for saas companies,seo agency,90,,0,LOW,0,commercial,,False
seo for marketing agency,seo agency,90,,0,LOW,17,commercial,,False
seo agency huddersfield,seo agency,90,,0,LOW,0,commercial,,False
seo agency kansas city,seo agency,90,,4.66,LOW,5,commercial,,False
seo agency nottingham,seo agency,90,,0,LOW,6,commercial,,False
seo agency directory,seo agency,90,,0,LOW,28,commercial,,False
seo agency little rock,seo agency,90,,0,LOW,0,commercial,,False
hospitality seo agency,seo agency,90,,0,LOW,2,commercial,,False
seo agency in pune,seo agency,90,,0,LOW,19,commercial,,False
washington dc seo agency,seo agency,90,,0,LOW,10,commercial,,False
seo agency hong kong,seo agency,90,,121.76,LOW,55,commercial,,False
seo agency derby,seo agency,90,,0,LOW,11,commercial,,False
seo agency cardiff,seo agency,90,,0,LOW,39,commercial,,False
norwich seo agency,seo agency,90,,0,LOW,7,commercial,,False
seo agency llc,seo agency,90,,0,LOW,19,commercial,,False
seo writing agency,seo agency,90,,0,LOW,0,commercial,,False
seo agency adelaide,seo agency,90,,0,LOW,0,commercial,,False
full service seo agency,seo agency,90,,0,LOW,46,commercial,,False
full-service seo agency,seo agency,90,,0,LOW,25,commercial,,False
seo migration agency,seo agency,90,,0,LOW,0,commercial,,False
chiropractor seo agency,seo agency,90,,0,LOW,4,commercial,,False
seo copywriting agency,seo agency,90,,0,LOW,0,commercial,,False
seo agency in liverpool,seo agency,90,,0,LOW,0,commercial,,False
nottingham seo agency,seo agency,90,,0,LOW,4,commercial,,False
seo agency in cardiff,seo agency,90,,0,LOW,39,commercial,,False
seo agency southampton,seo agency,90,,0,LOW,0,commercial,,False
seo marketing agency london,seo agency,90,,0,LOW,42,commercial,,False
seo agency santa rosa,seo agency,90,,0,LOW,20,commercial,,False
kansas city seo agency,seo agency,90,,4.66,LOW,13,commercial,,False
seo agency liverpool,seo agency,90,,0,LOW,3,commercial,,False
digital marketing agency seo services,seo agency,90,,0,LOW,26,commercial,,False
seo agency milwaukee,seo agency,90,,0,LOW,11,commercial,,False
seo agency stoke on trent,seo agency,90,,0,LOW,2,commercial,,False
award-winning seo agency,seo agency,90,,0,LOW,28,commercial,,False
liverpool seo agency,seo agency,90,,0,LOW,5,commercial,,False
spokane seo agency,seo agency,90,,0,LOW,0,navigational,,False
seo agency in essex,seo agency,90,,0,LOW,48,commercial,,False
seo agency in nottingham,seo agency,90,,0,LOW,4,commercial,,False
seo agency in toronto,seo agency,90,,0,LOW,36,commercial,,False
seo agency in derby,seo agency,90,,0,LOW,9,commercial,,False
seo strategy agency,seo agency,90,,0,LOW,30,commercial,,False
seo marketing agency in london,seo agency,90,,0,LOW,25,commercial,,False
essex seo agency,seo agency,90,,0,LOW,,commercial,,False
seo specialist agency,seo agency,90,,0,LOW,28,commercial,,False
milwaukee seo agency,seo agency,90,,0,LOW,13,commercial,,False
fashion seo agency,seo agency,90,,0,LOW,0,commercial,,False
dc seo agency,seo agency,90,,0,LOW,17,commercial,,False
oregon seo company,seo company,90,,0,LOW,13,commercial,,False
the seo company,seo company,90,,0,LOW,33,commercial,,False
sugar land seo company,seo company,90,,0,LOW,0,commercial,,False
woocommerce seo company,seo company,90,,0,LOW,0,commercial,,False
seo company in louisville,seo company,90,,0,LOW,0,commercial,,False
google maps seo company,seo company,90,,0,LOW,1,commercial,,False
best seo company in phoenix,seo company,90,,0,LOW,28,commercial,best,False
top seo company in mumbai,seo company,90,,0,LOW,15,commercial,top,False
hong kong seo company,seo company,90,,121.76,LOW,55,commercial,,False
seo company in oxford,seo company,90,,0,LOW,0,commercial,,False
seo audit services company,seo company,90,,0,LOW,7,commercial,,False
seo company in bay area,seo company,90,,0,LOW,20,commercial,,False
seo marketing company los angeles,seo company,90,,0,LOW,16,commercial,,False
chicago website design seo company,seo company,90,,0,LOW,45,commercial,,False
seo company in pune,seo company,90,,0,LOW,19,commercial,,False
seo company in fort collins,seo company,90,,35.1,LOW,0,commercial,,False
seo company iowa,seo company,90,,0,LOW,0,commercial,,False
best seo company in the philippines,seo company,90,,0,LOW,14,commercial,best,False
seo services company india,seo company,90,,0,LOW,41,commercial,,False
enterprise seo marketing company,seo company,90,,0,LOW,6,commercial,,False
seo company oxford,seo company,90,,0,LOW,0,commercial,,False
magento seo company,seo company,90,,0,LOW,2,commercial,,False
bay area seo company,seo company,90,,0,LOW,3,commercial,,False
seo services company california,seo company,90,,0,LOW,21,commercial,,False
local seo company nj,seo company,90,,0,LOW,16,commercial,,False
top seo company near me,seo company,90,,28.03,LOW,29,commercial,top,False
seo company louisville ky,seo company,90,,0,LOW,0,commercial,,False
e-commerce seo company,seo company,90,,0,LOW,18,commercial,,False
seo company in toronto,seo company,90,,0,LOW,29,commercial,,False
seo company in hong kong,seo company,90,,121.76,LOW,45,commercial,,False
seo company oregon,seo company,90,,0,LOW,12,commercial,,False
seo service company india,seo company,90,,0,LOW,41,commercial,,False
seo company webster tx,seo company,90,,0,LOW,10,commercial,,False
best seo company in denver,seo company,90,,0,LOW,23,commercial,best,False
seo company fort collins,seo company,90,,35.1,LOW,0,commercial,,False
bradenton seo company,seo company,90,,3.92,LOW,0,commercial,,False
auto repair seo company,seo company,90,,0,LOW,0,commercial,,False
seo company anaheim,seo company,90,,0,LOW,0,navigational,,False
best denver seo company,seo company,90,,0,LOW,27,commercial,best,False
best seo company mumbai,seo company,90,,0,LOW,25,commercial,best,False
seo company huddersfield,seo company,90,,0,LOW,0,commercial,,False
e commerce seo company,seo company,90,,0,LOW,15,commercial,,False
seo service company in india,seo company,90,,0,LOW,36,commercial,,False
best local seo company near me,seo company,90,,0,LOW,21,commercial,best,False
iowa seo company,seo company,90,,0,LOW,0,commercial,,False
seo company in des moines,seo company,90,,0,LOW,0,commercial,,False
brooklyn seo company,seo company,90,,0,LOW,3,commercial,,False
california seo services company,seo company,90,,0,LOW,20,commercial,,False
organic seo services company,seo company,90,,0,LOW,4,commercial,,False
seo company grand rapids,seo company,90,,0,LOW,0,commercial,,False
seo company in york,seo company,90,,0,LOW,13,commercial,,False
seo company des moines,seo company,90,,0,LOW,0,commercial,,False
local seo company toronto,seo company,90,,0,LOW,11,commercial,,False
seo services company in california,seo company,90,,0,LOW,22,commercial,,False
seo company us,seo company,90,,0,LOW,25,commercial,,False
best roofing seo company,seo company,90,,58.97,LOW,21,commercial,best,False
reno seo company,seo company,90,,34.18,LOW,0,navigational,,False
plano seo company,seo company,90,,0,LOW,0,commercial,,False
mansfield seo company,seo company,90,,0,LOW,0,commercial,,False
bigcommerce seo company,seo company,90,,0,LOW,11,commercial,,False
seo company minnesota,seo company,90,,40.06,LOW,28,commercial,,False
seo service company in uk,seo company,90,,0,LOW,39,commercial,,False
seo company blog,seo company,90,,0,LOW,24,commercial,,False
ahmedabad seo company,seo company,90,,14.43,LOW,82,commercial,,False
seo company in europe,seo company,90,,0,LOW,1,commercial,,False
best seo company in mumbai,seo company,90,,0,LOW,18,commercial,best,False
seo company alberta,seo company,90,,0,LOW,26,commercial,,False
seo company for contractors,seo company,90,,0,LOW,0,commercial,,False
seo company for window cleaners,seo company,90,,0,LOW,0,navigational,,False
seo company services uk,seo company,90,,0,LOW,38,commercial,,False
seo company for window cleaning,seo company,90,,0,LOW,0,navigational,,False
reputable seo company,seo company,90,,0,LOW,25,commercial,,False
louisville seo company,seo company,90,,0,LOW,0,commercial,,False
detroit seo company,seo company,90,,0,LOW,4,commercial,,False
seo services company in india,seo company,90,,0,LOW,32,commercial,,False
affordable denver seo company,seo company,90,,0,LOW,23,commercial,affordable,False
seo company delaware,seo company,90,,0,LOW,0,commercial,,False
des moines seo company,seo company,90,,0,LOW,0,commercial,,False
pune seo company,seo company,90,,0,LOW,7,commercial,,False
off page seo company,seo company,90,,0,LOW,3,commercial,,False
seo company in ahmedabad,seo company,90,,14.43,LOW,82,commercial,,False
arvada seo company,seo company,90,,0,LOW,0,commercial,,False
organic search engine optimization seo company,seo company,90,,0,LOW,29,commercial,,False
top enterprise seo company,seo company,90,,0,LOW,15,commercial,top,False
seo company in grand rapids,seo company,90,,0,LOW,10,commercial,,False
seo company ontario,seo company,90,,0,LOW,0,commercial,,False
colorado seo company,seo company,90,,0,LOW,52,commercial,,False
seo company in ontario,seo company,90,,0,LOW,0,commercial,,False
seo company bay area,seo company,90,,0,LOW,8,commercial,,False
seo company blogs,seo company,90,,0,LOW,20,commercial,,False
best seo company denver co,seo company,90,,0,LOW,22,commercial,best,False
bellingham seo company,seo company,90,,0,LOW,1,commercial,,False
seo company ahmedabad,seo company,90,,14.43,LOW,74,commercial,,False
seo company europe,seo company,90,,0,LOW,0,commercial,,False
gilbert seo company,seo company,90,,0,LOW,0,navigational,,False
seo company in tucson arizona,seo company,90,,0,LOW,13,commercial,,False
seo company columbus,seo company,90,,0,LOW,7,commercial,,False
seo company hong kong,seo company,90,,121.76,LOW,32,commercial,,False
grand rapids seo company,seo company,90,,0,LOW,9,navigational,,False
atlanta seo services company,seo company,90,,0,LOW,25,commercial,,False
seo services company uk,seo company,90,,0,LOW,43,commercial,,False
seo company hk,seo company,90,,121.76,LOW,45,commercial,,False
toronto seo company,seo company,90,,0,LOW,30,commercial,,False
best seo company philippines,seo company,90,,0,LOW,22,commercial,best,False
europe seo company,seo company,90,,0,LOW,5,commercial,,False
the dallas seo company,seo company,90,,39.06,LOW,12,commercial,,False
seo company in anaheim,seo company,90,,0,LOW,0,commercial,,False
seo services company in uk,seo company,90,,0,LOW,43,commercial,,False
oklahoma city seo company,seo company,90,,0,LOW,0,commercial,,False
best seo company phoenix,seo company,90,,0,LOW,15,commercial,best,False
seo services company london,seo company,90,,0,LOW,42,commercial,,False
seo company in plano,seo company,90,,0,LOW,0,commercial,,False
seo company in reno,seo company,90,,34.18,LOW,0,commercial,,False
york seo company,seo company,90,,0,LOW,21,commercial,,False
seo digital company,seo company,90,,0,LOW,46,commercial,,False
seolevelup website design seo company chicago,seo company,90,,0,LOW,18,commercial,,False
best enterprise seo company,seo company,90,,0,LOW,15,commercial,best,False
seo company pune,seo company,90,,0,LOW,20,commercial,,False
seo company in delaware,seo company,90,,0,LOW,0,commercial,,False
seo company in iowa,seo company,90,,0,LOW,0,commercial,,False
white hat seo company,seo company,90,,0,LOW,2,commercial,,False
ontario seo company,seo company,90,,0,LOW,0,commercial,,False
seo company in boston,seo company,90,,0,LOW,22,commercial,,False
seo services company in london,seo company,90,,0,LOW,42,commercial,,False
fort collins seo company,seo company,90,,35.1,LOW,0,commercial,,False
adelaide seo company,seo company,90,,0,LOW,15,commercial,,False
seo company adelaide,seo company,90,,0,LOW,2,navigational,,False
seo company york,seo company,90,,0,LOW,13,commercial,,False
seo jobs in google company,seo company,90,,4.36,LOW,4,commercial,,False
seo company in adelaide,seo company,90,,0,LOW,1,commercial,,False
local seo services in india,seo services,90,,0,LOW,16,commercial,,False
local seo services pricing,seo services,90,,0,LOW,18,commercial,,False
birmingham seo services,seo services,90,,0,LOW,0,commercial,,False
strategic seo services,seo services,90,,60.55,LOW,17,commercial,,False
affordable seo services in usa,seo services,90,,0,LOW,6,commercial,affordable,False
private label seo services,seo services,90,,0,LOW,6,commercial,,False
seo services in colorado,seo services,90,,0,LOW,19,commercial,,False
seo services europe,seo services,90,,0,LOW,0,commercial,,False
seo services tulsa,seo services,90,,0,LOW,2,commercial,,False
landscaping seo services,seo services,90,,71.14,LOW,1,commercial,,False
seo promotion services,seo services,90,,0,LOW,25,commercial,,False
average cost for seo services,seo services,90,,0,LOW,39,commercial,,False
google seo services near me,seo services,90,,0,LOW,0,commercial,,False
crypto seo services,seo services,90,,0,LOW,0,commercial,,False
need seo services,seo services,90,,0,LOW,15,commercial,,False
professional seo audit services,seo services,90,,0,LOW,16,commercial,,False
seo edinburgh services,seo services,90,,0,LOW,16,commercial,,False
carpet cleaning seo services,seo services,90,,0,LOW,0,commercial,,False
seo services ny,seo services,90,,0,LOW,21,commercial,,False
seo services oakland,seo services,90,,0,LOW,0,commercial,,False
insurance seo services,seo services,90,,0,LOW,0,commercial,,False
veterinarian seo services,seo services,90,,0,LOW,0,commercial,,False
seo services in birmingham,seo services,90,,0,LOW,0,commercial,,False
colorado seo services,seo services,90,,0,LOW,29,commercial,,False
seo services in austin,seo services,90,,0,LOW,9,commercial,,False
local seo services india,seo services,90,,0,LOW,12,commercial,,False
seo services brighton,seo services,90,,0,LOW,0,commercial,,False
seo services charlotte nc,seo services,90,,0,LOW,9,commercial,,False
st louis seo services,seo services,90,,0,LOW,12,commercial,,False
veterinary seo services,seo services,90,,0,LOW,0,commercial,,False
best affordable seo services,seo services,90,,82.44,LOW,0,commercial,affordable,False
seo services newcastle,seo services,90,,0,LOW,0,commercial,,False
dedicated seo services,seo services,90,,0,LOW,45,commercial,,False
seo services birmingham,seo services,90,,0,LOW,0,commercial,,False
seo services detroit,seo services,90,,0,LOW,0,commercial,,False
oakland seo services,seo services,90,,0,LOW,0,commercial,,False
seo services st louis,seo services,90,,0,LOW,12,commercial,,False
consulting internet marketing seo services,seo services,90,,0,LOW,14,commercial,,False
minneapolis seo services,seo services,90,,44.51,LOW,18,commercial,,False
brighton seo services,seo services,90,,0,LOW,9,commercial,,False
chiropractor seo services,seo services,90,,0,LOW,0,commercial,,False
best cheap seo services,seo services,90,,82.44,LOW,1,commercial,best,False
maryland seo services,seo services,90,,0,LOW,0,commercial,,False
seo services pune,seo services,90,,0,LOW,22,commercial,,False
average price for seo services,seo services,90,,0,LOW,44,commercial,,False
tulsa seo services,seo services,90,,0,LOW,2,commercial,,False
white label reseller seo services,seo services,90,,0,LOW,18,commercial,,False
seo development services,seo services,90,,0,LOW,29,commercial,,False
professional seo services in uk,seo services,90,,0,LOW,26,commercial,,False
professional seo services uk,seo services,90,,0,LOW,45,commercial,,False
looking for seo services,seo services,90,,0,LOW,46,commercial,,False
spanish seo services,seo services,90,,0,LOW,12,commercial,,False
seo services maryland,seo services,90,,0,LOW,0,commercial,,False
personal injury seo services,seo services,90,,0,LOW,3,commercial,,False
seo services in chicago,seo services,90,,58.09,LOW,8,commercial,,False
average cost of seo services,seo services,90,,0,LOW,39,commercial,,False
seo services colorado,seo services,90,,0,LOW,18,commercial,,False
seo services manchester,seo services,90,,0,LOW,17,commercial,,False
cheap and best seo services,seo services,90,,82.44,LOW,11,commercial,best,False
how to sell seo services,seo services,90,8,0,LOW,0,informational,,True
white label seo reseller services,seo services,90,,0,LOW,21,commercial,,False
seo friendly content writing services,seo services,90,,0,LOW,0,commercial,,False
chiropractic seo services,seo services,90,,0,LOW,0,commercial,,False
seo services minnesota,seo services,90,,44.51,LOW,17,commercial,,False
seo services for electricians,seo services,90,,0,LOW,0,commercial,,False
seo services edinburgh,seo services,90,,0,LOW,6,commercial,,False
detroit seo services,seo services,90,,0,LOW,0,commercial,,False
ongoing monthly seo services,seo services,90,,0,LOW,0,commercial,,False
affordable seo services usa,seo services,90,,0,LOW,3,commercial,affordable,False
bradenton seo services,seo services,90,,0,LOW,0,commercial,,False
new orleans local seo services,seo services,90,,0,LOW,0,commercial,,False
el paso seo services,seo services,90,,0,LOW,0,commercial,,False
seo services in texas,seo services,90,,0,LOW,31,commercial,,False
best ai seo tools 2025,ai seo,90,,0,LOW,11,commercial,best,False
ai seo marketing,ai seo,90,,46.51,LOW,38,commercial,,False
ai seo content writing,ai seo,90,,0,LOW,31,commercial,,False
seo ai generator,ai seo,90,,0,LOW,60,commercial,,False
ai agent seo,ai seo,90,,23.73,MEDIUM,28,commercial,,False
top seo ai tools,ai seo,90,,0,LOW,28,commercial,top,False
ai seo keywords,ai seo,90,,0,LOW,31,commercial,,False
ai for seo content,ai seo,90,,0,LOW,28,commercial,,False
seo using ai,ai seo,90,,40.02,MEDIUM,40,commercial,,False
ai seo free,ai seo,90,,17.16,LOW,23,commercial,,False
ai powered seo software,ai seo,90,,0,LOW,28,commercial,,False
ai tools for website seo,ai seo,90,,0,LOW,19,commercial,,False
generative ai seo tools,ai seo,90,,0,LOW,24,commercial,,False
ai seo tools for small business,ai seo,90,,5.15,LOW,16,commercial,,False
top ai tools for seo,ai seo,90,,0,LOW,19,commercial,top,False
ai seo keyword,ai seo,90,,0,LOW,39,commercial,,False
seo ai tools analysis,ai seo,90,,0,LOW,53,commercial,,False
ai based seo,ai seo,90,,34.84,LOW,42,commercial,,False
leading generative engine optimization services for ai products,generative engine optimization,90,,0,LOW,1,commercial,leading,False
best generative engine optimization tools,generative engine optimization,90,,0,LOW,15,commercial,best,False
top generative engine optimization strategies for ai visibility,generative engine optimization,90,,0,LOW,42,commercial,top,False
best ai visibility products with generative engine optimization,generative engine optimization,90,,0,LOW,10,commercial,best,False
what is geo generative engine optimization,generative engine optimization,90,3,28.12,MEDIUM,42,informational,,True
what's the best generative engine optimization strategy for ai,generative engine optimization,90,,0,LOW,15,informational,best,False
top answer engine optimization options for ai visibility products,answer engine optimization,90,,0,LOW,15,commercial,top,False
top answer engine optimization services for ai industry,answer engine optimization,90,,0,LOW,1,commercial,top,False
best answer engine optimization solutions for ai tech,answer engine optimization,90,,0,LOW,4,commercial,best,False
best answer engine optimization for enhancing ai visibility,answer engine optimization,90,,0,LOW,5,commercial,best,False
best web design company in india,web design company,90,,0,LOW,42,commercial,best,False
best web design company dallas,web design company,90,,0,LOW,43,commercial,best,False
creative web design company websites,web design company,90,,20.14,LOW,22,navigational,,False
web design development company usa,web design company,90,,21.53,LOW,32,commercial,,False
b2b web design company,web design company,90,,0,LOW,9,commercial,,False
web design and digital marketing company,web design company,90,,11.1,LOW,100,commercial,,False
web design company sydney,web design company,90,,14.53,LOW,96,commercial,,False
web design company mn,web design company,90,,0,LOW,84,commercial,,False
vancouver web design company,web design company,90,,0,LOW,73,commercial,,False
wix web design company,web design company,90,,70.6,MEDIUM,69,navigational,,False
digital marketing and web design company,web design company,90,,11.1,LOW,70,commercial,,False
portland web design company,web design company,90,,15.21,LOW,70,commercial,,False
cincinnati web design company,web design company,90,,0,LOW,30,commercial,,False
kansas city web design company,web design company,90,,0,LOW,69,commercial,,False
spokane web design company,web design company,90,,0,LOW,20,commercial,,False
web design company maryland,web design company,90,,0,LOW,53,commercial,,False
top atlanta web design company,web design company,90,,15.85,LOW,24,commercial,top,False
web design company long island,web design company,90,,10.44,LOW,73,commercial,,False
web design company kansas city,web design company,90,,0,LOW,32,commercial,,False
web design company halifax,web design company,90,,0,HIGH,21,commercial,,False
web design and development company usa,web design company,90,,21.53,LOW,32,commercial,,False
scottsdale web design company,web design company,90,,16.36,LOW,31,navigational,,False
creative web design company,web design company,90,,20.14,LOW,27,commercial,,False
web design & development company in usa,web design company,90,,21.53,LOW,32,commercial,,False
web design company portfolio,web design company,90,,7.01,MEDIUM,19,commercial,,False
web design and development company in usa,web design company,90,,21.53,LOW,28,commercial,,False
maryland web design company,web design company,90,,0,LOW,31,commercial,,False
st louis web design agency,web design agency,90,,0,LOW,72,commercial,,False
best web design agency in india,web design agency,90,,0,LOW,65,commercial,best,False
web design agency hertfordshire,web design agency,90,,0,LOW,42,commercial,,False
web design marketing agency,web design agency,90,,17.69,MEDIUM,100,commercial,,False
web design and marketing agency,web design agency,90,,25.23,LOW,69,commercial,,False
web design agency in usa,web design agency,90,,18.41,LOW,37,commercial,,False
web design agency calgary,web design agency,90,,0,,53,commercial,,False
luxury web design agency,web design agency,90,,11.25,MEDIUM,23,commercial,,False
local web design agency,web design agency,90,,4.83,LOW,2,commercial,,False
marketing and web design agency,web design agency,90,,25.23,LOW,79,commercial,,False
web design agency cambridge,web design agency,90,,0,LOW,53,commercial,,False
law firm web design agency,web design agency,90,,0,LOW,16,commercial,,False
professional web design agency,web design agency,90,,60.78,LOW,41,commercial,,False
hertfordshire web design agency,web design agency,90,,0,LOW,43,commercial,,False
best web design agency india,web design agency,90,,0,LOW,65,commercial,best,False
marketing agency web design,web design agency,90,,25.23,LOW,41,commercial,,False
web design agency essex,web design agency,90,,0,LOW,21,commercial,,False
affordable web design agency,web design agency,90,,0,LOW,38,commercial,affordable,False
cambridge web design agency,web design agency,90,,0,LOW,23,commercial,,False
essex web design agency,web design agency,90,,0,LOW,34,commercial,,False
small business web design agency,web design agency,90,,43.04,LOW,13,commercial,,False
roofing web design agency,web design agency,90,,0,LOW,7,commercial,,False
website development company hong kong,website development company,90,,28.06,HIGH,28,commercial,,False
website development company in florida,website development company,90,,14.6,LOW,8,commercial,,False
website development company philippines,website development company,90,,0,LOW,30,commercial,,False
best website development company in india,website development company,90,,22.96,LOW,24,commercial,best,False
website development company dallas,website development company,90,,0,LOW,27,commercial,,False
website design and development company in usa,website development company,90,,21.53,LOW,24,commercial,,False
website design and development company usa,website development company,90,,21.53,LOW,24,commercial,,False
website development company new york,website development company,90,,0,LOW,36,commercial,,False
top website development company in india,website development company,90,,22.96,LOW,20,commercial,top,False
website development company florida,website development company,90,,14.6,LOW,4,commercial,,False
ecommerce growth agency,ecommerce agency,90,,116.5,LOW,0,commercial,,False
web agency ecommerce,ecommerce agency,90,,27.91,LOW,13,commercial,,False
ecommerce design agency,ecommerce agency,90,,30.25,LOW,20,commercial,,False
ecommerce website agency,ecommerce agency,90,,27.91,LOW,19,commercial,,False
ecommerce application development company,ecommerce development company,90,,0,LOW,10,commercial,,False
shopify expert agency,shopify agency,90,,0,LOW,6,navigational,,False
shopify plus development services,shopify development,90,,0,LOW,0,commercial,,False
shopify development language,shopify development,90,,9.9,LOW,0,informational,,False
ai agency template,ai agency,90,,14.83,MEDIUM,,commercial,,False
automated ai agency,ai agency,90,,38.84,MEDIUM,23,navigational,,False
ai automation agency near me,ai agency,90,,13.32,MEDIUM,0,commercial,,False
ai arbitrage agency reviews,ai agency,90,,0,LOW,0,informational,,False
ai automations agency,ai agency,90,,35.57,MEDIUM,9,navigational,,False
creative ai agency,ai agency,90,,13.08,MEDIUM,7,commercial,,False
ai agency services,ai agency,90,,24.03,LOW,8,commercial,,False
ai agent development solutions,ai agent development,90,,0,LOW,4,commercial,,False
digital marketing agency pakistan,digital marketing agency,90,,0,LOW,76,commercial,,False
digital marketing agency in delhi/ncr,digital marketing agency,90,,6.83,LOW,54,commercial,,False
social media digital marketing agency,digital marketing agency,90,,0,LOW,31,commercial,,False
digital marketing agency in new delhi,digital marketing agency,90,,6.83,LOW,50,commercial,,False
recruitment agency digital marketing,digital marketing agency,90,,94.56,LOW,30,commercial,,False
open a digital marketing agency,digital marketing agency,90,,8.27,LOW,0,transactional,,False
digital marketing agency description,digital marketing agency,90,,0,LOW,31,commercial,,False
start a digital marketing agency,digital marketing agency,90,,8.27,LOW,0,transactional,,False
digital marketing agency social media,digital marketing agency,90,,0,LOW,19,commercial,,False
digital marketing agency for nonprofits,digital marketing agency,90,,0,LOW,13,commercial,,False
hire a digital marketing agency,digital marketing agency,90,,14.74,LOW,11,transactional,,False
top digital marketing agency canada,digital marketing agency,90,,20.44,LOW,17,commercial,top,False
hiring digital marketing agency,digital marketing agency,90,,14.74,LOW,31,transactional,,False
digital marketing agency delhi,digital marketing agency,90,,6.83,LOW,65,commercial,,False
best digital marketing agency website,digital marketing agency,90,,22.27,LOW,0,commercial,best,False
digital marketing agency jakarta,digital marketing agency,90,,0,LOW,0,commercial,,False
cross digital marketing agency,digital marketing agency,90,,0,LOW,14,commercial,,False
digital marketing agency in delhi ncr,digital marketing agency,90,,6.83,LOW,54,commercial,,False
agency digital marketing jakarta,digital marketing agency,90,,0,LOW,2,commercial,,False
san antonio digital marketing agency,digital marketing agency,90,,0,LOW,49,commercial,,False
digital marketing agency traverse city,digital marketing agency,90,,0,LOW,2,commercial,,False
digital marketing agency naperville,digital marketing agency,90,,3.29,LOW,20,commercial,,False
digital social media marketing agency,digital marketing agency,90,,0,LOW,41,commercial,,False
hiring a digital marketing agency,digital marketing agency,90,,14.74,LOW,12,transactional,,False
digital marketing agency recruitment,digital marketing agency,90,,94.56,LOW,31,commercial,,False
reno digital marketing agency,digital marketing agency,90,,0,LOW,0,commercial,,False
digital marketing agency louisville,digital marketing agency,90,,0,LOW,23,commercial,,False
best digital marketing agency websites,digital marketing agency,90,,22.27,LOW,0,commercial,best,False
digital marketing hiring agency,digital marketing agency,90,,94.56,LOW,30,commercial,,False
social digital marketing agency,digital marketing agency,90,,0,LOW,71,commercial,,False
digital marketing agency virginia beach,digital marketing agency,90,,0,LOW,11,commercial,,False
digital marketing agency greenville sc,digital marketing agency,90,,6.04,LOW,95,commercial,,False
digital marketing recruitment agency,digital marketing agency,90,,94.56,LOW,31,commercial,,False
top 10 digital marketing agency in usa,digital marketing agency,90,,19.23,MEDIUM,18,commercial,top 10,False
new york city digital marketing agency,digital marketing agency,90,,10.8,LOW,38,commercial,,False
maryland digital marketing agency,digital marketing agency,90,,9.11,LOW,44,commercial,,False
digital marketing agency in colorado,digital marketing agency,90,,46.98,LOW,39,commercial,,False
digital marketing agency hire,digital marketing agency,90,,14.74,LOW,24,commercial,,False
greenville digital marketing agency,digital marketing agency,90,,6.04,LOW,19,commercial,,False
digital marketing agency jacksonville,digital marketing agency,90,,0,LOW,35,commercial,,False
start digital marketing agency,digital marketing agency,90,,8.27,LOW,0,transactional,,False
bangalore digital marketing agency,digital marketing agency,90,,25.94,LOW,59,commercial,,False
running a digital marketing agency,digital marketing agency,90,,8.27,LOW,17,commercial,,False
healthcare digital marketing agency near me,digital marketing agency,90,,0,,17,commercial,,False
digital marketing agency reno,digital marketing agency,90,,0,LOW,0,commercial,,False
delhi digital marketing agency,digital marketing agency,90,,6.83,LOW,65,commercial,,False
louisville digital marketing agency,digital marketing agency,90,,0,LOW,23,commercial,,False
digital marketing agency maryland,digital marketing agency,90,,9.11,LOW,44,commercial,,False
digital marketing agency in virginia beach,digital marketing agency,90,,0,LOW,14,commercial,,False
hire digital marketing agency,digital marketing agency,90,,14.74,LOW,33,transactional,,False
starting a digital marketing agency,digital marketing agency,90,,8.27,LOW,0,commercial,,False
digital marketing agency ny,digital marketing agency,90,,10.8,LOW,17,commercial,,False
digital marketing recruiting agency,digital marketing agency,90,,94.56,LOW,27,commercial,,False
digital marketing agency walnut creek,digital marketing agency,90,,0,LOW,0,commercial,,False
digital marketing agency jacksonville fl,digital marketing agency,90,,0,LOW,35,commercial,,False
thrive digital marketing agency,digital marketing agency,90,,7.13,LOW,43,commercial,,False
digital marketing agency in bangalore,digital marketing agency,90,,25.94,LOW,54,commercial,,False
virginia beach digital marketing agency,digital marketing agency,90,,0,LOW,17,commercial,,False
digital marketing agency bangalore,digital marketing agency,90,,25.94,LOW,53,commercial,,False
kwsm: a digital marketing agency,digital marketing agency,90,,0.03,LOW,19,commercial,,False
nonprofit digital marketing agency,digital marketing agency,90,,22.96,MEDIUM,14,commercial,,False
colorado digital marketing agency,digital marketing agency,90,,46.98,LOW,32,commercial,,False
bubbleup digital marketing agency,digital marketing agency,90,,0,LOW,40,commercial,,False
digital marketing agency definition,digital marketing agency,90,,0,LOW,21,informational,,False
digital marketing agency in jacksonville,digital marketing agency,90,,0,LOW,35,commercial,,False
non profit digital marketing agency,digital marketing agency,90,,22.96,MEDIUM,18,commercial,,False
opening a digital marketing agency,digital marketing agency,90,,8.27,LOW,1,transactional,,False
social media and digital marketing agency,digital marketing agency,90,,0,LOW,55,commercial,,False
digital marketing agency greenville,digital marketing agency,90,,6.04,LOW,33,commercial,,False
digital marketing agency colorado,digital marketing agency,90,,46.98,LOW,52,commercial,,False
digital marketing agency meaning,digital marketing agency,90,,0,LOW,21,informational,,False
digital marketing agency louisville ky,digital marketing agency,90,,0,LOW,23,commercial,,False
digital marketing agency in pakistan,digital marketing agency,90,,0,LOW,66,commercial,,False
top digital marketing agency in canada,digital marketing agency,90,,20.44,LOW,16,commercial,top,False
digital marketing agency west sussex,digital marketing agency,90,,0,LOW,14,commercial,,False
starting digital marketing agency,digital marketing agency,90,,8.27,LOW,0,transactional,,False
digital marketing agency delhi ncr,digital marketing agency,90,,6.83,LOW,54,commercial,,False
amazon dsp agency,amazon agency,90,,63.9,MEDIUM,22,navigational,,False
amazon fba agency,amazon agency,90,,66.03,MEDIUM,33,navigational,,False
what temp agency hires for amazon,amazon agency,90,0,0,LOW,11,informational,,True
what temp agency is hiring for amazon,amazon agency,90,0,0,LOW,31,informational,,True
best amazon agency,amazon agency,90,,79.76,LOW,8,commercial,best,False
seo translation agency,seo agency,70,,0,LOW,0,commercial,,False
tools for seo agency reddit,seo agency,70,,0,LOW,0,commercial,,False
seo agency kent,seo agency,70,,0,LOW,0,commercial,,False
seo agency fort worth,seo agency,70,,0,LOW,7,commercial,,False
seo agency exeter,seo agency,70,,0,LOW,0,commercial,,False
seo agency in plymouth,seo agency,70,,0,LOW,21,commercial,,False
the seo agency,seo agency,70,,0,LOW,17,commercial,,False
chinese seo agency,seo agency,70,,0,LOW,0,commercial,,False
boca raton seo agency,seo agency,70,,0,LOW,5,navigational,,False
seo travel agency,seo agency,70,,0,LOW,0,commercial,,False
belfast seo agency,seo agency,70,,0,LOW,15,commercial,,False
seo agency portfolio,seo agency,70,,0,LOW,0,commercial,,False
best seo agency singapore,seo agency,70,,0,LOW,25,commercial,best,False
harrisburg seo agency,seo agency,70,,0,LOW,0,commercial,,False
seo agency for financial services,seo agency,70,,0,LOW,0,commercial,,False
seo agency reseller,seo agency,70,,0,LOW,22,commercial,,False
st louis seo agency,seo agency,70,,0,LOW,12,commercial,,False
seo agency france,seo agency,70,,0,LOW,0,commercial,,False
seo agency uae,seo agency,70,,0,LOW,51,commercial,,False
seo agency gilbert az,seo agency,70,,14.34,LOW,0,commercial,,False
seo backlinks agency,seo agency,70,,0,LOW,22,commercial,,False
pn digital seo agency london,seo agency,70,,0,LOW,13,commercial,,False
seo agency ipswich,seo agency,70,,0,LOW,0,commercial,,False
the dallas seo agency,seo agency,70,,0,LOW,23,commercial,,False
cbd seo agency,seo agency,70,,0,LOW,0,commercial,,False
seo agency in exeter,seo agency,70,,0,LOW,0,commercial,,False
specialist seo agency,seo agency,70,,0,LOW,22,commercial,,False
kent seo agency,seo agency,70,,0,LOW,2,commercial,,False
seo agency in new zealand,seo agency,70,,0,LOW,24,commercial,,False
advanced seo agency,seo agency,70,,0,LOW,16,commercial,,False
london marketing company marketing web design seo agency london,seo agency,70,,0,LOW,23,commercial,,False
financial services seo agency,seo agency,70,,0,LOW,0,commercial,,False
seo agency in leicester,seo agency,70,,0,LOW,17,commercial,,False
leicester seo agency,seo agency,70,,0,LOW,4,commercial,,False
best seo agency sydney,seo agency,70,,0,LOW,31,commercial,best,False
best seo agency in surrey,seo agency,70,,0,,0,commercial,best,False
seo agency sheffield,seo agency,70,,0,LOW,0,commercial,,False
seo intelligence agency,seo agency,70,,0,LOW,2,commercial,,False
arkansas seo agency,seo agency,70,,0,LOW,0,commercial,,False
seo agency baltimore,seo agency,70,,0,LOW,1,commercial,,False
seo agency for doctors,seo agency,70,,0,LOW,0,commercial,,False
seo agency in sheffield,seo agency,70,,0,LOW,0,commercial,,False
seo agency ottawa,seo agency,70,,0,LOW,13,commercial,,False
seo marketing agency singapore,seo agency,70,,0,LOW,46,commercial,,False
web design and seo agency,seo agency,70,,0,LOW,95,commercial,,False
seo agency cleveland,seo agency,70,,0,LOW,9,commercial,,False
bellingham seo agency,seo agency,70,,0,LOW,5,commercial,,False
seo agency gurgaon,seo agency,70,,0,LOW,23,commercial,,False
seo agency bath,seo agency,70,,0,LOW,0,commercial,,False
seo singapore agency,seo agency,70,,0,LOW,28,commercial,,False
seo agency johannesburg,seo agency,70,,0,LOW,5,commercial,,False
seo agency south africa,seo agency,70,,0,LOW,30,commercial,,False
france seo agency,seo agency,70,,0,LOW,1,commercial,,False
seo agency in kent,seo agency,70,,0,LOW,0,commercial,,False
seo agency for accountants,seo agency,70,,0,LOW,0,commercial,,False
seo agency west midlands,seo agency,70,,0,LOW,0,commercial,,False
seo agency peterborough,seo agency,70,,0,LOW,0,commercial,,False
best seo agency in singapore,seo agency,70,,0,LOW,34,commercial,best,False
seo agency in uae,seo agency,70,,0,LOW,50,commercial,,False
seo agency plymouth,seo agency,70,,0,LOW,1,commercial,,False
seo agency belfast,seo agency,70,,0,LOW,8,commercial,,False
best seo agency for small business,seo agency,70,,105.79,LOW,12,commercial,best,False
seo agency in perth,seo agency,70,,0,LOW,8,commercial,,False
seo reseller agency,seo agency,70,,0,LOW,14,commercial,,False
seo agency reading,seo agency,70,,0,LOW,0,commercial,,False
seo agency meaning,seo agency,70,,0,LOW,5,commercial,,False
how to choose an seo agency,seo agency,70,8,0,LOW,0,informational,,True
seo agency hertfordshire,seo agency,70,,0,LOW,3,commercial,,False
woocommerce seo agency,seo agency,70,,0,LOW,0,commercial,,False
seo agency leicester,seo agency,70,,0,LOW,0,commercial,,False
myrtle beach seo agency,seo agency,70,,0,LOW,0,commercial,,False
seo agency for manufacturers,seo agency,70,,0,LOW,4,commercial,,False
seo agency pittsburgh,seo agency,70,,25.83,LOW,7,commercial,,False
mesa seo agency,seo agency,70,,0,LOW,0,commercial,,False
seo agency for doctor,seo agency,70,,0,LOW,0,commercial,,False
sacramento seo agency,seo agency,70,,38.09,LOW,0,commercial,,False
hertfordshire seo agency,seo agency,70,,0,LOW,3,commercial,,False
seo agency ontario,seo agency,70,,0,LOW,0,commercial,,False
seo agency austin tx,seo agency,70,,0,LOW,9,commercial,,False
seo agency costs,seo agency,70,,22.76,LOW,39,commercial,,False
seo agency in peterborough,seo agency,70,,0,LOW,0,commercial,,False
seo backlink agency,seo agency,70,,0,LOW,12,commercial,,False
scottsdale seo agency,seo agency,70,,0,MEDIUM,0,commercial,,False
digital seo agency,seo agency,70,,0,LOW,27,commercial,,False
seo agency jacksonville,seo agency,70,,0,LOW,20,commercial,,False
seo agency perth,seo agency,70,,0,LOW,12,commercial,,False
seo agency in germany,seo agency,70,,37.29,MEDIUM,1,commercial,,False
ipswich seo agency,seo agency,70,,0,LOW,18,commercial,,False
gambling seo agency,seo agency,70,,0,LOW,3,commercial,,False
exeter seo agency,seo agency,70,,0,LOW,0,commercial,,False
how to choose seo agency,seo agency,70,8,0,LOW,0,informational,,True
seo agency for manufacturing,seo agency,70,,0,LOW,4,commercial,,False
seo agency boca raton,seo agency,70,,0,LOW,0,commercial,,False
seo agency case studies,seo agency,70,,0,LOW,12,commercial,,False
seo agency dashboard,seo agency,70,,30.17,LOW,13,commercial,,False
multilingual seo agency,seo agency,70,,0,LOW,0,commercial,,False
best seo agency in delhi,seo agency,70,,9.23,LOW,28,commercial,best,False
sheffield seo agency,seo agency,70,,0,LOW,0,commercial,,False
california seo agency,seo agency,70,,0,LOW,12,commercial,,False
seo agency cost,seo agency,70,,22.76,LOW,34,commercial,,False
seo agency austin texas,seo agency,70,,0,LOW,18,commercial,,False
cannabis seo agency,seo agency,70,,0,LOW,0,commercial,,False
ethical seo agency,seo agency,70,,0,LOW,0,commercial,,False
best b2b seo agency,seo agency,70,,367.94,LOW,0,commercial,best,False
seo agency scottsdale,seo agency,70,,0,MEDIUM,0,commercial,,False
moving company local seo services,seo services,70,,0,LOW,0,commercial,,False
seo-services-company-usa,seo services,70,,0,LOW,30,commercial,,False
tourism seo services,seo services,70,,0,LOW,0,commercial,,False
professional seo services companies,seo services,70,,0,LOW,11,commercial,,False
michigan seo services,seo services,70,,0,LOW,0,commercial,,False
seo services pakistan,seo services,70,,5.92,LOW,27,commercial,,False
seo services washington,seo services,70,,0,LOW,17,commercial,,False
hawaii seo services,seo services,70,,0,LOW,0,commercial,,False
seo services in leeds,seo services,70,,0,LOW,0,commercial,,False
digital seo services,seo services,70,,0,LOW,27,commercial,,False
local seo services florida,seo services,70,,30.44,LOW,0,commercial,,False
seo services hawaii,seo services,70,,0,LOW,0,commercial,,False
best seo services sydney,seo services,70,,0,LOW,33,commercial,best,False
seo services company in usa,seo services,70,,0,LOW,28,commercial,,False
seo services perth,seo services,70,,0,LOW,41,commercial,,False
ai-powered seo services,seo services,70,,36.03,LOW,8,commercial,,False
sydney seo services,seo services,70,,0,LOW,26,commercial,,False
liverpool seo services,seo services,70,,0,LOW,7,commercial,,False
best seo services in united states,seo services,70,,0,LOW,29,commercial,best,False
seo-friendly website design services,seo services,70,,0,LOW,6,commercial,,False
seo translation services,seo services,70,,0,LOW,1,commercial,,False
seo retainer services,seo services,70,,0,LOW,0,commercial,,False
best local seo services for small businesses,seo services,70,,0,LOW,18,commercial,best,False
best seo services in usa,seo services,70,,0,LOW,28,commercial,best,False
facebook seo services,seo services,70,,0,LOW,0,commercial,,False
seo marketing services inc,seo services,70,,0,LOW,11,commercial,,False
seo services scottsdale,seo services,70,,0,LOW,0,commercial,,False
top ranking seo services,seo services,70,,13.15,LOW,37,commercial,top,False
seo analytics services,seo services,70,,0,LOW,32,commercial,,False
high quality seo services,seo services,70,,0,LOW,46,commercial,,False
premium seo services,seo services,70,,0,LOW,20,commercial,,False
seo services reno,seo services,70,,5.88,LOW,0,commercial,,False
affordable seo services packages,seo services,70,,0,LOW,8,commercial,affordable,False
seo services in pennsylvania,seo services,70,,0,LOW,0,commercial,,False
seo services in johannesburg,seo services,70,,0,LOW,2,commercial,,False
negative seo services,seo services,70,,0,LOW,7,commercial,,False
norfolk seo services,seo services,70,,0,LOW,0,commercial,,False
best ecommerce seo services,seo services,70,,0,LOW,16,commercial,best,False
best local seo services for small business,seo services,70,,0,LOW,12,commercial,best,False
car dealership seo services,seo services,70,,0,LOW,0,commercial,,False
seo london services,seo services,70,,0,LOW,10,commercial,,False
seo services for therapists,seo services,70,,0,MEDIUM,0,commercial,,False
seo services article,seo services,70,,0,LOW,32,commercial,,False
off site seo services,seo services,70,,0,LOW,3,commercial,,False
seo services sussex,seo services,70,,0,LOW,5,commercial,,False
article seo services,seo services,70,,0,LOW,0,commercial,,False
seo services in uae,seo services,70,,0,LOW,51,commercial,,False
seo services company usa,seo services,70,,0,LOW,34,commercial,,False
bellingham seo services,seo services,70,,0,LOW,1,commercial,,False
pennsylvania seo services,seo services,70,,0,LOW,19,commercial,,False
technical seo services company,seo services,70,,0,LOW,27,commercial,,False
articles on seo services,seo services,70,,0,LOW,55,commercial,,False
seo services in saudi arabia,seo services,70,,0,LOW,6,commercial,,False
seo services bellingham,seo services,70,,0,LOW,0,commercial,,False
seo services pennsylvania,seo services,70,,0,LOW,15,commercial,,False
bay area seo services,seo services,70,,0,LOW,2,commercial,,False
best seo services provider company,seo services,70,,0,LOW,49,commercial,best,False
link building services for seo agencies,seo services,70,,98.25,LOW,27,commercial,,False
seo services in liverpool,seo services,70,,0,LOW,0,commercial,,False
ppc and seo services,seo services,70,,0,LOW,20,commercial,,False
seo services liverpool,seo services,70,,0,LOW,10,commercial,,False
local seo consultant services,seo services,70,,0,LOW,27,commercial,,False
ecommerce seo services company,seo services,70,,0,LOW,8,commercial,,False
seo services ottawa,seo services,70,,0,LOW,19,commercial,,False
local seo services chicago,seo services,70,,0,LOW,0,commercial,,False
perth seo services,seo services,70,,0,LOW,12,commercial,,False
seo services in london,seo services,70,,0,LOW,47,commercial,,False
seo services articles,seo services,70,,0,LOW,33,commercial,,False
tucson seo services,seo services,70,,0,LOW,28,commercial,,False
cheap seo services uk,seo services,70,,7.4,LOW,1,commercial,,False
seo services in richmond,seo services,70,,0,LOW,0,commercial,,False
melbourne seo services,seo services,70,,0,LOW,40,commercial,,False
seo services in new zealand,seo services,70,,0,LOW,15,commercial,,False
outsource seo services india,seo services,70,,0,LOW,9,commercial,,False
local seo services atlanta,seo services,70,,0,LOW,4,commercial,,False
seo services in south africa,seo services,70,,0,LOW,38,commercial,,False
ecommerce seo services near me,seo services,70,,3.23,LOW,16,commercial,,False
seo services pittsburgh,seo services,70,,0,LOW,8,commercial,,False
fully managed seo services,seo services,70,,0,LOW,11,commercial,,False
ppc seo services,seo services,70,,0,LOW,21,commercial,,False
article on seo services,seo services,70,,0,LOW,24,commercial,,False
local seo audit services,seo services,70,,0,LOW,0,commercial,,False
seo services in pakistan,seo services,70,,5.92,LOW,44,commercial,,False
ai powered seo services,seo services,70,,36.03,LOW,12,commercial,,False
locksmith seo services,seo services,70,,0,LOW,0,commercial,,False
best seo marketing services,seo services,70,,0,LOW,29,commercial,best,False
aurora seo services,seo services,70,,0,LOW,0,commercial,,False
seo services bay area,seo services,70,,0,LOW,0,commercial,,False
igaming seo services,seo services,70,,0,LOW,8,commercial,,False
low cost seo services for small business,seo services,70,,0,LOW,4,commercial,low cost,False
web seo expert services,seo services,70,,0,LOW,30,commercial,,False
best website seo services,seo services,70,,0,LOW,40,commercial,best,False
seo fintech services,seo services,70,,0,LOW,0,commercial,,False
car dealer seo services,seo services,70,,0,LOW,0,commercial,,False
best seo services delhi,seo services,70,,9.23,LOW,17,commercial,best,False
seo on page services,seo services,70,,0,LOW,0,commercial,,False
personal injury lawyer seo services,seo services,70,,0,LOW,0,commercial,,False
seo services leeds,seo services,70,,0,LOW,0,commercial,,False
manufacturing seo services,seo services,70,,11.52,LOW,7,commercial,,False
seo services uae,seo services,70,,0,LOW,50,commercial,,False
seo services for roofing company,seo services,70,,0,LOW,26,commercial,,False
seo services michigan,seo services,70,,0,LOW,4,commercial,,False
off-site seo services,seo services,70,,0,LOW,5,commercial,,False
reliable seo services,seo services,70,,0,LOW,27,commercial,reliable,False
top seo services in canada,seo services,70,,0,LOW,24,commercial,top,False
seo services johannesburg,seo services,70,,0,LOW,19,commercial,,False
performance based seo services,seo services,70,,0,LOW,8,commercial,,False
squarespace seo services,seo services,70,,0,LOW,4,commercial,,False
fashion seo services,seo services,70,,0,LOW,0,commercial,,False
washington seo services,seo services,70,,0,LOW,10,commercial,,False
auto dealer seo services,seo services,70,,0,LOW,7,commercial,,False
pakistan seo services,seo services,70,,5.92,LOW,44,commercial,,False
seo services melbourne,seo services,70,,0,LOW,51,commercial,,False
professional seo services in usa,seo services,70,,0,LOW,26,commercial,,False
ontario seo services,seo services,70,,0,,0,commercial,,False
seo for ai search engines,ai seo,70,,125.05,LOW,43,commercial,,False
ai for seo optimization,ai seo,70,,32.54,MEDIUM,28,commercial,,False
ai-generated content seo,ai seo,70,,0,LOW,31,commercial,,False
ai tools for seo keyword research,ai seo,70,,36.48,LOW,43,commercial,,False
using ai in seo,ai seo,70,,0,LOW,39,commercial,,False
seo ai free,ai seo,70,,33.89,MEDIUM,41,commercial,,False
automated ai seo,ai seo,70,,32.54,LOW,13,commercial,,False
seo for ai overviews,ai seo,70,,0,LOW,38,commercial,,False
best seo ai tools free,ai seo,70,,0,LOW,16,commercial,best,False
ai tools in seo,ai seo,70,,0,LOW,19,commercial,,False
ai-generated seo,ai seo,70,,0,LOW,29,commercial,,False
ai seo writing,ai seo,70,,5.94,LOW,32,commercial,,False
surfer seo ai checker,ai seo,70,,22.22,MEDIUM,22,commercial,,False
free ai tools for seo,ai seo,70,,14.32,LOW,16,commercial,,False
best free ai seo tools,ai seo,70,,7.66,LOW,11,commercial,best,False
perplexity ai seo,ai seo,70,,0,LOW,0,informational,,False
ai tool for seo analysis,ai seo,70,,0,LOW,63,commercial,,False
ai seo tool free,ai seo,70,,18.53,LOW,43,commercial,,False
ai impact on seo,ai seo,70,,8.09,LOW,36,commercial,,False
ai generated content seo,ai seo,70,,0,LOW,37,commercial,,False
ai generated seo,ai seo,70,,0,LOW,42,commercial,,False
ai tool for seo keyword research,ai seo,70,,36.48,LOW,27,commercial,,False
google ai seo,ai seo,70,,23.84,MEDIUM,31,commercial,,False
ai seo description generator,ai seo,70,,0,LOW,11,commercial,,False
jasper ai for seo,ai seo,70,,0,LOW,23,commercial,,False
seo ai optimization,ai seo,70,,54.71,MEDIUM,42,commercial,,False
seo in the age of ai,ai seo,70,,15.47,MEDIUM,17,informational,,False
free seo tools ai,ai seo,70,,20.53,LOW,22,commercial,,False
ai seo tools free,ai seo,70,,18.53,LOW,39,commercial,,False
seo ai writer,ai seo,70,,20.8,LOW,44,commercial,,False
best free seo ai tools,ai seo,70,,8.51,LOW,16,commercial,best,False
free ai tool for seo,ai seo,70,,14.32,LOW,9,commercial,,False
generative engine optimization software,generative engine optimization,70,,49.91,LOW,15,commercial,,False
top rated generative engine optimization for ai,generative engine optimization,70,,0,LOW,6,commercial,top,False
which generative engine optimization is best for ai,generative engine optimization,70,1,0,LOW,40,commercial,best,True
best rated generative engine optimization for ai,generative engine optimization,70,,0,LOW,21,commercial,best,False
generative search engine optimization,generative engine optimization,70,,21.26,LOW,57,commercial,,False
how does generative engine optimization work,generative engine optimization,70,0,0,LOW,39,informational,,True
best generative engine optimization for ai focused businesses,generative engine optimization,70,,0,LOW,16,commercial,best,False
generative ai search engine optimization,generative engine optimization,70,,0,LOW,36,commercial,,False
answer engine optimization vs generative engine optimization,generative engine optimization,70,,0,LOW,17,commercial,,False
top rated answer engine optimization for ai products,answer engine optimization,70,,0,LOW,15,commercial,top,False
what is the best software for answer engine optimization,answer engine optimization,70,1,0,LOW,15,commercial,best,True
best answer engine optimization for ai driven platforms,answer engine optimization,70,,0,LOW,13,commercial,best,False
best techniques for answer engine optimization in ai,answer engine optimization,70,,0,LOW,16,commercial,best,False
best answer engine optimization for ai focused tech,answer engine optimization,70,,0,LOW,12,commercial,best,False
best rated answer engine optimization for ai applications,answer engine optimization,70,,0,LOW,11,commercial,best,False
what's the best answer engine optimization tool,answer engine optimization,70,,0,LOW,11,informational,best,False
web design for cleaning company,web design company,70,,0,LOW,0,commercial,,False
fort worth web design company,web design company,70,,10.62,LOW,20,commercial,,False
jacksonville web design company,web design company,70,,29.64,MEDIUM,52,commercial,,False
web design company in wisconsin,web design company,70,,2.97,LOW,53,commercial,,False
best company web design,web design company,70,,10.53,MEDIUM,24,commercial,best,False
australia web design company,web design company,70,,11.89,HIGH,96,commercial,,False
web design company china,web design company,70,,0,LOW,1,navigational,,False
web design company tallahassee,web design company,70,,4.87,LOW,31,commercial,,False
web design company in sheffield,web design company,70,,0,LOW,18,commercial,,False
minnesota web design company,web design company,70,,0,LOW,84,commercial,,False
edmonton web design company,web design company,70,,0,LOW,48,commercial,,False
names for web design company,web design company,70,,4.14,LOW,7,commercial,,False
company name for web design,web design company,70,,4.14,LOW,0,commercial,,False
m16 marketing atlanta web design and seo company,web design company,70,,0,LOW,13,commercial,,False
web design company in arlington,web design company,70,,0,LOW,12,commercial,,False
web design company north carolina,web design company,70,,0,LOW,43,commercial,,False
web design company pittsburgh,web design company,70,,75.94,LOW,88,commercial,,False
web design company directory,web design company,70,,6.32,LOW,0,commercial,,False
web design for plumbing company,web design company,70,,54.17,LOW,0,navigational,,False
pittsburgh web design company,web design company,70,,75.94,LOW,74,commercial,,False
web design and development company in singapore,web design company,70,,0,LOW,19,commercial,,False
north carolina web design company,web design company,70,,0,LOW,26,commercial,,False
web design company in edinburgh,web design company,70,,0,MEDIUM,24,commercial,,False
dubai web design company,web design company,70,,14.42,LOW,72,commercial,,False
non profit web design company,web design company,70,,123.72,LOW,40,commercial,,False
mobile web design company,web design company,70,,0,HIGH,26,commercial,,False
construction web design company,web design company,70,,42.3,MEDIUM,6,navigational,,False
web design miami company,web design company,70,,14.12,LOW,35,commercial,,False
richmond web design company,web design company,70,,0,LOW,43,commercial,,False
web design company myrtle beach,web design company,70,,0,,6,commercial,,False
manufacturing web design company,web design company,70,,15.08,LOW,0,navigational,,False
names for a web design company,web design company,70,,4.14,LOW,7,commercial,,False
china web design company,web design company,70,,0,LOW,0,commercial,,False
frisco web design company,web design company,70,,0,LOW,10,navigational,,False
web design company in china,web design company,70,,0,LOW,11,commercial,,False
australian web design company,web design company,70,,11.89,HIGH,96,commercial,,False
web design company in brisbane,web design company,70,,0,LOW,37,commercial,,False
web design company in dubai,web design company,70,,14.42,LOW,54,commercial,,False
web design dubai company,web design company,70,,14.42,LOW,53,commercial,,False
web design company australia,web design company,70,,11.89,HIGH,96,commercial,,False
small web design company,web design company,70,,11.14,LOW,9,commercial,,False
web design company in australia,web design company,70,,11.89,HIGH,96,commercial,,False
hotel web design company,web design company,70,,0,LOW,11,commercial,,False
web design company frisco,web design company,70,,0,LOW,9,navigational,,False
web design company dubai,web design company,70,,0,LOW,73,commercial,,False
names of web design company,web design company,70,,4.14,LOW,23,commercial,,False
web design company brisbane,web design company,70,,0,LOW,23,commercial,,False
name for a web design company,web design company,70,,4.14,LOW,1,commercial,,False
web design company names,web design company,70,,4.14,LOW,7,commercial,,False
web design company in auckland,web design company,70,,0,LOW,86,commercial,,False
name for web design company,web design company,70,,4.14,LOW,2,commercial,,False
leading web design company,web design company,70,,21.83,LOW,46,commercial,leading,False
web design staffing agency,web design agency,70,,0,LOW,47,commercial,,False
hubspot web design agency,web design agency,70,,116.14,LOW,0,commercial,,False
startup web design agency,web design agency,70,,0,LOW,0,commercial,,False
web design agency dubai,web design agency,70,,14.42,LOW,63,commercial,,False
web design agency paris,web design agency,70,,0,,11,commercial,,False
leading web design agency,web design agency,70,,21.83,LOW,37,commercial,leading,False
ux web design agency,web design agency,70,,0,LOW,44,commercial,,False
web design and digital marketing agency,web design agency,70,,0,LOW,88,commercial,,False
web design agency portfolio,web design agency,70,,5.66,MEDIUM,0,commercial,,False
web design agency vancouver,web design agency,70,,15.16,LOW,72,commercial,,False
dc web design agency,web design agency,70,,0,LOW,20,commercial,,False
restaurant web design agency,web design agency,70,,22.65,LOW,0,commercial,,False
washington dc web design agency,web design agency,70,,0,LOW,40,commercial,,False
web design agency in liverpool,web design agency,70,,0,LOW,40,commercial,,False
fashion web design agency,web design agency,70,,0,LOW,11,commercial,,False
wix web design agency,web design agency,70,,29.26,LOW,36,navigational,,False
web design agency liverpool,web design agency,70,,0,LOW,62,commercial,,False
web design agency in australia,web design agency,70,,11.89,HIGH,83,commercial,,False
contractor web design agency,web design agency,70,,0,LOW,7,commercial,,False
fintech web design agency,web design agency,70,,0,LOW,0,commercial,,False
spinx digital web design agency in los angeles,web design agency,70,,0,HIGH,23,commercial,,False
web design agency charlotte,web design agency,70,,16,LOW,69,commercial,,False
charlotte web design agency,web design agency,70,,4.47,LOW,30,commercial,,False
web design agency in dubai,web design agency,70,,14.42,LOW,63,commercial,,False
web design agency portland,web design agency,70,,18.34,LOW,68,commercial,,False
hotel web design agency,web design agency,70,,87.27,LOW,7,commercial,,False
web design for travel agency,web design agency,70,,12.45,LOW,14,commercial,,False
web design agency philadelphia,web design agency,70,,17.36,LOW,24,commercial,,False
web design development agency,web design agency,70,,18.79,LOW,44,commercial,,False
web design & development agency,web design agency,70,,18.79,LOW,64,commercial,,False
web design travel agency,web design agency,70,,12.45,LOW,4,commercial,,False
web design agency philippines,web design agency,70,,0,LOW,49,commercial,,False
portland web design agency,web design agency,70,,18.34,LOW,71,commercial,,False
website development company in austin,website development company,70,,0,LOW,23,commercial,,False
website development company in dubai,website development company,70,,0,LOW,62,commercial,,False
reactjs website development company,website development company,70,,0,LOW,7,navigational,,False
laravel website development company,website development company,70,,0,LOW,38,commercial,,False
magento website development company,website development company,70,,0,LOW,19,commercial,,False
website development company in texas,website development company,70,,0,LOW,12,commercial,,False
java website development company,website development company,70,,0,LOW,1,commercial,,False
cms website development company,website development company,70,,0,LOW,0,commercial,,False
website development company singapore,website development company,70,,0,LOW,21,commercial,,False
mobile website development company,website development company,70,,0,LOW,23,commercial,,False
website development company name,website development company,70,,4.14,LOW,16,commercial,,False
react website development company,website development company,70,,0,LOW,29,navigational,,False
healthcare website development company,website development company,70,,17.81,LOW,8,commercial,,False
website development company names,website development company,70,,4.14,LOW,5,commercial,,False
woocommerce website development company,website development company,70,,0,LOW,33,commercial,,False
ecommerce magento development agency,ecommerce agency,70,,0,LOW,11,commercial,,False
best ecommerce agency,ecommerce agency,70,,178.14,LOW,0,commercial,best,False
ecommerce marketing agency australia,ecommerce agency,70,,0,,0,commercial,,False
ecommerce photography agency,ecommerce agency,70,,7.75,LOW,6,commercial,,False
ecommerce web agency,ecommerce agency,70,,0,LOW,20,commercial,,False
b2b ecommerce agency coalition,ecommerce agency,70,,12.24,HIGH,2,commercial,,False
email marketing agency for ecommerce,ecommerce agency,70,,99.69,LOW,17,commercial,,False
top ecommerce agency,ecommerce agency,70,,0,LOW,2,commercial,top,False
magento ecommerce development agency,ecommerce agency,70,,0,LOW,21,commercial,,False
magento ecommerce agency,ecommerce agency,70,,0,LOW,3,commercial,,False
ecommerce consulting agency,ecommerce agency,70,,26.85,LOW,26,commercial,,False
ecommerce ppc management agency,ecommerce agency,70,,0,,4,commercial,,False
b2b ecommerce development agency,ecommerce agency,70,,0,MEDIUM,0,commercial,,False
luxury ecommerce agency,ecommerce agency,70,,0,LOW,11,commercial,,False
best shopify agency,shopify agency,70,,22.18,LOW,5,commercial,best,False
headless shopify agency,shopify agency,70,,0,LOW,0,navigational,,False
shopify development agency usa,shopify agency,70,,14.28,LOW,26,navigational,,False
shopify partner agency,shopify agency,70,,129.76,LOW,42,navigational,,False
shopify agency near me,shopify agency,70,,0,LOW,4,navigational,,False
shopify migration agency,shopify agency,70,,0,LOW,0,navigational,,False
shopify development companies in india,shopify development,70,,0,LOW,8,commercial,,False
shopify theme-development-services,shopify development,70,,0,LOW,7,navigational,,False
custom shopify development services,shopify development,70,,0,LOW,17,commercial,,False
shopify theme development services,shopify development,70,,0,LOW,10,commercial,,False
shopify development india,shopify development,70,,0,LOW,29,navigational,,False
shopify development course,shopify development,70,,4.91,LOW,26,informational,,False
shopify development courses,shopify development,70,,4.91,LOW,23,commercial,,False
shopify development company india,shopify development,70,,0,LOW,0,navigational,,False
shopify development company in india,shopify development,70,,0,LOW,14,commercial,,False
shopify theme development service,shopify development,70,,0,LOW,10,commercial,,False
shopify plus development,shopify development,70,,0,LOW,0,commercial,,False
ai arbitrage agency reviews jordan lee,ai agency,70,,0,LOW,0,commercial,,False
agency ai meaning,ai agency,70,,8.43,MEDIUM,59,informational,,False
ai advantage agency,ai agency,70,,0,LOW,26,commercial,,False
what is ai arbitrage agency,ai agency,70,0,16.44,LOW,0,informational,,True
ai agency hub,ai agency,70,,19.53,MEDIUM,,navigational,,False
ai services agency,ai agency,70,,184.37,LOW,85,navigational,,False
ai automation agency hub,ai agency,70,,23.27,MEDIUM,10,navigational,,False
what is an ai automation agency,ai agency,70,10,25.63,MEDIUM,24,informational,,True
how to start an ai agency,ai agency,70,5,12.1,LOW,0,informational,,True
jordan lee ai arbitrage agency reviews,ai agency,70,,0,LOW,0,navigational,,False
ai service agency,ai agency,70,,184.37,LOW,59,commercial,,False
ai agent development courses,ai agent development,70,,27.7,MEDIUM,26,commercial,,False
ai agent development frameworks,ai agent development,70,,47.65,LOW,39,commercial,,False
ai agent development course,ai agent development,70,,27.7,MEDIUM,26,informational,,False
ai agent development framework,ai agent development,70,,47.65,LOW,17,informational,,False
digital marketing agency cambridge,digital marketing agency,70,,0,LOW,10,commercial,,False
remodeling digital marketing agency,digital marketing agency,70,,0,LOW,0,commercial,,False
digital marketing agency memphis,digital marketing agency,70,,0,LOW,59,commercial,,False
digital marketing agency boise,digital marketing agency,70,,0,LOW,24,commercial,,False
digital marketing agency worcester,digital marketing agency,70,,0,LOW,4,commercial,,False
agency digital marketing indonesia,digital marketing agency,70,,0,LOW,12,commercial,,False
ppc digital marketing agency,digital marketing agency,70,,0,LOW,17,commercial,,False
digital marketing agency for dentist,digital marketing agency,70,,0,LOW,39,commercial,,False
digital marketing agency pune,digital marketing agency,70,,12.77,LOW,53,commercial,,False
digital marketing agency montreal,digital marketing agency,70,,2.29,LOW,44,commercial,,False
digital marketing agency in manchester,digital marketing agency,70,,0,LOW,60,commercial,,False
digital marketing agency paris,digital marketing agency,70,,0,LOW,1,commercial,,False
manchester digital marketing agency,digital marketing agency,70,,0,LOW,61,commercial,,False
digital marketing agency kc,digital marketing agency,70,,0,LOW,35,commercial,,False
anchor wave digital marketing agency,digital marketing agency,70,,20.68,LOW,33,commercial,,False
website design and digital marketing agency,digital marketing agency,70,,0,LOW,100,commercial,,False
digital marketing agency for sale,digital marketing agency,70,,0.97,MEDIUM,0,transactional,,False
omaha digital marketing agency,digital marketing agency,70,,0,LOW,15,commercial,,False
manufacturing digital marketing agency,digital marketing agency,70,,0,LOW,0,commercial,,False
list of digital marketing agency,digital marketing agency,70,,9.34,LOW,43,commercial,,False
digital marketing agency partnerships,digital marketing agency,70,,0,LOW,7,commercial,,False
digital marketing agency in arizona,digital marketing agency,70,,4.93,LOW,39,commercial,,False
medical digital marketing agency,digital marketing agency,70,,76.15,LOW,64,commercial,,False
digital performance marketing agency,digital marketing agency,70,,28.41,LOW,19,commercial,,False
digital marketing agency north carolina,digital marketing agency,70,,7.57,LOW,63,commercial,,False
digital marketing agency ppc,digital marketing agency,70,,0,LOW,12,commercial,,False
diamond arrow digital marketing agency,digital marketing agency,70,,0,LOW,11,commercial,,False
thailand digital marketing agency,digital marketing agency,70,,0,LOW,21,commercial,,False
digital marketing agency partnership,digital marketing agency,70,,0,LOW,14,commercial,,False
digital marketing agency asheville,digital marketing agency,70,,0,LOW,20,commercial,,False
digital marketing agency in paris,digital marketing agency,70,,0,LOW,14,commercial,,False
travel digital marketing agency,digital marketing agency,70,,0,LOW,4,commercial,,False
digital marketing agency branding,digital marketing agency,70,,0,LOW,20,commercial,,False
digital marketing agency boca raton,digital marketing agency,70,,0,LOW,35,commercial,,False
performance digital marketing agency,digital marketing agency,70,,28.41,LOW,17,commercial,,False
utah digital marketing agency,digital marketing agency,70,,30.68,MEDIUM,31,commercial,,False
digital marketing agency in switzerland,digital marketing agency,70,,15.19,MEDIUM,26,commercial,,False
digital marketing agency chennai,digital marketing agency,70,,0,LOW,16,commercial,,False
digital pharma marketing agency,digital marketing agency,70,,47.1,LOW,8,commercial,,False
digital marketing agency glasgow,digital marketing agency,70,,0,LOW,36,commercial,,False
digital marketing agency in north carolina,digital marketing agency,70,,7.57,LOW,63,commercial,,False
ignite visibility digital marketing agency,digital marketing agency,70,,6.72,LOW,21,commercial,,False
digital marketing agency detroit mi,digital marketing agency,70,,0,LOW,19,commercial,,False
pune digital marketing agency,digital marketing agency,70,,12.77,LOW,25,commercial,,False
digital marketing agency arizona,digital marketing agency,70,,4.93,LOW,23,commercial,,False
brighton digital marketing agency,digital marketing agency,70,,0,,43,commercial,,False
pharma digital marketing agency,digital marketing agency,70,,47.1,LOW,2,commercial,,False
digital marketing agency manchester,digital marketing agency,70,,0,LOW,45,commercial,,False
digital marketing agency saudi arabia,digital marketing agency,70,,0,LOW,15,commercial,,False
glasgow digital marketing agency,digital marketing agency,70,,0,LOW,36,commercial,,False
digital marketing and branding agency,digital marketing agency,70,,0,LOW,76,commercial,,False
crm for digital marketing agency,digital marketing agency,70,,37.88,LOW,4,commercial,,False
digital marketing agency crm,digital marketing agency,70,,37.88,LOW,7,commercial,,False
digital marketing agency sarasota,digital marketing agency,70,,0,LOW,20,commercial,,False
kansas city digital marketing agency,digital marketing agency,70,,0,LOW,20,commercial,,False
digital marketing agency switzerland,digital marketing agency,70,,15.19,MEDIUM,36,commercial,,False
dharma digital marketing agency,digital marketing agency,70,,8.12,LOW,12,commercial,,False
digital marketing agency bangkok,digital marketing agency,70,,0,MEDIUM,59,commercial,,False
jacksonville digital marketing agency,digital marketing agency,70,,0,LOW,35,commercial,,False
digital marketing agency in cambridge,digital marketing agency,70,,0,LOW,11,commercial,,False
digital marketing agency spokane,digital marketing agency,70,,0,LOW,16,commercial,,False
black owned digital marketing agency,digital marketing agency,70,,0,LOW,8,commercial,,False
digital marketing agency list,digital marketing agency,70,,9.34,LOW,30,commercial,,False
website design for digital marketing agency,digital marketing agency,70,,0,,1,commercial,,False
digital marketing agency in chennai,digital marketing agency,70,,0,LOW,20,commercial,,False
digital marketing agency brighton,digital marketing agency,70,,0,,43,commercial,,False
top 10 digital marketing agency,digital marketing agency,70,,22.42,MEDIUM,20,commercial,top 10,False
digital marketing agency in indonesia,digital marketing agency,70,,0,LOW,18,commercial,,False
pharmaceutical digital marketing agency,digital marketing agency,70,,47.1,LOW,0,commercial,,False
black-owned digital marketing agency,digital marketing agency,70,,0,LOW,5,commercial,,False
digital marketing agency indonesia,digital marketing agency,70,,0,LOW,31,commercial,,False
enterprise digital marketing agency,digital marketing agency,70,,0,LOW,0,commercial,,False
bangkok digital marketing agency,digital marketing agency,70,,0,MEDIUM,65,commercial,,False
digital marketing agency for home services,digital marketing agency,70,,13.33,LOW,11,commercial,,False
digital marketing agency washington,digital marketing agency,70,,9.53,MEDIUM,24,commercial,,False
digital marketing agency in brighton,digital marketing agency,70,,0,,43,commercial,,False
digital marketing agency in pune,digital marketing agency,70,,12.77,LOW,74,commercial,,False
digital marketing agency travel,digital marketing agency,70,,0,LOW,8,commercial,,False
the kool source digital marketing agency,digital marketing agency,70,,4.21,LOW,11,commercial,,False
indonesia digital marketing agency,digital marketing agency,70,,0,LOW,13,commercial,,False
digital marketing agency raleigh nc,digital marketing agency,70,,12.7,MEDIUM,18,commercial,,False
digital marketing agency baton rouge,digital marketing agency,70,,0,LOW,48,commercial,,False
digital marketing agency in saudi arabia,digital marketing agency,70,,0,LOW,29,commercial,,False
wpp digital marketing agency,digital marketing agency,70,,0,LOW,66,commercial,,False
detroit digital marketing agency,digital marketing agency,70,,0,LOW,40,commercial,,False
digital marketing agency for small business near me,digital marketing agency,70,,0,LOW,3,commercial,,False
digital marketing agency for dentists,digital marketing agency,70,,0,LOW,39,commercial,,False
digital marketing agency for local businesses,digital marketing agency,70,,0,LOW,6,commercial,,False
travel agency digital marketing,digital marketing agency,70,,0,LOW,0,commercial,,False
digital marketing agency hiring,digital marketing agency,70,,5.38,LOW,21,commercial,,False
digital marketing agency thailand,digital marketing agency,70,,0,LOW,20,commercial,,False
best digital marketing agency dallas,digital marketing agency,70,,0,LOW,43,commercial,best,False
digital marketing agency pharma,digital marketing agency,70,,47.1,LOW,5,commercial,,False
digital marketing agency in glasgow,digital marketing agency,70,,0,LOW,36,commercial,,False
digital marketing agency tucson,digital marketing agency,70,,0,LOW,88,commercial,,False
digital marketing agency in charlotte nc,digital marketing agency,70,,1.46,LOW,22,commercial,,False
digital marketing agency in massachusetts,digital marketing agency,70,,3.06,LOW,42,commercial,,False
digital marketing agency in navi mumbai,digital marketing agency,70,,0,LOW,7,commercial,,False
digital marketing agency massachusetts,digital marketing agency,70,,3.06,LOW,26,commercial,,False
digital marketing agency partner,digital marketing agency,70,,0,LOW,6,commercial,,False
digital marketing agency for travel,digital marketing agency,70,,0,LOW,3,commercial,,False
digital marketing agency reviews,digital marketing agency,70,,0,LOW,0,commercial,,False
digital marketing agency omaha,digital marketing agency,70,,0,LOW,21,commercial,,False
tucson digital marketing agency,digital marketing agency,70,,0,LOW,88,commercial,,False
leading digital marketing agency,digital marketing agency,70,,8.17,LOW,23,commercial,leading,False
digital marketing agency review,digital marketing agency,70,,0,LOW,0,commercial,,False
nc digital marketing agency,digital marketing agency,70,,7.57,LOW,27,commercial,,False
arizona digital marketing agency,digital marketing agency,70,,4.93,LOW,24,commercial,,False
montreal digital marketing agency,digital marketing agency,70,,2.29,LOW,24,commercial,,False
digital marketing agency in thailand,digital marketing agency,70,,0,LOW,42,commercial,,False
remote digital marketing agency,digital marketing agency,70,,7.48,LOW,0,commercial,,False
222 digital marketing agency chicago,digital marketing agency,70,,13.46,LOW,64,commercial,,False
digital marketing agency navi mumbai,digital marketing agency,70,,0,LOW,9,commercial,,False
amazon agency uk,amazon agency,70,,0,LOW,9,navigational,,False
pirawna amazon agency,amazon agency,70,,12.95,HIGH,0,navigational,,False
temp agency that hires for amazon,amazon agency,70,,0.75,LOW,11,navigational,,False
temp agency hiring for amazon,amazon agency,70,,0.75,LOW,30,navigational,,False
best amazon ppc agency,amazon agency,70,,71.84,LOW,2,commercial,best,False
amazon management agency,amazon agency,70,,82.76,LOW,28,navigational,,False
amazon brand protection agency,amazon agency,70,,21.97,LOW,4,informational,,False
pattern amazon agency,amazon agency,70,,13.5,MEDIUM,23,navigational,,False
seo agency cambridgeshire,seo agency,50,,0,,0,commercial,,False
seo agency west palm beach,seo agency,50,,0,LOW,5,commercial,,False
seo agency albuquerque,seo agency,50,,0,LOW,18,commercial,,False
best seo agency toronto,seo agency,50,,0,LOW,19,commercial,best,False
germany seo agency,seo agency,50,,14.39,LOW,0,commercial,,False
seo agency in wolverhampton,seo agency,50,,0,LOW,0,commercial,,False
swindon seo agency,seo agency,50,,0,LOW,0,commercial,,False
ignite seo agency london,seo agency,50,,0,LOW,14,commercial,,False
web design seo agency,seo agency,50,,0,LOW,97,commercial,,False
seo agency for sale,seo agency,50,,6.77,LOW,0,transactional,,False
dublin seo agency,seo agency,50,,3.84,LOW,47,commercial,,False
maryland seo agency,seo agency,50,,0,LOW,0,commercial,,False
local seo agency nj,seo agency,50,,0,LOW,0,commercial,,False
agency seo services,seo agency,50,,0.92,LOW,29,commercial,,False
seo agency in chennai,seo agency,50,,0,LOW,37,commercial,,False
best seo agency for ecommerce,seo agency,50,,0,LOW,29,commercial,best,False
seo agency in tampa,seo agency,50,,0,LOW,12,commercial,,False
industrial seo agency,seo agency,50,,51.92,LOW,0,commercial,,False
seo agency bay area,seo agency,50,,0,MEDIUM,24,commercial,,False
seo agency wolverhampton,seo agency,50,,0,LOW,0,commercial,,False
best white label seo agency,seo agency,50,,0,LOW,11,commercial,best,False
seo agency sacramento,seo agency,50,,0,LOW,9,commercial,,False
manhattan seo agency,seo agency,50,,0,LOW,21,commercial,,False
local seo agency london,seo agency,50,,0,LOW,0,commercial,,False
omaha seo agency,seo agency,50,,0,LOW,23,commercial,,False
seo agency portsmouth,seo agency,50,,0,LOW,0,commercial,,False
best seo agency australia,seo agency,50,,0,LOW,12,commercial,best,False
how to hire an seo agency,seo agency,50,0,0,LOW,17,informational,,True
what is a seo agency,seo agency,50,196,0,LOW,3,informational,,True
best seo agency melbourne,seo agency,50,,0,LOW,13,commercial,best,False
orthodontist seo agency,seo agency,50,,0,,0,commercial,,False
seo agency utah,seo agency,50,,32.57,LOW,61,commercial,,False
albuquerque seo agency,seo agency,50,,0,LOW,15,commercial,,False
1 seo agency,seo agency,50,,0,LOW,13,commercial,,False
milton keynes seo agency,seo agency,50,,0,LOW,15,commercial,,False
seo agency nederland,seo agency,50,,0,,0,commercial,,False
hawaii seo agency,seo agency,50,,7.62,LOW,0,commercial,,False
seo white label agency,seo agency,50,,30.71,LOW,26,commercial,,False
seo agency calgary,seo agency,50,,0,LOW,56,commercial,,False
buffalo ny seo agency,seo agency,50,,0,,12,commercial,,False
seo agency chester,seo agency,50,,0,LOW,0,commercial,,False
finance seo agency,seo agency,50,,0,LOW,0,commercial,,False
japan seo agency,seo agency,50,,0,LOW,1,commercial,,False
financial seo agency,seo agency,50,,0,LOW,0,commercial,,False
b2b tech seo agency,seo agency,50,,0,LOW,0,commercial,,False
seo agency maryland,seo agency,50,,0,LOW,24,commercial,,False
seo agency in thane,seo agency,50,,0,LOW,2,commercial,,False
baidu seo agency,seo agency,50,,0,LOW,0,commercial,,False
bournemouth seo agency,seo agency,50,,0,LOW,0,commercial,,False
best seo agency in fort worth,seo agency,50,,0,,1,commercial,best,False
blockchain seo agency,seo agency,50,,0,LOW,0,commercial,,False
seo agency oklahoma city,seo agency,50,,0,LOW,0,commercial,,False
dispensary seo agency,seo agency,50,,0,LOW,11,commercial,,False
seo agency glasgow,seo agency,50,,0,LOW,38,commercial,,False
seo agency in milton keynes,seo agency,50,,0,LOW,26,commercial,,False
dtc seo agency,seo agency,50,,17.14,LOW,0,commercial,,False
seo agency halifax,seo agency,50,,0,LOW,6,commercial,,False
seo agency jakarta,seo agency,50,,0,,7,commercial,,False
seo agency coventry,seo agency,50,,0,LOW,0,commercial,,False
seo agency brooklyn,seo agency,50,,0,LOW,1,commercial,,False
portsmouth seo agency,seo agency,50,,0,LOW,0,commercial,,False
seo agency auckland,seo agency,50,,0,LOW,50,commercial,,False
seo website design agency,seo agency,50,,0,LOW,42,commercial,,False
outsource seo agency,seo agency,50,,0,LOW,0,commercial,,False
seo agency swindon,seo agency,50,,0,LOW,0,commercial,,False
outsourcing seo agency,seo agency,50,,0,LOW,0,commercial,,False
seo agency germany,seo agency,50,,14.39,LOW,0,commercial,,False
seo agency in portsmouth,seo agency,50,,0,LOW,0,commercial,,False
bay area seo agency,seo agency,50,,0,MEDIUM,24,commercial,,False
seo agency in maryland,seo agency,50,,0,LOW,7,commercial,,False
b2b seo agency london,seo agency,50,,22.59,LOW,0,commercial,,False
seo ecommerce agency,seo agency,50,,0,LOW,4,commercial,,False
the best seo agency,seo agency,50,,2.92,LOW,19,commercial,best,False
seo agency deutschland,seo agency,50,,14.39,LOW,2,commercial,,False
affordable seo agency near me,seo agency,50,,0,LOW,20,commercial,affordable,False
coventry seo agency,seo agency,50,,0,LOW,0,commercial,,False
seo agency hawaii,seo agency,50,,7.62,LOW,0,commercial,,False
seo web design agency,seo agency,50,,0,LOW,85,commercial,,False
best boston seo agency,seo agency,50,,0,LOW,14,commercial,best,False
seo agency local,seo agency,50,,0,LOW,36,commercial,,False
best seo agency fort worth,seo agency,50,,0,LOW,0,commercial,best,False
plastic surgery seo agency,seo agency,50,,75.99,LOW,5,commercial,,False
seo agency cornwall,seo agency,50,,0,LOW,0,commercial,,False
german seo agency,seo agency,50,,14.39,LOW,0,commercial,,False
arizona seo agency,seo agency,50,,0,LOW,20,commercial,,False
seo agency reporting,seo agency,50,,0,LOW,0,commercial,,False
seo agency milton keynes,seo agency,50,,0,LOW,0,commercial,,False
seo agency northampton,seo agency,50,,2.21,LOW,22,commercial,,False
seo agency tacoma,seo agency,50,,0,LOW,0,commercial,,False
seo agency blackpool,seo agency,50,,0,LOW,5,commercial,,False
seo agency rapid url indexer,seo agency,50,,0,LOW,13,commercial,,False
seo agency suffolk,seo agency,50,,0,LOW,0,commercial,,False
webflow seo agency,seo agency,50,,36.64,MEDIUM,0,commercial,,False
seo agency tampa fl,seo agency,50,,0,LOW,9,commercial,,False
affordable local seo agency,seo agency,50,,0,,13,commercial,affordable,False
seo agency in dublin,seo agency,50,,3.84,LOW,29,commercial,,False
premier seo agency,seo agency,50,,0,MEDIUM,1,commercial,premier,False
seo agency dublin,seo agency,50,,3.84,LOW,47,commercial,,False
auckland seo agency,seo agency,50,,0,LOW,24,commercial,,False
seo agency yorkshire,seo agency,50,,0,LOW,2,commercial,,False
cornwall seo agency,seo agency,50,,0,LOW,0,commercial,,False
japanese seo agency,seo agency,50,,0,LOW,2,commercial,,False
seo agency bournemouth,seo agency,50,,0,LOW,17,commercial,,False
seo agency in chester,seo agency,50,,0,LOW,0,commercial,,False
seo agency japan,seo agency,50,,0,LOW,2,commercial,,False
seo agency west london,seo agency,50,,0,LOW,0,commercial,,False
seo agency sussex,seo agency,50,,0,LOW,20,commercial,,False
seo services bromley,seo services,50,,0,LOW,0,commercial,,False
seo services simple seo group,seo services,50,,6.15,HIGH,20,commercial,,False
seo services agreement,seo services,50,,1.44,MEDIUM,0,commercial,,False
best seo services in toronto,seo services,50,,0,LOW,19,commercial,best,False
what is organic seo services,seo services,50,9,0,LOW,1,informational,,True
seo services durham,seo services,50,,0,LOW,0,commercial,,False
seo services in philadelphia,seo services,50,,0,LOW,10,commercial,,False
best seo services for lawyers,seo services,50,,0,LOW,24,commercial,best,False
podcast seo services,seo services,50,,0,LOW,0,commercial,,False
website seo content services,seo services,50,,0,LOW,45,commercial,,False
chatgpt seo services,seo services,50,,0,LOW,0,commercial,,False
local seo services san jose,seo services,50,,0,LOW,0,commercial,,False
companies looking for seo services,seo services,50,,0,LOW,46,commercial,,False
seo services for real estate agents,seo services,50,,0,MEDIUM,10,commercial,,False
seo link services,seo services,50,,0,LOW,30,commercial,,False
southampton seo services,seo services,50,,0,LOW,0,commercial,,False
seo services sri lanka,seo services,50,,0,LOW,10,commercial,,False
seo services company in delhi,seo services,50,,0,LOW,28,commercial,,False
seo services ohio,seo services,50,,0,LOW,9,commercial,,False
seo services mumbai,seo services,50,,0,LOW,18,commercial,,False
affordable seo services philadelphia,seo services,50,,0,LOW,2,commercial,affordable,False
seo services for hotels,seo services,50,,0,LOW,7,commercial,,False
affordable seo services for small business near me,seo services,50,,0,LOW,13,commercial,affordable,False
how to sell seo services to local businesses,seo services,50,0,0,LOW,0,informational,,True
local seo services in canada,seo services,50,,0,,7,commercial,,False
best white label seo services,seo services,50,,0,LOW,12,commercial,best,False
on-page seo optimization services,seo services,50,,0,LOW,19,commercial,,False
clearwater seo services,seo services,50,,0,LOW,0,commercial,,False
seo services in ohio,seo services,50,,0,LOW,0,commercial,,False
ethical seo services,seo services,50,,0,LOW,1,commercial,,False
cost effective seo services,seo services,50,,0,LOW,0,commercial,,False
seo company services in delhi,seo services,50,,0,LOW,28,commercial,,False
linkedin seo services,seo services,50,,0,LOW,12,commercial,,False
seo services manila,seo services,50,,0,LOW,15,commercial,,False
best seo services canada,seo services,50,,0,LOW,5,commercial,best,False
maine seo services,seo services,50,,5.81,LOW,4,commercial,,False
free seo services for my website,seo services,50,,0,HIGH,63,commercial,,False
ecommerce seo marketing services,seo services,50,,0,LOW,13,commercial,,False
construction seo services,seo services,50,,0,LOW,0,commercial,,False
fintech seo services,seo services,50,,70.21,LOW,1,commercial,,False
albuquerque seo services,seo services,50,,4.36,LOW,12,commercial,,False
seo services delaware,seo services,50,,0,LOW,0,commercial,,False
seo maintenance services,seo services,50,,0,LOW,5,commercial,,False
seo services charlotte,seo services,50,,0,LOW,1,commercial,,False
harrisburg seo services,seo services,50,,0,LOW,0,commercial,,False
best seo services australia,seo services,50,,0,LOW,25,commercial,best,False
best seo services toronto,seo services,50,,0,LOW,11,commercial,best,False
local seo services san diego,seo services,50,,0,LOW,14,commercial,,False
seo services utah,seo services,50,,0,LOW,18,commercial,,False
contract for seo services,seo services,50,,1.44,MEDIUM,0,commercial,,False
best seo link building services,seo services,50,,0,LOW,21,commercial,best,False
seo services the woodlands,seo services,50,,0.13,LOW,0,commercial,,False
local seo services uk,seo services,50,,0,LOW,0,commercial,,False
seo services maine,seo services,50,,5.81,LOW,0,commercial,,False
seo services free trial,seo services,50,,0,LOW,41,commercial,,False
ai local seo,ai seo,50,,40.85,LOW,40,commercial,,False
seo content ai,ai seo,50,,20.4,LOW,69,commercial,,False
free ai seo,ai seo,50,,16.91,HIGH,26,commercial,,False
ai seo app,ai seo,50,,18.07,LOW,55,commercial,,False
google ai overviews seo,ai seo,50,,0,LOW,63,commercial,,False
seo ai overviews,ai seo,50,,0,LOW,35,commercial,,False
seo ai serp checker,ai seo,50,,0,,46,navigational,,False
ai content generator seo,ai seo,50,,0,LOW,32,commercial,,False
jasper ai surfer seo,ai seo,50,,0,,13,informational,,False
ai seo specialist,ai seo,50,,32.34,LOW,2,commercial,,False
ai seo check,ai seo,50,,26.75,HIGH,,commercial,,False
ai video seo,ai seo,50,,0,LOW,0,informational,,False
seo ai blog writer,ai seo,50,,0,LOW,44,commercial,,False
ai writing seo,ai seo,50,,0,LOW,33,commercial,,False
will ai replace seo,ai seo,50,662,17.34,LOW,0,informational,,True
seo studio ai,ai seo,50,,11.28,HIGH,2,commercial,,False
seo content writing ai,ai seo,50,,0,LOW,32,commercial,,False
google ai overview seo,ai seo,50,,0,LOW,39,commercial,,False
ai seo writer,ai seo,50,,32.45,LOW,44,commercial,,False
super intelligent ai-seo,ai seo,50,,8.73,LOW,14,informational,,False
mega ai seo,ai seo,50,,17.58,HIGH,15,informational,,False
ai seo tools 2025,ai seo,50,,0,LOW,12,informational,,False
ai tool for seo free,ai seo,50,,19.67,LOW,39,commercial,,False
ai seo checker,ai seo,50,,26.75,HIGH,71,commercial,,False
yoast seo ai,ai seo,50,,3.8,MEDIUM,24,informational,,False
seo but for ai,ai seo,50,,59.34,HIGH,38,informational,,False
ai-generated seo content,ai seo,50,,0,HIGH,36,commercial,,False
free seo ai,ai seo,50,,17.73,HIGH,41,commercial,,False
ai seo term,ai seo,50,,0,MEDIUM,8,informational,,False
seo ai content,ai seo,50,,6.9,LOW,37,commercial,,False
ai seo geo,ai seo,50,,19.49,LOW,35,informational,,False
seo ai overview,ai seo,50,,0,LOW,20,commercial,,False
super intelligent ai seo,ai seo,50,,8.73,LOW,9,commercial,,False
ai generated seo content,ai seo,50,,0,HIGH,27,commercial,,False
generative ai for seo,ai seo,50,,0,LOW,29,commercial,,False
ai mode seo,ai seo,50,,0,LOW,34,informational,,False
ai tools for seo free,ai seo,50,,19.67,LOW,24,commercial,,False
surfer seo ai tracker,ai seo,50,,89.91,LOW,11,navigational,,False
generative ai engine optimization,generative engine optimization,50,,0,MEDIUM,55,informational,,False
generative engine optimization checklist,generative engine optimization,50,,0,LOW,17,commercial,,False
how to do generative engine optimization,generative engine optimization,50,1,15.31,LOW,21,informational,,True
generative engine optimization marketing,generative engine optimization,50,,0,LOW,43,commercial,,False
best tools for generative engine optimization,generative engine optimization,50,,0,LOW,15,commercial,best,False
generative optimization engine,generative engine optimization,50,,22.17,HIGH,57,commercial,,False
what is aeo answer engine optimization,answer engine optimization,50,7,20.04,LOW,26,informational,,True
web design company colorado,web design company,50,,23.9,LOW,80,commercial,,False
magento web design company,web design company,50,,0,LOW,11,commercial,,False
web design company in indore,web design company,50,,0,LOW,40,commercial,,False
uae web design company,web design company,50,,0,LOW,63,commercial,,False
web design company coimbatore,web design company,50,,0,LOW,53,navigational,,False
web design company fresno,web design company,50,,0,LOW,34,navigational,,False
colorado web design company,web design company,50,,23.9,LOW,20,commercial,,False
charleston web design company,web design company,50,,0,LOW,6,commercial,,False
raleigh web design company,web design company,50,,8.69,LOW,49,commercial,,False
web design company in switzerland,web design company,50,,0,LOW,14,commercial,,False
web design company for sale,web design company,50,,3.28,LOW,0,transactional,,False
best web design company in london,web design company,50,,0,LOW,33,commercial,best,False
web design company ri,web design company,50,,0,LOW,61,commercial,,False
plumber web design company,web design company,50,,0,LOW,0,navigational,,False
it company web design,web design company,50,,14.86,MEDIUM,19,commercial,,False
uk best web design company,web design company,50,,0,LOW,89,commercial,best,False
web design company indore,web design company,50,,0,LOW,32,commercial,,False
web design company uae,web design company,50,,0,LOW,54,commercial,,False
san jose web design company,web design company,50,,0,LOW,0,commercial,,False
web design software company,web design company,50,,12.16,LOW,56,commercial,,False
web design company ohio,web design company,50,,0,LOW,34,commercial,,False
web design company bangkok,web design company,50,,0,,40,commercial,,False
web design company in qatar,web design company,50,,0,LOW,40,commercial,,False
top web design company los angeles,web design company,50,,20.72,LOW,87,commercial,top,False
top ten web design company,web design company,50,,0,LOW,31,commercial,top,False
coimbatore web design company,web design company,50,,0,LOW,87,navigational,,False
cleaning company web design,web design company,50,,7.56,LOW,0,navigational,,False
qatar web design company,web design company,50,,0,LOW,66,commercial,,False
software company web design,web design company,50,,12.16,LOW,0,commercial,,False
graphic web design company,web design company,50,,6.15,LOW,9,commercial,,False
black-owned web design company,web design company,50,,25.43,MEDIUM,8,commercial,,False
web design it company,web design company,50,,14.86,MEDIUM,55,commercial,,False
low cost web design company,web design company,50,,200.88,MEDIUM,32,commercial,low cost,False
church web design company,web design company,50,,20.98,MEDIUM,71,commercial,,False
how to pick a web design company,web design company,50,1,0,LOW,0,informational,,True
world best web design company,web design company,50,,20.84,MEDIUM,38,commercial,best,False
how to choose a web design company,web design company,50,1,0,LOW,0,informational,,True
roofing web design company,web design company,50,,27.25,LOW,39,commercial,,False
web design company in colorado,web design company,50,,23.9,LOW,33,commercial,,False
web design company in new delhi,web design company,50,,0,LOW,91,commercial,,False
web design company in las vegas,web design company,50,,26.74,LOW,45,commercial,,False
web design company delhi,web design company,50,,0,LOW,91,commercial,,False
web design company in egypt,web design company,50,,0,LOW,33,commercial,,False
best web design company in uk,web design company,50,,0,LOW,30,commercial,best,False
web design for it company,web design company,50,,14.86,MEDIUM,59,commercial,,False
best web design company in chicago,web design company,50,,0,MEDIUM,41,commercial,best,False
delhi web design company,web design company,50,,0,LOW,60,commercial,,False
web design company bangalore,web design company,50,,78.54,LOW,67,commercial,,False
web design company reviews,web design company,50,,45.5,LOW,22,commercial,,False
hvac web design company,web design company,50,,0,LOW,7,navigational,,False
web design company hawaii,web design company,50,,0,LOW,33,commercial,,False
web design company in ottawa,web design company,50,,0,LOW,38,commercial,,False
web design company in uae,web design company,50,,0,LOW,52,commercial,,False
web design company in coimbatore,web design company,50,,0,LOW,86,commercial,,False
web design for software company,web design company,50,,12.16,LOW,9,commercial,,False
the best web design company in the world,web design company,50,,20.84,MEDIUM,11,commercial,best,False
local web design company near me,web design company,50,,23.26,MEDIUM,42,commercial,,False
it web design company,web design company,50,,14.86,MEDIUM,79,commercial,,False
web design and graphic design company,web design company,50,,6.15,LOW,100,commercial,,False
best web design company los angeles,web design company,50,,20.72,LOW,51,commercial,best,False
web design company review,web design company,50,,45.5,LOW,10,commercial,,False
web design company charleston,web design company,50,,0,LOW,27,navigational,,False
web design company in wolverhampton,web design company,50,,0,,54,commercial,,False
offshore web design company,web design company,50,,0,,0,commercial,,False
web design company qatar,web design company,50,,0,LOW,57,commercial,,False
best web design company in world,web design company,50,,20.84,MEDIUM,31,commercial,best,False
best web design company in los angeles,web design company,50,,0,LOW,83,commercial,best,False
hawaii web design company,web design company,50,,0,LOW,70,commercial,,False
top web design company in uk,web design company,50,,0,LOW,44,commercial,top,False
black owned web design company,web design company,50,,25.43,MEDIUM,0,commercial,,False
web design company boca raton,web design company,50,,0,LOW,17,navigational,,False
indiana web design company,web design company,50,,0,LOW,46,commercial,,False
detroit web design company,web design company,50,,0,MEDIUM,17,commercial,,False
web design agency reviews,web design agency,50,,45.5,LOW,20,commercial,,False
top web design agency uk,web design agency,50,,0,LOW,45,commercial,top,False
web design agency buffalo,web design agency,50,,0,LOW,28,commercial,,False
full service web design agency,web design agency,50,,0,LOW,40,commercial,,False
best web design agency in the world,web design agency,50,,20.84,MEDIUM,36,commercial,best,False
web design agency florida,web design agency,50,,0,LOW,34,commercial,,False
white label web design agency,web design agency,50,,12.86,LOW,0,commercial,,False
award winning web design agency,web design agency,50,,16.77,LOW,2,commercial,award winning,False
web design agency england,web design agency,50,,6.79,LOW,100,commercial,,False
web design agency in uk,web design agency,50,,6.79,LOW,79,commercial,,False
top 10 web design agency,web design agency,50,,0,LOW,24,commercial,top 10,False
ldr web design agency,web design agency,50,,0,LOW,5,commercial,,False
long island web design agency,web design agency,50,,0,LOW,96,commercial,,False
web design agency for law firms,web design agency,50,,0,LOW,99,commercial,,False
las vegas web design agency,web design agency,50,,9,MEDIUM,45,commercial,,False
web design agency utah,web design agency,50,,0,LOW,53,commercial,,False
web design and branding agency,web design agency,50,,53.72,MEDIUM,68,commercial,,False
web design agency berlin,web design agency,50,,0,,8,commercial,,False
award-winning web design agency,web design agency,50,,16.77,LOW,0,commercial,,False
web design agency bangkok,web design agency,50,,0,,82,commercial,,False
best web design agency near me,web design agency,50,,0,LOW,50,commercial,best,False
web design agency sussex,web design agency,50,,0,LOW,13,commercial,,False
web design agency long island,web design agency,50,,0,LOW,64,commercial,,False
web design wordpress agency,web design agency,50,,0,,32,commercial,,False
branding and web design agency,web design agency,50,,53.72,MEDIUM,68,commercial,,False
bangkok web design agency,web design agency,50,,0,,37,commercial,,False
full-service web design agency,web design agency,50,,0,LOW,61,commercial,,False
real estate web design agency,web design agency,50,,16.85,LOW,13,commercial,,False
uk web design agency,web design agency,50,,6.79,LOW,100,commercial,,False
web design agency wordpress,web design agency,50,,0,,36,commercial,,False
web design agency uk,web design agency,50,,6.79,LOW,100,commercial,,False
top web design agency london,web design agency,50,,0,LOW,44,commercial,top,False
web design agency in california,web design agency,50,,22.69,LOW,29,commercial,,False
best web design agency uk,web design agency,50,,0,LOW,77,commercial,best,False
best web design agency london,web design agency,50,,0,LOW,88,commercial,best,False
web design agency las vegas,web design agency,50,,9,MEDIUM,57,commercial,,False
website development company in indore,website development company,50,,0,LOW,23,commercial,,False
website development company in delhi,website development company,50,,0,LOW,68,commercial,,False
website development company in saudi arabia,website development company,50,,0,LOW,0,commercial,,False
affordable website development company,website development company,50,,0,LOW,32,commercial,affordable,False
website development company uae,website development company,50,,0,LOW,45,navigational,,False
dubai website development company,website development company,50,,0,LOW,79,commercial,,False
software and website development company,website development company,50,,0,LOW,59,commercial,,False
website development company qatar,website development company,50,,0,LOW,34,commercial,,False
website development company bangalore,website development company,50,,78.54,LOW,47,commercial,,False
website development company in bangalore,website development company,50,,78.54,LOW,48,commercial,,False
ecommerce website development company in usa,website development company,50,,0,LOW,12,commercial,,False
website development company dubai,website development company,50,,0,LOW,92,commercial,,False
website development company in coimbatore,website development company,50,,0,LOW,38,commercial,,False
website development company in qatar,website development company,50,,0,LOW,54,commercial,,False
website development company indore,website development company,50,,0,LOW,37,navigational,,False
asp.net website development company,website development company,50,,0,LOW,4,commercial,,False
best website development company india,website development company,50,,0,LOW,40,commercial,best,False
cheap website development company,website development company,50,,0,LOW,58,commercial,,False
bangalore website development company,website development company,50,,78.54,LOW,52,commercial,,False
website development company texas,website development company,50,,87.47,LOW,19,commercial,,False
website development company in uae,website development company,50,,0,LOW,31,commercial,,False
website development company san diego,website development company,50,,0,LOW,60,commercial,,False
ecommerce website development company usa,website development company,50,,0,LOW,42,commercial,,False
website development company in dallas,website development company,50,,0,LOW,37,commercial,,False
ecommerce agency manchester,ecommerce agency,50,,0,,0,commercial,,False
ecommerce agency australia,ecommerce agency,50,,0,MEDIUM,3,commercial,,False
ecommerce agency china,ecommerce agency,50,,0,LOW,9,commercial,,False
amazon ecommerce agency,ecommerce agency,50,,55.12,MEDIUM,15,navigational,,False
shopify plus ecommerce agency,ecommerce agency,50,,0,LOW,0,commercial,,False
wordpress ecommerce agency,ecommerce agency,50,,0,,6,commercial,,False
ecommerce conversion rate optimization agency,ecommerce agency,50,,0,LOW,18,commercial,,False
best digital marketing agency for ecommerce,ecommerce agency,50,,570.08,LOW,12,commercial,best,False
ecommerce agency los angeles,ecommerce agency,50,,2.67,LOW,0,commercial,,False
china ecommerce agency,ecommerce agency,50,,0,LOW,7,commercial,,False
best ecommerce development company,ecommerce development company,50,,0,LOW,15,commercial,best,False
ecommerce web development company usa,ecommerce development company,50,,0,LOW,23,commercial,,False
ecommerce development company uk,ecommerce development company,50,,0,LOW,7,commercial,,False
ecommerce store development company,ecommerce development company,50,,0,LOW,37,commercial,,False
shopify ppc agency,shopify agency,50,,0,LOW,0,navigational,,False
shopify store design agency,shopify agency,50,,0,LOW,55,navigational,,False
shopify plus design agency,shopify agency,50,,0,LOW,9,navigational,,False
custom shopify theme development,shopify development,50,,20.97,LOW,7,commercial,,False
shopify sales development representative salary,shopify development,50,,0,LOW,0,informational,,False
shopify extension development,shopify development,50,,8.23,MEDIUM,25,commercial,,False
top shopify development company,shopify development,50,,15.6,LOW,1,commercial,top,False
shopify custom app development,shopify development,50,,0,LOW,14,navigational,,False
top shopify development companies,shopify development,50,,15.6,LOW,10,commercial,top,False
shopify plus store development,shopify development,50,,11.68,LOW,12,navigational,,False
shopify website development coalition,shopify development,50,,7.01,MEDIUM,,navigational,,False
shopify sales development rep salary,shopify development,50,,0,LOW,0,informational,,False
shopify plugins development,shopify development,50,,8.23,MEDIUM,49,commercial,,False
shopify theme development company,shopify development,50,,0,LOW,4,navigational,,False
shopify development tools,shopify development,50,,0,LOW,35,commercial,,False
shopify plugin development,shopify development,50,,8.23,MEDIUM,25,commercial,,False
shopify web development coalition,shopify development,50,,7.01,MEDIUM,0,navigational,,False
ai automation agency reddit,ai agency,50,,0,LOW,20,informational,,False
ai influencer agency,ai agency,50,,1.33,HIGH,14,commercial,,False
ai driven marketing agency,ai agency,50,,30.7,LOW,46,commercial,,False
ai agent agency,ai agency,50,,27.57,MEDIUM,39,navigational,,False
the instant ai agency pdf,ai agency,50,,0,LOW,0,navigational,,False
what is an ai arbitrage agency,ai agency,50,0,0,LOW,0,informational,,True
ai agency business,ai agency,50,,26.29,MEDIUM,20,commercial,,False
ai talent agency,ai agency,50,,3.67,LOW,27,commercial,,False
marketing agency ai,ai agency,50,,29.01,HIGH,36,commercial,,False
100k ai agency,ai agency,50,,0,LOW,0,commercial,,False
the ai agency,ai agency,50,,5.18,MEDIUM,10,navigational,,False
what is ai automation agency,ai agency,50,10,14.15,LOW,15,informational,,True
ai-driven marketing agency,ai agency,50,,30.7,LOW,22,commercial,,False
ai agency roadmap,ai agency,50,,21.54,MEDIUM,3,informational,,False
the agency ai,ai agency,50,,0,LOW,28,informational,,False
custom ai agent development company,ai agent development,50,,282.5,LOW,0,commercial,,False
custom ai agent development services,ai agent development,50,,0,LOW,0,commercial,,False
gitagent ai agent development,ai agent development,50,,0,,25,transactional,,False
digital marketing agency hk,digital marketing agency,50,,3.13,LOW,17,commercial,,False
best digital marketing agency london,digital marketing agency,50,,0,LOW,44,commercial,best,False
digital marketing agency karachi,digital marketing agency,50,,0,LOW,45,commercial,,False
bay area digital marketing agency,digital marketing agency,50,,0,LOW,9,commercial,,False
french digital marketing agency,digital marketing agency,50,,0,MEDIUM,0,commercial,,False
digital marketing agency in karachi,digital marketing agency,50,,0,LOW,43,commercial,,False
digital marketing agency in islamabad,digital marketing agency,50,,6.1,LOW,58,commercial,,False
digital marketing agency for doctors,digital marketing agency,50,,16.34,MEDIUM,15,commercial,,False
digital marketing agency in nigeria,digital marketing agency,50,,0,LOW,27,commercial,,False
digital marketing agency calgary,digital marketing agency,50,,0,LOW,30,commercial,,False
cardinal digital marketing healthcare marketing agency,digital marketing agency,50,,1.74,LOW,24,commercial,,False
digital marketing agency fashion,digital marketing agency,50,,98.4,LOW,4,commercial,,False
digital marketing agency ohio,digital marketing agency,50,,5.45,LOW,22,commercial,,False
digital marketing agency guildford,digital marketing agency,50,,0,,18,commercial,,False
fashion digital marketing agency,digital marketing agency,50,,98.4,LOW,4,commercial,,False
digital marketing agency in new zealand,digital marketing agency,50,,0,LOW,53,commercial,,False
hospital digital marketing agency,digital marketing agency,50,,0,LOW,1,commercial,,False
digital marketing agency in georgia,digital marketing agency,50,,0,MEDIUM,46,commercial,,False
digital marketing consultant agency,digital marketing agency,50,,22.58,LOW,74,commercial,,False
digital marketing agency gilbert,digital marketing agency,50,,0,LOW,55,commercial,,False
higher education digital marketing agency,digital marketing agency,50,,25.26,LOW,23,commercial,,False
digital marketing agency in delhi,digital marketing agency,50,,8.97,LOW,65,commercial,,False
pr digital marketing agency,digital marketing agency,50,,9.88,MEDIUM,60,commercial,,False
digital marketing agency sussex,digital marketing agency,50,,0,LOW,14,commercial,,False
digital marketing agency springfield mo,digital marketing agency,50,,9.38,LOW,28,commercial,,False
digital marketing agency france,digital marketing agency,50,,0,MEDIUM,0,commercial,,False
best white label digital marketing agency,digital marketing agency,50,,0,LOW,14,commercial,best,False
digital marketing agency for restaurants,digital marketing agency,50,,53.96,LOW,16,commercial,,False
best digital marketing agency in london,digital marketing agency,50,,0,LOW,59,commercial,best,False
beauty digital marketing agency,digital marketing agency,50,,15.13,LOW,12,commercial,,False
digital marketing agency nz,digital marketing agency,50,,0,LOW,43,commercial,,False
sussex digital marketing agency,digital marketing agency,50,,0,LOW,19,commercial,,False
digital marketing agency in riyadh,digital marketing agency,50,,0,LOW,30,commercial,,False
human digital marketing agency,digital marketing agency,50,,10.57,LOW,36,commercial,,False
colab digital marketing agency los angeles,digital marketing agency,50,,0,LOW,29,commercial,,False
the digital marketing agency & consulting company llc,digital marketing agency,50,,0,LOW,43,commercial,,False
electrician digital marketing agency,digital marketing agency,50,,0,MEDIUM,0,commercial,,False
local business digital marketing agency,digital marketing agency,50,,0,LOW,16,commercial,,False
how to start a digital marketing agency with no experience,digital marketing agency,50,0,19.16,MEDIUM,2,informational,,True
top digital marketing agency in london,digital marketing agency,50,,0,LOW,59,commercial,top,False
digital marketing agency hong kong,digital marketing agency,50,,3.13,LOW,15,commercial,,False
digital marketing pr agency,digital marketing agency,50,,9.88,MEDIUM,44,commercial,,False
branding and digital marketing agency,digital marketing agency,50,,0,LOW,60,commercial,,False
digital marketing agency tokyo,digital marketing agency,50,,0,LOW,14,commercial,,False
digital marketing agency hawaii,digital marketing agency,50,,0,LOW,37,commercial,,False
digital marketing agency brisbane,digital marketing agency,50,,12.19,LOW,80,commercial,,False
the good marketer digital marketing agency london,digital marketing agency,50,,0,LOW,5,commercial,good,False
digital marketing agency white label,digital marketing agency,50,,56.2,MEDIUM,24,commercial,,False
digital marketing agency in st louis,digital marketing agency,50,,0,LOW,23,commercial,,False
plano digital marketing agency,digital marketing agency,50,,0,LOW,0,commercial,,False
digital marketing agency italy,digital marketing agency,50,,0,,0,commercial,,False
digital marketing agency syracuse,digital marketing agency,50,,0,LOW,22,commercial,,False
digital marketing agency for construction companies,digital marketing agency,50,,0,LOW,5,commercial,,False
digital marketing agency for restaurant,digital marketing agency,50,,53.96,LOW,5,commercial,,False
choosing a digital marketing agency,digital marketing agency,50,,0,,0,commercial,,False
top 10 digital marketing agency in the world,digital marketing agency,50,,19.05,MEDIUM,12,commercial,top 10,False
best digital marketing agency for e commerce,digital marketing agency,50,,570.08,LOW,,commercial,best,False
best digital marketing agency in australia,digital marketing agency,50,,0,,28,commercial,best,False
industrial digital marketing agency,digital marketing agency,50,,0,LOW,18,commercial,,False
pr and digital marketing agency,digital marketing agency,50,,9.88,MEDIUM,60,commercial,,False
auckland digital marketing agency,digital marketing agency,50,,0,LOW,59,commercial,,False
local digital marketing agency near me,digital marketing agency,50,,0,LOW,2,commercial,,False
digital marketing agency for manufacturers,digital marketing agency,50,,0,LOW,8,commercial,,False
construction digital marketing agency,digital marketing agency,50,,18.36,LOW,24,commercial,,False
service digital marketing agency,digital marketing agency,50,,0,LOW,29,commercial,,False
digital marketing agency for hospital,digital marketing agency,50,,0,LOW,13,commercial,,False
digital marketing agency new zealand,digital marketing agency,50,,0,LOW,42,commercial,,False
digital marketing agency parramatta,digital marketing agency,50,,0,LOW,0,commercial,,False
digital marketing agency in ohio,digital marketing agency,50,,5.45,LOW,73,commercial,,False
digital marketing agency in auckland,digital marketing agency,50,,0,LOW,45,commercial,,False
calgary digital marketing agency,digital marketing agency,50,,0,LOW,28,commercial,,False
digital marketing agency in uae,digital marketing agency,50,,23.41,LOW,37,commercial,,False
digital marketing agency for hospitals,digital marketing agency,50,,0,LOW,12,commercial,,False
brisbane digital marketing agency,digital marketing agency,50,,12.19,LOW,95,commercial,,False
digital marketing agency auckland,digital marketing agency,50,,0,LOW,58,commercial,,False
digital marketing agency for manufacturing companies,digital marketing agency,50,,69.47,LOW,13,commercial,,False
digital marketing agency reading berkshire,digital marketing agency,50,,0,LOW,33,commercial,,False
ps digital marketing agency,digital marketing agency,50,,0,LOW,25,commercial,,False
digital marketing agency naples,digital marketing agency,50,,9.09,LOW,23,commercial,,False
uae digital marketing agency,digital marketing agency,50,,23.41,LOW,18,commercial,,False
digital marketing agency for smes,digital marketing agency,50,,0,LOW,19,commercial,,False
digital marketing agency for hvac contractors,digital marketing agency,50,,0,LOW,18,commercial,,False
arlington digital marketing agency,digital marketing agency,50,,0,LOW,1,commercial,,False
digital marketing agency for saas,digital marketing agency,50,,0,LOW,10,commercial,,False
hong kong digital marketing agency,digital marketing agency,50,,3.13,LOW,28,commercial,,False
digital marketing agency for contractors,digital marketing agency,50,,6.67,LOW,19,commercial,,False
digital marketing consulting agency,digital marketing agency,50,,22.58,LOW,56,commercial,,False
digital marketing agency in hong kong,digital marketing agency,50,,3.13,LOW,16,commercial,,False
digital marketing agency lead generation,digital marketing agency,50,,0,LOW,0,commercial,,False
hk digital marketing agency,digital marketing agency,50,,3.13,LOW,0,commercial,,False
digital marketing agency st petersburg,digital marketing agency,50,,0,LOW,19,commercial,,False
tech digital marketing agency,digital marketing agency,50,,0,LOW,31,commercial,,False
digital marketing agency in hawaii,digital marketing agency,50,,0,LOW,24,commercial,,False
aim digital marketing agency,digital marketing agency,50,,0,LOW,10,commercial,,False
digital marketing agency beauty,digital marketing agency,50,,15.13,LOW,0,commercial,,False
digital marketing agency consultant,digital marketing agency,50,,22.58,LOW,30,commercial,,False
digital marketing agency in berlin,digital marketing agency,50,,0,,11,commercial,,False
how to hire a digital marketing agency,digital marketing agency,50,227,0,LOW,0,informational,,True
technology digital marketing agency,digital marketing agency,50,,0,LOW,26,commercial,,False
digital marketing agency in brisbane,digital marketing agency,50,,12.19,LOW,35,commercial,,False
digital marketing agency for sme,digital marketing agency,50,,0,LOW,17,commercial,,False
digital marketing agency uae,digital marketing agency,50,,23.41,LOW,14,commercial,,False
best digital marketing agency for healthcare,digital marketing agency,50,,0,LOW,58,commercial,best,False
digital marketing and pr agency,digital marketing agency,50,,9.88,MEDIUM,48,commercial,,False
digital marketing agency reading,digital marketing agency,50,,0,LOW,7,commercial,,False
why hire a digital marketing agency,digital marketing agency,50,,0,LOW,0,commercial,,True
digital marketing agency in france,digital marketing agency,50,,0,MEDIUM,0,commercial,,False
top digital marketing agency london,digital marketing agency,50,,0,LOW,60,commercial,top,False
digital marketing agency in plano,digital marketing agency,50,,0,,0,commercial,,False
digital marketing agency bay area,digital marketing agency,50,,0,LOW,16,commercial,,False
services digital marketing agency,digital marketing agency,50,,0,LOW,76,commercial,,False
top digital marketing agency in egypt,digital marketing agency,50,,0,,20,commercial,top,False
amazon agency jobs,amazon agency,50,,2.58,LOW,22,navigational,,False
amazon marketing services agency,amazon agency,50,,0,LOW,27,navigational,,False
what temp agency does amazon use,amazon agency,50,,1.29,LOW,12,informational,,True
amazon media agency,amazon agency,50,,18.3,MEDIUM,34,navigational,,False
amazon agency spain,amazon agency,50,,0,,0,navigational,,False
amazon influencer marketing agency,amazon agency,50,,0,LOW,9,commercial,,False
marketing agency amazon,amazon agency,50,,50.42,LOW,35,commercial,,False
brampton seo agency,seo agency,40,,0,LOW,0,commercial,,False
off-page seo agency,seo agency,40,,0,LOW,0,commercial,,False
dubai seo agency,seo agency,40,,0,LOW,51,commercial,,False
european seo agency,seo agency,40,,0,LOW,11,commercial,,False
best seo agency new york,seo agency,40,,31.38,LOW,35,commercial,best,False
sarasota seo agency,seo agency,40,,0,LOW,0,commercial,,False
local seo agency tools,seo agency,40,,0,MEDIUM,13,commercial,,False
aesthetic seo agency,seo agency,40,,0,LOW,22,commercial,,False
seo agency thailand,seo agency,40,,0,LOW,3,commercial,,False
what is the best seo agency,seo agency,40,,32.4,LOW,,commercial,best,True
best seo agency in new york,seo agency,40,,27.38,LOW,36,commercial,best,False
seo ranker agency,seo agency,40,,0,LOW,18,commercial,,False
best seo agency surrey,seo agency,40,,0,,13,commercial,best,False
seo agency eu,seo agency,40,,0,LOW,0,commercial,,False
affordable seo agency india,seo agency,40,,6.97,LOW,16,commercial,affordable,False
data driven seo agency,seo agency,40,,0,LOW,12,commercial,,False
best seo agency in california,seo agency,40,,39.06,LOW,22,commercial,best,False
seo recruitment agency,seo agency,40,,0,LOW,1,commercial,,False
eclipse marketing las vegas seo agency,seo agency,40,,7.22,LOW,5,commercial,,False
cincinnati seo agency,seo agency,40,,16.4,LOW,5,commercial,,False
seo agency in bradford,seo agency,40,,0,LOW,0,commercial,,False
neil patel seo agency,seo agency,40,,0,MEDIUM,50,commercial,,False
local seo services agency,seo agency,40,,0,LOW,18,commercial,,False
seo agency michigan,seo agency,40,,28.2,MEDIUM,17,commercial,,False
seo agency ny,seo agency,40,,0,MEDIUM,22,commercial,,False
leading seo agency,seo agency,40,,0,LOW,19,commercial,leading,False
seo agency bradford,seo agency,40,,0,LOW,0,commercial,,False
seo agency in gold coast,seo agency,40,,0,LOW,59,commercial,,False
seo agency preston,seo agency,40,,0,LOW,0,commercial,,False
what does an seo agency do,seo agency,40,,0,LOW,0,informational,,True
durham seo agency,seo agency,40,,0,LOW,0,commercial,,False
local seo agency usa,seo agency,40,,0,LOW,28,commercial,,False
best mesa seo agency,seo agency,40,,0,LOW,0,commercial,best,False
seo agency canberra,seo agency,40,,0,LOW,0,commercial,,False
organic seo agency london,seo agency,40,,0,LOW,9,commercial,,False
top ecommerce seo agency,seo agency,40,,0,LOW,12,commercial,top,False
seo agency fort lauderdale,seo agency,40,,0,LOW,4,commercial,,False
seo agency bolton,seo agency,40,,0,LOW,9,commercial,,False
eclipse marketing denver seo agency,seo agency,40,,4.96,LOW,3,commercial,,False
choosing an seo agency,seo agency,40,,0,LOW,0,commercial,,False
seo agency indianapolis,seo agency,40,,0,LOW,0,commercial,,False
seo agency st louis,seo agency,40,,38.26,LOW,21,commercial,,False
new york local seo agency,seo agency,40,,12.15,LOW,19,commercial,,False
seo agency durham,seo agency,40,,0,LOW,0,commercial,,False
ecommerce seo agency london,seo agency,40,,0,LOW,0,commercial,,False
seo agency in navi mumbai,seo agency,40,,0,LOW,0,commercial,,False
seo agency lichfield,seo agency,40,,0,LOW,0,commercial,,False
cleaning company seo agency,seo agency,40,,32.16,LOW,0,commercial,,False
seo agency gold coast,seo agency,40,,0,LOW,7,commercial,,False
digital marketing agency for seo,seo agency,40,,0,LOW,61,commercial,,False
small seo agency,seo agency,40,,0,LOW,24,commercial,,False
seo rank agency,seo agency,40,,0,LOW,29,commercial,,False
gym seo agency,seo agency,40,,0,LOW,0,navigational,,False
seo agency in hyderabad,seo agency,40,,0,LOW,3,commercial,,False
local seo agency new york,seo agency,40,,12.15,LOW,21,commercial,,False
seo agency cincinnati,seo agency,40,,0,LOW,9,commercial,,False
seo agency europe,seo agency,40,,0,LOW,0,commercial,,False
seo agency arizona,seo agency,40,,0,LOW,9,commercial,,False
geo seo agency,seo agency,40,,53.91,LOW,,commercial,,False
ct seo agency,seo agency,40,,0,MEDIUM,23,commercial,,False
off page seo agency,seo agency,40,,0,LOW,3,commercial,,False
michigan seo agency,seo agency,40,,28.2,MEDIUM,12,commercial,,False
local seo agency miami,seo agency,40,,0,LOW,0,commercial,,False
seo agency cape town,seo agency,40,,0,LOW,18,commercial,,False
seo marketing agency los angeles,seo agency,40,,0,LOW,18,commercial,,False
bradford seo agency,seo agency,40,,0,LOW,0,commercial,,False
seo keywords for travel agency,seo agency,40,,0,LOW,0,commercial,,False
seo agency rossendale,seo agency,40,,0,LOW,0,commercial,,False
seo and ppc agency london,seo agency,40,,0,LOW,17,commercial,,False
seo agency in fort worth,seo agency,40,,0,LOW,13,commercial,,False
jasper ai and surfer seo,ai seo,40,,0,LOW,19,commercial,,False
future of seo with ai,ai seo,40,,0,MEDIUM,16,commercial,,False
how to do ai seo,ai seo,40,,29.29,LOW,40,informational,,True
ai and machine learning in seo,ai seo,40,,0,LOW,18,commercial,,False
athena seo ai,ai seo,40,,32.19,MEDIUM,20,informational,,False
ai overview google seo,ai seo,40,,0,LOW,21,commercial,,False
what is seo called for ai,ai seo,40,,0,LOW,13,informational,,True
ai seo content writer,ai seo,40,,18.48,LOW,67,commercial,,False
ai optimization vs seo,ai seo,40,,12.4,HIGH,26,commercial,,False
ai seo wordpress,ai seo,40,,0,LOW,43,commercial,,False
what do you call seo for ai,ai seo,40,,17.06,LOW,0,informational,,True
aeo ai seo,ai seo,40,,8.09,MEDIUM,,informational,,False
seo writing ai free,ai seo,40,,22.72,LOW,44,commercial,,False
ai seo statistics,ai seo,40,,0,LOW,48,informational,,False
ai content for seo,ai seo,40,,0,LOW,49,commercial,,False
best ai for seo optimization,ai seo,40,,42.68,HIGH,,commercial,best,False
seo vs ai,ai seo,40,,7.69,MEDIUM,23,commercial,,False
ai overviews and seo,ai seo,40,,0,LOW,20,commercial,,False
generative ai and seo,ai seo,40,,0,LOW,30,commercial,,False
is ai-generated content good for seo,ai seo,40,,0,LOW,34,informational,good,True
wordpress seo ai,ai seo,40,,24.59,LOW,49,commercial,,False
ai seo packages,ai seo,40,,43.04,LOW,4,commercial,,False
copy ai seo title generator,ai seo,40,,0,LOW,17,informational,,False
is ai generated content good for seo,ai seo,40,,0,LOW,34,informational,good,True
free ai tools for seo optimization,ai seo,40,,24.25,LOW,,commercial,,False
seo for ai is called,ai seo,40,,16.89,MEDIUM,14,informational,,False
ai seo name,ai seo,40,,0,LOW,,informational,,False
wp seo ai,ai seo,40,,24.59,LOW,17,commercial,,False
seo ai tools list,ai seo,40,,0,LOW,24,commercial,,False
how ai is changing seo,ai seo,40,,0,MEDIUM,17,informational,,True
can ai do seo,ai seo,40,,0,MEDIUM,35,informational,,True
ai seo automation,ai seo,40,,22.14,LOW,27,commercial,,False
ai driven seo strategies,ai seo,40,,0,LOW,31,commercial,,False
ctrify ai seo tool,ai seo,40,,0,MEDIUM,0,commercial,,False
seo writer ai free,ai seo,40,,22.72,LOW,39,commercial,,False
ai overview and seo,ai seo,40,,0,LOW,19,commercial,,False
ai seo reddit,ai seo,40,,26.18,LOW,13,commercial,,False
jarvis ai seo,ai seo,40,,0,MEDIUM,0,navigational,,False
seo ai detector,ai seo,40,,15.1,MEDIUM,43,commercial,,False
seo and ai content,ai seo,40,,0,LOW,45,commercial,,False
ai-driven seo strategies,ai seo,40,,0,LOW,31,commercial,,False
seo and ai search,ai seo,40,,43.09,HIGH,34,commercial,,False
ai seo blog writer,ai seo,40,,22.49,LOW,66,commercial,,False
how is ai changing seo,ai seo,40,,10.56,LOW,22,informational,,True
seo vs ai optimization,ai seo,40,,10.85,MEDIUM,9,commercial,,False
generative engine optimization best practices,generative engine optimization,40,,8.09,MEDIUM,11,commercial,best,False
generative engine optimization platform,generative engine optimization,40,,0,LOW,,commercial,,False
best answer engine optimization services for ai visibility,answer engine optimization,40,,0,LOW,9,commercial,best,False
ai answer engine optimization,answer engine optimization,40,,0,LOW,17,commercial,,False
best practices for answer engine optimization,answer engine optimization,40,,0,LOW,23,commercial,best,False
web design company template,web design company,40,,8.06,LOW,90,navigational,,False
top web design company calgary,web design company,40,,0,,31,commercial,top,False
best web design company uk,web design company,40,,0,LOW,41,commercial,best,False
utah web design company,web design company,40,,0,LOW,97,commercial,,False
web and logo design company,web design company,40,,55.94,MEDIUM,100,commercial,,False
web design and development company in hyderabad,web design company,40,,0.44,LOW,24,commercial,,False
web design company cardiff,web design company,40,,0,HIGH,85,commercial,,False
web design company greenville sc,web design company,40,,0,LOW,88,commercial,,False
tech company web design,web design company,40,,22.67,LOW,0,commercial,,False
web design company website templates,web design company,40,,8.06,LOW,90,commercial,,False
web design company clearwater fl,web design company,40,,0,LOW,2,commercial,,False
web design company in cardiff,web design company,40,,0,HIGH,79,commercial,,False
web design company business plan,web design company,40,,0,LOW,0,commercial,,False
corporate web design company,web design company,40,,51.29,MEDIUM,70,navigational,,False
web design company logo,web design company,40,,55.94,MEDIUM,28,commercial,,False
web design company in new zealand,web design company,40,,6.93,LOW,86,commercial,,False
website template for web design company,web design company,40,,8.06,LOW,70,navigational,,False
web design company chelmsford,web design company,40,,0,HIGH,0,commercial,,False
top 10 web design company,web design company,40,,0,LOW,36,commercial,top 10,False
clearwater web design company,web design company,40,,0,LOW,1,navigational,,False
best web design company in usa,web design company,40,,17.05,LOW,42,commercial,best,False
web design company louisville,web design company,40,,0,LOW,86,commercial,,False
full service web design company,web design company,40,,0,LOW,79,commercial,,False
web design company in sri lanka,web design company,40,,5.61,MEDIUM,79,commercial,,False
web design company in coventry,web design company,40,,0,MEDIUM,70,commercial,,False
web design company oxford,web design company,40,,0,,27,commercial,,False
web hosting and design company,web design company,40,,90.57,LOW,48,commercial,,False
template for web design company,web design company,40,,8.06,LOW,100,navigational,,False
reno web design company,web design company,40,,0,MEDIUM,26,navigational,,False
web design company fort worth,web design company,40,,0,LOW,12,commercial,,False
best web design development company,web design company,40,,0,LOW,37,commercial,best,False
web design company website template,web design company,40,,8.06,LOW,64,navigational,,False
web design company in nz,web design company,40,,6.93,LOW,87,commercial,,False
arlington web design company,web design company,40,,0,LOW,1,commercial,,False
web design company logos,web design company,40,,55.94,MEDIUM,44,commercial,,False
web design company sri lanka,web design company,40,,5.61,MEDIUM,71,commercial,,False
technology company web design,web design company,40,,22.67,LOW,14,navigational,,False
drupal web design company,web design company,40,,0,LOW,0,commercial,,False
best web design and development company,web design company,40,,0,LOW,56,commercial,best,False
company web design template,web design company,40,,8.06,LOW,58,navigational,,False
web design company hamilton,web design company,40,,0,LOW,100,commercial,,False
web design company templates,web design company,40,,8.06,LOW,55,commercial,,False
corporate web design agency,web design agency,40,,0,HIGH,70,commercial,,False
web design agency thailand,web design agency,40,,0,,82,commercial,,False
web design agency minneapolis,web design agency,40,,10.09,LOW,36,commercial,,False
top rated web design agency,web design agency,40,,18.11,HIGH,9,commercial,top,False
web design agency websites,web design agency,40,,29.84,HIGH,0,commercial,,False
web design agency ukraine,web design agency,40,,0,,27,commercial,,False
best web design agency dallas,web design agency,40,,0,LOW,93,commercial,best,False
squarespace web design agency,web design agency,40,,0,LOW,46,commercial,,False
web design agency west midlands,web design agency,40,,0,,68,commercial,,False
construction web design agency,web design agency,40,,0,LOW,1,navigational,,False
web design agency scotland,web design agency,40,,0,,96,commercial,,False
web design digital agency,web design agency,40,,23.78,LOW,96,commercial,,False
web design agency milwaukee,web design agency,40,,0,LOW,62,commercial,,False
minneapolis web design agency,web design agency,40,,10.09,LOW,100,commercial,,False
design web agency,web design agency,40,,23.78,LOW,81,commercial,,False
web agency web design,web design agency,40,,23.78,LOW,38,commercial,,False
best web design agency websites,web design agency,40,,18.11,HIGH,12,commercial,best,False
boutique web design agency,web design agency,40,,9.34,MEDIUM,21,commercial,,False
plumber web design agency,web design agency,40,,0,LOW,0,navigational,,False
web design agency for small business,web design agency,40,,13.96,LOW,35,commercial,,False
web design agency morocco,web design agency,40,,0,,0,commercial,,False
magento web design agency,web design agency,40,,0,LOW,0,commercial,,False
web design agency for small businesses,web design agency,40,,13.96,LOW,15,commercial,,False
top-rated web design agency,web design agency,40,,18.11,HIGH,36,commercial,,False
nashville web design agency,web design agency,40,,0,LOW,35,commercial,,False
plumbing web design agency,web design agency,40,,0,LOW,0,navigational,,False
web design agency san jose,web design agency,40,,0,LOW,3,commercial,,False
best ecommerce website development company,website development company,40,,0,LOW,38,commercial,best,False
real-estate-website-development-company,website development company,40,,21.28,LOW,30,commercial,,False
escort website development company,website development company,40,,0,LOW,0,commercial,,False
website development company in hyderabad,website development company,40,,0.44,LOW,39,commercial,,False
b2b website development company,website development company,40,,0,LOW,26,commercial,,False
best website design and development company,website development company,40,,0,LOW,59,commercial,best,False
website development company in mumbai,website development company,40,,0.2,LOW,73,commercial,,False
website design and development company in hyderabad,website development company,40,,0.44,LOW,24,commercial,,False
website development company boston,website development company,40,,0,LOW,78,commercial,,False
real estate website development company,website development company,40,,21.28,LOW,48,commercial,,False
top ecommerce development agency,ecommerce agency,40,,0,LOW,12,commercial,top,False
ecommerce automation agency,ecommerce agency,40,,0,LOW,,commercial,,False
ecommerce google ads agency,ecommerce agency,40,,0,LOW,0,commercial,,False
ecommerce branding agency,ecommerce agency,40,,47.15,MEDIUM,31,commercial,,False
ecommerce social media marketing agency,ecommerce agency,40,,0,LOW,21,commercial,,False
best ecommerce marketing agency,ecommerce agency,40,,123.23,LOW,12,commercial,best,False
ecommerce ads agency,ecommerce agency,40,,60.28,HIGH,33,commercial,,False
shopify ecommerce development agency,ecommerce agency,40,,0,LOW,65,navigational,,False
ecommerce brand agency,ecommerce agency,40,,47.15,MEDIUM,16,commercial,,False
ecommerce modeling agency,ecommerce agency,40,,5.72,LOW,14,commercial,,False
shopify plus agency usa,shopify agency,40,,0,LOW,,navigational,,False
shopify theme development agency,shopify agency,40,,0,LOW,22,navigational,,False
domaine shopify agency,shopify agency,40,,0,LOW,13,commercial,,False
shopify agency cambridge,shopify agency,40,,0,,5,commercial,,False
shopify plus agency partner,shopify agency,40,,0,LOW,15,commercial,,False
shopify plus agency partners,shopify agency,40,,0,LOW,19,commercial,,False
hire shopify agency,shopify agency,40,,0,MEDIUM,12,commercial,,False
local shopify development,shopify development,40,,0,LOW,0,navigational,,False
best shopify development companies,shopify development,40,,2.44,LOW,15,commercial,best,False
best shopify development company,shopify development,40,,2.44,LOW,9,commercial,best,False
shopify website development proposal,shopify development,40,,0,,0,navigational,,False
shopify development app,shopify development,40,,17.04,LOW,50,commercial,,False
shopify local development,shopify development,40,,0,LOW,8,navigational,,False
custom shopify app development,shopify development,40,,0,LOW,3,commercial,,False
shopify development documentation,shopify development,40,,0,LOW,16,informational,,False
shopify app development cost,shopify development,40,,0,LOW,0,commercial,,False
shopify development company in usa,shopify development,40,,0,LOW,1,commercial,,False
shopify development companies in usa,shopify development,40,,0,LOW,9,commercial,,False
shopify plus development firm,shopify development,40,,0,LOW,0,navigational,,False
ai automation agency business model,ai agency,40,,14.03,LOW,5,commercial,,False
how to start an ai automation agency,ai agency,40,,25.19,HIGH,2,informational,,True
ai-powered digital marketing agency,ai agency,40,,0,LOW,,commercial,,False
ai agency mastermind,ai agency,40,,28.18,MEDIUM,0,navigational,,False
ai agency meaning,ai agency,40,,0,LOW,52,informational,,False
ai agent development agency,ai agency,40,,16.32,LOW,,navigational,,False
agency ai logo,ai agency,40,,0,LOW,29,navigational,,False
ai powered digital marketing agency,ai agency,40,,0,LOW,,commercial,,False
ai agent development guide,ai agent development,40,,20.06,LOW,41,informational,,False
top ai agent development companies,ai agent development,40,,0,LOW,0,commercial,top,False
ai agent software development,ai agent development,40,,0,LOW,29,commercial,,False
digital marketing agency albuquerque,digital marketing agency,40,,1.1,LOW,13,commercial,,False
irvine digital marketing agency,digital marketing agency,40,,1.64,LOW,16,commercial,,False
best digital marketing agency nyc,digital marketing agency,40,,8.31,MEDIUM,38,commercial,best,False
ds&p digital marketing agency,digital marketing agency,40,,0,LOW,13,commercial,,False
digital marketing agency in edmonton,digital marketing agency,40,,0,LOW,22,commercial,,False
top digital marketing agency near me,digital marketing agency,40,,8.33,LOW,26,commercial,top,False
best digital marketing agency in florida,digital marketing agency,40,,0,LOW,58,commercial,best,False
digital marketing agency course,digital marketing agency,40,,2.85,MEDIUM,16,commercial,,False
restaurant digital marketing agency,digital marketing agency,40,,21.39,MEDIUM,10,commercial,,False
search engine marketing digital agency,digital marketing agency,40,,0,LOW,28,commercial,,False
digital marketing agency jersey,digital marketing agency,40,,0,LOW,87,commercial,,False
power digital marketing agency,digital marketing agency,40,,9.26,LOW,27,commercial,,False
digital marketing agency in los angeles ca,digital marketing agency,40,,2.52,MEDIUM,35,commercial,,False
digital marketing agency in the philippines,digital marketing agency,40,,18.63,LOW,24,commercial,,False
leeds digital marketing agency,digital marketing agency,40,,0,LOW,38,commercial,,False
digital marketing agency irvine,digital marketing agency,40,,1.64,LOW,24,commercial,,False
digital marketing agency lancaster pa,digital marketing agency,40,,12.67,LOW,66,commercial,,False
digital marketing agency coalition,digital marketing agency,40,,2.65,MEDIUM,11,commercial,,False
digital marketing agency shropshire,digital marketing agency,40,,0,,69,commercial,,False
digital marketing agency kolkata,digital marketing agency,40,,1.11,LOW,80,commercial,,False
advantages of digital marketing agency,digital marketing agency,40,,0,,0,commercial,,False
digital marketing agency leeds,digital marketing agency,40,,0,LOW,47,commercial,,False
pillar digital marketing agency,digital marketing agency,40,,0,LOW,10,commercial,,False
digital marketing agency in south africa,digital marketing agency,40,,0,LOW,49,commercial,,False
digital marketing agency niche,digital marketing agency,40,,0,LOW,2,commercial,,False
digital marketing agency ad,digital marketing agency,40,,0,LOW,46,commercial,,False
edmonton digital marketing agency,digital marketing agency,40,,0,LOW,5,commercial,,False
best digital marketing agency in uk,digital marketing agency,40,,6.63,HIGH,45,commercial,best,False
magnetic north digital marketing agency,digital marketing agency,40,,0,LOW,52,commercial,,False
a full service digital marketing agency,digital marketing agency,40,,0,LOW,39,commercial,,False
philippines digital marketing agency,digital marketing agency,40,,18.63,LOW,32,commercial,,False
digital marketing agency ads,digital marketing agency,40,,0,LOW,37,commercial,,False
digital marketing agency in malaysia,digital marketing agency,40,,0,LOW,11,commercial,,False
top digital marketing agency in mumbai,digital marketing agency,40,,0,LOW,16,commercial,top,False
interstellar digital pr & marketing agency in miami,digital marketing agency,40,,0,LOW,,commercial,,False
naples digital marketing agency,digital marketing agency,40,,0,LOW,25,commercial,,False
digital marketing agency in kolkata,digital marketing agency,40,,1.11,LOW,67,commercial,,False
digital marketing agency nearby,digital marketing agency,40,,15.52,LOW,21,commercial,,False
digital marketing agency lahore,digital marketing agency,40,,7.05,LOW,22,commercial,,False
best healthcare digital marketing agency,digital marketing agency,40,,0,LOW,58,commercial,best,False
digital marketing agency wilmington nc,digital marketing agency,40,,2.86,LOW,90,commercial,,False
digital marketing agency philippines,digital marketing agency,40,,18.63,LOW,22,commercial,,False
tulsa digital marketing agency,digital marketing agency,40,,0,LOW,19,commercial,,False
best crm for digital marketing agency,digital marketing agency,40,,71.12,LOW,6,commercial,best,False
largest digital marketing agency,digital marketing agency,40,,20.35,MEDIUM,31,commercial,largest,False
digital marketing agency in leeds,digital marketing agency,40,,0,LOW,58,commercial,,False
digital marketing agency in philippines,digital marketing agency,40,,18.63,LOW,29,commercial,,False
next level digital marketing agency,digital marketing agency,40,,0,LOW,30,commercial,,False
digital marketing agency edmonton,digital marketing agency,40,,0,LOW,7,commercial,,False
professional digital marketing agency,digital marketing agency,40,,0,LOW,74,commercial,,False
benefits of digital marketing agency,digital marketing agency,40,,0,LOW,0,commercial,,False
digital marketing agency top 100,digital marketing agency,40,,0,MEDIUM,25,commercial,top,False
best digital marketing agency new york,digital marketing agency,40,,8.31,MEDIUM,17,commercial,best,False
hometown digital marketing agency,digital marketing agency,40,,0,LOW,14,commercial,,False
top digital marketing agency mumbai,digital marketing agency,40,,0,LOW,9,commercial,top,False
b2c digital marketing agency,digital marketing agency,40,,0,LOW,0,commercial,,False
roofing digital marketing agency,digital marketing agency,40,,50.02,MEDIUM,16,commercial,,False
albuquerque digital marketing agency,digital marketing agency,40,,1.1,LOW,9,commercial,,False
senior living digital marketing agency,digital marketing agency,40,,0,LOW,6,commercial,,False
fort myers digital marketing agency,digital marketing agency,40,,0,MEDIUM,0,commercial,,False
digital marketing agency courses,digital marketing agency,40,,2.85,MEDIUM,58,commercial,,False
digital marketing agency near,digital marketing agency,40,,15.52,LOW,9,commercial,,False
digital marketing agency in lahore,digital marketing agency,40,,0,LOW,20,commercial,,False
digital strategy marketing agency,digital marketing agency,40,,0,LOW,67,commercial,,False
digital marketing agency website template,digital marketing agency,40,,10.01,HIGH,0,commercial,,False
best digital marketing agency uk,digital marketing agency,40,,6.63,HIGH,32,commercial,best,False
digital marketing agency logos,digital marketing agency,40,,0,LOW,0,commercial,,False
digital marketing agency south africa,digital marketing agency,40,,0,LOW,41,commercial,,False
us digital marketing agency,digital marketing agency,40,,20,LOW,55,commercial,,False
digital marketing agency logo,digital marketing agency,40,,0,LOW,0,commercial,,False
multifamily digital marketing agency,digital marketing agency,40,,54.93,LOW,10,commercial,,False
boise digital marketing agency,digital marketing agency,40,,0,LOW,12,commercial,,False
digital marketing agency advertising,digital marketing agency,40,,0,LOW,86,commercial,,False
biotech digital marketing agency,digital marketing agency,40,,0,LOW,20,commercial,,False
digital marketing agency the woodlands,digital marketing agency,40,,0,LOW,27,commercial,,False
digital marketing agency malaysia,digital marketing agency,40,,0,LOW,9,commercial,,False
digital marketing agency niches,digital marketing agency,40,,0,LOW,3,commercial,,False
digital marketing agency advertisements,digital marketing agency,40,,0,LOW,52,commercial,,False
veterinary digital marketing agency,digital marketing agency,40,,0,LOW,55,commercial,,False
digital marketing agency ph,digital marketing agency,40,,18.63,LOW,59,commercial,,False
malaysia digital marketing agency,digital marketing agency,40,,0,LOW,8,commercial,,False
amazon ppc ads agency,amazon agency,40,,42.22,LOW,40,navigational,,False
amazon growth agency,amazon agency,40,,48.17,MEDIUM,,navigational,,False
amazon marketing agency uk,amazon agency,40,,0,LOW,32,commercial,,False
best amazon ppc management agency,amazon agency,40,,0,LOW,0,commercial,best,False
amazon ppc advertising agency,amazon agency,40,,42.22,LOW,1,commercial,,False
amazon ads management agency,amazon agency,40,,0,LOW,4,commercial,,False
recruitment agency for amazon,amazon agency,40,,9.92,LOW,13,navigational,,False
amazon hiring agency,amazon agency,40,,9.92,LOW,33,navigational,,False
amazon listing optimization agency,amazon agency,40,,46.61,LOW,0,navigational,,False
best amazon advertising agency,amazon agency,40,,398.41,LOW,14,commercial,best,False
amazon agency partners,amazon agency,40,,88.8,HIGH,6,navigational,,False
best amazon ads agency,amazon agency,40,,398.41,LOW,15,commercial,best,False
best amazon marketing agency,amazon agency,40,,0,LOW,37,commercial,best,False
crush amazon agency,amazon agency,40,,39.07,MEDIUM,0,navigational,,False
amazon agency partner,amazon agency,40,,88.8,HIGH,38,navigational,,False
higher education seo agency,seo agency,30,,0,LOW,0,commercial,,False
multilingual seo agency london,seo agency,30,,0,LOW,0,commercial,,False
reddit seo agency,seo agency,30,,20.23,MEDIUM,0,commercial,,False
seo agency company,seo agency,30,,0,LOW,29,commercial,,False
seo agency in wakefield,seo agency,30,,0,LOW,0,commercial,,False
fort worth seo agency,seo agency,30,,0,LOW,11,commercial,,False
seo agency scotland,seo agency,30,,0,LOW,0,commercial,,False
what to look for in an seo agency,seo agency,30,,12.24,LOW,1,informational,,True
seo agency in london uk,seo agency,30,,0,LOW,42,commercial,,False
hampshire seo agency,seo agency,30,,0,LOW,0,commercial,,False
top seo agency philippines,seo agency,30,,0,LOW,15,commercial,top,False
seo agency in ukraine,seo agency,30,,0,HIGH,0,commercial,,False
seo agency manila,seo agency,30,,0,HIGH,12,commercial,,False
web3 seo agency,seo agency,30,,0,LOW,0,commercial,,False
seo company marketing agency,seo agency,30,,0,LOW,51,commercial,,False
seo agency blog,seo agency,30,,0,LOW,4,commercial,,False
seo agency colorado springs,seo agency,30,,0,LOW,48,commercial,,False
seo agency virginia beach,seo agency,30,,0,LOW,0,commercial,,False
localfi: seo digital marketing agency,seo agency,30,,0,LOW,14,commercial,,False
seo ppc agency london,seo agency,30,,0,LOW,18,commercial,,False
seo agency macclesfield,seo agency,30,,0,LOW,0,commercial,,False
christchurch seo agency,seo agency,30,,0,LOW,4,commercial,,False
fort myers seo agency,seo agency,30,,0,LOW,0,commercial,,False
graphite seo agency,seo agency,30,,7.05,LOW,,commercial,,False
seo agency packages,seo agency,30,,0,MEDIUM,0,commercial,,False
seo agency christchurch,seo agency,30,,0,LOW,4,commercial,,False
elite seo agency,seo agency,30,,0,LOW,10,commercial,,False
how much does an seo agency cost,seo agency,30,,8.85,MEDIUM,32,commercial,,True
seo search marketing agency,seo agency,30,,0,LOW,39,commercial,,False
technical seo agency london,seo agency,30,,0,LOW,26,commercial,,False
seo agency in nj,seo agency,30,,0,HIGH,10,commercial,,False
jh seo agency los angeles seo consultant,seo agency,30,,0,,48,navigational,,False
home services seo agency,seo agency,30,,33.62,LOW,,commercial,,False
seo agency hampshire,seo agency,30,,0,LOW,0,commercial,,False
best seo agency in montreal,seo agency,30,,0,LOW,6,commercial,best,False
ohio seo agency,seo agency,30,,0,LOW,1,commercial,,False
seo agency wirral,seo agency,30,,0,LOW,11,commercial,,False
seo agency ohio,seo agency,30,,0,LOW,1,commercial,,False
denver seo marketing agency,seo agency,30,,0,LOW,25,commercial,,False
tulsa seo agency,seo agency,30,,6.63,LOW,14,commercial,,False
seo agency des moines,seo agency,30,,0,LOW,10,commercial,,False
seo agency barnsley,seo agency,30,,0,LOW,0,commercial,,False
seo agency jobs,seo agency,30,,0,LOW,6,informational,,False
questions to ask an seo agency,seo agency,30,,3.16,LOW,0,informational,,False
seo agency of the year,seo agency,30,,0,LOW,0,commercial,,False
best shopify seo agency,seo agency,30,,0,LOW,0,commercial,best,False
questions to ask seo agency,seo agency,30,,3.16,LOW,0,informational,,False
seo agency in multan,seo agency,30,,0,,6,commercial,,False
best seo service agency,seo agency,30,,0,LOW,,commercial,best,False
best seo agency for saas companies,seo agency,30,,0,LOW,0,commercial,best,False
seo agency wakefield,seo agency,30,,0,LOW,0,commercial,,False
international seo agency london,seo agency,30,,0,LOW,4,commercial,,False
localfi seo digital marketing agency,seo agency,30,,0,LOW,12,commercial,,False
ecommerce seo agency usa,seo agency,30,,0,LOW,,commercial,,False
white label seo agency india,seo agency,30,,64.2,LOW,4,commercial,,False
best seo agency atlanta,seo agency,30,,0,LOW,34,commercial,best,False
seo agency stockholm,seo agency,30,,0,LOW,0,commercial,,False
affordable seo agency london,seo agency,30,,0,LOW,0,commercial,affordable,False
seo agency fort myers,seo agency,30,,0,LOW,2,commercial,,False
jh seo agency,seo agency,30,,0,LOW,21,commercial,,False
seo agency primelis,seo agency,30,,0,LOW,0,commercial,,False
seo agency in phoenix,seo agency,30,,0,LOW,19,commercial,,False
seo marketing agency india,seo agency,30,,0,LOW,67,commercial,,False
seo marketing agency in india,seo agency,30,,0,LOW,52,commercial,,False
seo marketing agency uk,seo agency,30,,0,LOW,42,commercial,,False
agency seo dashboard,seo agency,30,,0,LOW,13,commercial,,False
seo agency for shopify,seo agency,30,,0,LOW,21,commercial,,False
arlington seo agency,seo agency,30,,0,LOW,0,commercial,,False
seo agency phoenix az,seo agency,30,,0,LOW,41,commercial,,False
seo agency in hampshire,seo agency,30,,0,LOW,0,commercial,,False
seo agency shoreditch,seo agency,30,,0,LOW,0,commercial,,False
pharma seo agency,seo agency,30,,0,LOW,0,commercial,,False
drupal seo agency,seo agency,30,,0,LOW,6,commercial,,False
seo agency east london,seo agency,30,,0,LOW,0,commercial,,False
seo uk agency,seo agency,30,,0,LOW,42,commercial,,False
programmatic seo agency,seo agency,30,,0,LOW,0,commercial,,False
best seo agency for startups,seo agency,30,,0,LOW,0,commercial,best,False
seo agency lancashire,seo agency,30,,0,LOW,0,commercial,,False
seo agency hobart,seo agency,30,,0,LOW,0,commercial,,False
best seo agency in toronto,seo agency,30,,0,LOW,27,commercial,best,False
seo agency boulder,seo agency,30,,0,LOW,5,commercial,,False
seo agency madison,seo agency,30,,0,LOW,1,commercial,,False
top seo agency near me,seo agency,30,,0,LOW,32,commercial,top,False
pest control seo agency,seo agency,30,,0,LOW,14,commercial,,False
reno seo agency,seo agency,30,,0,LOW,12,commercial,,False
seo agency chandigarh,seo agency,30,,0,LOW,8,commercial,,False
seo agency for higher education,seo agency,30,,83.72,LOW,0,commercial,,False
seo agency guildford,seo agency,30,,0,LOW,16,commercial,,False
seo agency worthing,seo agency,30,,0,LOW,0,commercial,,False
seo agency mesa az,seo agency,30,,0,LOW,0,commercial,,False
ecommerce seo agency uk,seo agency,30,,0,LOW,3,commercial,,False
seo agency in philadelphia,seo agency,30,,0,LOW,25,commercial,,False
seo agency penang,seo agency,30,,0,,23,commercial,,False
seo services for travel agency,seo agency,30,,51.95,LOW,0,commercial,,False
best seo agency in houston,seo agency,30,,0,LOW,34,commercial,best,False
local seo marketing agency near me,seo agency,30,,0,,46,commercial,,False
seo agency poland,seo agency,30,,0,LOW,1,commercial,,False
seo agency devon,seo agency,30,,0,LOW,0,commercial,,False
best seo agency in kolkata,seo agency,30,,0,,,commercial,best,False
seo agency white label,seo agency,30,,0,LOW,17,commercial,,False
best seo agency in,seo agency,30,,0,LOW,25,commercial,best,False
seo bot ai,ai seo,30,,14.93,HIGH,18,informational,,False
seo ai reviews,ai seo,30,,36.88,MEDIUM,4,commercial,,False
nightowl ai seo agent,ai seo,30,,0,LOW,6,transactional,,False
otto ai seo,ai seo,30,,11.59,MEDIUM,18,informational,,False
seo ai free tool,ai seo,30,,18.91,LOW,28,commercial,,False
ai and seo strategy,ai seo,30,,18.13,LOW,,commercial,,False
blog seo ai,ai seo,30,,20.99,LOW,40,commercial,,False
what is the equivalent of seo for ai,ai seo,30,,7.45,MEDIUM,,informational,,True
how does ai impact seo,ai seo,30,,8.12,LOW,47,informational,,True
seo in ai,ai seo,30,,48.25,HIGH,46,informational,,False
google ai mode seo,ai seo,30,,0,LOW,,informational,,False
is seo dead with ai,ai seo,30,,27.3,LOW,19,informational,,True
google seo ai,ai seo,30,,50.67,MEDIUM,81,commercial,,False
ai-generated content for seo,ai seo,30,,0,LOW,27,commercial,,False
ai seo ranking,ai seo,30,,33.2,MEDIUM,55,commercial,,False
ai seo solutions,ai seo,30,,0,LOW,,commercial,,False
seo com's ai overview checker,ai seo,30,,0,LOW,21,navigational,,False
is ai content bad for seo,ai seo,30,,9.78,LOW,26,informational,,True
seo com ai overview checker,ai seo,30,,0,LOW,,navigational,,False
ai generated content for seo,ai seo,30,,0,LOW,35,commercial,,False
seo ai free tools,ai seo,30,,18.91,LOW,28,commercial,,False
seo ai review,ai seo,30,,36.88,MEDIUM,5,commercial,,False
seo writing ai review,ai seo,30,,4.17,LOW,18,commercial,,False
how to optimize seo for ai,ai seo,30,,10.67,MEDIUM,28,informational,,True
cluster ai seo,ai seo,30,,0,,5,commercial,,False
squarespace ai seo,ai seo,30,,0,HIGH,19,commercial,,False
small seo tool ai detector,ai seo,30,,1.96,LOW,33,commercial,,False
ai powered seo strategy,ai seo,30,,0,LOW,40,commercial,,False
ai seo guide,ai seo,30,,0,HIGH,41,informational,,False
best ai writing tools for seo,ai seo,30,,0,LOW,,commercial,best,False
local seo ai,ai seo,30,,32.14,MEDIUM,19,commercial,,False
how to use ai in seo,ai seo,30,,0,LOW,36,informational,,True
seo and ai optimization,ai seo,30,,42.92,HIGH,,commercial,,False
generative ai in seo,ai seo,30,,0,LOW,33,commercial,,False
will seo be replaced by ai,ai seo,30,,0,LOW,3,informational,,True
is ai content good for seo,ai seo,30,,0,LOW,35,informational,good,True
ai seo keyword research,ai seo,30,,0,LOW,54,commercial,,False
impact of ai on seo,ai seo,30,,0,LOW,24,commercial,,False
ai seo vs traditional seo,ai seo,30,,3.51,LOW,,commercial,,False
small seo tools ai detector,ai seo,30,,1.96,LOW,18,commercial,,False
generative ai seo optimization,ai seo,30,,0,LOW,53,commercial,,False
ai seo training,ai seo,30,,6.8,LOW,,commercial,,False
what elements are foundational for seo with ai,ai seo,30,,0,LOW,0,informational,,True
best ai seo writer,ai seo,30,,0,LOW,40,commercial,best,False
seo surfer ai humanizer,ai seo,30,,0,LOW,20,commercial,,False
generative engine optimization how to dominate ai search,generative engine optimization,30,,28.78,MEDIUM,,commercial,,False
generative engine optimization: how to dominate ai search,generative engine optimization,30,,28.78,MEDIUM,,commercial,,False
generative engine optimization tutorial,generative engine optimization,30,,0,LOW,,commercial,,False
compare top generative engine optimization platforms for ai visibility,generative engine optimization,30,,0,LOW,0,commercial,top,False
generative engine optimization certification,generative engine optimization,30,,15.69,HIGH,4,commercial,,False
answer engine optimization course,answer engine optimization,30,,11.02,MEDIUM,15,informational,,False
answer engine optimization examples,answer engine optimization,30,,15.64,LOW,,informational,,False
web design company mauritius,web design company,30,,0,,22,commercial,,False
web design company in malaysia,web design company,30,,0,LOW,55,commercial,,False
web design company in mumbai,web design company,30,,0,HIGH,49,commercial,,False
arizona web design company,web design company,30,,0,LOW,46,commercial,,False
web design company in mauritius,web design company,30,,0,,16,commercial,,False
web design company abu dhabi,web design company,30,,0,,17,commercial,,False
best web design company dubai,web design company,30,,0,LOW,,commercial,best,False
web design company slogans,web design company,30,,0,LOW,0,commercial,,False
web design company in rockville,web design company,30,,0,LOW,0,commercial,,False
best web design company ny,web design company,30,,0,LOW,33,commercial,best,False
business web design company,web design company,30,,0,LOW,70,commercial,,False
web design company in glasgow,web design company,30,,0,LOW,53,commercial,,False
mumbai web design company,web design company,30,,0,LOW,91,commercial,,False
best web design company in dubai,web design company,30,,0,LOW,,commercial,best,False
web design company in arizona,web design company,30,,0,LOW,79,commercial,,False
keywords for web design company,web design company,30,,0,LOW,0,commercial,,False
web design company in kuwait,web design company,30,,0,LOW,34,commercial,,False
web design company auckland,web design company,30,,0,,87,commercial,,False
boulder web design company,web design company,30,,0,LOW,82,commercial,,False
web design company albuquerque,web design company,30,,0,LOW,17,commercial,,False
web design and seo company limited,web design company,30,,0,LOW,8,commercial,,False
best web design company nyc,web design company,30,,0,LOW,22,commercial,best,False
knoxville web design company,web design company,30,,0,LOW,32,commercial,,False
web design company mumbai,web design company,30,,0,LOW,82,commercial,,False
best ecommerce web design company,web design company,30,,0,MEDIUM,0,commercial,best,False
the best web design company,web design company,30,,23.81,LOW,23,commercial,best,False
web design company raleigh nc,web design company,30,,58.91,LOW,43,commercial,,False
madison web design company,web design company,30,,0,LOW,45,commercial,,False
ecommerce web design company in dubai,web design company,30,,0,LOW,,commercial,,False
web design company in sydney,web design company,30,,8.58,MEDIUM,88,commercial,,False
best web design for construction company,web design company,30,,12.25,HIGH,0,commercial,best,False
web design company columbus,web design company,30,,8.22,LOW,65,commercial,,False
best web design company in the world,web design company,30,,26.82,LOW,18,commercial,best,False
moving company web design services,web design company,30,,0,,0,commercial,,False
best web design company canada,web design company,30,,0,LOW,79,commercial,best,False
best web design company new york,web design company,30,,0,LOW,22,commercial,best,False
web design company austin tx,web design company,30,,0,LOW,82,commercial,,False
web design company san jose,web design company,30,,0,LOW,11,commercial,,False
best keywords for web design company,web design company,30,,0,LOW,0,commercial,best,False
web design and development company in mumbai,web design company,30,,0,LOW,80,commercial,,False
web design company slogan,web design company,30,,0,LOW,0,commercial,,False
albuquerque web design company,web design company,30,,0,LOW,25,commercial,,False
malaysia web design company,web design company,30,,0,LOW,29,commercial,,False
best web design company in canada,web design company,30,,0,LOW,27,commercial,best,False
top web design company in new york,web design company,30,,0,LOW,22,commercial,top,False
west palm beach web design company,web design company,30,,15.81,LOW,0,commercial,,False
web design company kenya,web design company,30,,18.16,LOW,46,commercial,,False
web design company malaysia,web design company,30,,0,LOW,29,commercial,,False
akron web design company,web design company,30,,0,LOW,21,commercial,,False
web design agency baltimore,web design agency,30,,0,LOW,22,commercial,,False
woocommerce web design agency,web design agency,30,,0,LOW,7,commercial,,False
web design agency price,web design agency,30,,0,LOW,0,commercial,,False
web design agency in sydney,web design agency,30,,8.58,MEDIUM,88,commercial,,False
bespoke web design agency,web design agency,30,,0,LOW,13,commercial,,False
web design agency melbourne,web design agency,30,,0,LOW,89,commercial,,False
cincinnati web design agency,web design agency,30,,0,LOW,35,commercial,,False
bigcommerce web design agency,web design agency,30,,0,LOW,35,commercial,,False
web design agency in singapore,web design agency,30,,0.15,LOW,40,commercial,,False
med spa web design agency,web design agency,30,,29.19,MEDIUM,0,commercial,,False
interactive web design agency,web design agency,30,,7.39,HIGH,55,commercial,,False
web design agency singapore,web design agency,30,,0.15,LOW,70,commercial,,False
web design agency oxford,web design agency,30,,0,LOW,37,commercial,,False
arizona web design agency,web design agency,30,,0,LOW,,commercial,,False
web design agency sydney,web design agency,30,,8.58,MEDIUM,83,commercial,,False
web design agency pricing,web design agency,30,,0,LOW,0,commercial,,False
web design agency cincinnati,web design agency,30,,0,LOW,33,commercial,,False
electrician web design agency,web design agency,30,,0,LOW,0,commercial,,False
web design agency in melbourne,web design agency,30,,0,LOW,100,commercial,,False
digital marketing agency web design,web design agency,30,,4.32,LOW,65,commercial,,False
singapore web design agency,web design agency,30,,0.15,LOW,42,commercial,,False
web design agency richmond,web design agency,30,,0,LOW,78,commercial,,False
enterprise web design agency,web design agency,30,,3.56,MEDIUM,3,commercial,,False
new jersey web design agency,web design agency,30,,0,LOW,19,commercial,,False
web design agency inspiration,web design agency,30,,5.49,MEDIUM,6,commercial,,False
ai web design agency,web design agency,30,,19.33,MEDIUM,,commercial,,False
melbourne web design agency,web design agency,30,,0,LOW,100,commercial,,False
web design agency new jersey,web design agency,30,,0,LOW,36,commercial,,False
web design agency malaysia,web design agency,30,,0,LOW,54,commercial,,False
cannabis web design agency,web design agency,30,,0,LOW,19,commercial,,False
web development and design agency,web design agency,30,,0,LOW,39,commercial,,False
wordpress web design agency london,web design agency,30,,0,LOW,87,commercial,,False
indianapolis web design agency,web design agency,30,,0,LOW,87,commercial,,False
nj web design agency,web design agency,30,,0,LOW,37,commercial,,False
web design agency raleigh,web design agency,30,,0,MEDIUM,81,commercial,,False
web design agency website inspiration,web design agency,30,,5.49,MEDIUM,2,commercial,,False
biotech web design agency,web design agency,30,,0,HIGH,8,commercial,,False
oxford web design agency,web design agency,30,,0,LOW,48,commercial,,False
raleigh web design agency,web design agency,30,,0,MEDIUM,43,commercial,,False
cleveland web design agency,web design agency,30,,0,LOW,11,commercial,,False
baltimore web design agency,web design agency,30,,0,LOW,24,commercial,,False
web development company website,website development company,30,,198.58,LOW,70,navigational,,False
best website development company usa,website development company,30,,0,LOW,29,commercial,best,False
website design and development company in mumbai,website development company,30,,0,LOW,32,commercial,,False
how to start website development company,website development company,30,,12.85,LOW,0,informational,,True
website development company in islamabad,website development company,30,,0,LOW,24,commercial,,False
wordpress website development company india,website development company,30,,0,LOW,29,commercial,,False
website development and digital marketing company,website development company,30,,10.16,LOW,100,commercial,,False
wordpress website development company in india,website development company,30,,0,LOW,11,commercial,,False
crypto exchange website development company,website development company,30,,0,LOW,15,commercial,,False
custom ecommerce website development company,website development company,30,,0,LOW,27,commercial,,False
website development company in ahmedabad,website development company,30,,0,MEDIUM,37,commercial,,False
digital marketing and website development company,website development company,30,,0,LOW,100,commercial,,False
website development company in auckland,website development company,30,,0,,52,commercial,,False
website development company mumbai,website development company,30,,0,LOW,32,commercial,,False
top website development company in usa,website development company,30,,15.87,LOW,15,commercial,top,False
website development company auckland,website development company,30,,0,,73,commercial,,False
best website development company in world,website development company,30,,0,LOW,30,commercial,best,False
joomla website development company,website development company,30,,0,LOW,29,navigational,,False
ecommerce marketing agency los angeles,ecommerce agency,30,,0,,4,commercial,,False
social media marketing agency for ecommerce,ecommerce agency,30,,39.75,LOW,14,commercial,,False
marketing agency for ecommerce,ecommerce agency,30,,62.38,MEDIUM,13,commercial,,False
ecommerce facebook ad agency,ecommerce agency,30,,0,LOW,0,commercial,,False
ecommerce agency leeds,ecommerce agency,30,,0,,24,commercial,,False
ecommerce facebook ads agency,ecommerce agency,30,,0,LOW,11,commercial,,False
wordpress ecommerce development company,ecommerce development company,30,,0,LOW,36,commercial,,False
ecommerce development company in new york,ecommerce development company,30,,0,,0,commercial,,False
ecommerce portal development company,ecommerce development company,30,,0,LOW,27,commercial,,False
shopify automation agency,shopify agency,30,,0,LOW,0,navigational,,False
shopify digital marketing agency,shopify agency,30,,0,LOW,0,commercial,,False
shopify ads agency,shopify agency,30,,43.57,LOW,0,commercial,,False
shopify plus partner agency,shopify agency,30,,0,LOW,20,navigational,,False
shopify advertising agency,shopify agency,30,,43.57,LOW,9,commercial,,False
shopify agency new york,shopify agency,30,,0,LOW,0,navigational,,False
shopify agency uk,shopify agency,30,,70.63,LOW,43,navigational,,False
shopify ad agency,shopify agency,30,,43.57,LOW,0,commercial,,False
shopify theme development course,shopify development,30,,2.73,LOW,0,informational,,False
shopify development site,shopify development,30,,0,LOW,30,navigational,,False
shopify plus development experts,shopify development,30,,4.89,LOW,5,navigational,,False
shopify plus web development,shopify development,30,,54.91,LOW,5,commercial,,False
shopify cli for theme development,shopify development,30,,0,LOW,15,commercial,,False
shopify app development tools,shopify development,30,,0,LOW,,commercial,,False
shopify website development cost,shopify development,30,,0,LOW,14,commercial,,False
headless shopify development,shopify development,30,,0,LOW,7,navigational,,False
ai automation agency pricing,ai agency,30,,9.83,LOW,,commercial,,False
the instant ai agency reviews,ai agency,30,,0,LOW,0,informational,,False
ai video production agency,ai agency,30,,30.4,LOW,,commercial,,False
automation ai agency,ai agency,30,,19.47,MEDIUM,46,navigational,,False
best ai marketing agency,ai agency,30,,30.36,LOW,,commercial,best,False
ai influencer marketing agency,ai agency,30,,17.58,MEDIUM,57,commercial,,False
ai agency white label,ai agency,30,,27.96,HIGH,,commercial,,False
ai automation agency course,ai agency,30,,40.34,HIGH,0,navigational,,False
agency meaning in ai,ai agency,30,,350.2,LOW,,informational,,False
genius agency ai,ai agency,30,,28.1,LOW,,commercial,,False
ai automation agency business,ai agency,30,,0,LOW,,commercial,,False
ai implementation agency,ai agency,30,,32.25,MEDIUM,13,navigational,,False
ads agency ai,ai agency,30,,35.51,MEDIUM,54,commercial,,False
ad agency ai,ai agency,30,,35.51,MEDIUM,54,commercial,,False
ai automation agency courses,ai agency,30,,40.34,HIGH,,navigational,,False
ai agency website template,ai agency,30,,0,HIGH,,commercial,,False
ai website design agency,ai agency,30,,19.33,MEDIUM,,commercial,,False
top ai automation agency,ai agency,30,,6.4,LOW,,commercial,top,False
ai agency logo,ai agency,30,,0,LOW,29,commercial,,False
start your ai agency,ai agency,30,,0,,4,transactional,,False
ai agency logos,ai agency,30,,0,LOW,29,commercial,,False
ai agency masterclass,ai agency,30,,13.91,MEDIUM,24,commercial,,False
insurance agency ai,ai agency,30,,39.96,HIGH,20,navigational,,False
invisible agency ai,ai agency,30,,0,LOW,45,navigational,,False
starting an ai agency,ai agency,30,,9.27,MEDIUM,0,transactional,,False
start an ai agency,ai agency,30,,9.27,MEDIUM,0,informational,,False
ai and agency,ai agency,30,,22.27,MEDIUM,,informational,,False
ai integration agency,ai agency,30,,21.13,LOW,78,navigational,,False
ai king insurance agency,ai agency,30,,0,LOW,,navigational,,False
ai arbitrage agency cost,ai agency,30,,5.32,MEDIUM,,commercial,,False
digital marketing agency oxford,digital marketing agency,30,,0,LOW,17,commercial,,False
digital marketing agency companies,digital marketing agency,30,,36.37,LOW,65,commercial,,False
south florida digital marketing agency,digital marketing agency,30,,16.21,LOW,37,commercial,,False
top digital marketing agency in the world,digital marketing agency,30,,0,LOW,41,commercial,top,False
digital marketing agency alexandria,digital marketing agency,30,,0,LOW,2,commercial,,False
life science digital marketing agency,digital marketing agency,30,,0,MEDIUM,9,commercial,,False
digital marketing agency dental,digital marketing agency,30,,0,LOW,39,commercial,,False
digital marketing agency for small companies,digital marketing agency,30,,0,LOW,23,commercial,,False
best digital marketing agency dubai,digital marketing agency,30,,0,LOW,22,commercial,best,False
click catalyst digital marketing agency,digital marketing agency,30,,0,LOW,0,commercial,,False
best digital marketing agency in bangalore,digital marketing agency,30,,0,LOW,59,commercial,best,False
digital marketing agency rochester ny,digital marketing agency,30,,0,LOW,49,commercial,,False
digital marketing agency in oxford,digital marketing agency,30,,0,LOW,7,commercial,,False
digital marketing and design agency,digital marketing agency,30,,23.13,LOW,76,commercial,,False
oxford digital marketing agency,digital marketing agency,30,,0,LOW,5,commercial,,False
strategic digital marketing agency,digital marketing agency,30,,0,LOW,43,commercial,,False
digital marketing agency project management software,digital marketing agency,30,,0,LOW,11,commercial,,False
digital marketing agency blogs,digital marketing agency,30,,0,MEDIUM,13,commercial,,False
digital marketing agency chattanooga,digital marketing agency,30,,3.64,MEDIUM,32,commercial,,False
best digital marketing agency chicago,digital marketing agency,30,,0,LOW,41,commercial,best,False
digital marketing agency in cincinnati,digital marketing agency,30,,0,LOW,11,commercial,,False
digital marketing agency video,digital marketing agency,30,,0,LOW,0,commercial,,False
white label digital marketing agency philippines,digital marketing agency,30,,0,,0,commercial,,False
2nd line digital marketing agency,digital marketing agency,30,,0,LOW,,commercial,,False
digital marketing agency career,digital marketing agency,30,,1.31,LOW,24,commercial,,False
integrated digital marketing agency,digital marketing agency,30,,0,LOW,0,commercial,,False
how to grow a digital marketing agency,digital marketing agency,30,,0,LOW,0,commercial,,True
digital marketing agency naples fl,digital marketing agency,30,,0,LOW,64,commercial,,False
best digital marketing agency in hyd,digital marketing agency,30,,0,MEDIUM,37,commercial,best,False
chiropractic digital marketing agency,digital marketing agency,30,,19.33,LOW,9,commercial,,False
financial digital marketing agency,digital marketing agency,30,,24.99,LOW,26,commercial,,False
stanton street digital marketing agency,digital marketing agency,30,,0,LOW,13,commercial,,False
digital marketing agency remote,digital marketing agency,30,,9.22,HIGH,8,commercial,,False
digital marketing agency about us,digital marketing agency,30,,0,LOW,55,commercial,,False
best digital marketing agency in the world,digital marketing agency,30,,19.63,MEDIUM,43,commercial,best,False
digital marketing agency in hamilton,digital marketing agency,30,,0,LOW,65,commercial,,False
digital marketing agency rochester,digital marketing agency,30,,0,LOW,54,commercial,,False
neil patel digital marketing agency,digital marketing agency,30,,0,LOW,100,commercial,,False
best digital marketing agency in mumbai,digital marketing agency,30,,37.94,MEDIUM,49,commercial,best,False
digital marketing agency in dublin,digital marketing agency,30,,0,LOW,52,commercial,,False
business consulting women owned digital marketing agency,digital marketing agency,30,,0,,9,commercial,,False
naperville digital marketing agency,digital marketing agency,30,,32.08,MEDIUM,18,commercial,,False
nottingham digital marketing agency,digital marketing agency,30,,0,,20,commercial,,False
digital marketing agency in kuwait,digital marketing agency,30,,0,MEDIUM,13,commercial,,False
best digital marketing agency in dubai,digital marketing agency,30,,0,LOW,44,commercial,best,False
best digital marketing agency in chennai,digital marketing agency,30,,0,LOW,62,commercial,best,False
digital marketing agency in jaipur,digital marketing agency,30,,0,LOW,35,commercial,,False
digital marketing agency strategy,digital marketing agency,30,,0,LOW,11,commercial,,False
how to grow digital marketing agency,digital marketing agency,30,,0,LOW,0,commercial,,True
christian digital marketing agency,digital marketing agency,30,,14.56,LOW,4,commercial,,False
digital marketing agency mansfield,digital marketing agency,30,,0,LOW,8,commercial,,False
creative and digital marketing agency,digital marketing agency,30,,0,LOW,49,commercial,,False
full digital marketing agency,digital marketing agency,30,,0,MEDIUM,62,commercial,,False
b2b saas digital marketing agency,digital marketing agency,30,,84.47,MEDIUM,5,commercial,,False
top digital marketing agency in bangalore,digital marketing agency,30,,0,MEDIUM,21,commercial,top,False
top digital marketing agency bangalore,digital marketing agency,30,,0,MEDIUM,23,commercial,top,False
digital marketing agency hamilton,digital marketing agency,30,,0,LOW,65,commercial,,False
chiropractor digital marketing agency,digital marketing agency,30,,19.33,LOW,13,commercial,,False
inbound digital marketing agency,digital marketing agency,30,,4.19,MEDIUM,28,commercial,,False
digital marketing agency st pete,digital marketing agency,30,,0,LOW,15,commercial,,False
get visible digital marketing agency,digital marketing agency,30,,0,LOW,5,transactional,,False
business consulting women-owned digital marketing agency,digital marketing agency,30,,0,,9,commercial,,False
fresno digital marketing agency,digital marketing agency,30,,0,LOW,0,commercial,,False
full-stack digital marketing agency,digital marketing agency,30,,0,MEDIUM,6,commercial,,False
cleaning company digital marketing agency,digital marketing agency,30,,0,LOW,16,navigational,,False
digital marketing agency idaho,digital marketing agency,30,,0,LOW,71,commercial,,False
digital marketing agency towson,digital marketing agency,30,,0,LOW,,commercial,,False
digital video marketing agency,digital marketing agency,30,,0,LOW,22,commercial,,False
best digital marketing agency in europe,digital marketing agency,30,,25.95,MEDIUM,0,commercial,best,False
lead generation for digital marketing agency,digital marketing agency,30,,41.52,LOW,0,commercial,,False
digital marketing agency dentist,digital marketing agency,30,,0,LOW,55,commercial,,False
best digital marketing agency in hyderabad,digital marketing agency,30,,0,MEDIUM,46,commercial,best,False
gym digital marketing agency,digital marketing agency,30,,0,LOW,5,commercial,,False
digital marketing agency videos,digital marketing agency,30,,0,LOW,0,commercial,,False
best digital marketing agency in chicago,digital marketing agency,30,,0,LOW,47,commercial,best,False
healthcare digital marketing agency in india,digital marketing agency,30,,0,LOW,,commercial,,False
chinese digital marketing agency,digital marketing agency,30,,0,LOW,10,commercial,,False
digital marketing agency nottingham,digital marketing agency,30,,0,,20,commercial,,False
hamilton digital marketing agency,digital marketing agency,30,,0,LOW,20,commercial,,False
digital marketing agency pasadena,digital marketing agency,30,,0,LOW,36,commercial,,False
nu digital marketing agency,digital marketing agency,30,,0,MEDIUM,10,commercial,,False
digital marketing design agency,digital marketing agency,30,,23.13,LOW,83,commercial,,False
digital marketing agency pricing packages,digital marketing agency,30,,0,MEDIUM,9,commercial,,False
digital marketing agency pennsylvania,digital marketing agency,30,,0,LOW,19,commercial,,False
digital marketing agency south carolina,digital marketing agency,30,,0,LOW,29,commercial,,False
smash interactive agency digital marketing agency miami,digital marketing agency,30,,0,LOW,2,commercial,,False
legal digital marketing agency,digital marketing agency,30,,114.12,MEDIUM,41,commercial,,False
best digital marketing agency in new york,digital marketing agency,30,,4.72,LOW,30,commercial,best,False
top digital marketing agency new york,digital marketing agency,30,,7.63,MEDIUM,11,commercial,top,False
digital marketing agency in qatar,digital marketing agency,30,,0,LOW,14,commercial,,False
health and wellness digital marketing agency,digital marketing agency,30,,0,LOW,1,commercial,,False
ohio digital marketing agency,digital marketing agency,30,,0,LOW,23,commercial,,False
top digital marketing agency nyc,digital marketing agency,30,,7.63,MEDIUM,54,commercial,top,False
digital marketing agency fees,digital marketing agency,30,,0,LOW,18,commercial,,False
digital marketing small agency,digital marketing agency,30,,0,LOW,37,commercial,,False
digital marketing agency el paso,digital marketing agency,30,,0,LOW,,commercial,,False
digital marketing agency mcallen,digital marketing agency,30,,0,LOW,,commercial,,False
digital marketing agency in amsterdam,digital marketing agency,30,,6.74,LOW,0,commercial,,False
digital marketing agency in gurgaon,digital marketing agency,30,,0,LOW,23,commercial,,False
business consultant women owned digital marketing agency,digital marketing agency,30,,0,,9,commercial,,False
finance digital marketing agency,digital marketing agency,30,,24.99,LOW,22,commercial,,False
digital marketing agency grand rapids,digital marketing agency,30,,9.92,LOW,27,commercial,,False
digital marketing agency rhode island,digital marketing agency,30,,0,LOW,52,commercial,,False
full stack digital marketing agency,digital marketing agency,30,,0,MEDIUM,6,commercial,,False
casino digital marketing agency,digital marketing agency,30,,0,LOW,9,commercial,,False
minnesota digital marketing agency,digital marketing agency,30,,34.87,LOW,46,commercial,,False
wichita digital marketing agency,digital marketing agency,30,,0,LOW,56,commercial,,False
digital marketing agency fort myers,digital marketing agency,30,,7.41,LOW,48,commercial,,False
design digital marketing agency,digital marketing agency,30,,23.13,LOW,83,commercial,,False
salt lake city digital marketing agency,digital marketing agency,30,,12.98,LOW,17,commercial,,False
mississauga digital marketing agency,digital marketing agency,30,,0,LOW,16,commercial,,False
best digital marketing agency hyderabad,digital marketing agency,30,,0,MEDIUM,37,commercial,best,False
digital marketing agency in nottingham,digital marketing agency,30,,0,,39,commercial,,False
digital marketing agency mississauga,digital marketing agency,30,,0,LOW,5,commercial,,False
qing agency digital marketing agency in houston,digital marketing agency,30,,0,LOW,12,commercial,,False
best digital marketing agency chennai,digital marketing agency,30,,0,LOW,35,commercial,best,False
digital marketing agency dublin,digital marketing agency,30,,0,LOW,46,commercial,,False
digital marketing agency tuscaloosa,digital marketing agency,30,,0,LOW,,commercial,,False
digital marketing agency in mississauga,digital marketing agency,30,,0,LOW,17,commercial,,False
digital marketing agency south florida,digital marketing agency,30,,16.21,LOW,41,commercial,,False
cko digital website & marketing agency,digital marketing agency,30,,0,LOW,,navigational,,False
digital marketing agency website design,digital marketing agency,30,,4.32,LOW,0,commercial,,False
digital design and marketing agency,digital marketing agency,30,,23.13,LOW,83,commercial,,False
amazon employment agency,amazon agency,30,,0.46,LOW,57,navigational,,False
amazon ppc agency uk,amazon agency,30,,0,MEDIUM,7,navigational,,False
cartograph amazon agency,amazon agency,30,,17.35,MEDIUM,,navigational,,False
amazon agency san diego,amazon agency,30,,0,,5,navigational,,False
amazon job agency,amazon agency,30,,0.46,LOW,15,navigational,,False
amazon agency work,amazon agency,30,,0.46,LOW,45,navigational,,False
the agency amazon prime,amazon agency,30,,0.28,LOW,41,navigational,,False
top amazon agency,amazon agency,30,,77.06,HIGH,7,navigational,top,False
is amazon a federal agency,amazon agency,30,,0,LOW,40,informational,,True
canopy amazon agency,amazon agency,30,,20.6,MEDIUM,13,navigational,,False
what staffing agency hires for amazon,amazon agency,30,,0,LOW,10,informational,,True
hiring agency for amazon,amazon agency,30,,0.46,LOW,42,navigational,,False
amazon agency contact,amazon agency,30,,0,LOW,,navigational,,False
amazon review agency,amazon agency,30,,43.11,MEDIUM,0,navigational,,False
amazon agency services,amazon agency,30,,37.58,LOW,11,navigational,,False
amazon agency near me,amazon agency,30,,36.4,MEDIUM,43,navigational,,False
nectar amazon agency,amazon agency,30,,32.48,MEDIUM,16,navigational,,False
amazon reviews agency,amazon agency,30,,43.11,MEDIUM,24,informational,,False
amazon creative agency,amazon agency,30,,36.14,MEDIUM,26,navigational,,False
amazon influencer agency,amazon agency,30,,14.03,MEDIUM,,commercial,,False
amazon brand management agency,amazon agency,30,,0,LOW,8,navigational,,False
what staffing agency does amazon use,amazon agency,30,,0,LOW,2,informational,,True
seo agency toolkit,seo agency,20,,0,LOW,,commercial,,False
local seo agency los angeles,seo agency,20,,0,LOW,36,commercial,,False
aurora seo agency,seo agency,20,,0,LOW,,commercial,,False
seo agency report,seo agency,20,,0,LOW,0,commercial,,False
trusted seo agency,seo agency,20,,0,LOW,26,commercial,trusted,False
seo agency warwickshire,seo agency,20,,0,LOW,8,commercial,,False
best seo agency in chandigarh,seo agency,20,,0,LOW,3,commercial,best,False
best seo agency nyc,seo agency,20,,0,MEDIUM,,commercial,best,False
seo marketing agency usa,seo agency,20,,0,LOW,47,commercial,,False
destin seo agency,seo agency,20,,0,LOW,0,commercial,,False
seo agency jacksonville fl,seo agency,20,,0,LOW,10,commercial,,False
chatgpt seo agency,seo agency,20,,0,LOW,,commercial,,False
seo agency asia,seo agency,20,,0,LOW,0,commercial,,False
seo agency pa,seo agency,20,,0,HIGH,,commercial,,False
seo agency for business,seo agency,20,,0,LOW,,commercial,,False
french seo agency,seo agency,20,,0,LOW,3,commercial,,False
top seo agency services,seo agency,20,,0,LOW,,commercial,top,False
italian seo agency,seo agency,20,,0,LOW,17,commercial,,False
seo agency united states,seo agency,20,,0,LOW,29,commercial,,False
seo content creation agency,seo agency,20,,0,LOW,69,commercial,,False
seo agency massachusetts,seo agency,20,,0,LOW,7,commercial,,False
best seo agency in dallas,seo agency,20,,0,LOW,14,commercial,best,False
seo agency reddit,seo agency,20,,0,LOW,,commercial,,False
contact seo agency,seo agency,20,,0,HIGH,,transactional,,False
seo agency oxfordshire,seo agency,20,,0,LOW,3,commercial,,False
gilbert seo agency,seo agency,20,,0,LOW,0,commercial,,False
seo agency bromley,seo agency,20,,0,LOW,2,commercial,,False
seo agency in hereford,seo agency,20,,0,LOW,0,commercial,,False
akron seo agency,seo agency,20,,0,LOW,6,commercial,,False
search pros ppc & seo agency in dallas tx,seo agency,20,,0,LOW,,commercial,,False
seo agency midlands,seo agency,20,,0,LOW,0,commercial,,False
top seo agency in bangalore,seo agency,20,,0,LOW,8,commercial,top,False
top seo agency poland,seo agency,20,,0,LOW,,commercial,top,False
seo agency in colchester,seo agency,20,,0,LOW,0,commercial,,False
corporate seo agency,seo agency,20,,0,,,commercial,,False
best seo agency uae,seo agency,20,,0,LOW,41,commercial,best,False
best seo services agency,seo agency,20,,0,LOW,,commercial,best,False
best seo agency for saas,seo agency,20,,0,HIGH,0,commercial,best,False
seo agency omaha,seo agency,20,,0,LOW,12,commercial,,False
google partner seo agency,seo agency,20,,0,LOW,8,commercial,,False
best seo agency in bangalore,seo agency,20,,0,LOW,15,commercial,best,False
local seo agency uk,seo agency,20,,0,LOW,10,commercial,,False
seo marketing agency philadelphia,seo agency,20,,0,LOW,68,commercial,,False
best seo agency for higher education,seo agency,20,,0,LOW,0,commercial,best,False
seo agency in lahore,seo agency,20,,7.9,LOW,62,commercial,,False
why hire an seo agency,seo agency,20,,0,LOW,0,informational,,True
seo agency east sussex,seo agency,20,,0,LOW,4,commercial,,False
oklahoma city seo agency,seo agency,20,,0,LOW,4,commercial,,False
seo agency lahore,seo agency,20,,10.96,MEDIUM,62,commercial,,False
seo agency temecula,seo agency,20,,0,LOW,0,commercial,,False
best seo link building agency,seo agency,20,,0,LOW,30,commercial,best,False
the seo consultant agency,seo agency,20,,0,LOW,11,commercial,,False
seo agency ai,seo agency,20,,0,LOW,40,commercial,,False
seo agency cleveland ohio,seo agency,20,,0,LOW,17,commercial,,False
seo agency cheshire,seo agency,20,,0,LOW,0,commercial,,False
seo agency st albans,seo agency,20,,0,,10,commercial,,False
education seo agency,seo agency,20,,0,LOW,0,commercial,,False
seo agency training,seo agency,20,,20.2,LOW,,commercial,,False
directive seo agency,seo agency,20,,0,MEDIUM,,commercial,,False
seo agency in washington dc,seo agency,20,,2.77,LOW,0,commercial,,False
seo agency england,seo agency,20,,0,LOW,66,commercial,,False
seo agency cebu,seo agency,20,,0,LOW,0,commercial,,False
startup seo agency,seo agency,20,,0,LOW,0,commercial,,False
seo agency santa monica,seo agency,20,,0,LOW,0,commercial,,False
seo agency hull,seo agency,20,,0,LOW,1,commercial,,False
memphis seo agency,seo agency,20,,0,LOW,0,commercial,,False
local seo agency houston,seo agency,20,,0,LOW,19,commercial,,False
seo agency stockport,seo agency,20,,0,LOW,,commercial,,False
best seo agency orlando,seo agency,20,,0,LOW,,commercial,best,False
local seo agency phoenix,seo agency,20,,0,LOW,6,commercial,,False
best seo marketing agency,seo agency,20,,0,MEDIUM,31,commercial,best,False
seo growth agency,seo agency,20,,2.1,LOW,47,commercial,,False
wilmington seo agency,seo agency,20,,0,LOW,,commercial,,False
safari digital seo agency,seo agency,20,,0,LOW,,commercial,,False
miami seo marketing agency,seo agency,20,,0,LOW,,commercial,,False
brooklyn seo agency,seo agency,20,,0,LOW,0,commercial,,False
seo agency in nigeria,seo agency,20,,0,,,commercial,,False
seo agency lexington,seo agency,20,,0,LOW,0,commercial,,False
seo agency in colorado,seo agency,20,,0,LOW,49,commercial,,False
gen ai seo,ai seo,20,,24.47,HIGH,38,informational,,False
ai seo content writing free,ai seo,20,,0,LOW,53,commercial,,False
seo for ai term,ai seo,20,,0,MEDIUM,8,commercial,,False
geo seo ai,ai seo,20,,85.06,MEDIUM,20,informational,,False
ai seo mastery with caleb ulku,ai seo,20,,8.47,MEDIUM,,commercial,,False
seo ai checker,ai seo,20,,7.11,HIGH,82,commercial,,False
seo core ai,ai seo,20,,0,LOW,15,informational,,False
ai seo keyword generator,ai seo,20,,39.96,LOW,32,commercial,,False
profound seo ai,ai seo,20,,8.22,HIGH,21,commercial,,False
ai seo jobs,ai seo,20,,1.41,LOW,,informational,,False
ai seo writing tool,ai seo,20,,6.21,LOW,,commercial,,False
shopify ai seo,ai seo,20,,0,MEDIUM,58,commercial,,False
using ai for seo optimization,ai seo,20,,15.96,MEDIUM,,informational,,False
can ai help with seo,ai seo,20,,13.29,MEDIUM,,informational,,True
best ai seo tools 2024,ai seo,20,,0,LOW,19,commercial,best,False
what is seo ai,ai seo,20,,0,MEDIUM,44,informational,,True
ai seo copywriting,ai seo,20,,0,LOW,35,commercial,,False
what is the new seo for ai,ai seo,20,,7.22,MEDIUM,,informational,,True
seo for generative ai,ai seo,20,,0,LOW,60,commercial,,False
seo and generative ai,ai seo,20,,0,LOW,30,commercial,,False
ai seo for website,ai seo,20,,3.4,LOW,,commercial,,False
best seo ai writer,ai seo,20,,0,LOW,40,commercial,best,False
ai seo certification,ai seo,20,,12.75,MEDIUM,,commercial,,False
what is seo in ai,ai seo,20,,0,MEDIUM,53,informational,,True
will ai kill seo,ai seo,20,,0,LOW,5,informational,,True
ai seo news,ai seo,20,,0,MEDIUM,,informational,,False
ai seo llm optimization,ai seo,20,,8.16,LOW,,commercial,,False
seo keyword research ai,ai seo,20,,0,LOW,54,commercial,,False
seo ai writing tools,ai seo,20,,0,LOW,,commercial,,False
open ai seo,ai seo,20,,20.13,LOW,,navigational,,False
ai for seo content writing,ai seo,20,,43.47,LOW,,commercial,,False
seo ai writer free,ai seo,20,,0,LOW,39,commercial,,False
how does ai affect seo,ai seo,20,,9.65,LOW,,informational,,True
ai seo for wordpress,ai seo,20,,13.66,LOW,37,commercial,,False
how will ai change seo,ai seo,20,,1.74,HIGH,17,informational,,True
ai seo meaning,ai seo,20,,27.61,LOW,,informational,,False
can ai do seo for my website,ai seo,20,,32.33,MEDIUM,,informational,,True
how to use ai for seo optimization,ai seo,20,,26.55,MEDIUM,22,informational,,True
neil patel ai seo,ai seo,20,,0,HIGH,,informational,,False
ai assisted seo,ai seo,20,,19.49,MEDIUM,53,commercial,,False
seo audit ai,ai seo,20,,0,LOW,66,commercial,,False
best ai tools for seo content writing,ai seo,20,,0,LOW,,commercial,best,False
how has seo changed with ai,ai seo,20,,13.31,MEDIUM,,informational,,True
athena ai seo,ai seo,20,,0,MEDIUM,,informational,,False
free ai seo content generator,ai seo,20,,14.56,LOW,37,commercial,,False
best ai tool for seo content writing,ai seo,20,,0,LOW,,commercial,best,False
ai seo for shopify,ai seo,20,,14.98,HIGH,58,commercial,,False
seo ai keyword tool,ai seo,20,,0,LOW,,commercial,,False
gemini ai seo,ai seo,20,,0,LOW,,informational,,False
ai seo optimization software,ai seo,20,,0,MEDIUM,,commercial,,False
optimize seo for ai,ai seo,20,,0,HIGH,29,commercial,,False
ai seo prompts,ai seo,20,,0,LOW,,informational,,False
ai tools for seo content writing,ai seo,20,,0,LOW,30,commercial,,False
the future of seo with ai,ai seo,20,,0,MEDIUM,16,commercial,,False
how is ai affecting seo,ai seo,20,,6.01,MEDIUM,,informational,,True
how does ai seo work,ai seo,20,,8.64,LOW,,informational,,True
ai content and seo,ai seo,20,,0,,45,commercial,,False
chatgpt ai seo,ai seo,20,,0,HIGH,18,navigational,,False
ai for seo course,ai seo,20,,0,,12,commercial,,False
ai based seo services,ai seo,20,,0,LOW,,commercial,,False
is seo still relevant with ai,ai seo,20,,25.32,MEDIUM,,commercial,,True
ai seo analysis,ai seo,20,,30.41,LOW,,commercial,,False
free ai seo optimization,ai seo,20,,0,LOW,,commercial,,False
ai seo optimization free,ai seo,20,,18.77,LOW,,commercial,,False
surfer ai seo,ai seo,20,,31.85,MEDIUM,10,commercial,,False
ai content seo,ai seo,20,,13,LOW,33,commercial,,False
ai seo research,ai seo,20,,0,MEDIUM,,commercial,,False
seo ai humanizer,ai seo,20,,0,LOW,,informational,,False
ahrefs ai seo,ai seo,20,,7.76,MEDIUM,,informational,,False
ai powered seo optimization,ai seo,20,,0,LOW,,commercial,,False
ai seo text generator free,ai seo,20,,0,LOW,,commercial,,False
youtube seo ai,ai seo,20,,15.42,LOW,12,commercial,,False
optimizing seo for ai,ai seo,20,,0,HIGH,29,commercial,,False
ai overview in seo,ai seo,20,,0,LOW,29,informational,,False
ai seo writing tools,ai seo,20,,6.21,LOW,,commercial,,False
seo ai tools xpath on url,ai seo,20,,0,LOW,0,commercial,,False
seo for google ai overviews,ai seo,20,,0,LOW,21,commercial,,False
ai seo tools scale agile solutions,ai seo,20,,0,LOW,0,commercial,,False
seo company ai,ai seo,20,,0,LOW,,commercial,,False
ranked ai seo,ai seo,20,,5.76,MEDIUM,39,commercial,,False
ai for seo optimization free,ai seo,20,,28.33,LOW,,commercial,,False
learn ai seo,ai seo,20,,7.29,LOW,,informational,,False
ai seo toolkit,ai seo,20,,19.13,LOW,,informational,,False
ai seo article,ai seo,20,,0,LOW,68,informational,,False
ai for seo content creation,ai seo,20,,0,LOW,55,commercial,,False
ai humanizer seo,ai seo,20,,0,LOW,,commercial,,False
how is ai impacting seo,ai seo,20,,0,MEDIUM,,informational,,True
seo for ai agents,ai seo,20,,24.45,MEDIUM,,commercial,,False
seo services ai,ai seo,20,,105.1,LOW,23,commercial,,False
google ai seo tool,ai seo,20,,119.78,LOW,,commercial,,False
ai vs seo,ai seo,20,,0,MEDIUM,23,commercial,,False
ai-assisted seo,ai seo,20,,19.49,MEDIUM,53,commercial,,False
is ai-generated content bad for seo,ai seo,20,,0,LOW,,informational,,True
ai seo called,ai seo,20,,10.24,MEDIUM,,informational,,False
ai seo assistant,ai seo,20,,47.85,LOW,53,commercial,,False
ai seo plugin,ai seo,20,,29.16,MEDIUM,,commercial,,False
ai seo agency london,ai seo,20,,0,LOW,,navigational,,False
seo for ai search results,ai seo,20,,0,LOW,,commercial,,False
google ai overview seo impact,ai seo,20,,0,LOW,,commercial,,False
ai seo white label,ai seo,20,,67.7,HIGH,,commercial,,False
small seo tools ai checker,ai seo,20,,15.64,LOW,,commercial,,False
ai and seo course,ai seo,20,,0,HIGH,,commercial,,False
ai seo tips,ai seo,20,,0,LOW,,informational,,False
ai seo checklist,ai seo,20,,23.08,MEDIUM,,informational,,False
ai seo malaysia,ai seo,20,,0,,,commercial,,False
ai seo articles,ai seo,20,,0,LOW,68,commercial,,False
ai seo tutorial,ai seo,20,,0,LOW,,commercial,,False
seo equivalent for ai,ai seo,20,,0,MEDIUM,,commercial,,False
ai seo best practices,ai seo,20,,11.56,LOW,,commercial,best,False
claude ai seo,ai seo,20,,0,LOW,,informational,,False
can ai replace seo,ai seo,20,,0,HIGH,,informational,,True
how to do seo with ai,ai seo,20,,0,LOW,38,informational,,True
is ai generated content bad for seo,ai seo,20,,0,LOW,,informational,,True
ai-seo plugin,ai seo,20,,29.16,MEDIUM,,commercial,,False
ai tool for seo content writing,ai seo,20,,0,LOW,36,commercial,,False
ai prompts for seo,ai seo,20,,11.67,LOW,,commercial,,False
ranking ai seo,ai seo,20,,5.76,MEDIUM,55,commercial,,False
ai search vs seo,ai seo,20,,3.83,MEDIUM,,informational,,False
seo vs ai search,ai seo,20,,0,MEDIUM,,commercial,,False
ai seo plugin for wordpress,ai seo,20,,4.35,MEDIUM,43,commercial,,False
seo ai pricing,ai seo,20,,0,LOW,0,commercial,,False
generative engine optimization example,generative engine optimization,20,,21.92,LOW,,commercial,,False
generative engine optimization vs seo,generative engine optimization,20,,6.68,MEDIUM,,commercial,,False
generative engine optimization guide,generative engine optimization,20,,8.13,LOW,,commercial,,False
generative engine optimization examples,generative engine optimization,20,,21.92,LOW,,informational,,False
generative engine optimization jobs,generative engine optimization,20,,0,LOW,,commercial,,False
generative engine optimization paper,generative engine optimization,20,,0,LOW,,informational,,False
generative engine optimization reddit,generative engine optimization,20,,0,LOW,,informational,,False
generative engine optimization meaning,generative engine optimization,20,,7.25,MEDIUM,,informational,,False
generative engine optimization market size,generative engine optimization,20,,0,LOW,,commercial,,False
best answer engine optimization methods for ai visibility,answer engine optimization,20,,0,,4,commercial,best,False
most popular answer engine optimization for ai products,answer engine optimization,20,,0,LOW,,commercial,most popular,False
answer engine optimization certification,answer engine optimization,20,,12.1,MEDIUM,,commercial,,False
answer engine optimization definition,answer engine optimization,20,,31.27,LOW,,informational,,False
web design company in aberdeen,web design company,20,,0,LOW,3,commercial,,False
columbia web design company,web design company,20,,0,LOW,58,commercial,,False
web design company in nigeria,web design company,20,,0,LOW,49,commercial,,False
web design outsourcing company,web design company,20,,0,LOW,0,commercial,,False
how to start web design company,web design company,20,,0,LOW,0,informational,,True
best web design company in coimbatore,web design company,20,,0,LOW,,commercial,best,False
web design company ahmedabad,web design company,20,,0,LOW,97,commercial,,False
web design company massachusetts,web design company,20,,0,LOW,84,commercial,,False
web design company in melbourne,web design company,20,,0,,32,commercial,,False
web design company surrey,web design company,20,,0,LOW,100,commercial,,False
web design company pakistan,web design company,20,,20.98,LOW,31,commercial,,False
web design company birmingham,web design company,20,,0,LOW,29,commercial,,False
web design company in chandigarh,web design company,20,,0,LOW,53,commercial,,False
anaheim web design company,web design company,20,,0,LOW,0,commercial,,False
birmingham web design company,web design company,20,,0,LOW,82,commercial,,False
web design company perth,web design company,20,,0,LOW,84,commercial,,False
web design company burlington,web design company,20,,0,LOW,53,commercial,,False
best web design company in ahmedabad,web design company,20,,0,,35,commercial,best,False
joomla web design company,web design company,20,,5.15,MEDIUM,71,navigational,,False
web design company lagos,web design company,20,,0,,73,commercial,,False
web design company in ahmedabad,web design company,20,,0,LOW,67,commercial,,False
top 10 web design company in india,web design company,20,,0,LOW,45,commercial,top 10,False
best web design company in new york,web design company,20,,0,LOW,48,commercial,best,False
web design company oakville,web design company,20,,0,LOW,,navigational,,False
pennsylvania web design company,web design company,20,,0,LOW,34,commercial,,False
web design company arizona,web design company,20,,0,LOW,86,commercial,,False
web design company melbourne,web design company,20,,0,,41,commercial,,False
web design company hartford ct,web design company,20,,0,LOW,22,navigational,,False
best web design company australia,web design company,20,,0,,26,commercial,best,False
web design company in wellington,web design company,20,,0,LOW,77,commercial,,False
how to start a web design company,web design company,20,,0,LOW,0,informational,,True
web design company in lagos,web design company,20,,0,,80,commercial,,False
st paul web design company,web design company,20,,0,LOW,,navigational,,False
best web design company coimbatore,web design company,20,,0,LOW,,commercial,best,False
best web design company auckland,web design company,20,,0,,,commercial,best,False
chiropractor web design company,web design company,20,,155.13,MEDIUM,36,commercial,,False
best web design company mumbai,web design company,20,,0,LOW,40,commercial,best,False
web design company christchurch,web design company,20,,0,,31,commercial,,False
outsourcing web design company,web design company,20,,0,LOW,0,commercial,,False
singapore web design company,web design company,20,,0,LOW,79,commercial,,False
web design company manhattan,web design company,20,,0,LOW,46,commercial,,False
jewelry web design company,web design company,20,,0,LOW,,navigational,,False
bangladesh web design company,web design company,20,,0,LOW,97,commercial,,False
web design company west midlands,web design company,20,,0,,,commercial,,False
best wordpress web design company,web design company,20,,0,MEDIUM,12,commercial,best,False
web design company arlington,web design company,20,,0,LOW,19,commercial,,False
web design company raleigh,web design company,20,,0,LOW,72,commercial,,False
top web design company in mumbai,web design company,20,,0,LOW,28,commercial,top,False
web design company stoke on trent,web design company,20,,0.06,LOW,,navigational,,False
web design and development company in chennai,web design company,20,,0,LOW,40,commercial,,False
ecommerce web design company uk,web design company,20,,0,,28,commercial,,False
logistics company web design,web design company,20,,0,LOW,0,navigational,,False
web design company in birmingham,web design company,20,,0,LOW,27,commercial,,False
best new york web design company,web design company,20,,0,LOW,22,commercial,best,False
melbourne web design company,web design company,20,,0,,100,commercial,,False
web design company aberdeen,web design company,20,,0,LOW,50,commercial,,False
web design company in bangladesh,web design company,20,,0,LOW,39,commercial,,False
web design company dublin,web design company,20,,0,LOW,91,commercial,,False
web design company in dhaka,web design company,20,,0,LOW,100,commercial,,False
responsive web design company in india,web design company,20,,0,,0,commercial,,False
web design company alabama,web design company,20,,0,,40,commercial,,False
web design company tampa fl,web design company,20,,0,LOW,32,commercial,,False
web design company bangladesh,web design company,20,,0,LOW,100,commercial,,False
web design company brooklyn,web design company,20,,0,LOW,72,commercial,,False
web design company in vietnam,web design company,20,,0,HIGH,26,commercial,,False
best web design company in mumbai,web design company,20,,0,LOW,35,commercial,best,False
web design company portland,web design company,20,,0,LOW,61,commercial,,False
the web design company,web design company,20,,0,MEDIUM,25,commercial,,False
web design company bd,web design company,20,,0,LOW,99,commercial,,False
honolulu web design company,web design company,20,,0,,29,navigational,,False
web design and branding company,web design company,20,,32.21,LOW,79,commercial,,False
nonprofit web design company,web design company,20,,0,LOW,37,navigational,,False
montreal web design company,web design company,20,,0,,73,commercial,,False
web design company minneapolis mn,web design company,20,,0,LOW,84,commercial,,False
web design company in hamilton,web design company,20,,0,LOW,63,commercial,,False
maxburst inc web design company nyc,web design company,20,,0,LOW,,navigational,,False
rochester web design company,web design company,20,,0,,18,commercial,,False
web design branding company,web design company,20,,32.21,LOW,83,commercial,,False
web design company in pennsylvania,web design company,20,,0,LOW,22,commercial,,False
marietta web design company,web design company,20,,0,LOW,13,navigational,,False
web design company terms and conditions,web design company,20,,6.7,LOW,8,commercial,,False
top web design company in coimbatore,web design company,20,,0,LOW,,commercial,top,False
web design company manchester,web design company,20,,0,LOW,88,commercial,,False
outsource web design company,web design company,20,,0,LOW,3,commercial,,False
web design company in manchester,web design company,20,,0,LOW,77,commercial,,False
aurora web design company,web design company,20,,0,LOW,0,navigational,,False
web design agency template,web design agency,20,,5.41,HIGH,15,commercial,,False
texas web design agency,web design agency,20,,0,LOW,100,commercial,,False
web design agency united states,web design agency,20,,0,LOW,32,commercial,,False
agency web design inspiration,web design agency,20,,10.77,MEDIUM,3,commercial,,False
web design agency salt lake city,web design agency,20,,0,LOW,26,commercial,,False
web design agency about us,web design agency,20,,0,LOW,30,commercial,,False
milwaukee web design agency,web design agency,20,,0,LOW,64,navigational,,False
web design agency southampton,web design agency,20,,0,LOW,50,commercial,,False
web design agency website,web design agency,20,,356.48,MEDIUM,20,commercial,,False
web design agency manchester uk,web design agency,20,,0,LOW,100,commercial,,False
web design agency detroit,web design agency,20,,0,LOW,49,commercial,,False
web design agency manchester,web design agency,20,,0,LOW,84,commercial,,False
web design agency awards,web design agency,20,,0,,100,commercial,,False
best web design agency new york,web design agency,20,,0,LOW,33,commercial,best,False
utah web design agency,web design agency,20,,0,MEDIUM,78,commercial,,False
web design agency maryland,web design agency,20,,0,LOW,38,commercial,,False
small web design agency,web design agency,20,,19.57,HIGH,21,commercial,,False
web agency design,web design agency,20,,33.1,LOW,41,commercial,,False
usa web design agency,web design agency,20,,0,LOW,29,commercial,,False
web design agency kansas city,web design agency,20,,72.68,LOW,77,commercial,,False
web design agency surrey,web design agency,20,,0,LOW,100,commercial,,False
web design agency website template,web design agency,20,,5.41,HIGH,11,navigational,,False
web design agency texas,web design agency,20,,7.07,MEDIUM,85,commercial,,False
web design agency nashville,web design agency,20,,9.69,MEDIUM,47,commercial,,False
web design agency templates,web design agency,20,,5.41,HIGH,10,commercial,,False
modern web design agency,web design agency,20,,0,MEDIUM,,commercial,,False
digital agency web design,web design agency,20,,0,,83,commercial,,False
richmond web design agency,web design agency,20,,0,LOW,22,commercial,,False
how to start a web design agency,web design agency,20,,0,LOW,0,informational,,True
pest control web design agency,web design agency,20,,0,MEDIUM,1,commercial,,False
web design agency perth,web design agency,20,,0,LOW,84,commercial,,False
elementor web design agency,web design agency,20,,0,LOW,,commercial,,False
web design agency for startups,web design agency,20,,0,LOW,9,commercial,,False
orange county web design agency,web design agency,20,,0,LOW,48,commercial,,False
web design agency fort lauderdale,web design agency,20,,0,LOW,18,commercial,,False
web design agency us,web design agency,20,,0,LOW,42,commercial,,False
web design agency pittsburgh,web design agency,20,,1.19,MEDIUM,80,commercial,,False
recruitment agency web design,web design agency,20,,0,LOW,0,commercial,,False
florida web design agency,web design agency,20,,0.66,MEDIUM,93,commercial,,False
web design recruitment agency,web design agency,20,,0,LOW,66,commercial,,False
web design agency in florida,web design agency,20,,0,LOW,81,commercial,,False
manchester web design agency,web design agency,20,,0,LOW,100,commercial,,False
web design agency in manchester,web design agency,20,,0,LOW,87,commercial,,False
how to start web design agency,web design agency,20,,0,LOW,0,informational,,True
web design agency canada,web design agency,20,,8.34,MEDIUM,63,commercial,,False
fort worth web design agency,web design agency,20,,0,LOW,28,commercial,,False
ux/ui web design agency,web design agency,20,,0,,54,commercial,,False
web design agency dc,web design agency,20,,0,LOW,31,commercial,,False
web design agency in maryland,web design agency,20,,0,LOW,19,commercial,,False
website development company in singapore,website development company,20,,0,LOW,40,commercial,,False
web development company website template,website development company,20,,5.73,HIGH,35,navigational,,False
website templates for web development company,website development company,20,,5.73,HIGH,10,navigational,,False
how to start a website development company,website development company,20,,0,LOW,0,informational,,True
offshore website development company,website development company,20,,0,MEDIUM,19,commercial,,False
website development company naperville,website development company,20,,0,LOW,,commercial,,False
website development company sri lanka,website development company,20,,11.83,MEDIUM,78,navigational,,False
website development company chennai,website development company,20,,0,LOW,85,commercial,,False
nft website development company,website development company,20,,0,LOW,0,navigational,,False
shopify website development company in india,website development company,20,,0,LOW,13,navigational,,False
leading website development company,website development company,20,,0,LOW,25,commercial,leading,False
website development company in europe,website development company,20,,0,LOW,5,commercial,,False
website development company website template,website development company,20,,5.73,HIGH,44,navigational,,False
best website development company in coimbatore,website development company,20,,0,LOW,100,commercial,best,False
nft minting website development company,website development company,20,,0,LOW,0,commercial,,False
best website development company in dubai,website development company,20,,0,LOW,,commercial,best,False
website development company in sri lanka,website development company,20,,11.83,MEDIUM,78,commercial,,False
website development company in nigeria,website development company,20,,0,LOW,45,commercial,,False
website development company in san diego,website development company,20,,0,LOW,,commercial,,False
jewelry website development company,website development company,20,,0,LOW,47,navigational,,False
website development company template,website development company,20,,5.73,HIGH,44,navigational,,False
best website development company in ahmedabad,website development company,20,,0,,36,commercial,best,False
poker website development company,website development company,20,,0,LOW,17,commercial,,False
website development company in chennai,website development company,20,,0,LOW,35,commercial,,False
website development company utah,website development company,20,,0,LOW,43,commercial,,False
website design and development company in chennai,website development company,20,,0,LOW,85,commercial,,False
website development company templates,website development company,20,,5.73,HIGH,63,commercial,,False
website development company in los angeles,website development company,20,,0,LOW,28,commercial,,False
website template for web development company,website development company,20,,5.73,HIGH,34,navigational,,False
website development company in bangladesh,website development company,20,,0,LOW,70,commercial,,False
shopify website development company in usa,website development company,20,,0,HIGH,23,commercial,,False
opencart website development company,website development company,20,,0,LOW,21,commercial,,False
restaurant website development company,website development company,20,,0,LOW,6,commercial,,False
best software development company website,website development company,20,,0,LOW,62,informational,best,False
website development company in lucknow,website development company,20,,0,LOW,13,navigational,,False
ecommerce performance marketing agency,ecommerce agency,20,,133.57,HIGH,46,commercial,,False
ecommerce app development agency,ecommerce agency,20,,0,LOW,6,commercial,,False
facebook ad agency for ecommerce,ecommerce agency,20,,0,MEDIUM,0,commercial,,False
headless ecommerce development agency,ecommerce agency,20,,0,LOW,5,navigational,,False
digital ecommerce agency,ecommerce agency,20,,0,LOW,71,commercial,,False
dtc ecommerce agency,ecommerce agency,20,,15.47,LOW,0,navigational,,False
ecommerce agency san diego,ecommerce agency,20,,0,LOW,34,commercial,,False
ecommerce social media agency,ecommerce agency,20,,0,LOW,30,commercial,,False
ecommerce conversion optimization agency,ecommerce agency,20,,0,LOW,,commercial,,False
marketing agency ecommerce,ecommerce agency,20,,355.47,LOW,13,commercial,,False
ecommerce agency services,ecommerce agency,20,,0,LOW,26,commercial,,False
ecommerce paid search agency,ecommerce agency,20,,0,LOW,9,commercial,,False
facebook ads agency for ecommerce,ecommerce agency,20,,0,MEDIUM,11,commercial,,False
ecommerce recruitment agency,ecommerce agency,20,,9.78,HIGH,17,commercial,,False
ecommerce creative agency,ecommerce agency,20,,33.73,HIGH,63,commercial,,False
fashion ecommerce agency,ecommerce agency,20,,10.55,MEDIUM,,commercial,,False
local ecommerce development agency,ecommerce agency,20,,0,,,commercial,,False
ecommerce ux agency,ecommerce agency,20,,0,LOW,11,navigational,,False
ecommerce content agency,ecommerce agency,20,,0,LOW,20,commercial,,False
ecommerce web agency los angeles,ecommerce agency,20,,0,LOW,13,commercial,,False
digital marketing ecommerce agency,ecommerce agency,20,,48.76,MEDIUM,33,commercial,,False
headless ecommerce agency,ecommerce agency,20,,0,LOW,0,navigational,,False
ecommerce agency new york,ecommerce agency,20,,25.07,HIGH,60,commercial,,False
ecommerce optimization agency,ecommerce agency,20,,0,LOW,62,commercial,,False
best ecommerce digital marketing agency,ecommerce agency,20,,0,LOW,,commercial,best,False
ecommerce shopify agency,ecommerce agency,20,,0,MEDIUM,26,commercial,,False
ecommerce translation agency,ecommerce agency,20,,0,LOW,1,commercial,,False
ecommerce management agency,ecommerce agency,20,,39.09,LOW,30,commercial,,False
ecommerce agency nyc,ecommerce agency,20,,25.07,HIGH,72,commercial,,False
prestashop ecommerce development company,ecommerce development company,20,,0,LOW,11,commercial,,False
ecommerce marketplace development company,ecommerce development company,20,,47.07,LOW,,commercial,,False
best ecommerce web development company,ecommerce development company,20,,0,LOW,4,commercial,best,False
ecommerce web development company india,ecommerce development company,20,,0,LOW,29,commercial,,False
brainvire ecommerce & mobile app development company,ecommerce development company,20,,0,LOW,49,navigational,,False
b2b shopify agency,shopify agency,20,,114.94,LOW,,navigational,,False
best shopify development agency,shopify agency,20,,0,LOW,25,commercial,best,False
shopify agency dubai,shopify agency,20,,0,,,commercial,,False
shopify email marketing agency,shopify agency,20,,0,MEDIUM,0,commercial,,False
shopify agency leeds,shopify agency,20,,0,,58,navigational,,False
shopify development agency india,shopify agency,20,,0,LOW,59,navigational,,False
digital marketing agency shopify,shopify agency,20,,0,LOW,20,commercial,,False
marketing agency for shopify,shopify agency,20,,0,LOW,26,commercial,,False
top shopify agency,shopify agency,20,,17.3,MEDIUM,3,navigational,top,False
shopify hydrogen agency,shopify agency,20,,0,,0,navigational,,False
shopify support agency,shopify agency,20,,0,MEDIUM,31,navigational,,False
shopify agency in usa,shopify agency,20,,142.16,LOW,,navigational,,False
shopify growth agency,shopify agency,20,,52.19,LOW,,commercial,,False
shopify seo agency reviews,shopify agency,20,,16.6,HIGH,,commercial,,False
best shopify plus agency,shopify agency,20,,0,LOW,,commercial,best,False
shopify development agency in usa,shopify agency,20,,0,LOW,48,commercial,,False
shopify web development company in india,shopify development,20,,0,LOW,13,navigational,,False
white label shopify development,shopify development,20,,0,LOW,0,commercial,,False
advanced shopify theme development,shopify development,20,,0,,12,commercial,,False
custom shopify website development services,shopify development,20,,78.5,MEDIUM,38,commercial,,False
shopify development services usa,shopify development,20,,0,LOW,,commercial,,False
shopify website design and development,shopify development,20,,0,LOW,30,navigational,,False
shopify hydrogen development,shopify development,20,,0,LOW,15,commercial,,False
shopify mobile app development,shopify development,20,,0,LOW,25,navigational,,False
shopify corporate development,shopify development,20,,0,LOW,14,navigational,,False
shopify development cost,shopify development,20,,0,LOW,0,commercial,,False
shopify theme development local,shopify development,20,,0,LOW,8,commercial,,False
shopify web design and development,shopify development,20,,0,LOW,33,commercial,,False
shopify partner development store,shopify development,20,,0,LOW,,navigational,,False
learn shopify development,shopify development,20,,2.37,LOW,38,informational,,False
shopify install app on development store,shopify development,20,,0,LOW,39,navigational,,False
shopify design and development,shopify development,20,,47.93,MEDIUM,56,commercial,,False
learning shopify development,shopify development,20,,2.37,LOW,32,informational,,False
custom shopify plus development,shopify development,20,,0,LOW,,commercial,,False
shopify create development store,shopify development,20,,12.93,LOW,,navigational,,False
shopify local theme development,shopify development,20,,0,LOW,7,navigational,,False
shopify development environment,shopify development,20,,0,LOW,17,commercial,,False
shopify store development company,shopify development,20,,0,LOW,56,navigational,,False
shopify ecommerce store development,shopify development,20,,0,LOW,33,navigational,,False
shopify store development cost,shopify development,20,,0,LOW,0,commercial,,False
shopify theme development from scratch,shopify development,20,,0,LOW,0,navigational,,False
shopify theme local development,shopify development,20,,0,LOW,8,navigational,,False
what is an ai marketing agency,ai agency,20,,0,LOW,5,informational,,True
ai tools for digital marketing agency,ai agency,20,,0,LOW,38,commercial,,False
ai workflow automation agency,ai agency,20,,0,MEDIUM,,commercial,,False
ai automation agency for real estate,ai agency,20,,0,LOW,,commercial,,False
ai automation agency for small businesses,ai agency,20,,22.72,MEDIUM,,commercial,,False
ai-driven digital marketing agency,ai agency,20,,12.29,LOW,,commercial,,False
ai solution agency,ai agency,20,,21.37,MEDIUM,,navigational,,False
ai web development agency,ai agency,20,,56.76,MEDIUM,,commercial,,False
ai assisted agency,ai agency,20,,12.37,MEDIUM,,commercial,,False
ai software agency,ai agency,20,,18.04,HIGH,46,commercial,,False
ai agency group,ai agency,20,,13.3,MEDIUM,,commercial,,False
ai united insurance agency,ai agency,20,,15.95,LOW,,navigational,,False
best ai automation agency,ai agency,20,,18.09,MEDIUM,,commercial,best,False
agency in ai,ai agency,20,,0,LOW,24,informational,,False
ai agents agency,ai agency,20,,0,LOW,39,navigational,,False
ai based marketing agency,ai agency,20,,0,LOW,,commercial,,False
ai marketing agency services,ai agency,20,,30.46,LOW,,commercial,,False
the instant ai agency book,ai agency,20,,0.85,MEDIUM,0,informational,,False
ai driven digital marketing agency,ai agency,20,,12.29,LOW,,commercial,,False
ai solutions agency,ai agency,20,,21.37,MEDIUM,,commercial,,False
ai receptionist agency,ai agency,20,,26,MEDIUM,,navigational,,False
ai tools for agency,ai agency,20,,12,LOW,25,commercial,,False
ai arbitrage agency owner,ai agency,20,,0,LOW,,commercial,,False
ai media agency,ai agency,20,,12.95,HIGH,,commercial,,False
veritas ai agency,ai agency,20,,0,LOW,,navigational,,False
white label ai automation agency,ai agency,20,,23.26,HIGH,,commercial,,False
free agency ai,ai agency,20,,26.62,MEDIUM,,commercial,,False
ai marketing agency white label,ai agency,20,,16.81,LOW,,commercial,,False
digital marketing agency ai,ai agency,20,,3.15,LOW,43,commercial,,False
ai website agency,ai agency,20,,12.56,MEDIUM,38,navigational,,False
does ai have agency,ai agency,20,,0,LOW,,informational,,True
ai automation agency london,ai agency,20,,0,LOW,,navigational,,False
ai content creation agency,ai agency,20,,32.84,LOW,,commercial,,False
ai social media marketing agency,ai agency,20,,0,LOW,76,commercial,,False
agency ai agents,ai agency,20,,0,HIGH,70,navigational,,False
the agency: ai specialists ready to transform your workflow,ai agency,20,,5.27,MEDIUM,,commercial,,False
ai agency websites,ai agency,20,,13.11,MEDIUM,38,commercial,,False
ai ugc agency,ai agency,20,,31.72,HIGH,,navigational,,False
daniel fazio ai assisted agency,ai agency,20,,14.04,LOW,,transactional,,False
ai content marketing agency,ai agency,20,,25.16,LOW,,commercial,,False
ai staffing agency or everyday extras,ai agency,20,,0,LOW,26,navigational,,False
ai granny agency,ai agency,20,,0,LOW,33,navigational,,False
ai is a boon to high agency people,ai agency,20,,0,,,commercial,,False
ai agency book,ai agency,20,,2.04,HIGH,,commercial,,False
ai agency growth,ai agency,20,,45.42,HIGH,,commercial,,False
ai free agency,ai agency,20,,12.83,HIGH,,informational,,False
is ai automation agency worth it,ai agency,20,,0,LOW,0,informational,,True
ai agency australia,ai agency,20,,0,LOW,,commercial,,False
ai insurance agency,ai agency,20,,34.36,HIGH,30,navigational,,False
instant ai agency reviews,ai agency,20,,0,LOW,0,commercial,,False
ai web agency,ai agency,20,,12.56,MEDIUM,,commercial,,False
ai marketing automation agency,ai agency,20,,23.21,MEDIUM,62,commercial,,False
ai social media agency,ai agency,20,,23.16,MEDIUM,,commercial,,False
ai agency digital marketing,ai agency,20,,0,LOW,45,commercial,,False
the instant ai agency pdf free download,ai agency,20,,5.84,MEDIUM,,navigational,,False
ai agency landing page,ai agency,20,,0,LOW,,navigational,,False
ai doll agency,ai agency,20,,0,LOW,5,navigational,,False
the agency ai github,ai agency,20,,0,LOW,,navigational,,False
ai automation agency website,ai agency,20,,10.17,HIGH,,navigational,,False
ai tools for marketing agency,ai agency,20,,0,LOW,42,commercial,,False
starting an ai automation agency,ai agency,20,,28.96,HIGH,,commercial,,False
start an ai automation agency,ai agency,20,,28.96,HIGH,,transactional,,False
ai agency for small business,ai agency,20,,42.57,MEDIUM,,commercial,,False
jordan lee ai agency,ai agency,20,,5.96,MEDIUM,0,navigational,,False
human agency ai,ai agency,20,,0,LOW,,navigational,,False
the agency ai specialists,ai agency,20,,0,LOW,,commercial,,False
ai agent development kit,ai agent development,20,,6.7,MEDIUM,,transactional,,False
ai agent development process,ai agent development,20,,0,MEDIUM,,informational,,False
no code ai agent development,ai agent development,20,,0,,,commercial,,False
building agentic ai systems hands-on agent development,ai agent development,20,,22.19,HIGH,,informational,,False
software development ai agent,ai agent development,20,,0,LOW,34,commercial,,False
ai agent development tutorial,ai agent development,20,,9.56,MEDIUM,,informational,,False
ai agent for app development,ai agent development,20,,31.22,LOW,,transactional,,False
ai agent for business development,ai agent development,20,,13.46,MEDIUM,,transactional,,False
google ai agent development kit,ai agent development,20,,0,LOW,56,transactional,,False
ai agent for game development,ai agent development,20,,0,LOW,,commercial,,False
building agentic ai systems hands on agent development,ai agent development,20,,22.19,HIGH,,commercial,,False
amazon advertising agency of record,amazon agency,20,,0,LOW,,navigational,,False
uk amazon agency,amazon agency,20,,0,,9,navigational,,False
amazon advertising agency nyc,amazon agency,20,,0,LOW,2,navigational,,False
ppc amazon agency,amazon agency,20,,0,LOW,11,navigational,,False
amazon service agency,amazon agency,20,,27.08,MEDIUM,48,navigational,,False
amazon marketplace agency,amazon agency,20,,0,LOW,,navigational,,False
amazon services agency,amazon agency,20,,27.08,MEDIUM,42,navigational,,False
acadia amazon agency,amazon agency,20,,93.23,MEDIUM,,navigational,,False
amazon advertising agency uk,amazon agency,20,,0,LOW,30,commercial,,False
full service amazon marketing agency,amazon agency,20,,0,LOW,,commercial,,False
temp agency for amazon warehouse,amazon agency,20,,1.37,LOW,,navigational,,False
amazon vendor agency,amazon agency,20,,0,LOW,6,navigational,,False
amazon insurance agency,amazon agency,20,,0,LOW,15,navigational,,False
amazon ads agency uk,amazon agency,20,,0,LOW,8,commercial,,False
flywheel amazon agency,amazon agency,20,,40.62,MEDIUM,25,navigational,,False
amazon travel agency,amazon agency,20,,16.44,MEDIUM,0,navigational,,False
amazon vendor central agency,amazon agency,20,,0,HIGH,0,navigational,,False
agency skincare amazon,amazon agency,20,,6.44,MEDIUM,,navigational,,False
amazon collection agency,amazon agency,20,,0,LOW,0,navigational,,False
amazon jobs temp agency,amazon agency,20,,0,LOW,,navigational,,False
amazon digital marketing agency,amazon agency,20,,0,LOW,28,commercial,,False
piranha amazon agency,amazon agency,20,,52.85,MEDIUM,,navigational,,False
amazon ppc agency usa,amazon agency,20,,0,HIGH,,navigational,,False
amazon ppc agency pricing,amazon agency,20,,0,LOW,0,commercial,,False
amazon marketing agency nyc,amazon agency,20,,0,MEDIUM,5,commercial,,False
amazon marketing agency san diego,amazon agency,20,,0,,0,commercial,,False
is amazon a state agency,amazon agency,20,,0,LOW,0,informational,,True
amazon agency of record,amazon agency,20,,0,LOW,0,navigational,,False
amazon ad agency of record,amazon agency,20,,0,LOW,,navigational,,False
which staffing agency hires for amazon,amazon agency,20,,0,LOW,,informational,,True
amazon collections agency,amazon agency,20,,0,LOW,0,navigational,,False
trivium amazon agency,amazon agency,20,,61.82,HIGH,,navigational,,False
temp agency for amazon near me,amazon agency,20,,0.59,LOW,,navigational,,False
find an amazon advertising agency,amazon agency,20,,0,LOW,42,commercial,,False
amazon staffing agency near me,amazon agency,20,,0,LOW,60,navigational,,False
amazon design agency,amazon agency,20,,0,HIGH,26,navigational,,False
amazon store management agency,amazon agency,20,,0,LOW,13,navigational,,False
amazon listing agency,amazon agency,20,,169.07,HIGH,42,navigational,,False
best ai tool for writing seo-rich blog content,ai seo,10,,0,,,commercial,best,False
seo ai seo herrmann york magazine,ai seo,10,,0,,,informational,,False
gauge ai seo,ai seo,10,,36,HIGH,,informational,,False
seo ai for youtube,ai seo,10,,0,LOW,11,commercial,,False
seo content writing with ai,ai seo,10,,0,,31,commercial,,False
surfer seo ai detection,ai seo,10,,0,,,informational,,False
seo studio tools ai,ai seo,10,,35.41,HIGH,,commercial,,False
ai powered search and seo,ai seo,10,,0,,,commercial,,False
ai seo youtube,ai seo,10,,0,LOW,11,navigational,,False
seo friendly content writing ai,ai seo,10,,0,,,commercial,,False
ai seo full course,ai seo,10,,0,,,commercial,,False
seo ai tools 4 0,ai seo,10,,0,LOW,,commercial,,False
seo copywriting ai,ai seo,10,,0,LOW,33,commercial,,False
all ai seo,ai seo,10,,0,MEDIUM,,informational,,False
ai seo audit free,ai seo,10,,10.62,MEDIUM,,informational,,False
ai seo dominator,ai seo,10,,0,HIGH,,commercial,,False
ai seo tools hostinger,ai seo,10,,0,,,commercial,,False
seo for ai models,ai seo,10,,0,,,commercial,,False
seo ai tools affiliate programs,ai seo,10,,0,,,commercial,,False
best free ai for seo optimization,ai seo,10,,36.55,LOW,,commercial,best,False
ai used in seo,ai seo,10,,0,,23,commercial,,False
seo ai tools meta tags,ai seo,10,,0,LOW,,commercial,,False
seo article generator ai,ai seo,10,,0,HIGH,,commercial,,False
ai agents seo workflow,ai seo,10,,17.91,HIGH,,commercial,,False
how to automate seo with ai,ai seo,10,,61.57,LOW,,informational,,True
free ai seo writer,ai seo,10,,0,,39,commercial,,False
etsy seo ai,ai seo,10,,0,LOW,0,navigational,,False
best seo writer ai,ai seo,10,,0,,40,commercial,best,False
seona ai seo,ai seo,10,,0,MEDIUM,0,informational,,False
ai humanizer small seo tools,ai seo,10,,0,LOW,,commercial,,False
kiva ai seo agent,ai seo,10,,0,,,commercial,,False
ai search engine seo,ai seo,10,,17.95,LOW,43,commercial,,False
seo surfer ai,ai seo,10,,6.31,HIGH,10,commercial,,False
ai website seo optimizer,ai seo,10,,6.06,HIGH,,commercial,,False
ai seo stats,ai seo,10,,6.77,MEDIUM,,informational,,False
seo for ai geo,ai seo,10,,0,HIGH,20,informational,,False
ai seo search,ai seo,10,,106.15,HIGH,,commercial,,False
ai to improve seo,ai seo,10,,0,HIGH,,commercial,,False
seo optimizer ai,ai seo,10,,105.5,MEDIUM,29,commercial,,False
generative ai seo services,ai seo,10,,0,LOW,,commercial,,False
is ai generated text bad for seo,ai seo,10,,0,,,informational,,True
ai powered seo keyword research,ai seo,10,,0,,,commercial,,False
ai search seo changes,ai seo,10,,0,HIGH,,informational,,False
seo engine ai,ai seo,10,,25.82,HIGH,,informational,,False
surfer seo ai content humanizer,ai seo,10,,0,,,commercial,,False
seo article writer ai,ai seo,10,,0.55,HIGH,,commercial,,False
to seo ai tools script,ai seo,10,,0,LOW,,commercial,,False
can ai do seo optimization,ai seo,10,,0,LOW,,informational,,True
seo tools ai free,ai seo,10,,0,LOW,28,commercial,,False
ai for seo analysis,ai seo,10,,0,HIGH,,commercial,,False
park seo joon là ai,ai seo,10,,0,LOW,,informational,,False
ai search and seo,ai seo,10,,75.69,MEDIUM,34,commercial,,False
fatjoe ai seo,ai seo,10,,0,LOW,,informational,,False
hostinger ai seo tools,ai seo,10,,0,,,commercial,,False
ai seo squarespace,ai seo,10,,38.32,HIGH,19,commercial,,False
ai checker small seo,ai seo,10,,0,,,commercial,,False
relevance ai seo,ai seo,10,,0,,,informational,,False
content marketing essentials for seo and ai search with semrush,ai seo,10,,11.23,MEDIUM,,commercial,,False
free seo writing ai,ai seo,10,,10.57,LOW,44,commercial,,False
ai para seo,ai seo,10,,0,,,informational,,False
seo and ai course,ai seo,10,,23.94,HIGH,,commercial,,False
ai seo audit tool,ai seo,10,,32.22,LOW,,commercial,,False
auto seo with ai,ai seo,10,,75.49,HIGH,,commercial,,False
how to do seo for ai search,ai seo,10,,0,HIGH,,informational,,True
ai seo checker free,ai seo,10,,0,LOW,,informational,,False
how do you call seo for ai,ai seo,10,,0,LOW,,informational,,True
ai for website seo,ai seo,10,,15.7,HIGH,,commercial,,False
seo ai tools reddit,ai seo,10,,0,,,commercial,,False
rank math seo with ai best seo tools,ai seo,10,,0,,,commercial,best,False
best ai writer for seo,ai seo,10,,0,LOW,25,commercial,best,False
webflow seo ai,ai seo,10,,7.46,MEDIUM,,informational,,False
ai seo report generator,ai seo,10,,31.73,HIGH,,commercial,,False
ai impact on local seo,ai seo,10,,0,,,commercial,,False
seo ai tools chrome,ai seo,10,,0,,,commercial,,False
ai seo blog writer free,ai seo,10,,0,,,commercial,,False
seo ai keyword generator,ai seo,10,,0,,,commercial,,False
ai detector seo,ai seo,10,,33.59,LOW,43,commercial,,False
ai seo optimization unnecessary,ai seo,10,,0,LOW,,informational,,False
does ai affect seo,ai seo,10,,0,LOW,,informational,,True
seo ai tools and equipment,ai seo,10,,0,LOW,,commercial,,False
seo ai course,ai seo,10,,0,HIGH,,commercial,,False
ai checker small seo tools,ai seo,10,,0,LOW,,commercial,,False
ai and seo best practices,ai seo,10,,0,,,commercial,best,False
claude sonnet ai seo benchmark report,ai seo,10,,0,,,commercial,,False
ai content detector seo,ai seo,10,,0,,32,commercial,,False
humanize ai surfer seo,ai seo,10,,0,,20,transactional,,False
seo ai courses,ai seo,10,,0,HIGH,12,commercial,,False
ai seo certification free,ai seo,10,,0,MEDIUM,,commercial,,False
which ai is best for seo,ai seo,10,,74.92,LOW,,commercial,best,True
ai driven seo pitfalls,ai seo,10,,0,,,informational,,False
seo ai agent writesonic,ai seo,10,,0,,9,navigational,,False
best ai agents for seo,ai seo,10,,4.6,MEDIUM,,commercial,best,False
seo writing ai com,ai seo,10,,0,,,commercial,,False
ai seo manager,ai seo,10,,35.79,HIGH,,informational,,False
durable ai seo,ai seo,10,,0,,,informational,,False
ai content checker small seo tools,ai seo,10,,0,,,commercial,,False
is seo ai reliable,ai seo,10,,4.87,LOW,,informational,reliable,True
does ai content hurt seo,ai seo,10,,0,MEDIUM,,informational,,True
ai voor seo,ai seo,10,,0,,,commercial,,False
ai plagiarism checker small seo tools,ai seo,10,,0,,,commercial,,False
small seo tools ai humanizer,ai seo,10,,0,HIGH,,commercial,,False
seo ai article writer,ai seo,10,,0,HIGH,,commercial,,False
sintra ai seo,ai seo,10,,15.37,MEDIUM,,informational,,False
seoant ai seo optimizer,ai seo,10,,0,LOW,,commercial,,False
seo ai tools usa,ai seo,10,,0,LOW,,commercial,,False
seo generator ai,ai seo,10,,0,,60,commercial,,False
seo open ai,ai seo,10,,0,,,commercial,,False
ranked ai seo review,ai seo,10,,0,HIGH,,commercial,,False
is ai killing seo,ai seo,10,,6.67,LOW,3,informational,,True
ai semantic seo,ai seo,10,,0,LOW,,informational,,False
google seo ai tool,ai seo,10,,24.55,HIGH,,informational,,False
ai seo agency model disruption,ai seo,10,,0,,,commercial,,False
ai optimisation seo,ai seo,10,,0,LOW,,commercial,,False
meridian ai seo,ai seo,10,,0,MEDIUM,,navigational,,False
open ai for seo,ai seo,10,,0,LOW,,commercial,,False
ahrefs ai features seo,ai seo,10,,0,,,commercial,,False
seo for ai name,ai seo,10,,48.77,MEDIUM,,informational,,False
ai search impact on seo,ai seo,10,,0,LOW,,commercial,,False
ai seo tools for marketing agencies,ai seo,10,,39.47,HIGH,35,commercial,,False
seo ai summit,ai seo,10,,0,LOW,,informational,,False
enterprise seo ai trends 2025,ai seo,10,,0,,,commercial,,False
seo content writing ai tools,ai seo,10,,0,,,commercial,,False
seo writing ai pricing,ai seo,10,,0,LOW,16,commercial,,False
seo article writing ai,ai seo,10,,0.55,HIGH,,commercial,,False
what seo ai tools start,ai seo,10,,0,LOW,,informational,,True
best seo ai writing tools,ai seo,10,,0,HIGH,,commercial,best,False
seo ai tools etsy,ai seo,10,,0,,,navigational,,False
anvil ai seo,ai seo,10,,0,,,informational,,False
wix ai seo,ai seo,10,,0,MEDIUM,,navigational,,False
how to build an seo ai agent,ai seo,10,,54.13,MEDIUM,,informational,,True
does ai seo work,ai seo,10,,0,MEDIUM,,informational,,True
seo ai search,ai seo,10,,17.17,HIGH,,commercial,,False
best ai powered seo tools,ai seo,10,,0,LOW,,commercial,best,False
seo phoenix ai humanizer,ai seo,10,,0,,,navigational,,False
seo ai name,ai seo,10,,0,MEDIUM,,informational,,False
harbor ai seo,ai seo,10,,0,MEDIUM,,navigational,,False
surfer seo free ai detector,ai seo,10,,0,,,commercial,,False
google seo ai content,ai seo,10,,0,,,commercial,,False
ai mode impact on seo,ai seo,10,,0,LOW,,commercial,,False
lovable ai seo,ai seo,10,,0,MEDIUM,,informational,,False
ai seo singapore,ai seo,10,,0,LOW,,informational,,False
how will ai affect seo,ai seo,10,,6.07,LOW,34,informational,,True
wordpress seo ai plugin,ai seo,10,,5.42,HIGH,43,commercial,,False
best ai seo blog writer,ai seo,10,,0,HIGH,,commercial,best,False
claude ai seo skill,ai seo,10,,0,LOW,,transactional,,False
ai overviews google seo,ai seo,10,,0,,21,commercial,,False
seo marketing ai,ai seo,10,,46.6,MEDIUM,38,commercial,,False
seo analyzer ai,ai seo,10,,37.16,HIGH,72,commercial,,False
ai seo optimization course,ai seo,10,,2.37,LOW,,commercial,,False
free ai seo keyword generator,ai seo,10,,0,,,commercial,,False
best free ai for seo,ai seo,10,,16.29,LOW,,commercial,best,False
website seo ai,ai seo,10,,27.02,HIGH,,commercial,,False
ai visibility seo,ai seo,10,,0,LOW,,informational,,False
is seo ai accurate,ai seo,10,,0,,0,informational,,True
is seo dying with ai,ai seo,10,,0,LOW,,informational,,True
google ai mode and seo,ai seo,10,,0,,,informational,,False
seo tools ai checker,ai seo,10,,0,,,commercial,,False
ai for seo audit,ai seo,10,,0,,66,commercial,,False
ai writer seo,ai seo,10,,0,LOW,42,commercial,,False
smart seo youtube ai generator extension,ai seo,10,,0,HIGH,,commercial,,False
ai seo generator free,ai seo,10,,0,LOW,,commercial,,False
seo ai run,ai seo,10,,0,,,informational,,False
ai seo impact,ai seo,10,,0,,36,informational,,False
ai seo playbook,ai seo,10,,0,MEDIUM,,commercial,,False
ai era seo kpis,ai seo,10,,0,,,informational,,False
ai seo what is it called,ai seo,10,,0,MEDIUM,,informational,,False
seo article ai,ai seo,10,,0,MEDIUM,71,informational,,False
seo ai tools or personal possessions,ai seo,10,,0,,,navigational,,False
seo ai tools price,ai seo,10,,0,,,commercial,,False
seo ai tools 2024,ai seo,10,,0,LOW,39,commercial,,False
are seo ai tools good,ai seo,10,,0,,,informational,good,True
smart seo youtube ai generator,ai seo,10,,0,,,commercial,,False
seo rocket ai,ai seo,10,,52.88,MEDIUM,,commercial,,False
how to use ai to improve seo,ai seo,10,,0,HIGH,,informational,,True
seo ai tools reporting,ai seo,10,,0,,,commercial,,False
seo for ai results,ai seo,10,,0,HIGH,,commercial,,False
ai content writer seo,ai seo,10,,0,LOW,67,commercial,,False
ai seo extension,ai seo,10,,0,LOW,,commercial,,False
ai seo product description generator,ai seo,10,,0,,,navigational,,False
ai writing for seo,ai seo,10,,0,LOW,74,commercial,,False
small seo tools ai content detector,ai seo,10,,0,,,commercial,,False
ai for seo wordpress,ai seo,10,,0,HIGH,,commercial,,False
kazan seo ai detector,ai seo,10,,0,LOW,3,navigational,,False
seo ai tools help,ai seo,10,,0,LOW,,commercial,,False
ai for local seo,ai seo,10,,0,LOW,40,commercial,,False
rank seo ai,ai seo,10,,20.31,MEDIUM,,informational,,False
ai checker seo tools,ai seo,10,,0,,,commercial,,False
auto seo ai free,ai seo,10,,20.3,MEDIUM,,informational,,False
google seo ai content detection,ai seo,10,,0,LOW,,commercial,,False
agentic ai seo disruption,ai seo,10,,0,LOW,,informational,,False
role of ai in seo,ai seo,10,,0,,,commercial,,False
seo content ai tool,ai seo,10,,0,,,commercial,,False
seo ai tools v2 7,ai seo,10,,0,,,commercial,,False
ai seo for plumbers,ai seo,10,,39.46,LOW,,commercial,,False
ai seo mastering generative engine optimization geo,ai seo,10,,1.92,MEDIUM,,commercial,,False
instagram seo ai,ai seo,10,,0,HIGH,6,commercial,,False
seo ai kokemuksia,ai seo,10,,0,,,informational,,False
free ai seo keyword research tool,ai seo,10,,0,LOW,,commercial,,False
small seo tools ai,ai seo,10,,0,LOW,,commercial,,False
ai for seo free,ai seo,10,,14.63,LOW,23,commercial,,False
chatsonic seo ai agent,ai seo,10,,0,,,navigational,,False
geo ai seo herrmann new york magazine,ai seo,10,,0,,,transactional,,False
seo meta description ai,ai seo,10,,0,,,commercial,,False
ai seo agency in india,ai seo,10,,0,LOW,,commercial,,False
essential seo ai blog post,ai seo,10,,0,,,informational,,False
seo ai assistant,ai seo,10,,0,LOW,53,commercial,,False
free ai for seo,ai seo,10,,0,LOW,23,commercial,,False
ai google seo,ai seo,10,,0,HIGH,31,commercial,,False
seo ai tools ranking checker,ai seo,10,,0,,,commercial,,False
ai seo 2024,ai seo,10,,0,,,informational,,False
ai seo ahrefs,ai seo,10,,0,,,navigational,,False
seo ai reddit,ai seo,10,,0,LOW,,informational,,False
seo centric ai,ai seo,10,,0,,,commercial,,False
ai-powered seo course,ai seo,10,,0,HIGH,,commercial,,False
ai generated content and seo,ai seo,10,,0,HIGH,,commercial,,False
how to use ai seo to improve your website,ai seo,10,,29.31,MEDIUM,,informational,,True
seo ai use,ai seo,10,,0,,23,informational,,False
ai content impact on seo,ai seo,10,,0,,,commercial,,False
ai seo content generator free,ai seo,10,,31.68,LOW,,commercial,,False
ai seo fundamentals,ai seo,10,,0,HIGH,,informational,,False
youtube seo ai tools,ai seo,10,,0,,,commercial,,False
ai seo pro,ai seo,10,,0,MEDIUM,18,informational,,False
seo ai detector free,ai seo,10,,0,HIGH,,informational,,False
google ai for seo,ai seo,10,,40.11,LOW,31,commercial,,False
smart seo tools ai detector,ai seo,10,,0,,,commercial,,False
seo ai plugin,ai seo,10,,0,,,commercial,,False
seo ai tools tutorial,ai seo,10,,0,LOW,,commercial,,False
seo writing ai alternative,ai seo,10,,0,MEDIUM,,commercial,,False
will ai replace seo experts,ai seo,10,,0,LOW,,commercial,,True
seo ai tools to increase traffic,ai seo,10,,0,,,commercial,,False
seo audit ai tools,ai seo,10,,9.34,LOW,,commercial,,False
best ai seo course,ai seo,10,,0,LOW,,commercial,best,False
seo impact ai search results,ai seo,10,,0,,,commercial,,False
seo voor ai,ai seo,10,,0,,,informational,,False
seo ai backlink checker,ai seo,10,,0,,,informational,,False
seo core ai chatgpt plugin,ai seo,10,,0,LOW,,commercial,,False
which ai tool is best for seo content generation,ai seo,10,,0,,,commercial,best,True
ai ml seo,ai seo,10,,0,,,informational,,False
mango seo ai,ai seo,10,,0,,,informational,,False
davebirss/ai-seo,ai seo,10,,0,,,navigational,,False
seo-optimized content writing ai,ai seo,10,,0,,,commercial,,False
google ai mode seo impact,ai seo,10,,0,LOW,,commercial,,False
is seo dead because of ai,ai seo,10,,0,LOW,,informational,,True
sandbox ai seo extension,ai seo,10,,0,,,transactional,,False
seo guidelines google ai overviews,ai seo,10,,0,,,informational,,False
seo optimization ai free,ai seo,10,,19.04,LOW,,commercial,,False
seo keywords generator ai,ai seo,10,,0,LOW,31,commercial,,False
ai seo for ecommerce,ai seo,10,,26.9,LOW,0,commercial,,False
best ai writers for seo,ai seo,10,,0,LOW,40,commercial,best,False
does ai written content affect seo,ai seo,10,,0,,,informational,,True
seo in guk là ai,ai seo,10,,0,,,informational,,False
seo check ai,ai seo,10,,0,HIGH,,commercial,,False
ai seo tools reddit,ai seo,10,,0,HIGH,,commercial,,False
ai in seo 2025,ai seo,10,,0,,,informational,,False
ai seo art,ai seo,10,,0,,22,informational,,False
seo keyword generator ai,ai seo,10,,0,LOW,31,commercial,,False
seo ai tools for developers,ai seo,10,,0,LOW,,commercial,,False
seo blog ai,ai seo,10,,0,LOW,16,commercial,,False
seo magnifier ai paragraph rewriter,ai seo,10,,0,,,commercial,,False
ai changing seo,ai seo,10,,0,LOW,,informational,,False
ai seo logo,ai seo,10,,0,LOW,,informational,,False
will seo die with ai,ai seo,10,,0,LOW,,informational,,True
best ai prompts for seo,ai seo,10,,0,LOW,,commercial,best,False
ai overview impact on seo,ai seo,10,,0,LOW,,commercial,,False
seo ai visibility checklist,ai seo,10,,0,,,informational,,False
seo ai tools wordpress plugin,ai seo,10,,0,,,commercial,,False
ai for youtube seo,ai seo,10,,3.01,MEDIUM,11,commercial,,False
lazy seo ai,ai seo,10,,0,MEDIUM,,informational,,False
seo ai generated content,ai seo,10,,0,LOW,24,commercial,,False
bulk ai seo audit,ai seo,10,,0,,,transactional,,False
how to ai seo,ai seo,10,,0,HIGH,,informational,,True
google ai and seo,ai seo,10,,0,MEDIUM,,commercial,,False
ai seo course free,ai seo,10,,1.6,LOW,,commercial,,False
ai seo website,ai seo,10,,26.22,MEDIUM,,commercial,,False
ai blog seo,ai seo,10,,0,LOW,16,commercial,,False
ranked seo ai,ai seo,10,,20.31,MEDIUM,55,commercial,,False
seo for ai tools,ai seo,10,,76,HIGH,10,commercial,,False
byword seo ai,ai seo,10,,0,MEDIUM,,informational,,False
seo ai-generated content,ai seo,10,,0,LOW,24,commercial,,False
seona seo ai,ai seo,10,,25.17,HIGH,0,informational,,False
undetectable ai seo writer,ai seo,10,,0,,,commercial,,False
the wordpress & seo masterclass with generative ai 2024,ai seo,10,,0,LOW,,commercial,,False
ai seo outlines,ai seo,10,,0,LOW,,commercial,,False
google ai mode seo implications,ai seo,10,,0,,,commercial,,False
how ai is impacting seo,ai seo,10,,0,MEDIUM,,informational,,True
how can ai help with seo,ai seo,10,,0,MEDIUM,,informational,,True
google ai search seo,ai seo,10,,0,MEDIUM,,commercial,,False
ai seo images,ai seo,10,,0,LOW,,informational,,False
herramientas seo ai,ai seo,10,,0,LOW,,commercial,,False
seo ai tools like adobe photoshop,ai seo,10,,0,,,commercial,,False
best ai seo writing tools,ai seo,10,,0,LOW,,commercial,best,False
writing seo ai,ai seo,10,,0,,42,commercial,,False
seo and ai overview,ai seo,10,,0,MEDIUM,19,commercial,,False
seo ai tools download,ai seo,10,,0,LOW,,transactional,,False
writesonic seo ai agent,ai seo,10,,0,LOW,9,commercial,,False
auto seo ai review,ai seo,10,,0,HIGH,,informational,,False
ai seo vs geo,ai seo,10,,0,MEDIUM,,informational,,False
ai seo wordpress plugin,ai seo,10,,1.87,HIGH,43,commercial,,False
unified seo ppc strategy ai era,ai seo,10,,0,,,transactional,,False
ai and geo seo trends,ai seo,10,,0,,,commercial,,False
google ai update for seo,ai seo,10,,0,MEDIUM,,commercial,,False
ai seo website analysis,ai seo,10,,45.38,HIGH,,commercial,,False
webflow ai seo,ai seo,10,,0,LOW,,informational,,False
hyperlocal pr seo rankings ai search,ai seo,10,,0,,,commercial,,False
surfer seo ai logo,ai seo,10,,0,,,navigational,,False
top seo ai,ai seo,10,,0,,,commercial,top,False
ai untuk seo,ai seo,10,,0,,,commercial,,False
seo copilot ai,ai seo,10,,0,LOW,6,informational,,False
seo ranking ai,ai seo,10,,0,HIGH,55,commercial,,False
ai seo shopify,ai seo,10,,11.11,HIGH,58,commercial,,False
meet seona your personal ai seo agency,ai seo,10,,0,,,transactional,,False
is seo still relevant for generative ai search,ai seo,10,,0,MEDIUM,,commercial,,True
best seo writing ai,ai seo,10,,0,,,commercial,best,False
ai seo tool wordpress,ai seo,10,,0,,,commercial,,False
ai seo citations,ai seo,10,,0,,,informational,,False
ai seo kent,ai seo,10,,0,,,informational,,False
free ai website seo,ai seo,10,,0,,,commercial,,False
seo ai geo,ai seo,10,,0,MEDIUM,20,informational,,False
squarespace seo ai,ai seo,10,,0,HIGH,19,commercial,,False
ai seo tools for youtube,ai seo,10,,0,LOW,,commercial,,False
largest ai seo case study,ai seo,10,,0,,,commercial,largest,False
seo ai tools used,ai seo,10,,0,,,commercial,,False
best ai for website seo,ai seo,10,,16.82,MEDIUM,,commercial,best,False
automate seo with ai,ai seo,10,,30.49,LOW,27,transactional,,False
what seo ai tools in marketing,ai seo,10,,0,,,informational,,True
seo ai prompts,ai seo,10,,18.85,MEDIUM,,informational,,False
ai youtube seo,ai seo,10,,0,LOW,11,informational,,False
white label ai seo,ai seo,10,,21.12,LOW,,informational,,False
seo writing ai tools,ai seo,10,,0,LOW,,commercial,,False
seo for google ai,ai seo,10,,0,MEDIUM,31,informational,,False
seo ai tools mobile,ai seo,10,,0,,,commercial,,False
seo automation ai,ai seo,10,,19,LOW,27,commercial,,False
seo ai bot,ai seo,10,,12.54,LOW,18,informational,,False
seo ai logo,ai seo,10,,0,LOW,,informational,,False
seo audit ai tool,ai seo,10,,9.34,LOW,,commercial,,False
can ai replace seo jobs,ai seo,10,,0,LOW,,informational,,True
does ai content affect seo,ai seo,10,,0,LOW,33,informational,,True
does ai-generated content affect seo,ai seo,10,,0,MEDIUM,,informational,,True
geo ai seo herrmann york magazine,ai seo,10,,0,,,transactional,,False
free ai seo blog writer,ai seo,10,,0,HIGH,,commercial,,False
best seo ai agent,ai seo,10,,0,LOW,,commercial,best,False
write seo ai,ai seo,10,,0,,42,commercial,,False
llm ai seo,ai seo,10,,0,,,informational,,False
ai seo and geo,ai seo,10,,17.68,HIGH,,informational,,False
best ai for seo reddit,ai seo,10,,0,LOW,,commercial,best,False
ai replacing seo,ai seo,10,,0,MEDIUM,,transactional,,False
ai seo heist,ai seo,10,,0,,,informational,,False
seo in ai era,ai seo,10,,0,HIGH,,informational,,False
which ai tool is best for seo,ai seo,10,,0,LOW,,commercial,best,True
ai for technical seo,ai seo,10,,32.28,MEDIUM,,commercial,,False
ai copilot seo experiments,ai seo,10,,0,,,commercial,,False
seo blog writer ai,ai seo,10,,0,,74,commercial,,False
ai seo meta description,ai seo,10,,0,,,commercial,,False
seo ai tools new,ai seo,10,,0,,,commercial,,False
seo vs ppc vs ai,ai seo,10,,0,,,commercial,,False
seo keyword ai,ai seo,10,,0,LOW,,commercial,,False
seo ai model,ai seo,10,,0,LOW,,informational,,False
seo ai seo herrmann new york magazine,ai seo,10,,0,,,informational,,False
youtube video seo ai,ai seo,10,,0,,,informational,,False
ai impact seo measurement,ai seo,10,,0,,,commercial,,False
seo writing ai affiliate program,ai seo,10,,0,MEDIUM,,commercial,,False
best ai seo tools for optimizing content for chatgpt searches,ai seo,10,,0,,,commercial,best,False
seo optimization for ai search,ai seo,10,,32.46,MEDIUM,,commercial,,False
ai seo aeo,ai seo,10,,21.09,MEDIUM,,informational,,False
seo studio ai tools,ai seo,10,,0,,,commercial,,False
ai seo success lab,ai seo,10,,12.31,MEDIUM,13,commercial,,False
seo ai agent n8n,ai seo,10,,0,,,navigational,,False
best ai seo plugin for wordpress,ai seo,10,,20.43,HIGH,,commercial,best,False
does ai generated content affect seo,ai seo,10,,0,MEDIUM,,informational,,True
seo ai youtube,ai seo,10,,0,HIGH,,informational,,False
supercharge youtube seo with ai keyword generator,ai seo,10,,0,,,commercial,,False
seo analysis ai,ai seo,10,,19.93,HIGH,,commercial,,False
rank math seo with ai seo tools,ai seo,10,,0,,,commercial,,False
generative ai seo course,ai seo,10,,0,LOW,,commercial,,False
ai reshaping seo,ai seo,10,,58.58,HIGH,,informational,,False
ai seo image,ai seo,10,,0,,,informational,,False
best ai for writing seo content,ai seo,10,,15.42,HIGH,,commercial,best,False
ai seo article generator,ai seo,10,,0,LOW,,informational,,False
ai for seo writing,ai seo,10,,0,LOW,42,commercial,,False
seo personas ai search,ai seo,10,,0,,,informational,,False
ai and seo trends for agencies,ai seo,10,,0,,,commercial,,False
seo by brain buddy ai,ai seo,10,,0,,,commercial,,False
conversion ai seo,ai seo,10,,0,MEDIUM,,commercial,,False
using ai as your seo assistant,ai seo,10,,0,HIGH,,informational,,False
seo generative ai,ai seo,10,,0,,60,commercial,,False
best ai seo tools for small businesses,ai seo,10,,52.03,MEDIUM,,commercial,best,False
how ai affects seo,ai seo,10,,7.61,LOW,,informational,,True
seo taiji là ai,ai seo,10,,0,,,informational,,False
seo free ai,ai seo,10,,0,,23,commercial,,False
ai checker seo,ai seo,10,,0,MEDIUM,78,commercial,,False
seo description ai,ai seo,10,,0,,,commercial,,False
ai seo optimizer,ai seo,10,,0,LOW,29,commercial,,False
ai seo plugin wordpress,ai seo,10,,0,HIGH,43,commercial,,False
will ai make seo obsolete,ai seo,10,,0,LOW,,informational,,True
proven ai visibility from seo strategy to geo tactics,ai seo,10,,0,,,commercial,,False
seo articles ai,ai seo,10,,0,MEDIUM,71,commercial,,False
harpa ai seo,ai seo,10,,0,LOW,3,informational,,False
wp seo ai arvostelut,ai seo,10,,0,,,informational,,False
ai en seo,ai seo,10,,0,,,informational,,False
will ai replace seo specialists,ai seo,10,,0,LOW,,commercial,,True
harbor seo ai,ai seo,10,,0,MEDIUM,,navigational,,False
seo on ai,ai seo,10,,0,HIGH,52,commercial,,False
ai seo workshop,ai seo,10,,0,,,informational,,False
using ai for seo content,ai seo,10,,26.18,HIGH,,commercial,,False
webtrek free ai seo tool,ai seo,10,,0,,,informational,,False
ai seo services in india,ai seo,10,,0,LOW,,commercial,,False
seo ai tools like spyfu,ai seo,10,,0,,,commercial,,False
youtube seo ai tool,ai seo,10,,0,,,commercial,,False
google ai max seo,ai seo,10,,0,,,informational,,False
google ai impact on seo,ai seo,10,,0,LOW,,commercial,,False
seo writing ai coupon,ai seo,10,,0,,,commercial,,False
surfer seo ai writer,ai seo,10,,0,,,commercial,,False
ai tools for youtube seo,ai seo,10,,0,LOW,,commercial,,False
surfer seo ai humanizer free,ai seo,10,,0,LOW,44,commercial,,False
onpage seo ai,ai seo,10,,0,MEDIUM,,informational,,False
ai writer for seo,ai seo,10,,0,LOW,39,commercial,,False
ai seo website builder,ai seo,10,,23.36,MEDIUM,54,commercial,,False
seo optimizer ai free,ai seo,10,,0,LOW,,commercial,,False
seo vs ai search optimization,ai seo,10,,0,LOW,,commercial,,False
google ai seo course,ai seo,10,,4.26,MEDIUM,,commercial,,False
seo optimisation ai,ai seo,10,,0,,,commercial,,False
seo after ai,ai seo,10,,7.41,MEDIUM,,commercial,,False
google ai overview impact on seo,ai seo,10,,0,LOW,,informational,,False
seo for ai answers,ai seo,10,,0,,,commercial,,False
local seo ai tool,ai seo,10,,19.76,HIGH,,commercial,,False
seo ai generator free,ai seo,10,,0,LOW,,commercial,,False
seo analysis ai tool,ai seo,10,,0,MEDIUM,,commercial,,False
grok ai seo,ai seo,10,,10.11,HIGH,,informational,,False
seo ai shopify,ai seo,10,,0,,58,commercial,,False
seo ai tools needed,ai seo,10,,0,,,commercial,,False
seo ai content detector,ai seo,10,,8.38,MEDIUM,32,commercial,,False
ai content detector small seo,ai seo,10,,0,,,commercial,,False
wp seo ai reviews,ai seo,10,,0,,,commercial,,False
can i use ai for seo,ai seo,10,,84.41,LOW,,informational,,True
best ai seo tools free,ai seo,10,,28.96,LOW,22,commercial,best,False
ai seo icon,ai seo,10,,0,LOW,,navigational,,False
seo blog post ai,ai seo,10,,0,,,commercial,,False
is seo writing ai free,ai seo,10,,0,LOW,16,informational,,True
best ai seo content writer,ai seo,10,,0,LOW,14,commercial,best,False
ai seo agency singapore,ai seo,10,,0,LOW,,commercial,,False
is ai bad for seo,ai seo,10,,0,LOW,19,informational,,True
seo ai tools for youtube,ai seo,10,,11.45,HIGH,,commercial,,False
ai changing seo strategies,ai seo,10,,8.78,HIGH,,commercial,,False
is seo dead after ai,ai seo,10,,0,LOW,,informational,,True
seo writing ai 1 click blog post,ai seo,10,,0,,,informational,,False
seo checker ai,ai seo,10,,0,HIGH,78,commercial,,False
seo ai affiliate program,ai seo,10,,0,HIGH,,commercial,,False
ai overviews ecommerce seo,ai seo,10,,0,,,informational,,False
ai seo generator,ai seo,10,,73.91,MEDIUM,40,commercial,,False
ai website builder with seo,ai seo,10,,27.69,HIGH,,commercial,,False
ai seo strategy 2026,ai seo,10,,0,HIGH,,informational,,False
seo ai title generator,ai seo,10,,0,,,commercial,,False
seo mentor ai,ai seo,10,,0,,,commercial,,False
ai seo writer free,ai seo,10,,0,,39,commercial,,False
what is seo but for ai,ai seo,10,,0,MEDIUM,,informational,,True
seo ai tools jimdo,ai seo,10,,0,,,commercial,,False
seo agentic ai,ai seo,10,,0,HIGH,,navigational,,False
can we use ai content for seo,ai seo,10,,0,LOW,,informational,,True
seo google ai,ai seo,10,,38.68,MEDIUM,31,commercial,,False
searchable ai seo,ai seo,10,,46.43,MEDIUM,,informational,,False
seo ai writing,ai seo,10,,0,HIGH,68,commercial,,False
seo ai automation,ai seo,10,,59.6,HIGH,27,commercial,,False
seo specialist skills ai era,ai seo,10,,0,,,commercial,,False
seo ai google,ai seo,10,,0,MEDIUM,31,navigational,,False
seo ai tools word changer,ai seo,10,,0,,,commercial,,False
ai seo 2025,ai seo,10,,0,,,informational,,False
ai seo tactics,ai seo,10,,0,MEDIUM,,informational,,False
chatgpt seo core ai,ai seo,10,,0,,,commercial,,False
local seo with ai,ai seo,10,,27.58,LOW,40,commercial,,False
rankmath seo ai,ai seo,10,,0,MEDIUM,,informational,,False
seo for ai course,ai seo,10,,0,HIGH,12,commercial,,False
ai seo for etsy,ai seo,10,,0,,,commercial,,False
ai keyword tool for seo research,ai seo,10,,0,LOW,43,commercial,,False
ai seo specialist jobs,ai seo,10,,0,LOW,,commercial,,False
the publicity ai seo & content marketing scholarship,ai seo,10,,0,,,commercial,,False
leveraging generative ai advanced seo,ai seo,10,,0,,,commercial,,False
ai seo blog,ai seo,10,,9.57,LOW,16,commercial,,False
seo course 2025 complete ai seo masterclass,ai seo,10,,0,,,informational,,False
seo in age of ai,ai seo,10,,0,MEDIUM,17,informational,,False
ecommerce seo product description writer ai gpt,ai seo,10,,0,,,commercial,,False
new seo ai,ai seo,10,,0,,,informational,,False
how to optimise seo for ai,ai seo,10,,0,,,informational,,True
seo beyond website ai era,ai seo,10,,0,,,transactional,,False
seo title ai,ai seo,10,,0,,,commercial,,False
seo for gen ai,ai seo,10,,0,,,informational,,False
seo ai tools uk,ai seo,10,,0,,,commercial,,False
ai seo webinar,ai seo,10,,0,HIGH,,informational,,False
ai seo herrmann new york magazine,ai seo,10,,0,,,informational,,False
seo ai new york magazine,ai seo,10,,0,,,informational,,False
ai seo in 2025,ai seo,10,,0,,,informational,,False
geo x local seo ai citations,ai seo,10,,0,,,informational,,False
seo ai audit,ai seo,10,,21,HIGH,66,commercial,,False
seo small tools ai checker,ai seo,10,,0,,,commercial,,False
drupal ai seo,ai seo,10,,0,LOW,,commercial,,False
seo and ai-generated content,ai seo,10,,12.89,MEDIUM,30,commercial,,False
ai seo meta description generator,ai seo,10,,0,HIGH,,commercial,,False
seo prompts for ai,ai seo,10,,39.02,MEDIUM,,commercial,,False
seo writing ai login,ai seo,10,,0,,,navigational,,False
improve seo with ai,ai seo,10,,32.96,LOW,38,commercial,,False
seo ai oy,ai seo,10,,0,LOW,,informational,,False
how can ai improve seo,ai seo,10,,0,,,informational,,True
ai seo automation tools,ai seo,10,,116.74,LOW,,commercial,,False
seo ai tools to find keywords,ai seo,10,,0,LOW,,commercial,,False
ai overviews impact on seo,ai seo,10,,0,LOW,,informational,,False
ai overviews seo content marketing roi,ai seo,10,,0,,,commercial,,False
seo ai news,ai seo,10,,22.54,LOW,,informational,,False
chloe seo ai,ai seo,10,,0,LOW,,informational,,False
is seo going to be replaced by ai,ai seo,10,,0,LOW,,informational,,True
ai seo github,ai seo,10,,0,MEDIUM,,informational,,False
seo schmiede ai,ai seo,10,,0,,0,commercial,,False
relevance of seo in ai era,ai seo,10,,0,HIGH,,commercial,,False
kazan seo ai content detector,ai seo,10,,0,,,commercial,,False
rank math seo content ai,ai seo,10,,0,MEDIUM,,commercial,,False
how seo will change with ai,ai seo,10,,0,LOW,47,informational,,True
free seo ai generator,ai seo,10,,0,MEDIUM,,commercial,,False
seo ai images,ai seo,10,,0,,,informational,,False
free youtube seo ai,ai seo,10,,0,,,commercial,,False
seo writing ai humanizer,ai seo,10,,0,,,commercial,,False
medium ai seo,ai seo,10,,0,HIGH,,informational,,False
seo ai tools group buy similarweb,ai seo,10,,0,,,commercial,,False
ai seo techniques,ai seo,10,,19.42,HIGH,,informational,,False
seo optimized content writing ai,ai seo,10,,0,,,commercial,,False
seo and ai generated content,ai seo,10,,12.89,MEDIUM,30,commercial,,False
benefits of ai in seo,ai seo,10,,0,,,commercial,,False
ai mode and seo,ai seo,10,,0,LOW,,commercial,,False
seo content strategy with ai,ai seo,10,,0,,,commercial,,False
google seo ai generated content,ai seo,10,,0,LOW,,informational,,False
seo ai website,ai seo,10,,0,,,commercial,,False
seo vs ai seo,ai seo,10,,14.21,LOW,23,informational,,False
daydream ai seo,ai seo,10,,20.71,MEDIUM,,informational,,False
ai seo expert in india,ai seo,10,,0,,,commercial,,False
seo writing ai group buy,ai seo,10,,0,,,commercial,,False
ai seo text,ai seo,10,,0,LOW,,informational,,False
youtube seo generator ai,ai seo,10,,0,,,commercial,,False
agentic seo ai audit,ai seo,10,,0,,,commercial,,False
ai website seo,ai seo,10,,50.8,HIGH,,commercial,,False
seo ai ranking,ai seo,10,,0,,55,commercial,,False
ai seo impact analysis carolyn shelby,ai seo,10,,0,LOW,,commercial,,False
all in one seo ai,ai seo,10,,0,HIGH,,commercial,,False
squirrly seo ai,ai seo,10,,0,,,commercial,,False
ai seo geo aeo,ai seo,10,,0,HIGH,,informational,,False
seo ai tools tag generator,ai seo,10,,0,LOW,,commercial,,False
will ai replace seo jobs,ai seo,10,,0,LOW,,informational,,True
ai e seo,ai seo,10,,0,,,informational,,False
ecommerce ai seo,ai seo,10,,0,LOW,11,commercial,,False
write seo content ai,ai seo,10,,0,LOW,31,commercial,,False
ai and seo 2025,ai seo,10,,0,,,commercial,,False
will ai take over seo,ai seo,10,,0,LOW,,informational,,True
seo ai tools access,ai seo,10,,0,LOW,,commercial,,False
seo ai tools javascript,ai seo,10,,0,,,commercial,,False
seo 3 ai,ai seo,10,,0,,,informational,,False
technical seo ai,ai seo,10,,0,LOW,,commercial,,False
free ai seo audit,ai seo,10,,35.71,LOW,,commercial,,False
using ai to improve seo,ai seo,10,,9.18,HIGH,,commercial,,False
ai powered seo audit,ai seo,10,,0,,,commercial,,False
ai seo semrush,ai seo,10,,0,MEDIUM,60,informational,,False
google ai content seo,ai seo,10,,0,LOW,,commercial,,False
yt seo ai,ai seo,10,,0,,,informational,,False
ai seo masterclass,ai seo,10,,0,,,commercial,,False
seo ai chrome extension,ai seo,10,,0,,,commercial,,False
how ai will affect seo,ai seo,10,,3.52,HIGH,29,informational,,True
ai seo article writer,ai seo,10,,14.9,HIGH,,commercial,,False
ai seo startup,ai seo,10,,23.31,HIGH,,commercial,,False
seo for ai called,ai seo,10,,0,MEDIUM,,commercial,,False
seo tool ai checker,ai seo,10,,0,,,commercial,,False
google ai overviews seo ranking,ai seo,10,,0,LOW,,informational,,False
seo ai chat,ai seo,10,,0,HIGH,,informational,,False
seo for ai mode,ai seo,10,,0,LOW,34,informational,,False
mistral ai seo,ai seo,10,,0,,,navigational,,False
ai detector seo tools,ai seo,10,,0,,,commercial,,False
generative engine optimization wordpress plugin,generative engine optimization,10,,0,HIGH,,commercial,,False
generative engine optimization profound bluefish ai,generative engine optimization,10,,0,,,commercial,,False
generative engine optimization tips,generative engine optimization,10,,3.18,LOW,,commercial,,False
generative engine optimization wikipedia,generative engine optimization,10,,1.46,LOW,,commercial,,False
how does generative ai assist in search engine optimization,generative engine optimization,10,,0,LOW,,informational,,True
generative engine optimization case study,generative engine optimization,10,,0,HIGH,,commercial,,False
generative engine optimization what is it,generative engine optimization,10,,0,MEDIUM,,informational,,False
geo generative engine optimization arxiv,generative engine optimization,10,,0,LOW,,commercial,,False
generative engine optimization wiki,generative engine optimization,10,,0,,,commercial,,False
geo generative engine optimization pranjal aggarwal,generative engine optimization,10,,0,LOW,,commercial,,False
generative engine optimization 2026,generative engine optimization,10,,0,,,commercial,,False
top generative engine optimization tools for ai search results,generative engine optimization,10,,0,,,commercial,top,False
generative engine optimization vs aeo,generative engine optimization,10,,0,MEDIUM,,commercial,,False
generative engine optimization semrush,generative engine optimization,10,,0,HIGH,22,commercial,,False
que es geo generative engine optimization,generative engine optimization,10,,0,,,informational,,False
geo generative engine optimization tools,generative engine optimization,10,,0,LOW,19,commercial,,False
generative engine optimization and answer engine optimization,generative engine optimization,10,,0,HIGH,,commercial,,False
how to measure generative engine optimization,generative engine optimization,10,,0,LOW,,informational,,True
generative engine optimization webinar,generative engine optimization,10,,12.19,HIGH,,commercial,,False
generative engine optimization github,generative engine optimization,10,,0,LOW,,commercial,,False
generative engine optimization free course,generative engine optimization,10,,0,,,commercial,,False
generative engine optimization icon,generative engine optimization,10,,0,LOW,,informational,,False
generative engine optimization arxiv,generative engine optimization,10,,0,LOW,,commercial,,False
learn generative engine optimization,generative engine optimization,10,,10.44,HIGH,,commercial,,False
reddit generative engine optimization,generative engine optimization,10,,0,LOW,,informational,,False
generative engine optimization que es,generative engine optimization,10,,0,,,informational,,False
geo generative engine optimization paper,generative engine optimization,10,,0,HIGH,,commercial,,False
how to implement generative engine optimization,generative engine optimization,10,,0,LOW,,informational,,True
ai monitor's course on generative engine optimization,generative engine optimization,10,,0,,,commercial,,False
geo: generative engine optimization pranjal aggarwal,generative engine optimization,10,,0,LOW,,commercial,,False
wat is generative engine optimization,generative engine optimization,10,,0,,,informational,,False
generative engine optimization training,generative engine optimization,10,,0,LOW,,commercial,,False
generative engine optimization book,generative engine optimization,10,,9.92,HIGH,,commercial,,False
generative engine optimization research paper,generative engine optimization,10,,0,HIGH,,informational,,False
reddit generative engine optimization etsy,generative engine optimization,10,,0,,,informational,,False
generative engine optimization startups,generative engine optimization,10,,0,HIGH,,commercial,,False
generative engine optimization audit,generative engine optimization,10,,0,HIGH,,commercial,,False
top generative engine optimization companies,generative engine optimization,10,,35.11,MEDIUM,,commercial,top,False
generative engine optimization coursera,generative engine optimization,10,,0,LOW,,commercial,,False
generative engine optimization pdf,generative engine optimization,10,,8.87,LOW,,informational,,False
how generative engine optimization geo rewrites the rules of search,generative engine optimization,10,,0,LOW,,informational,,True
generative engine optimization expert,generative engine optimization,10,,21.82,LOW,,commercial,,False
geo: generative engine optimization paper,generative engine optimization,10,,0,HIGH,,commercial,,False
how to improve generative engine optimization,generative engine optimization,10,,21.98,MEDIUM,,informational,,True
generative engine optimization certification free,generative engine optimization,10,,6.87,MEDIUM,,commercial,,False
generative engine optimization checker,generative engine optimization,10,,0,LOW,,commercial,,False
generative engine optimization how to,generative engine optimization,10,,22.01,MEDIUM,,informational,,False
geo: generative engine optimization aggarwal,generative engine optimization,10,,0,MEDIUM,,commercial,,False
generative engine optimization course free,generative engine optimization,10,,6.4,MEDIUM,,commercial,,False
generative engine optimization full course,generative engine optimization,10,,0,,,commercial,,False
best generative engine optimization platforms for ai search results,generative engine optimization,10,,0,,,commercial,best,False
geo generative engine optimization course,generative engine optimization,10,,3.26,HIGH,,commercial,,False
how generative engine optimization works,generative engine optimization,10,,0,,,informational,,True
look generative engine optimization profound bluefish,generative engine optimization,10,,0,,,commercial,,False
google generative engine optimization,generative engine optimization,10,,26.18,MEDIUM,,commercial,,False
generative engine optimization report,generative engine optimization,10,,25.88,HIGH,,commercial,,False
generative engine optimization or geo,generative engine optimization,10,,0,HIGH,,informational,,False
generative engine optimization google,generative engine optimization,10,,0,MEDIUM,,commercial,,False
geo generative engine optimization pdf,generative engine optimization,10,,0,HIGH,,commercial,,False
answer engine optimization full course,answer engine optimization,10,,0,,,commercial,,False
answer engine optimization jobs,answer engine optimization,10,,0.9,LOW,,commercial,,False
answer engine optimization icon,answer engine optimization,10,,0,LOW,,informational,,False
answer engine optimization tutorial,answer engine optimization,10,,0,LOW,,informational,,False
answer engine optimization meaning,answer engine optimization,10,,11.25,LOW,,informational,,False
answer engine optimization hubspot,answer engine optimization,10,,17.66,MEDIUM,,commercial,,False
answer engine optimization vs geo,answer engine optimization,10,,3.83,MEDIUM,,commercial,,False
answer engine optimization zero click searches,answer engine optimization,10,,0,,,commercial,,False
answer engine optimization companies,answer engine optimization,10,,233.61,MEDIUM,,commercial,,False
answer engine optimization wikipedia,answer engine optimization,10,,0,LOW,,informational,,False
answer engine optimization aeo course,answer engine optimization,10,,0,MEDIUM,,commercial,,False
answer engine optimization reddit,answer engine optimization,10,,0,MEDIUM,,commercial,,False
how to do answer engine optimization,answer engine optimization,10,,0,LOW,,informational,,True
aeo answer engine optimization course,answer engine optimization,10,,3.87,HIGH,,commercial,,False
answer engine optimization course free,answer engine optimization,10,,8.36,LOW,,commercial,,False
modern web design company,web design company,10,,33.11,MEDIUM,,commercial,,False
web design company buffalo,web design company,10,,0,LOW,38,commercial,,False
vision statement for web design company,web design company,10,,0,,44,informational,,False
web design company presentation,web design company,10,,0,,,informational,,False
web design company chandigarh,web design company,10,,0,,34,commercial,,False
web design company mission statement,web design company,10,,0,,,commercial,,False
web design company anoka,web design company,10,,0,,0,commercial,,False
black sheep web design company,web design company,10,,0,,,navigational,,False
best web design company in houston,web design company,10,,0,LOW,,commercial,best,False
company profile web page design,web design company,10,,0,,,navigational,,False
web design company facebook page,web design company,10,,0,,55,navigational,,False
questions to ask web design company,web design company,10,,0,,,informational,,False
hub sol technologies web design company in dubai,web design company,10,,0,,,commercial,,False
bangalore web design company,web design company,10,,0,LOW,52,commercial,,False
about web design company,web design company,10,,0,LOW,88,commercial,,False
affordable web design company india,web design company,10,,0,,,commercial,affordable,False
best mobile web design company,web design company,10,,0,,,commercial,best,False
web design company san marcos tx,web design company,10,,0,,0,commercial,,False
best web design company in australia,web design company,10,,0,HIGH,12,commercial,best,False
blog topics for web design company,web design company,10,,0,,,commercial,,False
best web design company in delhi,web design company,10,,5.62,MEDIUM,,commercial,best,False
digital solution web design company,web design company,10,,0,,,commercial,,False
how to choose the right web design company,web design company,10,,0,LOW,,informational,,True
web design company in vijayawada,web design company,10,,0,,44,commercial,,False
sell web design company,web design company,10,,0,,,transactional,,False
web design company in delhi ncr,web design company,10,,0,,50,commercial,,False
best web design company in qatar,web design company,10,,0,LOW,,commercial,best,False
syracuse web design company,web design company,10,,0,,,commercial,,False
web design company woburn ma,web design company,10,,0,,,commercial,,False
web design company france,web design company,10,,0,HIGH,44,commercial,,False
premium web design company,web design company,10,,2.03,MEDIUM,,commercial,,False
web design company in riyadh,web design company,10,,0,MEDIUM,45,commercial,,False
ecommerce web design company in india,web design company,10,,0,LOW,16,commercial,,False
business plan for a web design company,web design company,10,,0,,0,commercial,,False
web design company theme,web design company,10,,0,,,commercial,,False
web design company in anand,web design company,10,,0,,,commercial,,False
good names for web design company,web design company,10,,2.89,LOW,,commercial,good,False
web design company ga,web design company,10,,0,LOW,73,commercial,,False
web design company in jodhpur,web design company,10,,0,,68,commercial,,False
web design company milwaukee wi,web design company,10,,0,,82,commercial,,False
unique web design company names,web design company,10,,0,,,commercial,,False
web design company kuwait,web design company,10,,0,LOW,100,commercial,,False
swot analysis for web design company,web design company,10,,0,LOW,42,commercial,,False
web design company blogspot,web design company,10,,0,,34,commercial,,False
web design company lansing mi,web design company,10,,0,,,commercial,,False
burlington web design company,web design company,10,,0,LOW,37,commercial,,False
web page design for construction company,web design company,10,,0,,,navigational,,False
web design company names list,web design company,10,,0,,48,commercial,,False
best web design company bangalore,web design company,10,,0,,,commercial,best,False
web design company gujarat,web design company,10,,0,,82,commercial,,False
wordpress templates for web design company,web design company,10,,0,LOW,100,commercial,,False
top web design company in florida,web design company,10,,19.71,LOW,,commercial,top,False
best web design company in tamilnadu,web design company,10,,0,,,commercial,best,False
web banner design company,web design company,10,,0,LOW,47,commercial,,False
custom web design company in usa,web design company,10,,0,,,commercial,,False
canada web design company,web design company,10,,0,LOW,45,commercial,,False
best web design company toronto,web design company,10,,0,,,commercial,best,False
web design company name list,web design company,10,,0,LOW,8,commercial,,False
web design company in tokyo,web design company,10,,0,LOW,54,commercial,,False
no 1 web design company,web design company,10,,0,HIGH,,commercial,no 1,False
ecommerce web design company india,web design company,10,,0,,24,commercial,,False
web design company melbourne fl,web design company,10,,0,,49,commercial,,False
tagline for web design company,web design company,10,,0,,43,commercial,,False
web design company price list,web design company,10,,0,,62,commercial,,False
web design company in visakhapatnam,web design company,10,,0,HIGH,44,commercial,,False
web design company in kollam,web design company,10,,0,,,commercial,,False
web design company in guwahati,web design company,10,,0,LOW,45,commercial,,False
freelance web design company,web design company,10,,0,LOW,58,commercial,,False
top web design company in california,web design company,10,,0,,35,commercial,top,False
web design company business plan sample,web design company,10,,0,,,commercial,,False
web design company manila,web design company,10,,0,LOW,47,commercial,,False
good names for a web design company,web design company,10,,2.89,LOW,,commercial,good,False
benefits of hiring a web design company,web design company,10,,0,,,informational,,False
best web design company in kochi,web design company,10,,0,,,commercial,best,False
best web design company cochin,web design company,10,,0,,,commercial,best,False
best web design company houston,web design company,10,,0,LOW,,commercial,best,False
albany web design company,web design company,10,,0,,,commercial,,False
sri lanka web design company,web design company,10,,0,,71,navigational,,False
best web design company ct,web design company,10,,0,HIGH,,commercial,best,False
rivulet iq web design & ecommerce development company,web design company,10,,0,,,commercial,,False
best web design company nj,web design company,10,,0,LOW,,commercial,best,False
best web design company in sydney,web design company,10,,0,,,commercial,best,False
small web design company near me,web design company,10,,0,,,commercial,,False
web design company london uk,web design company,10,,0,LOW,100,commercial,,False
web design company inspiration,web design company,10,,0,,,commercial,,False
web design company with background,web design company,10,,0,,,commercial,,False
start a web design company,web design company,10,,0,HIGH,47,commercial,,False
nigeria web design company,web design company,10,,0,,49,commercial,,False
web design company in india list,web design company,10,,0,,,commercial,,False
web design company lancaster,web design company,10,,0,,43,commercial,,False
web design company mangalore,web design company,10,,0,,88,commercial,,False
questions to ask a web design company,web design company,10,,0,,,informational,,False
web design company in vizag,web design company,10,,0,,14,commercial,,False
seo keywords for web design company,web design company,10,,0,,,commercial,,False
web design company brochure pdf,web design company,10,,0,LOW,44,navigational,,False
web design company international,web design company,10,,0,,100,commercial,,False
waytowebs best web design company in hyderabad,web design company,10,,0,,,commercial,best,False
web design company in raipur,web design company,10,,0,,,commercial,,False
montana web design company,web design company,10,,0,LOW,70,commercial,,False
web design company brighton,web design company,10,,0,,45,commercial,,False
web design company in gurgaon,web design company,10,,0,,99,commercial,,False
web design company in france,web design company,10,,0,HIGH,44,commercial,,False
web design company vt,web design company,10,,0,LOW,94,commercial,,False
web development company logo design,web design company,10,,0,,49,navigational,,False
best web design company in nagercoil,web design company,10,,0,,,commercial,best,False
web design company illinois,web design company,10,,0,LOW,54,commercial,,False
glasgow web design company,web design company,10,,0,,53,commercial,,False
web design company in alpharetta ga,web design company,10,,0,,,commercial,,False
web design company in panchkula,web design company,10,,0,,43,commercial,,False
web design company kent,web design company,10,,0,LOW,79,commercial,,False
top 10 web design company in ahmedabad,web design company,10,,0,HIGH,,commercial,top 10,False
web design company in moradabad,web design company,10,,0,,,commercial,,False
salem web design company,web design company,10,,0,LOW,45,commercial,,False
web design company surat,web design company,10,,0,,50,navigational,,False
web design company pretoria,web design company,10,,0,LOW,68,commercial,,False
web design company alpharetta ga,web design company,10,,0,,,commercial,,False
web design company wolverhampton,web design company,10,,0,,54,commercial,,False
web design company tirupati,web design company,10,,0,,,navigational,,False
best web design company in boston,web design company,10,,0,LOW,,commercial,best,False
web design company philadelphia pa,web design company,10,,0,LOW,64,commercial,,False
web design company kuala lumpur,web design company,10,,0,,41,navigational,,False
responsive web design company chennai,web design company,10,,0,,,commercial,,False
web design company portfolio pdf,web design company,10,,0,LOW,42,navigational,,False
web design company templates free download,web design company,10,,0,,,navigational,,False
web design company name,web design company,10,,0,LOW,13,commercial,,False
name ideas for web design company,web design company,10,,5.33,MEDIUM,0,commercial,,False
web design company in rajasthan,web design company,10,,0,,,commercial,,False
advan seo & web design company,web design company,10,,0,LOW,,commercial,,False
top web design company in delhi,web design company,10,,5.62,MEDIUM,,commercial,top,False
tips for choosing a web design company,web design company,10,,0,LOW,,informational,,False
top web design company in hyderabad,web design company,10,,0,,,commercial,top,False
web design company in montreal,web design company,10,,0,LOW,72,commercial,,False
web design company in agra,web design company,10,,0,,47,commercial,,False
web design company brochure template,web design company,10,,0,,52,informational,,False
web design company la,web design company,10,,0,,82,commercial,,False
web design company durban,web design company,10,,0,,75,commercial,,False
palm harbor web design company,web design company,10,,0,LOW,,commercial,,False
web design company bath,web design company,10,,0,,,commercial,,False
web design company directory usa,web design company,10,,0,,,commercial,,False
web design company business plan pdf,web design company,10,,0,,,informational,,False
web design company in islamabad,web design company,10,,0,LOW,48,commercial,,False
german web design company,web design company,10,,0,,,commercial,,False
ahmedabad web design company,web design company,10,,0,MEDIUM,48,commercial,,False
franklin web design company,web design company,10,,0,,17,navigational,,False
web design and development company in coimbatore,web design company,10,,0,,100,commercial,,False
web design company brampton,web design company,10,,0,LOW,1,commercial,,False
web design company plymouth,web design company,10,,0,,45,commercial,,False
web design company in kenya,web design company,10,,0,LOW,49,commercial,,False
web design company nottingham,web design company,10,,0,,100,commercial,,False
virtina ecommerce web design and development company,web design company,10,,0,LOW,,navigational,,False
international web design company,web design company,10,,0,,31,commercial,,False
web design company germany,web design company,10,,0,,44,commercial,,False
web design and mobile app development company,web design company,10,,516.43,HIGH,84,commercial,,False
web design company bhubaneswar,web design company,10,,0,,75,commercial,,False
web design and digital marketing company in lagos,web design company,10,,0,,,commercial,,False
bizcope seo web design & digital marketing company,web design company,10,,0,,,commercial,,False
brochure for web design company,web design company,10,,0,LOW,47,commercial,,False
best web design company kerala,web design company,10,,0,,,commercial,best,False
web design and development company in new york,web design company,10,,0,MEDIUM,57,commercial,,False
best web design company in bangalore,web design company,10,,0,,,commercial,best,False
poland web design company,web design company,10,,0,,,navigational,,False
web design company edinburgh,web design company,10,,0,,24,commercial,,False
free web design company template,web design company,10,,0,,,navigational,,False
best web design company in mohali,web design company,10,,0,,,commercial,best,False
web design company victoria,web design company,10,,0,,45,commercial,,False
responsive web design company in coimbatore,web design company,10,,0,,,commercial,,False
hiring a web design company,web design company,10,,0,,26,commercial,,False
web design company oceanside,web design company,10,,0,MEDIUM,,commercial,,False
best web design company in trivandrum,web design company,10,,0,,,commercial,best,False
sports web design company,web design company,10,,0,LOW,,commercial,,False
top 10 web design company in lebanon,web design company,10,,0,,,commercial,top 10,False
best web design company in rajkot,web design company,10,,0,,,commercial,best,False
web design company brentwood tn,web design company,10,,0,LOW,12,commercial,,False
christian web design company,web design company,10,,4.38,LOW,29,commercial,,False
web design company in ireland,web design company,10,,0,,100,commercial,,False
best web design company pakistan,web design company,10,,0,,,commercial,best,False
web design company in abu dhabi,web design company,10,,0,LOW,73,commercial,,False
what we do web design company,web design company,10,,0,,55,informational,,True
best professional web design company,web design company,10,,0,,,commercial,best,False
vibes web design company in qatar,web design company,10,,0,LOW,,commercial,,False
web design company advertisements,web design company,10,,0,LOW,48,commercial,,False
web design company northampton,web design company,10,,0,,44,commercial,,False
web design company in vasai,web design company,10,,0,,44,commercial,,False
temecula web design company,web design company,10,,0,LOW,,commercial,,False
us web design company list,web design company,10,,0,LOW,,commercial,,False
best web design company qatar,web design company,10,,0,,,commercial,best,False
web design company johannesburg,web design company,10,,0,,44,commercial,,False
web design and development company in california,web design company,10,,0,MEDIUM,48,commercial,,False
web design company georgetown,web design company,10,,0,,,commercial,,False
cms web design company,web design company,10,,0,LOW,44,commercial,,False
web design company in goa,web design company,10,,0,,43,commercial,,False
web design company in jaipur,web design company,10,,0,,52,commercial,,False
web design company video,web design company,10,,0,,54,commercial,,False
web design company ipswich,web design company,10,,0,LOW,100,commercial,,False
pixel street branding & web design company,web design company,10,,0,,,navigational,,False
arihant webtech web design & seo company delhi,web design company,10,,0,LOW,,navigational,,False
web design company visiting cards,web design company,10,,0,,48,navigational,,False
web design company templates free,web design company,10,,0,LOW,,commercial,,False
travel web design company,web design company,10,,0,LOW,,commercial,,False
web design company ghaziabad,web design company,10,,0,,,commercial,,False
best web design company kolkata,web design company,10,,0,LOW,,commercial,best,False
web design company cherry hill,web design company,10,,0,,,navigational,,False
web design company salem ma,web design company,10,,0,,,commercial,,False
dwd website design dubai web design company,web design company,10,,0,,,navigational,,False
web design in chennai company,web design company,10,,0,LOW,94,commercial,,False
web design company in karachi,web design company,10,,0,LOW,90,commercial,,False
professional web design and development company,web design company,10,,0,,71,commercial,,False
web design company schaumburg il,web design company,10,,0,,,commercial,,False
find web design company,web design company,10,,0,,,commercial,,False
web design company northern ireland,web design company,10,,0,,100,commercial,,False
web design company cape town,web design company,10,,0,,63,commercial,,False
long beach web design company,web design company,10,,0,LOW,20,commercial,,False
newnan web design company,web design company,10,,0,,,navigational,,False
web design company in belgium,web design company,10,,0,,42,commercial,,False
web design and software development company in chennai,web design company,10,,0,,58,commercial,,False
best web design company manchester,web design company,10,,0,,,commercial,best,False
web design company tacoma,web design company,10,,0,,,navigational,,False
web design company in kolkata,web design company,10,,0,,55,commercial,,False
web design company kanpur,web design company,10,,0,,,navigational,,False
web design company lexington,web design company,10,,0,LOW,73,commercial,,False
viivue web design company,web design company,10,,0,,,navigational,,False
squarespace web design company,web design company,10,,0,,,navigational,,False
web design company website template free download,web design company,10,,0,,93,navigational,,False
web design company ads,web design company,10,,0,LOW,,commercial,,False
web design company in salem tamilnadu,web design company,10,,0,LOW,,commercial,,False
web portal design company,web design company,10,,0,LOW,58,commercial,,False
best web design company pune,web design company,10,,0,LOW,,commercial,best,False
business plan for web design company pdf,web design company,10,,0,,,informational,,False
web design company why choose us,web design company,10,,0,,40,commercial,,False
web design company in bahrain,web design company,10,,0,,45,commercial,,False
nysut studios web design company lagos nigeria ikeja,web design company,10,,0,,,navigational,,False
kelowna web design company,web design company,10,,0,,,commercial,,False
web design company knoxville,web design company,10,,0,HIGH,27,commercial,,False
web design company in kanpur,web design company,10,,0,LOW,83,commercial,,False
web design company in salt lake,web design company,10,,0,LOW,31,commercial,,False
i image design web design company nyc,web design company,10,,0,,13,commercial,,False
web design company suffolk,web design company,10,,0,,,commercial,,False
faq for web design company,web design company,10,,0,,0,informational,,False
top web design company in ahmedabad,web design company,10,,0,,,commercial,top,False
wordpress theme web design company,web design company,10,,0,LOW,49,commercial,,False
web design company ludhiana,web design company,10,,0,,83,commercial,,False
web design company thane,web design company,10,,0,,45,commercial,,False
best web design company in jaipur,web design company,10,,0,,,commercial,best,False
top web design company st louis,web design company,10,,0,,,commercial,top,False
company name ideas for web design,web design company,10,,5.33,MEDIUM,37,commercial,,False
web design company riyadh,web design company,10,,0,,,commercial,,False
web design company in nevada,web design company,10,,0,,49,commercial,,False
web design company in tamilnadu,web design company,10,,0,,92,commercial,,False
web design company list,web design company,10,,0,HIGH,83,commercial,,False
web design company phoenix az,web design company,10,,7.29,LOW,,commercial,,False
web design company in noida,web design company,10,,0,,80,commercial,,False
best web design company malaysia,web design company,10,,0,,52,commercial,best,False
best crm for web design company,web design company,10,,0,,,commercial,best,False
web design company in hong kong,web design company,10,,0,HIGH,34,commercial,,False
web design company in jeddah,web design company,10,,0,LOW,,commercial,,False
web design company new zealand,web design company,10,,0,,86,commercial,,False
web design company leeds,web design company,10,,0,,100,commercial,,False
web design company blog,web design company,10,,11.61,MEDIUM,43,informational,,False
custom web design and development company,web design company,10,,0,LOW,34,commercial,,False
web design company in trivandrum,web design company,10,,0,,,commercial,,False
top web design company toronto,web design company,10,,0,,,commercial,top,False
web design company sharjah,web design company,10,,0,LOW,42,commercial,,False
web design company in nashik,web design company,10,,0,,,commercial,,False
web design company montreal,web design company,10,,0,LOW,67,commercial,,False
bristol web design company,web design company,10,,0,LOW,,commercial,,False
best web design company in bangladesh dhaka,web design company,10,,0,,,commercial,best,False
web design company in abuja,web design company,10,,0,,44,commercial,,False
web design company portfolio page,web design company,10,,0,,52,navigational,,False
coding bull web design company & digital marketing agency,web design company,10,,0,,,commercial,,False
bristol marketing company marketing web design & seo agency bristol,web design company,10,,0,,,commercial,,False
web design company doha,web design company,10,,0,,57,commercial,,False
web design company in malappuram,web design company,10,,0,,,commercial,,False
web design company i,web design company,10,,0,,,commercial,,False
web design company about us page,web design company,10,,0,MEDIUM,55,navigational,,False
web design company milton keynes,web design company,10,,0,MEDIUM,76,commercial,,False
esspesoft best web design & digital marketing company in kolkata,web design company,10,,0,,,commercial,best,False
web design company punjab,web design company,10,,0,,,commercial,,False
web design company in,web design company,10,,0,LOW,88,commercial,,False
georgia web design company,web design company,10,,0,LOW,60,commercial,,False
palm beach web design company,web design company,10,,0,LOW,,commercial,,False
web design company vietnam,web design company,10,,0,,59,commercial,,False
web design company gold coast,web design company,10,,0,,,commercial,,False
ais innovate graphic design web design branding company in ahmedabad,web design company,10,,0,LOW,,commercial,,False
best web design company philippines,web design company,10,,0,,,commercial,best,False
cool names for web design company,web design company,10,,0,,,commercial,,False
best web design company detroit,web design company,10,,0,,,commercial,best,False
best web design company sri lanka,web design company,10,,0,LOW,,commercial,best,False
web design company in thane,web design company,10,,0,,45,commercial,,False
web design company canberra,web design company,10,,0,,,commercial,,False
responsive web design company uk,web design company,10,,0,,,commercial,,False
marketing plan for a web design company,web design company,10,,0,,48,commercial,,False
web design and company st louis,web design company,10,,0,,100,commercial,,False
web design company ghana,web design company,10,,0,LOW,,commercial,,False
web design company at kolkata,web design company,10,,0,,31,navigational,,False
south florida web design company,web design company,10,,0,MEDIUM,75,commercial,,False
top 10 web design company in dubai,web design company,10,,0,,,commercial,top 10,False
web design company in nagercoil,web design company,10,,0,,45,commercial,,False
web design company delhi ncr,web design company,10,,0,,50,commercial,,False
web design company lincoln,web design company,10,,0,LOW,62,commercial,,False
web design company tagline,web design company,10,,0,LOW,43,commercial,,False
web design company thailand,web design company,10,,0,,24,commercial,,False
web design company faridabad,web design company,10,,0,,52,navigational,,False
tomsher technologies llc web design company dubai digital marketing,web design company,10,,0,LOW,,commercial,,False
creative names for web design company,web design company,10,,0,,,commercial,,False
web design company fort collins,web design company,10,,0,LOW,74,commercial,,False
web design company midland tx,web design company,10,,0,,,commercial,,False
best web design company in dhaka,web design company,10,,0,LOW,,commercial,best,False
how to market a web design company,web design company,10,,0,,,informational,,True
web design company in lagos nigeria,web design company,10,,0,,92,commercial,,False
web design company coalition,web design company,10,,0,,15,commercial,,False
web design and seo company usa,web design company,10,,0,LOW,,commercial,,False
web design company saudi,web design company,10,,0,LOW,31,commercial,,False
web design company jaipur,web design company,10,,0,,47,commercial,,False
web design company switzerland,web design company,10,,0,,14,commercial,,False
good name for web design company,web design company,10,,2.89,LOW,,commercial,good,False
web design company naperville,web design company,10,,0,,45,commercial,,False
web design company fairfax,web design company,10,,0,,,commercial,,False
web design company in rajkot,web design company,10,,0,LOW,45,commercial,,False
best web design company in florida,web design company,10,,5.46,LOW,,commercial,best,False
web design company in kolkata saltlake sector 5,web design company,10,,0,,,navigational,,False
web design company in thrissur,web design company,10,,0,LOW,59,commercial,,False
web design company bridgeport,web design company,10,,0,,,commercial,,False
nyc seo web design company,web design company,10,,0,LOW,,commercial,,False
web design company bahrain,web design company,10,,0,,45,commercial,,False
web design company in vellore,web design company,10,,0,,,commercial,,False
best web design company in ghana,web design company,10,,0,,,commercial,best,False
best web design company edmonton,web design company,10,,0,,,commercial,best,False
how to start a web design company in india,web design company,10,,0,,,informational,,True
web design company in haryana,web design company,10,,0,LOW,42,commercial,,False
trichy web design company,web design company,10,,0,LOW,43,commercial,,False
about us web design company,web design company,10,,0,LOW,29,commercial,,False
eazybyts digital marketing and web design development company in meerut,web design company,10,,0,LOW,,commercial,,False
web design company in oman,web design company,10,,0,LOW,52,commercial,,False
web design company in europe,web design company,10,,0,LOW,47,commercial,,False
best web design company in vizag,web design company,10,,0,,,commercial,best,False
best web design company in kolkata,web design company,10,,0,LOW,,commercial,best,False
web design company in punjab,web design company,10,,0,,47,commercial,,False
ecommerce web design agency dubai,web design agency,10,,0,,,commercial,,False
creative agency web design,web design agency,10,,0,LOW,38,commercial,,False
australia web design agency,web design agency,10,,0,HIGH,83,commercial,,False
web design agency memphis,web design agency,10,,0,,,commercial,,False
skdesign agency web design,web design agency,10,,0,LOW,,navigational,,False
web design agency in bangalore,web design agency,10,,0,LOW,60,commercial,,False
best web design agency in toronto,web design agency,10,,0,,,commercial,best,False
oxence web design agency elementor wordpress theme,web design agency,10,,0,,,navigational,,False
web design agency hk,web design agency,10,,0,,98,commercial,,False
automotive web design agency,web design agency,10,,0,LOW,7,commercial,,False
web design agency montana,web design agency,10,,0,,,commercial,,False
web design agency iowa,web design agency,10,,0,,,commercial,,False
haptic web design agency wordpress theme,web design agency,10,,0,,,navigational,,False
montreal web design agency,web design agency,10,,0,HIGH,65,commercial,,False
web design agency colchester,web design agency,10,,0,,100,commercial,,False
best web design agency toronto,web design agency,10,,0,,,commercial,best,False
web design agency yorkshire,web design agency,10,,0,,100,commercial,,False
web agency logo design contest,web design agency,10,,0,,,commercial,,False
web design agency in dublin,web design agency,10,,0,LOW,,commercial,,False
web design agency wordpress themes,web design agency,10,,0,,52,commercial,,False
digital marketing agency web page design,web design agency,10,,0,,,commercial,,False
top web design agency in usa,web design agency,10,,0,,,commercial,top,False
web design agency cleveland,web design agency,10,,0,LOW,11,commercial,,False
web design agency auckland,web design agency,10,,0,,87,commercial,,False
web design agency in nigeria,web design agency,10,,0,,52,commercial,,False
pixl web design and digital marketing agency in hyderabad,web design agency,10,,0,,,navigational,,False
web design agency logo,web design agency,10,,0,LOW,,commercial,,False
web design agency brooklyn,web design agency,10,,0,HIGH,49,commercial,,False
web design agency warrington,web design agency,10,,0,,,commercial,,False
web design agency brisbane,web design agency,10,,0,LOW,61,commercial,,False
web design agency in ireland,web design agency,10,,0,,,commercial,,False
spirit digital web design & development agency in athens,web design agency,10,,0,,,commercial,,False
web agency logo design,web design agency,10,,0,LOW,49,commercial,,False
web design agency egypt,web design agency,10,,0,,,commercial,,False
web design agency halifax,web design agency,10,,0,,100,commercial,,False
nyc digital agency web design,web design agency,10,,0,,,commercial,,False
web design agency qatar,web design agency,10,,0,,,commercial,,False
montana web design agency,web design agency,10,,0,LOW,,commercial,,False
best web design agency in singapore,web design agency,10,,0,,,commercial,best,False
web design agency nz,web design agency,10,,0,,100,commercial,,False
web design agency business model,web design agency,10,,0,LOW,47,commercial,,False
web design agency indianapolis,web design agency,10,,0,LOW,87,commercial,,False
best web design digital agency,web design agency,10,,0,,,commercial,best,False
web design agency sacramento,web design agency,10,,0,LOW,48,commercial,,False
ecommerce web design agency london,web design agency,10,,0,HIGH,,commercial,,False
web design agency bristol,web design agency,10,,0,LOW,100,commercial,,False
best chicago web design agency,web design agency,10,,0,LOW,,commercial,best,False
web design agency boise,web design agency,10,,0,LOW,,commercial,,False
legal web design agency,web design agency,10,,57.83,HIGH,,commercial,,False
web design agency grand rapids mi,web design agency,10,,0,LOW,90,commercial,,False
web design agency promo video,web design agency,10,,0,,54,commercial,,False
web agency design inspiration,web design agency,10,,0,,3,commercial,,False
web design agency dublin,web design agency,10,,0,LOW,84,commercial,,False
web design agency leeds,web design agency,10,,0,,82,commercial,,False
web design agency vietnam,web design agency,10,,0,,49,commercial,,False
web design & digital marketing agency,web design agency,10,,0,LOW,100,commercial,,False
bali web design agency,web design agency,10,,0,,,commercial,,False
kent web design agency,web design agency,10,,0,MEDIUM,52,commercial,,False
web design agency malta,web design agency,10,,0,,,commercial,,False
brisbane web design agency,web design agency,10,,0,LOW,85,commercial,,False
web design agency cornwall,web design agency,10,,0,,100,commercial,,False
web design agency durham,web design agency,10,,0,LOW,,commercial,,False
cheap web design agency,web design agency,10,,14.31,MEDIUM,100,commercial,,False
web design agency ohio,web design agency,10,,0,LOW,,commercial,,False
best indianapolis web design agency,web design agency,10,,0,LOW,,commercial,best,False
web design agency china,web design agency,10,,0,,,commercial,,False
agency web design services,web design agency,10,,0,,78,commercial,,False
web design agency rockville,web design agency,10,,0,,,commercial,,False
oxence web design agency wordpress theme,web design agency,10,,0,,,navigational,,False
huntersville web design agency,web design agency,10,,0,LOW,,commercial,,False
web design agency adelaide,web design agency,10,,0,LOW,100,commercial,,False
web design agency coimbatore,web design agency,10,,0,,,navigational,,False
web design agency in virginia,web design agency,10,,7.25,LOW,74,commercial,,False
web design agency in riyadh,web design agency,10,,0,LOW,,commercial,,False
web design agency newcastle,web design agency,10,,0,LOW,100,commercial,,False
fitness web design agency,web design agency,10,,0,,,commercial,,False
web design agency wordpress theme,web design agency,10,,0,,52,commercial,,False
vermont web design agency,web design agency,10,,0,LOW,100,commercial,,False
web design agency derby,web design agency,10,,0,,60,commercial,,False
web design agency colorado,web design agency,10,,0,,,commercial,,False
web design agency in texas,web design agency,10,,51.6,HIGH,,commercial,,False
best web design agency australia,web design agency,10,,0,,,commercial,best,False
best web design agency sydney,web design agency,10,,0,,,commercial,best,False
web design toronto agency,web design agency,10,,0,,52,commercial,,False
web design agency israel,web design agency,10,,0,,,commercial,,False
aligned digital marketing & web design agency,web design agency,10,,0,,,commercial,,False
web design agency barcelona,web design agency,10,,0,,52,commercial,,False
laravel web design agency,web design agency,10,,0,,,commercial,,False
top web design agency in india,web design agency,10,,0,,,commercial,top,False
duda web design agency,web design agency,10,,0,HIGH,,commercial,,False
canberra web design agency,web design agency,10,,0,,,commercial,,False
web design agency cardiff,web design agency,10,,0,,100,commercial,,False
web design agency muscat,web design agency,10,,0,,,commercial,,False
dubai web design agency,web design agency,10,,0,,78,commercial,,False
brooklyn web design agency,web design agency,10,,3.83,HIGH,73,commercial,,False
how to run a web design agency,web design agency,10,,0,,,informational,,True
best web design agency liverpool,web design agency,10,,0,,,commercial,best,False
freelance web design agency,web design agency,10,,0,LOW,,commercial,,False
web design agency finance,web design agency,10,,0,,,commercial,,False
web development agency website design,web design agency,10,,0,MEDIUM,,commercial,,False
web design agency york,web design agency,10,,0,HIGH,100,commercial,,False
best web design agency canada,web design agency,10,,0,,,commercial,best,False
best web design agency melbourne,web design agency,10,,0,,,commercial,best,False
web design agency france,web design agency,10,,0,,47,commercial,,False
web design agency cape town,web design agency,10,,0,,37,commercial,,False
web design agency ahmedabad,web design agency,10,,0,,52,commercial,,False
web design agency louisville,web design agency,10,,8.31,LOW,,commercial,,False
wordpress theme for web design agency,web design agency,10,,0,,52,commercial,,False
web design agency nottingham,web design agency,10,,0,,100,commercial,,False
web design agency columbus,web design agency,10,,0,LOW,69,commercial,,False
top web design agency india,web design agency,10,,0,,,commercial,top,False
web design agency norfolk,web design agency,10,,0,,,commercial,,False
web design agency for sale,web design agency,10,,1.12,MEDIUM,44,transactional,,False
web design agency directory,web design agency,10,,0,LOW,43,commercial,,False
flyweb web design agency wordpress theme,web design agency,10,,0,,,commercial,,False
web design agency edinburgh,web design agency,10,,0,,50,commercial,,False
best web design agency boston,web design agency,10,,0,,,commercial,best,False
dedote digital marketing and web design agency,web design agency,10,,0,,,commercial,,False
york web design agency,web design agency,10,,0,HIGH,,commercial,,False
web design agency luton,web design agency,10,,0,,30,commercial,,False
web design agency johannesburg,web design agency,10,,0,,,commercial,,False
hype x digital marketing agency web design and development,web design agency,10,,0,,19,commercial,,False
web design agency coalition technologies,web design agency,10,,1.21,MEDIUM,,commercial,,False
web design agency chennai,web design agency,10,,0,,100,commercial,,False
brighton web design agency,web design agency,10,,0,LOW,1,commercial,,False
sacramento web design agency,web design agency,10,,18.45,HIGH,,commercial,,False
web design agency dorset,web design agency,10,,0,LOW,100,commercial,,False
web design agency lyon,web design agency,10,,0,,,commercial,,False
web design agency ipswich,web design agency,10,,0,,85,commercial,,False
web design agency podcast,web design agency,10,,7.27,LOW,50,commercial,,False
web design agency st petersburg,web design agency,10,,0,LOW,,commercial,,False
ottawa web design agency,web design agency,10,,0,,,commercial,,False
web design in las vegas smartboost growth marketing agency,web design agency,10,,0,,23,commercial,,False
web design agency cheltenham,web design agency,10,,0,,100,commercial,,False
branding web design agency,web design agency,10,,0,LOW,79,commercial,,False
bragdeal web design vancouver web development agency,web design agency,10,,0,LOW,,commercial,,False
web design professional agency,web design agency,10,,0,,41,commercial,,False
web design agency fairfax,web design agency,10,,0,,,commercial,,False
web design agency bath,web design agency,10,,0,LOW,100,commercial,,False
start a web design agency,web design agency,10,,7.95,LOW,54,commercial,,False
graphic and web design agency,web design agency,10,,0,LOW,,commercial,,False
web design agency in austin,web design agency,10,,90.93,MEDIUM,46,commercial,,False
web design agency name ideas,web design agency,10,,0,LOW,42,commercial,,False
web design agency wilmington nc,web design agency,10,,0,,,commercial,,False
one page web design agency,web design agency,10,,0,,,commercial,,False
web design agency plymouth,web design agency,10,,0,LOW,100,commercial,,False
glasgow web design agency,web design agency,10,,0,,,commercial,,False
web design agency in qatar,web design agency,10,,0,LOW,,commercial,,False
web design agency in reno,web design agency,10,,0,,,commercial,,False
solo web design agency,web design agency,10,,0,MEDIUM,,commercial,,False
marketing agency and web design,web design agency,10,,0,,69,commercial,,False
crypto web design agency,web design agency,10,,0,,6,commercial,,False
ridda web design agency wordpress theme,web design agency,10,,0,,,commercial,,False
web design agency bangalore,web design agency,10,,0,LOW,60,commercial,,False
cuberto ui ux design agency web design branding,web design agency,10,,0,,,navigational,,False
fort collins web design agency,web design agency,10,,0,LOW,,commercial,,False
exeter web design agency,web design agency,10,,0,,,commercial,,False
qc fixer web design agency,web design agency,10,,0,,,commercial,,False
web design agency huddersfield,web design agency,10,,0,,100,commercial,,False
web design agency reddit,web design agency,10,,0,LOW,0,commercial,,False
web design ottawa agency,web design agency,10,,0,LOW,,commercial,,False
asheville web design agency,web design agency,10,,0,HIGH,,commercial,,False
web design agency sheffield,web design agency,10,,0,,100,commercial,,False
web design agency northampton,web design agency,10,,0,LOW,58,commercial,,False
best web design agency in dubai,web design agency,10,,0,LOW,52,commercial,best,False
web design agency indonesia,web design agency,10,,0,,,commercial,,False
best 3d web design agency for brands,web design agency,10,,0,HIGH,,commercial,best,False
web design agency ho chi minh city,web design agency,10,,0,,,commercial,,False
web design agency finland,web design agency,10,,0,,,commercial,,False
web design agency mumbai,web design agency,10,,0,,91,commercial,,False
the travel web design agency,web design agency,10,,0,,4,navigational,,False
web design agency landing page,web design agency,10,,0,MEDIUM,49,navigational,,False
web design agency christchurch,web design agency,10,,0,,,commercial,,False
top web design agency near me,web design agency,10,,0,LOW,23,commercial,top,False
b2c web design agency,web design agency,10,,0,,,commercial,,False
web design agency portsmouth,web design agency,10,,0,LOW,52,commercial,,False
high-end web design agency,web design agency,10,,0,LOW,,commercial,,False
creative web design agency london,web design agency,10,,0,,,commercial,,False
web design agency switzerland,web design agency,10,,0,,47,commercial,,False
hiring a web design agency,web design agency,10,,0,LOW,,commercial,,False
best web design agency philadelphia,web design agency,10,,0,,,commercial,best,False
web design agency in hyderabad,web design agency,10,,0,,,commercial,,False
web design agency in san jose,web design agency,10,,0,LOW,3,commercial,,False
long beach web design agency,web design agency,10,,0,,,commercial,,False
acnosoft web design and digital marketing agency,web design agency,10,,0,,,commercial,,False
web design agency kerala,web design agency,10,,0,,,commercial,,False
web design agency in chennai,web design agency,10,,0,LOW,100,commercial,,False
web design agency in,web design agency,10,,0,,10,commercial,,False
svo web design agency,web design agency,10,,0,MEDIUM,,commercial,,False
birmingham web design agency,web design agency,10,,0,LOW,90,commercial,,False
web design agency in canada,web design agency,10,,0,LOW,48,commercial,,False
rudo b2b web design agency,web design agency,10,,0,,,commercial,,False
web design and build agency,web design agency,10,,0,,,commercial,,False
top web design agency in the world,web design agency,10,,42.07,MEDIUM,27,commercial,top,False
web design agency in mumbai,web design agency,10,,0,LOW,90,commercial,,False
web design agency norwich,web design agency,10,,0,,100,commercial,,False
web design agency name generator,web design agency,10,,0,MEDIUM,44,commercial,,False
web design agency arizona,web design agency,10,,0,LOW,100,commercial,,False
web design agency name,web design agency,10,,0,MEDIUM,42,commercial,,False
ed web design agency,web design agency,10,,0,,,commercial,,False
web design agency coalition,web design agency,10,,0,,21,commercial,,False
web design agency showcase,web design agency,10,,0,HIGH,,commercial,,False
leeds web design agency,web design agency,10,,0,,82,commercial,,False
web design agency reading,web design agency,10,,0,LOW,45,informational,,False
nft web design agency,web design agency,10,,0,LOW,,commercial,,False
web design agency cheshire,web design agency,10,,0,,70,commercial,,False
matic solutions web design & digital marketing agency,web design agency,10,,0,,,commercial,,False
best web design agency los angeles,web design agency,10,,0,,,commercial,best,False
best web design agency in bangalore,web design agency,10,,0,,,commercial,best,False
web design agency lancaster pa,web design agency,10,,0,,,commercial,,False
web design agency theme wordpress,web design agency,10,,0,,52,commercial,,False
awwwards web design agency,web design agency,10,,0,MEDIUM,,commercial,,False
web design agency suffolk,web design agency,10,,0,,92,commercial,,False
web design template for travel agency,web design agency,10,,0,,,navigational,,False
web design agency peterborough,web design agency,10,,0,,84,commercial,,False
web design agency new zealand,web design agency,10,,0,,100,commercial,,False
top web design agency nyc,web design agency,10,,0,,,commercial,top,False
web and design agency,web design agency,10,,0,,100,commercial,,False
web design agency software,web design agency,10,,0,,,commercial,,False
web design agency in morocco,web design agency,10,,0,LOW,,commercial,,False
sustainable web design agency,web design agency,10,,0,MEDIUM,,commercial,,False
therapist web design agency,web design agency,10,,0,,,navigational,,False
web design agency bahrain,web design agency,10,,0,,45,commercial,,False
web design agency in pune,web design agency,10,,0,,61,commercial,,False
the web design agency,web design agency,10,,0,LOW,21,commercial,,False
best web design agency in usa,web design agency,10,,7.18,LOW,,commercial,best,False
best web design agency birmingham,web design agency,10,,0,,,commercial,best,False
ui ux web design agency,web design agency,10,,0,LOW,54,navigational,,False
web design agency uae,web design agency,10,,0,,,commercial,,False
web design agency arlington,web design agency,10,,0,,,commercial,,False
web design agency overland park,web design agency,10,,0,LOW,,commercial,,False
web design agency zurich,web design agency,10,,0,LOW,,commercial,,False
copenhagen web design agency,web design agency,10,,0,,,commercial,,False
web design agency sf,web design agency,10,,0,,50,commercial,,False
travel agency web design,web design agency,10,,0,LOW,4,commercial,,False
salt lake city web design agency,web design agency,10,,0,,,commercial,,False
best wordpress theme for web design agency,web design agency,10,,0,LOW,,commercial,best,False
hire a web design agency,web design agency,10,,0,LOW,,commercial,,False
edinburgh web design agency,web design agency,10,,0,,,commercial,,False
running a web design agency,web design agency,10,,7.95,LOW,,commercial,,False
web design and development agency near me,web design agency,10,,0,LOW,,commercial,,False
web design agency delhi,web design agency,10,,0,,100,commercial,,False
how to find clients for web design agency,web design agency,10,,0,,,commercial,,True
web design agency belgium,web design agency,10,,0,,,commercial,,False
lancaster web design agency,web design agency,10,,0,,,commercial,,False
top web design agency in california,web design agency,10,,0,,,commercial,top,False
web design agency instagram,web design agency,10,,12.65,HIGH,54,navigational,,False
web design agency business,web design agency,10,,0,,,commercial,,False
web design agency sri lanka,web design agency,10,,0,,100,commercial,,False
web design agency canberra,web design agency,10,,0,LOW,,commercial,,False
web design agency bradford,web design agency,10,,0,LOW,40,commercial,,False
washington web design agency,web design agency,10,,0,,,commercial,,False
the camel web design agency,web design agency,10,,0,,,commercial,,False
web design agency germany,web design agency,10,,0,LOW,47,commercial,,False
fort lauderdale web design agency,web design agency,10,,0,LOW,68,commercial,,False
education web design agency,web design agency,10,,0,,,navigational,,False
best web design agency baltimore,web design agency,10,,0,,,commercial,best,False
web design agency website examples,web design agency,10,,0,MEDIUM,,navigational,,False
the best web design agency,web design agency,10,,0,LOW,59,commercial,best,False
best wordpress themes for web design agency,web design agency,10,,0,,,commercial,best,False
web design agency phuket,web design agency,10,,0,,,commercial,,False
ad agency web design,web design agency,10,,0,LOW,,commercial,,False
digital web design agency,web design agency,10,,0,LOW,96,commercial,,False
web design agency hampshire,web design agency,10,,0,LOW,100,commercial,,False
web design agency funnel,web design agency,10,,0,,39,commercial,,False
web and graphic design agency,web design agency,10,,0,LOW,60,commercial,,False
web design agency wellington,web design agency,10,,0,,,commercial,,False
web design agency in vancouver,web design agency,10,,0,LOW,72,commercial,,False
best web design agency usa,web design agency,10,,19.83,MEDIUM,,commercial,best,False
newcastle web design agency,web design agency,10,,0,LOW,100,commercial,,False
web design agency australia,web design agency,10,,0,HIGH,83,commercial,,False
web design and marketing agency near me,web design agency,10,,0,,,commercial,,False
web graphic design agency,web design agency,10,,0,,,commercial,,False
web design agency brighton,web design agency,10,,0,LOW,1,commercial,,False
best web design agency west london,web design agency,10,,0,,,commercial,best,False
pharma web design agency,web design agency,10,,0,,,commercial,,False
web design agency glasgow,web design agency,10,,0,,100,commercial,,False
web design agency columbus ohio,web design agency,10,,0,LOW,100,commercial,,False
web design agency in sharjah,web design agency,10,,0,LOW,,commercial,,False
how to create a web design agency website,web design agency,10,,0,,,informational,,True
best web design agency in london,web design agency,10,,0,LOW,72,commercial,best,False
web design agency somerset,web design agency,10,,0,,100,commercial,,False
web design agency orange county,web design agency,10,,28.23,HIGH,65,commercial,,False
web design agency nicosia,web design agency,10,,0,,,commercial,,False
best web design agency dubai,web design agency,10,,0,,52,commercial,best,False
best web design agency denver,web design agency,10,,0,,,commercial,best,False
web design agency montreal,web design agency,10,,0,HIGH,65,commercial,,False
web design agency lancashire,web design agency,10,,0,,,commercial,,False
web design agency gloucester,web design agency,10,,0,,88,commercial,,False
web design agency harrogate,web design agency,10,,0,,100,commercial,,False
web design agency html template,web design agency,10,,0,,50,navigational,,False
wordpress theme web design agency,web design agency,10,,0,LOW,52,commercial,,False
scottsdale web design agency,web design agency,10,,0,LOW,26,commercial,,False
web agency website design,web design agency,10,,0,LOW,20,commercial,,False
web design agency faq,web design agency,10,,0,,42,informational,,False
how to create a web design agency,web design agency,10,,0,,,informational,,True
landscaping web design agency,web design agency,10,,0,LOW,36,commercial,,False
web design agency poland,web design agency,10,,0,,,commercial,,False
intesols seo & web design agency in melbourne,web design agency,10,,0,,,commercial,,False
choosing a web design agency,web design agency,10,,0,,,commercial,,False
web design agency in bristol,web design agency,10,,0,LOW,,commercial,,False
web design agency blueprint,web design agency,10,,0,,,commercial,,False
deepdigital web design agency wordpress theme nulled,web design agency,10,,0,,,navigational,,False
web design agency small business,web design agency,10,,0,,13,commercial,,False
best web design agency in uk,web design agency,10,,0,,46,commercial,best,False
web design agency wales,web design agency,10,,0,,,commercial,,False
surrey web design agency,web design agency,10,,0,,,commercial,,False
best web design agency websites 2018,web design agency,10,,0,,,commercial,best,False
web design agency business plan,web design agency,10,,22.69,LOW,40,commercial,,False
web design agency pakistan,web design agency,10,,0,,,commercial,,False
katy web design agency,web design agency,10,,0,,,commercial,,False
designway ui ux design web and mobile app development agency,web design agency,10,,0,,,navigational,,False
starting a web design agency,web design agency,10,,7.95,LOW,54,commercial,,False
duluth web design agency,web design agency,10,,0,LOW,,commercial,,False
web design agency fort myers,web design agency,10,,0,LOW,,commercial,,False
web design agency cyprus,web design agency,10,,0,,100,commercial,,False
web design agency in south africa,web design agency,10,,0,LOW,,commercial,,False
web design agency netherlands,web design agency,10,,0,,,commercial,,False
b2b tech web design agency,web design agency,10,,0,,,commercial,,False
spinx digital los angeles web design agency,web design agency,10,,0,,23,navigational,,False
web design agency oxfordshire,web design agency,10,,0,,,commercial,,False
web design agency in delhi,web design agency,10,,0,,100,commercial,,False
med tech web design agency,web design agency,10,,0,LOW,,commercial,,False
what to look for in a web design agency,web design agency,10,,0,,,informational,,True
hire web design agency,web design agency,10,,105.25,MEDIUM,,commercial,,False
web design agency in egypt,web design agency,10,,0,,53,commercial,,False
best web design agency in florida,web design agency,10,,0,,,commercial,best,False
web design agency names,web design agency,10,,0,MEDIUM,42,commercial,,False
web design agency winnipeg,web design agency,10,,0,,100,commercial,,False
lilo web design agency,web design agency,10,,0,LOW,,commercial,,False
tinloof web development & web design agency,web design agency,10,,0,,,commercial,,False
start web design agency,web design agency,10,,7.95,LOW,54,transactional,,False
black web design agency,web design agency,10,,0,LOW,,commercial,,False
construction company web design agency,web design agency,10,,0,LOW,,navigational,,False
web design agency santa rosa,web design agency,10,,0,LOW,,commercial,,False
web design and agency,web design agency,10,,0,,96,commercial,,False
web design agency in kolkata,web design agency,10,,0,,,commercial,,False
web design agency logos,web design agency,10,,0,LOW,,commercial,,False
charity web design agency,web design agency,10,,0,LOW,,commercial,,False
web design agency in orlando,web design agency,10,,0,,78,commercial,,False
webezy web design agency,web design agency,10,,0,,,commercial,,False
web design agency parramatta,web design agency,10,,0,,6,commercial,,False
web design agency south africa,web design agency,10,,0,LOW,,commercial,,False
web design agency in hampshire,web design agency,10,,0,LOW,,commercial,,False
derby web design agency,web design agency,10,,0,,,commercial,,False
web design advertising agency,web design agency,10,,0,,,commercial,,False
web design agency brussels,web design agency,10,,0,,,commercial,,False
web design agency asheville,web design agency,10,,0,,,commercial,,False
bespoke web design agency london,web design agency,10,,0,LOW,,commercial,,False
web design agency wordpress theme free download,web design agency,10,,0,,47,navigational,,False
web design agency leicester,web design agency,10,,0,,68,commercial,,False
outdoor web design agency,web design agency,10,,0,,,commercial,,False
divi web design agency layout,web design agency,10,,0,,,navigational,,False
web design employment agency,web design agency,10,,0,,81,commercial,,False
sales funnel for web design agency,web design agency,10,,0,LOW,,commercial,,False
web design agency oü,web design agency,10,,0,,,commercial,,False
web design agency basingstoke,web design agency,10,,0,,,commercial,,False
web design agency doncaster,web design agency,10,,0,,,commercial,,False
delaware web design agency,web design agency,10,,0,,,commercial,,False
bristol web design agency,web design agency,10,,0,LOW,,commercial,,False
sydney web design agency,web design agency,10,,0,LOW,88,commercial,,False
best web design agency in nigeria,web design agency,10,,0,,,commercial,best,False
free wordpress theme for web design agency,web design agency,10,,0,,,commercial,,False
adelaide web design agency,web design agency,10,,0,LOW,,commercial,,False
web design agency spain,web design agency,10,,0,,,commercial,,False
rochester web design agency,web design agency,10,,0,,,commercial,,False
web design agency in birmingham,web design agency,10,,0,LOW,20,commercial,,False
finance web design agency,web design agency,10,,23.4,HIGH,,commercial,,False
green web design agency,web design agency,10,,0,,,commercial,,False
web design agency amsterdam,web design agency,10,,0,,47,commercial,,False
sports web design agency,web design agency,10,,0,,,commercial,,False
digital gravity web design and development digital marketing agency karachi,web design agency,10,,0,LOW,,commercial,,False
web design agency west london,web design agency,10,,0,,,commercial,,False
web design agency belfast,web design agency,10,,0,,100,commercial,,False
web design agency shoreditch,web design agency,10,,0,LOW,45,commercial,,False
how to choose the right web design agency,web design agency,10,,0,LOW,,informational,,True
web design agency cost,web design agency,10,,0,LOW,,commercial,,False
chiropractor web design agency,web design agency,10,,0,LOW,,commercial,,False
building a web design agency,web design agency,10,,0,,,commercial,,False
premium web design agency,web design agency,10,,16.33,MEDIUM,,commercial,,False
social media web design agency,web design agency,10,,0,,,commercial,,False
eco friendly web design agency,web design agency,10,,0,LOW,,commercial,,False
best niches for web design agency,web design agency,10,,0,,,commercial,best,False
web design agency lancaster,web design agency,10,,0,LOW,42,commercial,,False
it solution singapore web design company & seo agency,web design agency,10,,0,,,commercial,,False
web design agency process,web design agency,10,,0,LOW,43,commercial,,False
web design agency hosting,web design agency,10,,0,,,commercial,,False
divi web design agency,web design agency,10,,0,LOW,,commercial,,False
web design agency devon,web design agency,10,,0,LOW,,commercial,,False
what is a web design agency,web design agency,10,,0,LOW,12,informational,,True
web design agency saudi arabia,web design agency,10,,0,,,commercial,,False
web design and digital agency,web design agency,10,,0,LOW,,commercial,,False
web design agency chester,web design agency,10,,0,,18,commercial,,False
web design agency sharjah,web design agency,10,,0,,,commercial,,False
web design agency mauritius,web design agency,10,,0,,49,commercial,,False
architecture web design agency,web design agency,10,,0,LOW,,navigational,,False
web design agency design,web design agency,10,,0,,21,commercial,,False
best travel agency web design,web design agency,10,,43.51,HIGH,,commercial,best,False
web design agency logo inspiration,web design agency,10,,0,LOW,,commercial,,False
meanit web design agency,web design agency,10,,0,,50,commercial,,False
yucca design web agency,web design agency,10,,0,,,commercial,,False
estate agency web design,web design agency,10,,0,,44,commercial,,False
best web design agency nyc,web design agency,10,,0,MEDIUM,35,commercial,best,False
best web design agency in calgary,web design agency,10,,0,,,commercial,best,False
web design agency simply the best,web design agency,10,,0,MEDIUM,0,commercial,best,False
web design agency course,web design agency,10,,0,,,commercial,,False
web design agency in montreal,web design agency,10,,0,,65,commercial,,False
web design agency in lahore,web design agency,10,,0,LOW,,commercial,,False
web design agency norfolk uk,web design agency,10,,0,,,commercial,,False
web design agency clients,web design agency,10,,0,,,commercial,,False
best florida web design agency,web design agency,10,,0,,,commercial,best,False
shopify plus web design agency,web design agency,10,,0,LOW,,commercial,,False
los angeles web design agency coalition,web design agency,10,,0,LOW,13,navigational,,False
colorado web design agency,web design agency,10,,0,,,commercial,,False
web design & seo agency,web design agency,10,,0,,,commercial,,False
what is web design agency,web design agency,10,,0,LOW,0,informational,,True
web design agency coventry,web design agency,10,,0,,,commercial,,False
web design agency preston,web design agency,10,,0,,49,commercial,,False
best web design agency in los angeles,web design agency,10,,0,,,commercial,best,False
web design agency stoke on trent,web design agency,10,,0,,,commercial,,False
web design agency cork,web design agency,10,,0,,,commercial,,False
web design agency in nj,web design agency,10,,0,MEDIUM,61,commercial,,False
retail web design agency,web design agency,10,,0,,,commercial,,False
gym web design agency,web design agency,10,,0,,,commercial,,False
best web design agency manchester,web design agency,10,,0,,,commercial,best,False
nonprofit web design agency nyc,web design agency,10,,0,,,navigational,,False
google ads for web design agency,web design agency,10,,0,MEDIUM,,commercial,,False
immersive media web design agency,web design agency,10,,0,,,commercial,,False
web design agency blog,web design agency,10,,0,LOW,45,informational,,False
best web design travel agency,web design agency,10,,0,,,commercial,best,False
haptic web design agency wordpress theme nulled,web design agency,10,,0,,,navigational,,False
web design agency in ghana,web design agency,10,,0,,,commercial,,False
crm for web design agency,web design agency,10,,0,LOW,,commercial,,False
staffing agency web design,web design agency,10,,0,,47,commercial,,False
web design agency gold coast,web design agency,10,,0,LOW,100,commercial,,False
web design agency workflow,web design agency,10,,0,,44,navigational,,False
moniz web design agency wordpress theme,web design agency,10,,0,,,navigational,,False
rp design web agency,web design agency,10,,0,,,commercial,,False
medspa web design agency,web design agency,10,,0,,0,commercial,,False
custom web design agency near me,web design agency,10,,0,LOW,,commercial,,False
web design agency noida,web design agency,10,,0,,,commercial,,False
hong kong web design agency,web design agency,10,,0,,,commercial,,False
web design agency swansea,web design agency,10,,0,,,commercial,,False
black owned web design agency,web design agency,10,,2.26,MEDIUM,,commercial,,False
web banner design agency,web design agency,10,,0,,28,commercial,,False
best web design agency in new york,web design agency,10,,0,MEDIUM,33,commercial,best,False
mantra digital web design & marketing agency,web design agency,10,,0,,,commercial,,False
web design agency san antonio,web design agency,10,,0,LOW,93,commercial,,False
best web design marketing agency,web design agency,10,,27.21,LOW,,commercial,best,False
how to get clients for web design agency,web design agency,10,,12.26,MEDIUM,,informational,,True
web page design for travel agency,web design agency,10,,0,,49,commercial,,False
digital agency for web design,web design agency,10,,0,LOW,,commercial,,False
flagstaff web design agency,web design agency,10,,0,LOW,,commercial,,False
boise web design agency,web design agency,10,,0,LOW,,commercial,,False
web design agency in new jersey,web design agency,10,,0,LOW,19,commercial,,False
web design agency kent,web design agency,10,,0,MEDIUM,52,commercial,,False
black-owned web design agency,web design agency,10,,2.26,MEDIUM,,commercial,,False
ark web solutions web design agency shopify software house,web design agency,10,,0,,,navigational,,False
web design agency hong kong,web design agency,10,,0,,92,commercial,,False
web design agency jakarta,web design agency,10,,0,,85,commercial,,False
web design agency wisconsin,web design agency,10,,0,,63,commercial,,False
web design agency guildford,web design agency,10,,0,,100,commercial,,False
framer web design agency,web design agency,10,,35.64,MEDIUM,,navigational,,False
smart web design agency,web design agency,10,,0,LOW,,commercial,,False
title agency web design,web design agency,10,,0,HIGH,,commercial,,False
web design agency watford,web design agency,10,,0,,42,commercial,,False
toneyes design & web agency,web design agency,10,,0,,,navigational,,False
ecommerce web design agency near me,web design agency,10,,0,,,commercial,,False
web design agency vienna,web design agency,10,,0,,,commercial,,False
web design agency in lagos,web design agency,10,,0,LOW,94,commercial,,False
web design agency birmingham,web design agency,10,,0,LOW,9,commercial,,False
aun digital digital marketing web design & development agency karachi,web design agency,10,,0,,,navigational,,False
web design agency jobs,web design agency,10,,0,LOW,7,commercial,,False
web design agency milton keynes,web design agency,10,,0,,95,commercial,,False
web design agency in sri lanka,web design agency,10,,0,,,commercial,,False
dotcreative web design agency html template,web design agency,10,,0,,,navigational,,False
story web design & marketing agency,web design agency,10,,0,,45,commercial,,False
web design agency exeter,web design agency,10,,0,,87,commercial,,False
top web design agency toronto,web design agency,10,,0,,,commercial,top,False
web design agency in uae,web design agency,10,,0,LOW,,commercial,,False
web design agency in leeds,web design agency,10,,0,,82,commercial,,False
web design agency altrincham,web design agency,10,,0,,,commercial,,False
rp uxcollab ui ux design agency for saas app web,web design agency,10,,0,,,navigational,,False
web design agency in bangladesh,web design agency,10,,0,,,commercial,,False
industrial web design agency,web design agency,10,,0,,13,commercial,,False
web design agency athens,web design agency,10,,0,LOW,,commercial,,False
wordpress web design agency theme,web design agency,10,,0,,52,commercial,,False
web app design agency,web design agency,10,,0,LOW,62,commercial,,False
web design agency swindon,web design agency,10,,0,,,commercial,,False
web design agency in kuwait,web design agency,10,,0,,,commercial,,False
web design agency fl,web design agency,10,,0,,40,commercial,,False
what does a web design agency do,web design agency,10,,0,LOW,,informational,,True
hospitality web design agency,web design agency,10,,0,LOW,,commercial,,False
web design agency theme,web design agency,10,,0,,53,commercial,,False
commercial real estate web design agency,web design agency,10,,0,,,commercial,,False
web design job agency,web design agency,10,,0,,81,commercial,,False
advertising agency web design,web design agency,10,,0,LOW,,commercial,,False
best web design agency chicago,web design agency,10,,0,LOW,,commercial,best,False
kingston web design agency,web design agency,10,,0,,,commercial,,False
digital marketing web design agency,web design agency,10,,0,,65,commercial,,False
proactive web design agency wordpress theme,web design agency,10,,0,,,commercial,,False
web design agency lebanon,web design agency,10,,0,,,commercial,,False
web design agency bournemouth,web design agency,10,,0,LOW,79,commercial,,False
web design agency ireland,web design agency,10,,0,,100,commercial,,False
pharmaceutical web design agency,web design agency,10,,0,,,commercial,,False
web design agency hull,web design agency,10,,0,,100,commercial,,False
german web design agency,web design agency,10,,0,,,commercial,,False
web design agency ottawa,web design agency,10,,0,,100,commercial,,False
web design agency worcester,web design agency,10,,0,LOW,,commercial,,False
web design digital marketing agency,web design agency,10,,0,,65,commercial,,False
web design agency birmingham al,web design agency,10,,0,,49,commercial,,False
web design agency kuwait,web design agency,10,,0,,,commercial,,False
best web design agency wordpress theme,web design agency,10,,0,LOW,,commercial,best,False
travel web design agency,web design agency,10,,0,LOW,4,commercial,,False
best web design agency miami,web design agency,10,,0,LOW,,commercial,best,False
vancouver web design agency,web design agency,10,,0,HIGH,46,commercial,,False
web design agency in gurgaon,web design agency,10,,0,,,commercial,,False
v2 infotech website design and development company,website development company,10,,0,,,navigational,,False
website development company in egypt,website development company,10,,0,LOW,28,navigational,,False
cms website development company india,website development company,10,,0,,0,commercial,,False
website development company nashville,website development company,10,,0,,60,commercial,,False
website development company chandigarh,website development company,10,,0,,44,navigational,,False
website development company cyprus,website development company,10,,0,LOW,,navigational,,False
best website development company in madurai,website development company,10,,0,,,commercial,best,False
best website development company mumbai,website development company,10,,0,LOW,,commercial,best,False
free website templates for web development company,website development company,10,,0,,,commercial,,False
website development company lahore,website development company,10,,0,LOW,100,commercial,,False
webpal premier mobile app website & software development company,website development company,10,,0,,,navigational,premier,False
salon website development company,website development company,10,,0,,,commercial,,False
website development company nagpur,website development company,10,,0,LOW,,navigational,,False
website development company in hong kong,website development company,10,,0,,28,commercial,,False
website development company karachi,website development company,10,,0,LOW,,commercial,,False
website development company in kolhapur,website development company,10,,0,,72,commercial,,False
website development company in punjab,website development company,10,,0,,44,commercial,,False
website development company thrissur,website development company,10,,0,,,navigational,,False
ecommerce website development company coimbatore,website development company,10,,0,LOW,,commercial,,False
cms website development company in india,website development company,10,,0,,0,commercial,,False
website development company in karachi,website development company,10,,0,LOW,95,commercial,,False
website design and development company in delhi,website development company,10,,0,,100,commercial,,False
best website development company canada,website development company,10,,0,,,commercial,best,False
wit solution website development & best seo company,website development company,10,,0,,,commercial,best,False
website development company in salem,website development company,10,,0,,,commercial,,False
website development company in new jersey,website development company,10,,0,,8,commercial,,False
best website development company in kolkata,website development company,10,,0,LOW,,commercial,best,False
website development company in trivandrum,website development company,10,,0,,43,commercial,,False
software development company website template,website development company,10,,0,,,navigational,,False
hotel website development company,website development company,10,,0,LOW,,commercial,,False
website development company in amritsar,website development company,10,,0,LOW,,commercial,,False
best website development company in chandigarh,website development company,10,,0,,,commercial,best,False
ecommerce website development company services,website development company,10,,0,,,commercial,,False
website development company in canada,website development company,10,,0,LOW,0,commercial,,False
best website development company in patna,website development company,10,,0,LOW,,commercial,best,False
custom website development company india,website development company,10,,0,,,navigational,,False
website template for software development company,website development company,10,,0,,,navigational,,False
website development company kerala,website development company,10,,0,LOW,78,commercial,,False
hyper software best website design and development company in jaipur,website development company,10,,0,,,commercial,best,False
website development company in gurugram,website development company,10,,0,,,commercial,,False
best website development company in us,website development company,10,,0,,,commercial,best,False
website development company surat,website development company,10,,0,LOW,84,navigational,,False
software development company website template free download,website development company,10,,0,,45,navigational,,False
shanti infosoft llp website design and development company,website development company,10,,0,,,navigational,,False
top website development company in dubai,website development company,10,,0,,,commercial,top,False
custom website development company near me,website development company,10,,0,LOW,,commercial,,False
best website development company in delhi ncr,website development company,10,,0,LOW,,commercial,best,False
ecommerce website development company in bangladesh,website development company,10,,0,,,commercial,,False
global infotech software website app development company,website development company,10,,0,,,navigational,,False
website development company hyderabad,website development company,10,,0,LOW,31,navigational,,False
top website development company in hyderabad,website development company,10,,0,,,commercial,top,False
viacon website design & development company digital marketing services photos,website development company,10,,0,,,commercial,,False
ecommerce website development company in coimbatore,website development company,10,,0,LOW,,commercial,,False
website development company kolkata,website development company,10,,0,MEDIUM,94,navigational,,False
webflow website development company,website development company,10,,0,LOW,,navigational,,False
magento website development company india,website development company,10,,0,LOW,8,navigational,,False
website development company in malad,website development company,10,,0,,42,commercial,,False
kolkata website development company,website development company,10,,0,,,navigational,,False
website development company coimbatore,website development company,10,,0,LOW,38,navigational,,False
business plan for website development company,website development company,10,,0,,,commercial,,False
website development company in vaishali,website development company,10,,0,,,commercial,,False
website development company in janakpuri,website development company,10,,0,,43,navigational,,False
top website development company in jaipur,website development company,10,,0,,,commercial,top,False
website development company in gurgaon,website development company,10,,0,LOW,99,commercial,,False
e commerce website development company in kolkata,website development company,10,,0,,,commercial,,False
fantasy website development company,website development company,10,,0,,60,commercial,,False
software and website development company in nashik,website development company,10,,0,,,navigational,,False
website templates for software development company free download,website development company,10,,0,,45,navigational,,False
website development company gurugram,website development company,10,,0,LOW,,commercial,,False
ecommerce website development company noida,website development company,10,,0,LOW,,commercial,,False
online website development company,website development company,10,,0,,100,commercial,,False
website development company in san jose,website development company,10,,0,LOW,47,commercial,,False
noida website development company,website development company,10,,0,LOW,62,navigational,,False
website development company in america,website development company,10,,0,,47,commercial,,False
website development company kochi,website development company,10,,0,LOW,68,navigational,,False
website development company in sydney,website development company,10,,0,LOW,38,commercial,,False
website development company pakistan,website development company,10,,48.6,LOW,52,commercial,,False
website development company in durgapur,website development company,10,,0,,42,commercial,,False
website development company noida,website development company,10,,0,LOW,62,navigational,,False
multi vendor ecommerce website development company,website development company,10,,0,,,commercial,,False
website development company jaipur,website development company,10,,0,LOW,97,navigational,,False
website development company in kolkata,website development company,10,,0,,94,commercial,,False
website development company in riyadh,website development company,10,,0,MEDIUM,45,commercial,,False
best website development company in jaipur,website development company,10,,0,,,commercial,best,False
website development company in vancouver,website development company,10,,0,,,commercial,,False
website development company in bhubaneswar,website development company,10,,0,,75,commercial,,False
best website development company in mumbai,website development company,10,,0,LOW,,commercial,best,False
website development company in mohali,website development company,10,,0,LOW,42,commercial,,False
responsive website development company florida,website development company,10,,0,,,commercial,,False
website development company in lagos,website development company,10,,0,,,commercial,,False
website development company trivandrum,website development company,10,,0,,,navigational,,False
website development company london,website development company,10,,0,LOW,18,commercial,,False
website development company miami,website development company,10,,0,LOW,64,commercial,,False
travel website development company,website development company,10,,0,LOW,23,commercial,,False
new murabba development company website,website development company,10,,0,,,navigational,,False
ecommerce website development company dubai,website development company,10,,0,LOW,,commercial,,False
top website development company in delhi,website development company,10,,0,,,commercial,top,False
ecommerce website development company jacksonville,website development company,10,,0,,,commercial,,False
website development company in myanmar,website development company,10,,0,,79,commercial,,False
website development company in agra,website development company,10,,0,,,commercial,,False
best website development company in faridabad,website development company,10,,0,,,commercial,best,False
website development company in south africa,website development company,10,,0,LOW,47,commercial,,False
website development company in meerut,website development company,10,,0,,63,commercial,,False
website development company in guwahati,website development company,10,,0,LOW,45,commercial,,False
ecommerce website development company in kerala,website development company,10,,0,,,commercial,,False
website development company delhi ncr,website development company,10,,14.64,LOW,50,navigational,,False
top 10 website development company,website development company,10,,0,LOW,12,commercial,top 10,False
website development company in vadodara,website development company,10,,0,,56,commercial,,False
website design and development company in kolkata,website development company,10,,0,,,commercial,,False
ecommerce website development company in mumbai,website development company,10,,0,,,commercial,,False
free wordpress theme for website development company,website development company,10,,0,,,commercial,,False
website development india company,website development company,10,,0,,84,commercial,,False
website development company in kuwait,website development company,10,,0,,53,commercial,,False
website design & development company in delhi,website development company,10,,0,,,commercial,,False
website development company in melbourne,website development company,10,,0,LOW,94,commercial,,False
website development company in ranchi,website development company,10,,0,,50,commercial,,False
website development company profile,website development company,10,,0,,40,commercial,,False
website development company in thane,website development company,10,,0,,55,commercial,,False
website design and development company near me,website development company,10,,0,MEDIUM,,commercial,,False
website development company templates free download,website development company,10,,0,,57,navigational,,False
best website development company in uae,website development company,10,,0,LOW,,commercial,best,False
ecommerce website development company near me,website development company,10,,0,LOW,,commercial,,False
ecommerce website development company in delhi,website development company,10,,0,LOW,52,commercial,,False
website development company in siliguri,website development company,10,,0,,42,navigational,,False
best e commerce website development company in delhi,website development company,10,,0,,,commercial,best,False
website design & development company in india,website development company,10,,0,,100,commercial,,False
website development company in gwalior,website development company,10,,0,LOW,,commercial,,False
viacon website design & development company digital marketing services,website development company,10,,0,LOW,,commercial,,False
best website design and development company in india,website development company,10,,0,,,commercial,best,False
free website templates software development company,website development company,10,,0,,,navigational,,False
website development company dublin,website development company,10,,0,LOW,65,commercial,,False
website development company in,website development company,10,,0,LOW,58,commercial,,False
best travel website development company,website development company,10,,0,,,commercial,best,False
dynamic website development company,website development company,10,,0,,,commercial,,False
website development company south africa,website development company,10,,0,LOW,47,commercial,,False
softtechs india website development company it company,website development company,10,,0,,,navigational,,False
medical website development company,website development company,10,,0,,26,commercial,,False
best website development company toronto,website development company,10,,0,,,commercial,best,False
magento website development company in usa,website development company,10,,0,LOW,,commercial,,False
e commerce website development company in delhi ncr,website development company,10,,0,,,commercial,,False
goomi technology website software & mobile app development company,website development company,10,,0,,,navigational,,False
aimsoftnet website development company,website development company,10,,0,,,commercial,,False
best website development company in lucknow,website development company,10,,0,LOW,,commercial,best,False
top ecommerce website development company,website development company,10,,0,MEDIUM,14,commercial,top,False
webito infotech application website and software development company photos,website development company,10,,0,,,commercial,,False
website development company vadodara vadodara gujarat,website development company,10,,0,,54,navigational,,False
india websoft website design and development company india,website development company,10,,0,,,commercial,,False
doctor website development company,website development company,10,,0,,,commercial,,False
alula development company website,website development company,10,,0,,,navigational,,False
website development company ludhiana,website development company,10,,0,,83,commercial,,False
website development company in ghaziabad,website development company,10,,0,,,commercial,,False
ecommerce website development company in indore,website development company,10,,0,,,commercial,,False
website development company in rajasthan,website development company,10,,0,,43,commercial,,False
website development company lucknow,website development company,10,,0,,13,navigational,,False
custom website development company in india,website development company,10,,0,,,commercial,,False
website design and development company in bangalore,website development company,10,,0,LOW,53,commercial,,False
ecommerce website development company delhi,website development company,10,,0,LOW,52,commercial,,False
website development company reviews,website development company,10,,0,LOW,70,commercial,,False
website development company in goa,website development company,10,,0,,44,commercial,,False
website development company in bareilly,website development company,10,,0,,43,navigational,,False
website development company in patna,website development company,10,,0,,67,commercial,,False
website development company in ethiopia,website development company,10,,0,LOW,60,commercial,,False
development company website templates,website development company,10,,0,,44,navigational,,False
responsive website development company usa,website development company,10,,0,,,commercial,,False
best website development company in indore,website development company,10,,0,LOW,14,commercial,best,False
best website development company in bangalore,website development company,10,,0,LOW,,commercial,best,False
best website development company in nepal,website development company,10,,0,,,commercial,best,False
e commerce website development company in pune,website development company,10,,0,,44,commercial,,False
odyssey website development company,website development company,10,,0,LOW,,navigational,,False
wordpress website development company in delhi,website development company,10,,0,,44,commercial,,False
e-commerce website development company in delhi ncr,website development company,10,,0,,,commercial,,False
best website development company in surat,website development company,10,,0,LOW,,commercial,best,False
best web development company website,website development company,10,,0,LOW,66,commercial,best,False
top website development company in delhi ncr,website development company,10,,0,,,commercial,top,False
faq for website development company,website development company,10,,0,LOW,,informational,,False
website development company in germany,website development company,10,,0,,47,commercial,,False
best website development company in dehradun,website development company,10,,0,,,commercial,best,False
e commerce website development company in usa,website development company,10,,0,LOW,27,commercial,,False
website development company in gandhinagar,website development company,10,,0,,,commercial,,False
e commerce website development company in coimbatore,website development company,10,,0,LOW,,commercial,,False
website development company ahmedabad,website development company,10,,0,LOW,15,navigational,,False
website development company melbourne,website development company,10,,0,LOW,94,commercial,,False
softweb website design and development company in vapi gujarat india,website development company,10,,0,LOW,,navigational,,False
ecommerce website development company in noida,website development company,10,,0,LOW,,commercial,,False
top website development company in bangalore,website development company,10,,0,LOW,,commercial,top,False
e-commerce website development company in pune,website development company,10,,0,,44,commercial,,False
best website development company in london,website development company,10,,0,HIGH,,commercial,best,False
wordpress website development company in usa,website development company,10,,0,,58,commercial,,False
best website development company near me,website development company,10,,0,LOW,,commercial,best,False
website development company in ernakulam,website development company,10,,0,LOW,82,navigational,,False
website development company malaysia,website development company,10,,0,LOW,,commercial,,False
ecommerce website development company in hyderabad,website development company,10,,0,,,commercial,,False
hotel website development company in india,website development company,10,,0,,,navigational,,False
website development company profile pdf,website development company,10,,0,HIGH,39,navigational,,False
best website development company bangalore,website development company,10,,0,LOW,,commercial,best,False
corporate website development company,website development company,10,,0,LOW,40,navigational,,False
webcastle technologies web design company dubai ecommerce website development,website development company,10,,0,,,commercial,,False
zimmer development company website,website development company,10,,0,,36,navigational,,False
shopify website development company india,website development company,10,,0,LOW,8,navigational,,False
website development company in switzerland,website development company,10,,0,HIGH,,commercial,,False
website design & ecommerce development company in pakistan,website development company,10,,0,,,commercial,,False
website development company in jordan,website development company,10,,0,,45,commercial,,False
website development company vadodara,website development company,10,,0,,94,navigational,,False
e-commerce website development company in delhi,website development company,10,,0,,,commercial,,False
e-commerce website development company in jaipur,website development company,10,,0,,,commercial,,False
riofos seo company & website development,website development company,10,,0,LOW,,commercial,,False
website development company in dallas tx,website development company,10,,0,LOW,,commercial,,False
website development company gurgaon,website development company,10,,0,LOW,99,commercial,,False
website development company delhi,website development company,10,,14.64,LOW,68,commercial,,False
web development company website template wordpress,website development company,10,,0,,,navigational,,False
website development company in vashi,website development company,10,,0,,43,commercial,,False
ecommerce website development company bangalore,website development company,10,,0,,,commercial,,False
website development company in trichy,website development company,10,,0,LOW,45,commercial,,False
web stack technologies website design & development company nagpur,website development company,10,,0,,,navigational,,False
w3axis website design & development and digital marketing company,website development company,10,,0,,,commercial,,False
infimintus website design seo and app software development company,website development company,10,,0,,,navigational,,False
ecommerce website development company in dubai,website development company,10,,0,LOW,,commercial,,False
website development company in lahore,website development company,10,,0,LOW,100,commercial,,False
website development company websites,website development company,10,,0,,73,commercial,,False
best e-commerce website development company in delhi,website development company,10,,0,,48,commercial,best,False
website design and development company in bangladesh,website development company,10,,0,,80,commercial,,False
website development company in udaipur,website development company,10,,0,LOW,43,navigational,,False
e commerce website development company in jaipur,website development company,10,,0,,,commercial,,False
website development company in calicut,website development company,10,,0,,,commercial,,False
mobile website app development company,website development company,10,,0,,58,navigational,,False
kyptronix llp website design & development company digital marketing,website development company,10,,0,,,commercial,,False
website development company blog,website development company,10,,0,LOW,43,informational,,False
ewebworld website and mobile app development company in indore,website development company,10,,0,LOW,,commercial,,False
git infosys website designing & development company jaipur rajasthan,website development company,10,,0,,,commercial,,False
website development company patna,website development company,10,,0,,67,commercial,,False
website design and software development company,website development company,10,,0,,94,commercial,,False
website development company in thrissur,website development company,10,,0,,65,commercial,,False
product development company website,website development company,10,,0,LOW,,navigational,,False
website development company in noida,website development company,10,,0,LOW,68,commercial,,False
the banyan infotech website designing web development company coimbatore,website development company,10,,0,,,navigational,,False
content for software development company website,website development company,10,,0,,,navigational,,False
kistechnosoftware website software mobile application development company,website development company,10,,0,,,navigational,,False
fort collins website development company,website development company,10,,0,,,navigational,,False
ecommerce website development company mumbai,website development company,10,,0,,,commercial,,False
pharma website development company,website development company,10,,0,,,navigational,,False
ecommerce website development company in uk,website development company,10,,0,,,commercial,,False
website development company in france,website development company,10,,0,LOW,44,commercial,,False
terms and conditions for website development company,website development company,10,,0,,,commercial,,False
magento website development company in india,website development company,10,,0,LOW,0,commercial,,False
bigpage website design and development web hosting company in kolkata,website development company,10,,0,,,commercial,,False
website development company in tamilnadu,website development company,10,,0,,44,commercial,,False
website development company in dhanbad,website development company,10,,0,,,commercial,,False
website development company in nepal,website development company,10,,0,LOW,100,navigational,,False
website development company manchester,website development company,10,,0,LOW,95,commercial,,False
website design and development company in jaipur,website development company,10,,0,,,commercial,,False
digivend best website designing & development company in noida,website development company,10,,0,LOW,,commercial,best,False
website development company in gujarat,website development company,10,,0,,82,commercial,,False
wordpress website development company mumbai,website development company,10,,0,LOW,42,navigational,,False
fashion website development company,website development company,10,,0,,,commercial,,False
best website development company in kanpur,website development company,10,,0,,,commercial,best,False
custom php website development company in india,website development company,10,,0,,,commercial,,False
website development company in rajkot,website development company,10,,0,LOW,44,commercial,,False
website development company in bawana,website development company,10,,0,,,commercial,,False
website development company portfolio,website development company,10,,0,,58,commercial,,False
website development startup company,website development company,10,,0,LOW,28,commercial,,False
ecommerce website development company in bangalore,website development company,10,,0,LOW,,commercial,,False
best website development company in chennai,website development company,10,,0,LOW,,commercial,best,False
best website development company uk,website development company,10,,0,,,commercial,best,False
website development company banner,website development company,10,,0,,,commercial,,False
website development company kanpur,website development company,10,,0,LOW,83,navigational,,False
website design and development company in ahmedabad,website development company,10,,0,MEDIUM,75,commercial,,False
website development company in perth,website development company,10,,0,,,commercial,,False
e commerce website development company in noida,website development company,10,,0,,,commercial,,False
best website development company in canada,website development company,10,,0,,,commercial,best,False
website development company in varanasi,website development company,10,,0,LOW,,commercial,,False
classified website development company,website development company,10,,0,HIGH,,commercial,,False
best website development company in kochi,website development company,10,,0,LOW,,commercial,best,False
website development company in jaipur,website development company,10,,0,LOW,97,commercial,,False
website development company in ludhiana,website development company,10,,0,,83,commercial,,False
india's best website development company,website development company,10,,0,,24,commercial,best,False
best website development company in noida,website development company,10,,0,,,commercial,best,False
best website development company in trivandrum,website development company,10,,0,,,commercial,best,False
top website development company in pune,website development company,10,,0,LOW,,commercial,top,False
development company website template,website development company,10,,0,,44,navigational,,False
website development company in faridabad,website development company,10,,0,,53,commercial,,False
website development company in dwarka,website development company,10,,0,,47,commercial,,False
website development company in delhi ncr,website development company,10,,14.64,LOW,50,commercial,,False
software development company website design,website development company,10,,0,,,navigational,,False
best website development company in hyderabad,website development company,10,,0,,,commercial,best,False
3 way technologies website development & mobile application development company,website development company,10,,0,,,navigational,,False
free website template for web development company,website development company,10,,0,,,navigational,,False
e-commerce website development company in kolkata,website development company,10,,0,,,commercial,,False
creative website development company,website development company,10,,0,LOW,79,commercial,,False
app development company website,website development company,10,,55.95,HIGH,55,navigational,,False
website development company in abu dhabi,website development company,10,,0,LOW,67,commercial,,False
website development company in vasai,website development company,10,,0,,,navigational,,False
website development company washington,website development company,10,,0,,,commercial,,False
php website development company india,website development company,10,,0,LOW,1,navigational,,False
news website development company,website development company,10,,0,,,commercial,,False
ovo technology website design development software company in dhaka bangladesh,website development company,10,,0,,,commercial,,False
website development company in greater noida,website development company,10,,0,,43,commercial,,False
website templates for software development company,website development company,10,,0,,,navigational,,False
website development company ranchi,website development company,10,,0,HIGH,,commercial,,False
top website development company in noida,website development company,10,,0,,,commercial,top,False
best ecommerce website development company in mumbai,website development company,10,,0,LOW,,commercial,best,False
game development company website,website development company,10,,0,LOW,,navigational,,False
orissa minerals development company ltd official website,website development company,10,,0,,,navigational,,False
gospeedy ecommerce website design and development company,website development company,10,,0,,,navigational,,False
web idea solution website and app development company in kolkata,website development company,10,,0,,,commercial,,False
wordpress website development company in bangalore,website development company,10,,0,LOW,45,commercial,,False
best website development company in pune,website development company,10,,0,LOW,,commercial,best,False
best website design and development company in bangladesh,website development company,10,,0,,,commercial,best,False
wordpress website development company in chennai,website development company,10,,0,,45,commercial,,False
website development company honolulu,website development company,10,,0,,,commercial,,False
best website development company in gurgaon,website development company,10,,28.12,HIGH,,commercial,best,False
e-commerce website development company in coimbatore,website development company,10,,0,LOW,,commercial,,False
jabal omar development company website,website development company,10,,0,,,navigational,,False
name for website development company,website development company,10,,0,LOW,5,commercial,,False
website development company in surat,website development company,10,,0,LOW,84,navigational,,False
kafd development & management company website,website development company,10,,0,,,navigational,,False
website development company in panchkula,website development company,10,,0,,42,commercial,,False
website development company in south delhi,website development company,10,,0,,42,commercial,,False
ecommerce website development company in delhi ncr,website development company,10,,0,LOW,,commercial,,False
top website development company in uk,website development company,10,,0,,,commercial,top,False
appsinvo mobile app & website development company,website development company,10,,0,,,navigational,,False
magento website development company in new york,website development company,10,,0,,,commercial,,False
web stack technologies website design and development company nagpur,website development company,10,,0,LOW,,commercial,,False
best ecommerce website development company in ahmedabad,website development company,10,,0,,,commercial,best,False
website development company ghaziabad,website development company,10,,0,,,navigational,,False
codewraps digital marketing & website development company in noida india,website development company,10,,0,,,commercial,,False
it company website development,website development company,10,,0,LOW,71,navigational,,False
wordpress website development company in hyderabad,website development company,10,,0,,,commercial,,False
top website development company in mumbai,website development company,10,,0,,,commercial,top,False
website development company in new zealand,website development company,10,,0,,83,commercial,,False
software development company website template free,website development company,10,,0,,,navigational,,False
ecommerce website development company chennai,website development company,10,,0,,,navigational,,False
e commerce website development company in delhi,website development company,10,,0,,52,commercial,,False
website development company in malaysia,website development company,10,,0,LOW,47,commercial,,False
e-commerce website development company in chennai,website development company,10,,0,,,commercial,,False
education website development company,website development company,10,,0,,,navigational,,False
magento website development company in delhi,website development company,10,,0,,,commercial,,False
travel website development company in india,website development company,10,,0,,43,navigational,,False
best website development company in rajkot,website development company,10,,0,,,commercial,best,False
static website development company,website development company,10,,0,,,commercial,,False
website development company in dehradun,website development company,10,,0,,100,commercial,,False
website development company in pakistan,website development company,10,,0,LOW,52,commercial,,False
magento website development company in bangalore,website development company,10,,0,,,commercial,,False
unibiztec website development company in gurgaon,website development company,10,,0,LOW,,navigational,,False
infosky solutions website design & development company in kolkata,website development company,10,,0,,,commercial,,False
best ecommerce website development company india,website development company,10,,0,,,commercial,best,False
drupal website development company india,website development company,10,,0,LOW,0,navigational,,False
global dezigns website development company,website development company,10,,0,,,navigational,,False
king salman international airport development company website,website development company,10,,0,,,navigational,,False
matrimonial website development company in india,website development company,10,,0,HIGH,,commercial,,False
website development company in navi mumbai,website development company,10,,0,,42,commercial,,False
mobile app and website development company,website development company,10,,0,LOW,34,commercial,,False
e-commerce website development company bangalore,website development company,10,,0,,,commercial,,False
devherds mobile app and website development company,website development company,10,,0,,,navigational,,False
website development company in vapi,website development company,10,,0,,44,commercial,,False
social networking website development company,website development company,10,,0,LOW,17,navigational,,False
website development company wordpress theme,website development company,10,,0,LOW,,commercial,,False
website development company sydney,website development company,10,,0,LOW,85,commercial,,False
ecommerce website development company in jaipur,website development company,10,,0,,,commercial,,False
website development company in manchester,website development company,10,,0,LOW,,commercial,,False
web development company website template bootstrap,website development company,10,,0,,64,navigational,,False
best website development company in mohali,website development company,10,,0,,,commercial,best,False
top website development company in kolkata,website development company,10,,0,,,commercial,top,False
website development company in madurai,website development company,10,,0,LOW,46,commercial,,False
software & website development company in indore the avs technology,website development company,10,,0,,,navigational,,False
website development company in kanpur,website development company,10,,0,LOW,83,navigational,,False
how do i choose a website design and development company,website development company,10,,0,,,informational,,True
content for website development company,website development company,10,,0,,,commercial,,False
coding brains software & website development company,website development company,10,,0,,,navigational,,False
ecommerce website development company in ahmedabad,website development company,10,,0,,,commercial,,False
top ecommerce website development company in india,website development company,10,,0,,,commercial,top,False
bit technologies website development company software house karachi,website development company,10,,0,LOW,,navigational,,False
top wordpress website development company in india,website development company,10,,0,,,commercial,top,False
website design and development company in saudi arabia,website development company,10,,0,,48,commercial,,False
website development company kuwait,website development company,10,,0,LOW,,commercial,,False
website development company jodhpur,website development company,10,,0,,,navigational,,False
fixl solutions best website development company,website development company,10,,0,,,commercial,best,False
best ecommerce website development company in india,website development company,10,,0,,,commercial,best,False
website development company name suggestions,website development company,10,,2.14,MEDIUM,,commercial,,False
ecommerce website development company in kolkata,website development company,10,,0,,,commercial,,False
business website development company,website development company,10,,0,LOW,74,commercial,,False
website design and development company in australia,website development company,10,,0,,,commercial,,False
orissa minerals development company ltd website,website development company,10,,0,,,navigational,,False
biggest website development company,website development company,10,,58.08,HIGH,,commercial,biggest,False
ecommerce website development company in karur,website development company,10,,0,,,commercial,,False
techsysd it solution website design & mobile app development company,website development company,10,,0,,,navigational,,False
top 10 website development company in india,website development company,10,,0,LOW,49,commercial,top 10,False
e commerce website development company in chennai,website development company,10,,0,,,commercial,,False
website development company in nagpur,website development company,10,,0,LOW,84,navigational,,False
website development company in bihar,website development company,10,,0,,,commercial,,False
website development company in jalandhar,website development company,10,,0,,,commercial,,False
website development company in chandigarh,website development company,10,,0,LOW,42,commercial,,False
taglines for website development company,website development company,10,,0,,43,commercial,,False
best ecommerce website development company in bangalore,website development company,10,,0,,,commercial,best,False
rajkot website development company,website development company,10,,0,LOW,,navigational,,False
technoid fze website design & development company in dubai,website development company,10,,0,LOW,,navigational,,False
hotel booking website development company,website development company,10,,11,,,navigational,,False
responsive website development company in usa,website development company,10,,0,,,commercial,,False
coding brains software & website development company reviews,website development company,10,,0,,,commercial,,False
web development company website design inspiration,website development company,10,,10.52,HIGH,59,informational,,False
marketing strategy for website development company,website development company,10,,0,LOW,,commercial,,False
wordpress theme for website development company,website development company,10,,0,LOW,49,commercial,,False
website development company softscribble pvt ltd,website development company,10,,0,LOW,,commercial,,False
kistechnosoftware software website mobile application development company,website development company,10,,0,,,commercial,,False
ecommerce website development company in chennai,website development company,10,,0,LOW,,commercial,,False
small business website development company,website development company,10,,0,LOW,,commercial,,False
website development company in dhaka,website development company,10,,0,LOW,,commercial,,False
aspira technology website development web designing company in chromepet chennai,website development company,10,,0,,,navigational,,False
website development company in moradabad,website development company,10,,0,,45,commercial,,False
website development company name ideas,website development company,10,,2.14,MEDIUM,34,commercial,,False
top website development company in chennai,website development company,10,,0,LOW,,commercial,top,False
wordpress website development company in kolkata,website development company,10,,0,,,commercial,,False
website development company logo,website development company,10,,0,,,navigational,,False
html5 website development company,website development company,10,,0,LOW,0,commercial,,False
website development company in kerala,website development company,10,,0,LOW,78,commercial,,False
best website development company in australia,website development company,10,,0,,,commercial,best,False
website development company in utah,website development company,10,,0,LOW,42,commercial,,False
website development company in nj,website development company,10,,0,LOW,60,commercial,,False
website development company abu dhabi,website development company,10,,0,LOW,67,commercial,,False
website design and development company in uk,website development company,10,,0,,53,commercial,,False
website design and development company in dubai,website development company,10,,0,,80,commercial,,False
website development company in bengaluru,website development company,10,,0,,,commercial,,False
top php website development company in india,website development company,10,,0,,,commercial,top,False
website development company in aurangabad,website development company,10,,0,,47,commercial,,False
star web india website design company application development,website development company,10,,0,,,commercial,,False
softomatic solutions website development company in lahore,website development company,10,,0,LOW,,commercial,,False
website development company in nashik,website development company,10,,0,,57,commercial,,False
website development company in kochi,website development company,10,,0,MEDIUM,47,commercial,,False
best wordpress website development company in india,website development company,10,,0,LOW,,commercial,best,False
website designing and development company in delhi,website development company,10,,0,,100,commercial,,False
website development company in jamnagar,website development company,10,,0,,,navigational,,False
dating website development company,website development company,10,,0,LOW,,commercial,,False
odoo website development company,website development company,10,,0,,,navigational,,False
best website development company in bangladesh,website development company,10,,0,LOW,,commercial,best,False
free website templates for software development company,website development company,10,,0,,,navigational,,False
ozosoft website design web & mobile app development company,website development company,10,,0,LOW,,navigational,,False
website development company in jodhpur,website development company,10,,0,,58,navigational,,False
website development company in zirakpur,website development company,10,,0,,,navigational,,False
best website development company in delhi,website development company,10,,0,LOW,,commercial,best,False
ecommerce website design & development company,website development company,10,,0,LOW,20,commercial,,False
php website development company in india,website development company,10,,0,LOW,0,commercial,,False
website development company in calgary,website development company,10,,0,,,commercial,,False
website development company brisbane,website development company,10,,0,,,commercial,,False
website development and maintenance company,website development company,10,,0,LOW,,commercial,,False
website development company in bhopal,website development company,10,,0,,100,commercial,,False
website development company in delhi noida,website development company,10,,0,,48,commercial,,False
names for website development company,website development company,10,,0,LOW,5,commercial,,False
cms softwares custom software & website development company,website development company,10,,0,,,commercial,,False
ecommerce website development company in pune,website development company,10,,0,LOW,44,commercial,,False
philadelphia ecommerce agency,ecommerce agency,10,,0,,,commercial,,False
ecommerce agency software,ecommerce agency,10,,0,,,commercial,,False
ecommerce agency coalition,ecommerce agency,10,,0,,,navigational,,False
denver ecommerce agency,ecommerce agency,10,,0,LOW,70,commercial,,False
ecommerce service agency,ecommerce agency,10,,0,HIGH,42,commercial,,False
best ecommerce seo agency ranstar io,ecommerce agency,10,,0,,,commercial,best,False
ecommerce today agency,ecommerce agency,10,,0,HIGH,,navigational,,False
ecommerce adwords agency,ecommerce agency,10,,0,,,commercial,,False
ecommerce pr agency,ecommerce agency,10,,0,LOW,,commercial,,False
beauty ecommerce agency,ecommerce agency,10,,30.28,HIGH,,commercial,,False
ecommerce agency in delhi,ecommerce agency,10,,0,,,commercial,,False
ecommerce agency philadelphia,ecommerce agency,10,,0,,49,commercial,,False
ecommerce marketing agency nyc,ecommerce agency,10,,0,LOW,,commercial,,False
aalogics ecommerce erp mobile apps & digital marketing development agency,ecommerce agency,10,,0,,,commercial,,False
best ecommerce marketing agency usa,ecommerce agency,10,,0,,,commercial,best,False
ecommerce agency canada,ecommerce agency,10,,0,LOW,,commercial,,False
best social media marketing agency for ecommerce,ecommerce agency,10,,0,,,commercial,best,False
ecommerce agency in bangalore,ecommerce agency,10,,0,HIGH,,commercial,,False
ecommerce marketing agency toronto,ecommerce agency,10,,0,LOW,,commercial,,False
ecommerce agency jobs,ecommerce agency,10,,2.94,MEDIUM,0,navigational,,False
ecommerce marketing agency miami,ecommerce agency,10,,0,,0,commercial,,False
tai lopez ecommerce agency,ecommerce agency,10,,0,LOW,,navigational,,False
top ecommerce marketing agency,ecommerce agency,10,,18.42,MEDIUM,3,commercial,top,False
ecommerce agency name ideas,ecommerce agency,10,,0,,,commercial,,False
ecommerce agency miami,ecommerce agency,10,,0,MEDIUM,,commercial,,False
ecommerce agency minneapolis,ecommerce agency,10,,0,HIGH,,navigational,,False
ecommerce marketing agency near me,ecommerce agency,10,,5.46,LOW,27,commercial,,False
ecommerce agency chicago,ecommerce agency,10,,8.89,MEDIUM,,commercial,,False
ecommerce sem agency,ecommerce agency,10,,0,LOW,5,commercial,,False
vancouver ecommerce agency,ecommerce agency,10,,0,,,commercial,,False
ecommerce facebook agency,ecommerce agency,10,,0,,,navigational,,False
ecommerce agency liverpool,ecommerce agency,10,,0,,,commercial,,False
best ecommerce agency in india,ecommerce agency,10,,0,HIGH,,commercial,best,False
ecommerce agency glasgow,ecommerce agency,10,,0,,,commercial,,False
ecommerce agency usa,ecommerce agency,10,,14.33,HIGH,30,commercial,,False
ecommerce growth marketing agency,ecommerce agency,10,,455.43,MEDIUM,,commercial,,False
best ecommerce ads agency,ecommerce agency,10,,0,MEDIUM,,commercial,best,False
ecommerce agency birmingham,ecommerce agency,10,,0,,,commercial,,False
ecommerce setup agency,ecommerce agency,10,,0,HIGH,,commercial,,False
ecommerce agency summit,ecommerce agency,10,,0,MEDIUM,3,navigational,,False
best agency ecommerce,ecommerce agency,10,,0,,0,commercial,best,False
ecommerce seo agency sydney,ecommerce agency,10,,0,LOW,,commercial,,False
ecommerce marketing agency llc,ecommerce agency,10,,0,,18,commercial,,False
ecommerce agency hong kong,ecommerce agency,10,,0,,53,commercial,,False
los angeles ecommerce agency,ecommerce agency,10,,9.59,HIGH,0,commercial,,False
ecommerce solutions agency,ecommerce agency,10,,0,LOW,58,commercial,,False
ecommerce strategy agency,ecommerce agency,10,,0,,,commercial,,False
what is an ecommerce marketing agency,ecommerce agency,10,,0,,,informational,,True
ecommerce services agency,ecommerce agency,10,,0,HIGH,56,commercial,,False
ecommerce digital marketing agency india,ecommerce agency,10,,0,,,commercial,,False
ecommerce specialist agency,ecommerce agency,10,,0,,,commercial,,False
uk ecommerce agency,ecommerce agency,10,,0,,49,commercial,,False
ecommerce paid ads agency,ecommerce agency,10,,0,HIGH,,commercial,,False
fashion ecommerce marketing agency,ecommerce agency,10,,148.88,LOW,,commercial,,False
best ecommerce marketing agency rankstar,ecommerce agency,10,,0,,,commercial,best,False
icecube digital ecommerce design development and digital marketing agency,ecommerce agency,10,,0,,,commercial,,False
avex shopify plus ecommerce agency,ecommerce agency,10,,0,HIGH,,navigational,,False
ecommerce marketing agency uk,ecommerce agency,10,,0,LOW,,commercial,,False
target ecommerce marketing agency london,ecommerce agency,10,,0,,,commercial,,False
stryde ecommerce marketing agency,ecommerce agency,10,,0,LOW,,commercial,,False
ecommerce agency sydney,ecommerce agency,10,,0,,,commercial,,False
agency for ecommerce,ecommerce agency,10,,0,LOW,0,commercial,,False
ecommerce agency bristol,ecommerce agency,10,,0,,,commercial,,False
ecommerce agency south africa,ecommerce agency,10,,0,,,commercial,,False
best ecommerce email marketing agency,ecommerce agency,10,,0,,,commercial,best,False
the ecommerce agency,ecommerce agency,10,,0,,0,navigational,,False
ecommerce website design agency near me,ecommerce agency,10,,0,,,commercial,,False
global ecommerce agency,ecommerce agency,10,,0,,,commercial,,False
ecommerce agency vancouver,ecommerce agency,10,,0,HIGH,,commercial,,False
guidance ecommerce agency,ecommerce agency,10,,0,LOW,,commercial,,False
tiktok ecommerce agency,ecommerce agency,10,,0,,,navigational,,False
d2c ecommerce agency,ecommerce agency,10,,0,LOW,,commercial,,False
ecommerce email agency,ecommerce agency,10,,60.75,LOW,,commercial,,False
ecommerce marketing agency canada,ecommerce agency,10,,0,,,commercial,,False
ecommerce content marketing agency,ecommerce agency,10,,0,LOW,16,commercial,,False
ecommerce support agency,ecommerce agency,10,,0,LOW,,commercial,,False
ecommerce website development agency near me,ecommerce agency,10,,0,,,commercial,,False
top ecommerce digital agency,ecommerce agency,10,,0,LOW,,commercial,top,False
white label ecommerce agency,ecommerce agency,10,,0,HIGH,55,commercial,,False
ecommerce marketing agency india,ecommerce agency,10,,0,,17,commercial,,False
ecommerce customer service agency,ecommerce agency,10,,0,,,navigational,,False
how to start an ecommerce agency,ecommerce agency,10,,0,,,informational,,True
ecommerce seo agency growmatic,ecommerce agency,10,,0,,0,commercial,,False
hong kong ecommerce agency,ecommerce agency,10,,0,,53,navigational,,False
ecommerce agency in pakistan,ecommerce agency,10,,0,,,commercial,,False
retail ecommerce agency,ecommerce agency,10,,50.71,MEDIUM,,commercial,,False
digital marketing agency ecommerce business,ecommerce agency,10,,0,,55,commercial,,False
ecommerce agency montreal,ecommerce agency,10,,0,,,commercial,,False
ecommerce agency singapore,ecommerce agency,10,,0,,,commercial,,False
ecommerce agency definition,ecommerce agency,10,,0,,,informational,,False
ecommerce agency dubai,ecommerce agency,10,,0,,,commercial,,False
engine23 ecommerce agency,ecommerce agency,10,,0,LOW,,commercial,,False
ecommerce agency edinburgh,ecommerce agency,10,,0,,,commercial,,False
the best tiktok agency for ecommerce,ecommerce agency,10,,0,,,commercial,best,False
digital marketing agency for ecommerce business,ecommerce agency,10,,0,LOW,56,commercial,,False
magento ecommerce agency london,ecommerce agency,10,,0,,,commercial,,False
ecommerce agency uk,ecommerce agency,10,,0,LOW,,commercial,,False
best ecommerce social media marketing agency,ecommerce agency,10,,0,,,commercial,best,False
ecommerce website design agency uk,ecommerce agency,10,,0,,,commercial,,False
hire ecommerce development agency,ecommerce agency,10,,0,LOW,,transactional,,False
dta agency ecommerce,ecommerce agency,10,,0,,,navigational,,False
ecommerce agency chester,ecommerce agency,10,,0,,,commercial,,False
ecommerce agency san francisco,ecommerce agency,10,,0,,,commercial,,False
ecommerce marketing agency united states,ecommerce agency,10,,0,,,commercial,,False
ecommerce agency dublin,ecommerce agency,10,,0,HIGH,,commercial,,False
ecommerce marketing agency melbourne,ecommerce agency,10,,0,,,commercial,,False
ecommerce agency in mumbai,ecommerce agency,10,,0,HIGH,,commercial,,False
ecommerce website development agency in dubai,ecommerce agency,10,,0,,,commercial,,False
aleide web agency seo e ecommerce,ecommerce agency,10,,0,,,commercial,,False
ecommerce recruitment agency london,ecommerce agency,10,,0,,,commercial,,False
ecommerce china agency,ecommerce agency,10,,0,,7,navigational,,False
tiktok agency for ecommerce,ecommerce agency,10,,0,,,commercial,,False
trellis ecommerce agency,ecommerce agency,10,,0,HIGH,,navigational,,False
ecommerce agency list,ecommerce agency,10,,0,,,navigational,,False
ecommerce agency india,ecommerce agency,10,,0,,,commercial,,False
ecommerce digital marketing agency in usa,ecommerce agency,10,,0,LOW,,commercial,,False
ecommerce agency florida,ecommerce agency,10,,0,,,commercial,,False
ecommerce talent agency,ecommerce agency,10,,0,LOW,,commercial,,False
best ecommerce development agency,ecommerce agency,10,,0,LOW,,commercial,best,False
ecommerce agency nottingham,ecommerce agency,10,,0,,34,commercial,,False
ecommerce agency in dubai,ecommerce agency,10,,0,,,commercial,,False
ecommerce agency malaysia,ecommerce agency,10,,0,,,commercial,,False
praella ecommerce agency,ecommerce agency,10,,0,LOW,,navigational,,False
ecommerce seo agency melbourne,ecommerce agency,10,,0,,,commercial,,False
best web agency ecommerce,ecommerce agency,10,,0,LOW,,commercial,best,False
trilogi the ecommerce agency,ecommerce agency,10,,0,LOW,,navigational,,False
ecommerce agency nz,ecommerce agency,10,,0,,,commercial,,False
creative agency for ecommerce,ecommerce agency,10,,65.93,HIGH,,commercial,,False
best ecommerce marketing agency india,ecommerce agency,10,,0,,,commercial,best,False
ecommerce agency ireland,ecommerce agency,10,,0,,,commercial,,False
ecommerce product photography agency,ecommerce agency,10,,0,LOW,,navigational,,False
artabout ecommerce agency,ecommerce agency,10,,0,LOW,,navigational,,False
ecommerce agency denver,ecommerce agency,10,,0,LOW,,commercial,,False
creative ecommerce agency,ecommerce agency,10,,0,,,commercial,,False
ecommerce agency growth,ecommerce agency,10,,0,LOW,0,commercial,,False
meetanshi technologies full service ecommerce agency,ecommerce agency,10,,0,,,navigational,,False
ecommerce agency melbourne,ecommerce agency,10,,0,,,commercial,,False
ecommerce agency tai lopez,ecommerce agency,10,,0,,,navigational,,False
seo for ecommerce agency,ecommerce agency,10,,0,LOW,3,commercial,,False
best ecommerce advertising agency,ecommerce agency,10,,0,HIGH,,commercial,best,False
ecommerce and digital marketing agency,ecommerce agency,10,,0,,,commercial,,False
ecommerce design agency london,ecommerce agency,10,,0,,,commercial,,False
ecommerce seo agency in india,ecommerce agency,10,,0,,,commercial,,False
1 ecommerce agency,ecommerce agency,10,,0,MEDIUM,,navigational,,False
commerce9 ecommerce development agency,ecommerce agency,10,,0,,,commercial,,False
ecommerce & marketing course agency marketer affiliate,ecommerce agency,10,,0,,,commercial,,False
ecommerce staffing agency,ecommerce agency,10,,54.65,LOW,34,commercial,,False
eca ecommerce consulting agency,ecommerce agency,10,,0,,,commercial,,False
drupal ecommerce agency,ecommerce agency,10,,0,LOW,,commercial,,False
ecommerce marketing agency sydney,ecommerce agency,10,,0,,,commercial,,False
ecommerce agency amsterdam,ecommerce agency,10,,0,,,commercial,,False
best seo agency ecommerce,ecommerce agency,10,,0,LOW,25,commercial,best,False
netsuite ecommerce agency,ecommerce agency,10,,0,LOW,,navigational,,False
best rated seo agency for ecommerce,ecommerce agency,10,,0,,8,commercial,best,False
what is an ecommerce agency,ecommerce agency,10,,0,LOW,1,informational,,True
best ecommerce app development agency,ecommerce agency,10,,0,LOW,,commercial,best,False
ecommerce agency toronto,ecommerce agency,10,,0,,,commercial,,False
ecommerce agency summit valencia,ecommerce agency,10,,0,,,navigational,,False
ecommerce agency europe,ecommerce agency,10,,0,,,commercial,,False
san diego ecommerce agency,ecommerce agency,10,,0,,37,commercial,,False
ecommerce business agency,ecommerce agency,10,,0,,,commercial,,False
ecommerce agency website,ecommerce agency,10,,47.6,HIGH,19,commercial,,False
what is ecommerce agency,ecommerce agency,10,,0,LOW,1,informational,,True
ecommerce agency meaning,ecommerce agency,10,,0,LOW,,informational,,False
ecommerce web developer agency,ecommerce agency,10,,0,,40,commercial,,False
ecommerce marketing agency reviews,ecommerce agency,10,,0,LOW,48,commercial,,False
nashville ecommerce agency,ecommerce agency,10,,0,,,commercial,,False
shopify ecommerce agency in india,ecommerce agency,10,,0,LOW,,commercial,,False
agence ecommerce zee agency,ecommerce agency,10,,0,,47,commercial,,False
ecommerce video agency,ecommerce agency,10,,0,,,commercial,,False
ecommerce marketing agency dubai,ecommerce agency,10,,0,,,commercial,,False
best ecommerce marketing agency in india,ecommerce agency,10,,0,,,commercial,best,False
9xb ecommerce agency,ecommerce agency,10,,0,,,navigational,,False
ecommerce marketing agency london,ecommerce agency,10,,0,,49,commercial,,False
agency ecommerce wordpress theme,ecommerce agency,10,,0,,,navigational,,False
ecommerce agency in usa,ecommerce agency,10,,185.54,LOW,30,commercial,,False
b2b ecommerce marketing agency,ecommerce agency,10,,192.16,LOW,,commercial,,False
ecommerce agency brisbane,ecommerce agency,10,,0,,,commercial,,False
ecommerce ppc agency uk,ecommerce agency,10,,0,,,commercial,,False
ecommerce development company in dubai,ecommerce development company,10,,0,LOW,,commercial,,False
best ecommerce app development company,ecommerce development company,10,,0,LOW,,commercial,best,False
ecommerce app development company in saudi arabia,ecommerce development company,10,,0,,,commercial,,False
elsner technologies ecommerce development company,ecommerce development company,10,,0,,,commercial,,False
ecommerce development company in mumbai,ecommerce development company,10,,0,,,commercial,,False
opencart ecommerce development company,ecommerce development company,10,,0,LOW,,commercial,,False
ecommerce development company in gurgaon,ecommerce development company,10,,0,,,commercial,,False
ecommerce web development company bangalore,ecommerce development company,10,,0,,,commercial,,False
ecommerce web development company in jaipur,ecommerce development company,10,,0,,,commercial,,False
ecommerce development company in kochi,ecommerce development company,10,,0,,,commercial,,False
ecommerce development company in delhi ncr,ecommerce development company,10,,0,,,commercial,,False
custom ecommerce application development company,ecommerce development company,10,,0,,,commercial,,False
ecommerce development company bangalore,ecommerce development company,10,,0,LOW,,commercial,,False
arham technosoft an ecommerce development company,ecommerce development company,10,,0,,,navigational,,False
ecommerce development company dubai,ecommerce development company,10,,0,LOW,,commercial,,False
ecommerce web development company in chennai,ecommerce development company,10,,0,,,commercial,,False
ecommerce app development company in chennai,ecommerce development company,10,,0,,,commercial,,False
ecommerce development company in bangalore,ecommerce development company,10,,0,LOW,,commercial,,False
ecommerce web development company in bangalore,ecommerce development company,10,,0,LOW,,commercial,,False
best magento ecommerce development company,ecommerce development company,10,,0,LOW,,commercial,best,False
ecommerce development company in delhi,ecommerce development company,10,,0,,,commercial,,False
ecommerce development company in noida,ecommerce development company,10,,0,,,commercial,,False
ecommerce web development company in mumbai,ecommerce development company,10,,0,,,commercial,,False
ecommerce development company chennai,ecommerce development company,10,,0,,,commercial,,False
ecommerce development company in pune,ecommerce development company,10,,0,,,commercial,,False
best ecommerce development company in india,ecommerce development company,10,,0,,,commercial,best,False
ecommerce development company qatar,ecommerce development company,10,,0,,,commercial,,False
ecommerce app development company in india,ecommerce development company,10,,0,LOW,,commercial,,False
ecommerce development company in uk,ecommerce development company,10,,0,LOW,5,commercial,,False
ecommerce development company in hyderabad,ecommerce development company,10,,0,,,commercial,,False
top ecommerce app development company,ecommerce development company,10,,0,LOW,,commercial,top,False
ecommerce development company uae,ecommerce development company,10,,0,LOW,,commercial,,False
ecommerce development company in coimbatore,ecommerce development company,10,,0,,,commercial,,False
top ecommerce development company in india,ecommerce development company,10,,0,LOW,11,commercial,top,False
elsner technologies ecommerce development company navrangpura,ecommerce development company,10,,0,,,commercial,,False
best ecommerce development company in usa,ecommerce development company,10,,0,LOW,,commercial,best,False
brainvire ecommerce and mobile app development company mumbai photos,ecommerce development company,10,,0,,,navigational,,False
elsner technologies ecommerce development company shivranjani ayojan nagar,ecommerce development company,10,,0,,,commercial,,False
ecommerce development company near me,ecommerce development company,10,,0,,,commercial,,False
ecommerce development company mumbai,ecommerce development company,10,,0,,,commercial,,False
ecommerce development company in chennai,ecommerce development company,10,,0,,,commercial,,False
ecommerce development company in australia,ecommerce development company,10,,0,,,commercial,,False
ecommerce web development company in noida,ecommerce development company,10,,0,,,commercial,,False
ecommerce web development company in delhi,ecommerce development company,10,,0,,,commercial,,False
ecommerce web development company in usa,ecommerce development company,10,,0,LOW,23,commercial,,False
best ecommerce development company india,ecommerce development company,10,,0,,,commercial,best,False
brainvire ecommerce & mobile app development company photos,ecommerce development company,10,,0,LOW,,commercial,,False
magento ecommerce development company india,ecommerce development company,10,,0,LOW,23,commercial,,False
brainvire ecommerce and mobile app development company mumbai reviews,ecommerce development company,10,,0,,,commercial,,False
best ecommerce web development company dubai,ecommerce development company,10,,0,,,commercial,best,False
best ecommerce development company in dubai,ecommerce development company,10,,0,LOW,,commercial,best,False
ecommerce development company delhi,ecommerce development company,10,,0,,,commercial,,False
ecommerce development company services,ecommerce development company,10,,0,MEDIUM,,commercial,,False
metaverse ecommerce development company,ecommerce development company,10,,0,,,navigational,,False
ecommerce web development company in coimbatore,ecommerce development company,10,,0,LOW,,commercial,,False
ecommerce development company in uae,ecommerce development company,10,,0,LOW,,commercial,,False
ecommerce development company in kerala,ecommerce development company,10,,0,,43,commercial,,False
ecommerce development company london,ecommerce development company,10,,0,,,commercial,,False
ecommerce app development company in usa,ecommerce development company,10,,0,LOW,,commercial,,False
ecommerce app development company in mumbai,ecommerce development company,10,,0,,,commercial,,False
best ecommerce store development company,ecommerce development company,10,,0,LOW,,commercial,best,False
ecommerce app development company india,ecommerce development company,10,,0,LOW,,commercial,,False
um shopify marketing agency website,shopify agency,10,,0,,,navigational,,False
radiant shopify agency,shopify agency,10,,0,LOW,,navigational,,False
shopify google ads agency,shopify agency,10,,0,LOW,,commercial,,False
kloc technologies shopify plus agency,shopify agency,10,,0,,,commercial,,False
white label shopify agency,shopify agency,10,,0,MEDIUM,43,navigational,,False
best shopify development agency in india,shopify agency,10,,0,,,commercial,best,False
kikstart ecom shopify partner agency,shopify agency,10,,0,,,commercial,,False
shopify agency auckland,shopify agency,10,,0,,,commercial,,False
shopify dropshipping agency,shopify agency,10,,1.72,LOW,,navigational,,False
shopify agency perth,shopify agency,10,,0,,,commercial,,False
digital marketing agency shopify theme,shopify agency,10,,20.61,HIGH,,navigational,,False
shopify agency jobs,shopify agency,10,,0,LOW,,navigational,,False
magento to shopify migration agency,shopify agency,10,,0,LOW,,commercial,,False
shopify agency europe,shopify agency,10,,0,,,navigational,,False
full-service shopify agency,shopify agency,10,,0,LOW,51,commercial,,False
shopify agency singapore,shopify agency,10,,0,,,navigational,,False
lazer shopify agency,shopify agency,10,,63.36,MEDIUM,,commercial,,False
shopify developer agency,shopify agency,10,,48.41,MEDIUM,51,navigational,,False
shopify management agency,shopify agency,10,,0,LOW,,navigational,,False
shopify development agency in delhi,shopify agency,10,,0,,,commercial,,False
best shopify developer agency,shopify agency,10,,0,,,commercial,best,False
shopify agency bristol,shopify agency,10,,0,,,navigational,,False
shopify agency in pakistan,shopify agency,10,,0,,,navigational,,False
shopify agency nyc,shopify agency,10,,0,MEDIUM,,navigational,,False
new york shopify agency,shopify agency,10,,0,,0,navigational,,False
shopify agency melbourne,shopify agency,10,,0,,,commercial,,False
tomorrow shopify agency,shopify agency,10,,0,LOW,,navigational,,False
why matters shopify agency,shopify agency,10,,0,LOW,,informational,,True
shopify white label agency,shopify agency,10,,0,HIGH,,navigational,,False
shopify agency login,shopify agency,10,,0,LOW,,navigational,,False
shopify plus agency london,shopify agency,10,,0,,,navigational,,False
shopify optimization agency,shopify agency,10,,0,HIGH,,commercial,,False
woocommerce to shopify migration agency,shopify agency,10,,0,LOW,,commercial,,False
travel agency shopify,shopify agency,10,,0,MEDIUM,,navigational,,False
shopify certified agency,shopify agency,10,,0,,,navigational,,False
shopify agency website,shopify agency,10,,0,,86,navigational,,False
shopify conversion rate optimization agency,shopify agency,10,,0,LOW,,commercial,,False
shopify enterprise agency,shopify agency,10,,0,LOW,27,navigational,,False
full service shopify agency,shopify agency,10,,0,LOW,51,commercial,,False
shopify development agency near me,shopify agency,10,,0,LOW,56,navigational,,False
shopify agency canada,shopify agency,10,,0,HIGH,,commercial,,False
shopify agency scotland,shopify agency,10,,0,,,commercial,,False
shopify website design agency ravedigital,shopify agency,10,,0,,,commercial,,False
shopify seo agency australia,shopify agency,10,,0,,,commercial,,False
shopify store development agency,shopify agency,10,,0,LOW,,navigational,,False
shopify for travel agency,shopify agency,10,,46.43,MEDIUM,18,navigational,,False
shopify travel agency,shopify agency,10,,0,MEDIUM,18,navigational,,False
shopify seo agency new york,shopify agency,10,,0,,,commercial,,False
charle shopify agency,shopify agency,10,,0,MEDIUM,,navigational,,False
shopify service agency,shopify agency,10,,0,LOW,,navigational,,False
shopify b2b agency,shopify agency,10,,0,LOW,,navigational,,False
noir & blanco shopify plus agency,shopify agency,10,,0,,,commercial,,False
shopify agency glasgow,shopify agency,10,,0,,,navigational,,False
top shopify development agency in india,shopify agency,10,,0,HIGH,,commercial,top,False
shopify plus agency australia,shopify agency,10,,0,,,navigational,,False
shopify agency california,shopify agency,10,,0,MEDIUM,,navigational,,False
vaan shopify platinum agency,shopify agency,10,,0,LOW,,navigational,,False
shopify development agency reviews,shopify agency,10,,0,,,informational,,False
crawlapps shopify plus agency,shopify agency,10,,0,,,commercial,,False
shopify agency theme,shopify agency,10,,0,HIGH,,navigational,,False
shopify agency partner program,shopify agency,10,,0,LOW,8,commercial,,False
shopify speed optimization agency,shopify agency,10,,0,LOW,,commercial,,False
shopify agency account,shopify agency,10,,0,LOW,,navigational,,False
top shopify development agency,shopify agency,10,,0,MEDIUM,,navigational,top,False
shopify agency toronto,shopify agency,10,,0,HIGH,,commercial,,False
shopify seo agency in india,shopify agency,10,,0,LOW,,commercial,,False
shopify agency liverpool,shopify agency,10,,0,LOW,,navigational,,False
shopify digital agency,shopify agency,10,,0,MEDIUM,,commercial,,False
shopify development agency in india,shopify agency,10,,0,LOW,,navigational,,False
seo agency shopify,shopify agency,10,,0,LOW,31,commercial,,False
shopify subscription agency,shopify agency,10,,0,LOW,,commercial,,False
shopify development agency in pune,shopify agency,10,,0,,,commercial,,False
shopify marketing agency in usa,shopify agency,10,,15.86,MEDIUM,22,commercial,,False
shopify agency vancouver,shopify agency,10,,0,,,commercial,,False
shopify plus agency coalition,shopify agency,10,,0,LOW,,navigational,,False
shopify agency france,shopify agency,10,,0,,,navigational,,False
shopify experts agency,shopify agency,10,,0,LOW,6,navigational,,False
shopify agency us,shopify agency,10,,0,LOW,,navigational,,False
shopify plus agency melbourne,shopify agency,10,,0,,,navigational,,False
shopify agency usa,shopify agency,10,,13.93,MEDIUM,,navigational,,False
shopify agency australia,shopify agency,10,,0,LOW,,commercial,,False
domain shopify agency,shopify agency,10,,0,LOW,13,navigational,,False
shopify agency sydney,shopify agency,10,,0,,,commercial,,False
shopify agency india,shopify agency,10,,0,HIGH,,navigational,,False
experts shopify zee agency,shopify agency,10,,0,,54,navigational,,False
shopify travel agency theme,shopify agency,10,,19.25,HIGH,,navigational,,False
shopify agency boston,shopify agency,10,,0,LOW,,navigational,,False
shopify website building agency,shopify agency,10,,0,,,navigational,,False
shopify theme agency,shopify agency,10,,0,HIGH,,navigational,,False
ecom experts shopify plus agency,shopify agency,10,,0,HIGH,,navigational,,False
shopify agency brisbane,shopify agency,10,,0,,,navigational,,False
code shopify agency,shopify agency,10,,0,,,commercial,,False
shopify development agency dubai,shopify agency,10,,0,,,commercial,,False
shopify plus web development agency,shopify agency,10,,0,MEDIUM,,commercial,,False
cql shopify agency,shopify agency,10,,13.87,LOW,,commercial,,False
shopify agency montreal,shopify agency,10,,0,,,commercial,,False
shopify branding agency,shopify agency,10,,0,LOW,,navigational,,False
shopify agency template,shopify agency,10,,0,,,commercial,,False
shopify mobile app development agency,shopify agency,10,,0,,,commercial,,False
coi shopify agency,shopify agency,10,,0,,,navigational,,False
shopify agency directory,shopify agency,10,,0,MEDIUM,,navigational,,False
shopify design and development agency,shopify agency,10,,78.31,MEDIUM,,navigational,,False
digital agency shopify,shopify agency,10,,0,LOW,,navigational,,False
shopify agency birmingham,shopify agency,10,,0,,,navigational,,False
shopify headless agency,shopify agency,10,,0,MEDIUM,0,navigational,,False
shopify plus migration agency,shopify agency,10,,0,LOW,,commercial,,False
statement shopify agency,shopify agency,10,,0,,,navigational,,False
shopify services agency,shopify agency,10,,0,,,navigational,,False
shopify store management agency,shopify agency,10,,0,LOW,14,navigational,,False
marketing agency shopify,shopify agency,10,,34.95,MEDIUM,0,commercial,,False
shopify agency in india,shopify agency,10,,17.07,MEDIUM,,navigational,,False
best shopify marketing agency,shopify agency,10,,0,LOW,0,commercial,best,False
expert shopify zee agency,shopify agency,10,,0,,54,navigational,,False
shopify store agency,shopify agency,10,,22.01,MEDIUM,,navigational,,False
shopify marketing agency india,shopify agency,10,,0,,,navigational,,False
shopify agency edinburgh,shopify agency,10,,0,,,navigational,,False
shopify app agency,shopify agency,10,,0,HIGH,,navigational,,False
shoptrade shopify plus agency,shopify agency,10,,0,,,navigational,,False
stalwart digital shopify plus experts agency,shopify agency,10,,0,,,commercial,,False
shopify agency san diego,shopify agency,10,,0,LOW,,navigational,,False
shopify plus agency uk,shopify agency,10,,0,LOW,,navigational,,False
ambiw shopify plus agency,shopify agency,10,,0,,,navigational,,False
shopify ux agency,shopify agency,10,,0,LOW,,navigational,,False
shopify seo agency coalition,shopify agency,10,,0,,,commercial,,False
pivot shopify agency,shopify agency,10,,0,LOW,,navigational,,False
agency shopify,shopify agency,10,,0,LOW,58,navigational,,False
shopify app marketing agency,shopify agency,10,,0,HIGH,,navigational,,False
shopify store marketing agency,shopify agency,10,,197.49,HIGH,,navigational,,False
usa shopify agency,shopify agency,10,,0,LOW,,navigational,,False
shopify agency in dubai,shopify agency,10,,0,,,commercial,,False
shopify seo agency india,shopify agency,10,,0,,,navigational,,False
london shopify agency,shopify agency,10,,0,,31,navigational,,False
shopify agency manchester,shopify agency,10,,0,,,navigational,,False
top shopify plus agency,shopify agency,10,,0,LOW,7,navigational,top,False
unlimited shopify development,shopify development,10,,0,,,commercial,,False
shopify product development,shopify development,10,,0,,,commercial,,False
create a development store shopify,shopify development,10,,0,LOW,,transactional,,False
best shopify development companies in india,shopify development,10,,0,,,commercial,best,False
shopify theme development resources,shopify development,10,,0,,,informational,,False
shopify development mauritius,shopify development,10,,0,,,commercial,,False
shopify website development services in india,shopify development,10,,0,LOW,,commercial,,False
shopify development full course,shopify development,10,,0,,,informational,,False
shopify website development companies,shopify development,10,,0,,56,commercial,,False
shopify app development php,shopify development,10,,0,,,commercial,,False
shopify app development docs,shopify development,10,,0,LOW,,informational,,False
shopify web development course,shopify development,10,,0,LOW,,informational,,False
shopify addon development,shopify development,10,,0,,,commercial,,False
shopify app development book,shopify development,10,,0,,,informational,,False
shopify development dubai,shopify development,10,,0,LOW,,commercial,,False
shopify development roadmap,shopify development,10,,0,LOW,,informational,,False
how to allow custom app development in shopify,shopify development,10,,0,LOW,,informational,,True
shopify plus app development,shopify development,10,,0,LOW,,commercial,,False
shopify local development environment,shopify development,10,,0,LOW,,navigational,,False
shopify theme development guide,shopify development,10,,0,,,informational,,False
development stores can only process test payments shopify,shopify development,10,,0,,,informational,,False
shopify 2.0 theme development,shopify development,10,,0,LOW,,commercial,,False
shopify development in new york,shopify development,10,,0,LOW,,commercial,,False
shopify research and development,shopify development,10,,0,,,commercial,,False
shopify store design and development,shopify development,10,,0,,,navigational,,False
shopify business development,shopify development,10,,0,MEDIUM,,commercial,,False
shopify delete development store,shopify development,10,,0,,,navigational,,False
superhi shopify theme development,shopify development,10,,0,,,navigational,,False
shopify development company in ahmedabad,shopify development,10,,0,HIGH,,navigational,,False
website development shopify,shopify development,10,,0,,52,commercial,,False
what is shopify app development,shopify development,10,,0,LOW,,informational,,True
shopify app development company india,shopify development,10,,0,,,navigational,,False
shopify development workflow,shopify development,10,,0,LOW,,informational,,False
shopify private app development company,shopify development,10,,0,,,navigational,,False
shopify partners development store,shopify development,10,,0,LOW,,navigational,,False
shopify theme development docs,shopify development,10,,0,LOW,,informational,,False
shopify website development packages,shopify development,10,,0,LOW,,commercial,,False
shopify website development course,shopify development,10,,0,LOW,,navigational,,False
shopify liquid theme development,shopify development,10,,0,LOW,,navigational,,False
shopify app development tutorial php,shopify development,10,,0,,,informational,,False
shopify hydrogen development store,shopify development,10,,0,,,navigational,,False
shopify development store login,shopify development,10,,0,LOW,,navigational,,False
theme development in shopify,shopify development,10,,0,,4,commercial,,False
shopify app development laravel,shopify development,10,,0,,,commercial,,False
shopify payment gateway development,shopify development,10,,0,,,commercial,,False
how to create shopify development store,shopify development,10,,0,LOW,,informational,,True
shopify app development react,shopify development,10,,0,,,navigational,,False
shopify development services india,shopify development,10,,0,LOW,,navigational,,False
top 10 shopify development company,shopify development,10,,0,,,commercial,top 10,False
how to learn shopify development,shopify development,10,,0,HIGH,24,informational,,True
shopify headless development,shopify development,10,,8.82,MEDIUM,7,navigational,,False
shopify development sydney,shopify development,10,,0,,,navigational,,False
udemy shopify development,shopify development,10,,0,,49,navigational,,False
shopify theme development kit,shopify development,10,,0,,,navigational,,False
shopify backend development,shopify development,10,,0,,,commercial,,False
shopify app development udemy,shopify development,10,,0,,52,navigational,,False
shopify theme development create shopify themes 2022,shopify development,10,,0,,,navigational,,False
top shopify app development company,shopify development,10,,0,,,informational,top,False
web development shopify,shopify development,10,,0,,50,commercial,,False
shopify online store development,shopify development,10,,0,LOW,,commercial,,False
shopify app development tutorial for beginners,shopify development,10,,0,,,informational,,False
shopify theme development create shopify themes 2021,shopify development,10,,0,,,navigational,,False
shopify app development jobs,shopify development,10,,0,,,navigational,,False
shopify app development roadmap,shopify development,10,,0,,,informational,,False
shopify development learn shopify liquid programming,shopify development,10,,3.55,LOW,,informational,,False
shopify themes development tutorial,shopify development,10,,0,,43,informational,,False
shopify private app development,shopify development,10,,0,MEDIUM,,commercial,,False
shopify website design & development,shopify development,10,,4.54,HIGH,,navigational,,False
shopify theme development create shopify themes,shopify development,10,,0,,,navigational,,False
shopify theme development course free,shopify development,10,,0,,,informational,,False
shopify app development with laravel,shopify development,10,,0,,,informational,,False
shopify app development tutorial,shopify development,10,,0,LOW,15,informational,,False
shopify app development for beginners: create shopify apps,shopify development,10,,0,,,informational,,False
shopify website development services india,shopify development,10,,0,LOW,,navigational,,False
shopify development melbourne,shopify development,10,,0,,,navigational,,False
shopify development solutions,shopify development,10,,0,,,commercial,,False
shopify app development python,shopify development,10,,0,,,commercial,,False
shopify app development documentation,shopify development,10,,0,LOW,,informational,,False
shopify pos development,shopify development,10,,0,LOW,,commercial,,False
local development shopify,shopify development,10,,0,LOW,8,navigational,,False
sales development representative shopify,shopify development,10,,0,LOW,,navigational,,False
best shopify development services,shopify development,10,,0,LOW,,commercial,best,False
shopify development company usa,shopify development,10,,0,LOW,9,navigational,,False
shopify website development proposal pdf,shopify development,10,,0,,,navigational,,False
shopify development company dubai,shopify development,10,,0,,,commercial,,False
shopify theme development workflow,shopify development,10,,0,LOW,,informational,,False
learn shopify web development,shopify development,10,,4.7,HIGH,,informational,,False
shopify app development language,shopify development,10,,0,,,informational,,False
shopify development tutorial,shopify development,10,,0,,24,informational,,False
shopify development services in pakistan,shopify development,10,,0,LOW,,commercial,,False
shopify development platform,shopify development,10,,0,LOW,73,commercial,,False
shopify headless theme development with hydrogen 2022,shopify development,10,,0,,,commercial,,False
delete development store shopify,shopify development,10,,0,LOW,,informational,,False
shopify partners development stores,shopify development,10,,0,LOW,,navigational,,False
shopify app development remix,shopify development,10,,0,LOW,,commercial,,False
shopify app development in usa,shopify development,10,,0,LOW,,commercial,,False
custom app development shopify,shopify development,10,,0,,14,navigational,,False
shopify development company in bangalore,shopify development,10,,0,,,commercial,,False
shopify development company in chennai,shopify development,10,,0,,,navigational,,False
shopify development process,shopify development,10,,0,LOW,22,commercial,,False
shopify app local development,shopify development,10,,0,,,navigational,,False
app development for shopify,shopify development,10,,46.69,HIGH,17,commercial,,False
shopify development pros,shopify development,10,,0,LOW,,commercial,,False
shopify pos app development,shopify development,10,,0,LOW,,navigational,,False
website development on shopify,shopify development,10,,0,,23,commercial,,False
shopify setup development environment,shopify development,10,,0,MEDIUM,,informational,,False
shopify development store limitations,shopify development,10,,0,,,informational,,False
shopify theme development documentation,shopify development,10,,0,LOW,,informational,,False
custom shopify website development,shopify development,10,,0,LOW,,navigational,,False
shopify enable custom app development,shopify development,10,,0,,,informational,,False
how to enable private app development shopify,shopify development,10,,0,,,informational,,True
the shopify development handbook pdf,shopify development,10,,0,,,informational,,False
shopify payments development store,shopify development,10,,0,,,navigational,,False
shopify theme development with react,shopify development,10,,0,LOW,,navigational,,False
shopify offline development,shopify development,10,,0,,,informational,,False
shopify allow custom app development,shopify development,10,,0,LOW,5,informational,,False
shopify theme development cost,shopify development,10,,0,LOW,,commercial,,False
joe santos garcia shopify theme development 2.0,shopify development,10,,0,,,navigational,,False
complete professional shopify store development training,shopify development,10,,0,,,transactional,,False
shopify theme development online store 2.0 tailwindcss free download,shopify development,10,,0,,,navigational,,False
how to delete development store shopify,shopify development,10,,0,,,informational,,True
shopify website development london,shopify development,10,,0,LOW,,navigational,,False
shopify development book,shopify development,10,,0,,,informational,,False
shopify enable private app development,shopify development,10,,0,LOW,42,informational,,False
shopify development store remove password,shopify development,10,,0,LOW,,navigational,,False
shopify theme development tools,shopify development,10,,0,LOW,,commercial,,False
laravel-shopify app development,shopify development,10,,0,,,commercial,,False
udemy shopify theme development,shopify development,10,,0,,48,navigational,,False
shopify 2.0 development,shopify development,10,,0,,,commercial,,False
shopify development store password,shopify development,10,,0,,,navigational,,False
shopify plus development store,shopify development,10,,0,LOW,18,navigational,,False
shopify plugin development tutorial,shopify development,10,,0,,,informational,,False
shopify app development certification,shopify development,10,,0,LOW,,informational,,False
shopify mobile app development services,shopify development,10,,0,LOW,,commercial,,False
what is shopify development plan,shopify development,10,,0,,,informational,,True
shopify application development pdf,shopify development,10,,0,,,navigational,,False
shopify transfer development store,shopify development,10,,0,LOW,43,navigational,,False
shopify create a development store,shopify development,10,,13.17,HIGH,,navigational,,False
shopify store development course,shopify development,10,,0,,,informational,,False
shopify development reddit,shopify development,10,,0,LOW,0,navigational,,False
shopify development london,shopify development,10,,0,,,commercial,,False
shopify development blog,shopify development,10,,0,LOW,38,informational,,False
shopify theme development: create shopify themes,shopify development,10,,0,,,informational,,False
shopify development plan,shopify development,10,,0,LOW,42,commercial,,False
shopify corporate development manager,shopify development,10,,0,,,navigational,,False
best shopify development company in india,shopify development,10,,0,LOW,,commercial,best,False
shopify development fundamentals,shopify development,10,,0,LOW,,informational,,False
shopify module development,shopify development,10,,0,LOW,,commercial,,False
shopify marketplace development company,shopify development,10,,0,,,commercial,,False
shopify theme development online store 2.0 tailwindcss,shopify development,10,,0,,,navigational,,False
what is a shopify development store,shopify development,10,,0,LOW,,informational,,True
shopify development store cost,shopify development,10,,0,,0,commercial,,False
shopify theme development: online store 2.0 tailwindcss,shopify development,10,,0,,,navigational,,False
shopify development company in delhi,shopify development,10,,0,,,commercial,,False
what is shopify development,shopify development,10,,0,LOW,27,informational,,True
shopify development expert,shopify development,10,,0,LOW,48,commercial,,False
sales development representative shopify salary,shopify development,10,,0,,,informational,,False
udemy shopify app development,shopify development,10,,0,LOW,52,navigational,,False
shopify development services in india,shopify development,10,,0,LOW,20,commercial,,False
shopify development fundamentals badge,shopify development,10,,0,,,navigational,,False
shopify design and development services,shopify development,10,,0,LOW,,commercial,,False
shopify theme development 2025,shopify development,10,,0,,,commercial,,False
shopify development charlotte,shopify development,10,,0,LOW,,commercial,,False
shopify development services in dubai,shopify development,10,,0,,,commercial,,False
shopify sales development representative,shopify development,10,,0,LOW,,navigational,,False
shopify payment app development,shopify development,10,,0,HIGH,,commercial,,False
what is shopify theme development,shopify development,10,,0,,,informational,,True
shopify theme development services india,shopify development,10,,0,,,commercial,,False
shopify site development,shopify development,10,,0,,40,commercial,,False
shopify development store referral,shopify development,10,,0,,,navigational,,False
shopify website development surrey,shopify development,10,,0,LOW,,commercial,,False
shopify development store to production,shopify development,10,,0,LOW,,navigational,,False
shopify app development for beginners create shopify apps,shopify development,10,,0,,,informational,,False
shopify development near me,shopify development,10,,0,LOW,28,navigational,,False
shopify partner development program,shopify development,10,,0,LOW,,navigational,,False
what is shopify website development,shopify development,10,,0,LOW,,informational,,True
shopify development price,shopify development,10,,8.83,HIGH,,commercial,,False
app development in shopify,shopify development,10,,0,HIGH,17,commercial,,False
shopify plugin development language,shopify development,10,,0,LOW,,commercial,,False
learn shopify app development,shopify development,10,,0,,,informational,,False
shopify website development cost in india,shopify development,10,,0,,,commercial,,False
shopify development fundamentals assessment,shopify development,10,,0,LOW,,informational,,False
shopify theme development udemy,shopify development,10,,0,,,navigational,,False
shopify test app on development store,shopify development,10,,0,LOW,,navigational,,False
shopify web app development,shopify development,10,,0,,,informational,,False
shopify theme development tutorial,shopify development,10,,0,LOW,43,informational,,False
shopify remove password from development store,shopify development,10,,0,LOW,,navigational,,False
shopify development store 50 sales,shopify development,10,,0,,48,commercial,,False
transfer development store shopify,shopify development,10,,0,LOW,43,navigational,,False
shopify theme development course free download,shopify development,10,,0,,,navigational,,False
shopify theme development 2.0,shopify development,10,,0,,,commercial,,False
shopify development company florida,shopify development,10,,0,,,commercial,,False
shopify website development services usa,shopify development,10,,0,,,commercial,,False
shopify templates development,shopify development,10,,0,,45,commercial,,False
shopify app development reddit,shopify development,10,,0,MEDIUM,,informational,,False
shopify liquid development,shopify development,10,,0,HIGH,,commercial,,False
shopify cli theme development,shopify development,10,,0,,15,navigational,,False
how to allow custom app development on shopify,shopify development,10,,0,,,informational,,True
laravel shopify app development,shopify development,10,,0,,,commercial,,False
create shopify development store,shopify development,10,,0,LOW,,transactional,,False
development plan shopify,shopify development,10,,0,LOW,54,commercial,,False
shopify business development representative salary,shopify development,10,,0,,,informational,,False
shopify app development india,shopify development,10,,0,,,navigational,,False
shopify development company in dubai,shopify development,10,,0,LOW,,commercial,,False
shopify development fundamentals assessment questions,shopify development,10,,0,LOW,,informational,,False
shopify app development course,shopify development,10,,0,LOW,13,informational,,False
shopify app development in php,shopify development,10,,0,LOW,,commercial,,False
allow custom app development shopify,shopify development,10,,0,LOW,5,informational,,False
shopify development learn shopify liquid programming free download,shopify development,10,,0,,,informational,,False
shopify custom theme development tutorial,shopify development,10,,0,,,informational,,False
shopify development company in california,shopify development,10,,0,LOW,,commercial,,False
shopify development mode,shopify development,10,,0,LOW,,informational,,False
shopify app development guide,shopify development,10,,0,,,informational,,False
shopify business development manager,shopify development,10,,0,,,navigational,,False
shopify-plugin development tutorial,shopify development,10,,0,,,informational,,False
top shopify development company in india,shopify development,10,,0,LOW,,commercial,top,False
shopify development fundamentals assessment answers,shopify development,10,,0,LOW,,informational,,False
shopify front end development,shopify development,10,,0,LOW,17,informational,,False
shopify web development tutorial,shopify development,10,,0,,,informational,,False
shopify public app development,shopify development,10,,0,,31,commercial,,False
shopify development services coalition technologies,shopify development,10,,7.88,MEDIUM,,commercial,,False
how to create development store shopify,shopify development,10,,0,LOW,,informational,,True
shopify web development companies,shopify development,10,,0,HIGH,60,commercial,,False
create development store shopify,shopify development,10,,0,LOW,,navigational,,False
best shopify development company in chennai,shopify development,10,,0,,,commercial,best,False
shopify development toronto,shopify development,10,,0,,48,commercial,,False
shopify theme development tutorials,shopify development,10,,0,LOW,43,informational,,False
how to transfer development store shopify,shopify development,10,,0,LOW,,informational,,True
shopify theme development certification,shopify development,10,,0,LOW,28,informational,,False
shopify app development node js,shopify development,10,,0,,,navigational,,False
delete shopify development store,shopify development,10,,0,LOW,,transactional,,False
enable custom app development shopify,shopify development,10,,0,LOW,,informational,,False
what is shopify web development,shopify development,10,,0,LOW,,informational,,True
how to create a development store in shopify,shopify development,10,,0,LOW,,informational,,True
best shopify app development company,shopify development,10,,0,,,commercial,best,False
shopify themes development,shopify development,10,,5.31,LOW,4,commercial,,False
shopify php app development,shopify development,10,,0,,,commercial,,False
shopify development experts,shopify development,10,,0,LOW,24,commercial,,False
learn shopify theme development,shopify development,10,,0,LOW,,informational,,False
shopify frontend development,shopify development,10,,0,LOW,,commercial,,False
shopify development usa,shopify development,10,,0,,,commercial,,False
shopify widget development,shopify development,10,,0,,,navigational,,False
shopify website development dubai,shopify development,10,,0,,,navigational,,False
shopify mobile app development company,shopify development,10,,0,LOW,,navigational,,False
change shopify store from development to production,shopify development,10,,0,LOW,,transactional,,False
shopify development images,shopify development,10,,0,LOW,,informational,,False
top shopify development services,shopify development,10,,0,LOW,,commercial,top,False
shopify app development pricing,shopify development,10,,0,LOW,,commercial,,False
shopify api development,shopify development,10,,0,LOW,46,informational,,False
shopify website development india,shopify development,10,,0,,,navigational,,False
top shopify development companies in india,shopify development,10,,0,LOW,,commercial,top,False
shopify development manager salary,shopify development,10,,0,,,informational,,False
how to start ai marketing agency,ai agency,10,,54.67,HIGH,,commercial,,True
motion ai recruit agency,ai agency,10,,0,,,commercial,,False
ai automation agency pdf,ai agency,10,,0,,,navigational,,False
ai automation agency meaning,ai agency,10,,0,LOW,,informational,,False
mind the ai agency gap,ai agency,10,,0,,,informational,,False
instant ai agency dan wardrope,ai agency,10,,0,LOW,,commercial,,False
ai agent marketing agency,ai agency,10,,0,HIGH,,commercial,,False
assam digital 1 ai marketing agency guwahati,ai agency,10,,0,,,commercial,,False
ai automation agency reviews,ai agency,10,,0,LOW,,commercial,,False
100k ai agency whop,ai agency,10,,0,,,commercial,,False
ai king insurance agency indianapolis,ai agency,10,,0,LOW,,navigational,,False
ai marketing agency meaning,ai agency,10,,0,LOW,,commercial,,False
ai agency theme,ai agency,10,,0,LOW,,commercial,,False
framer ai agency template,ai agency,10,,0,LOW,,navigational,,False
y combinator ai agency,ai agency,10,,0,LOW,,transactional,,False
media monks ai agency of the year,ai agency,10,,0,LOW,,commercial,,False
ai automation agency chatbot,ai agency,10,,0,LOW,,commercial,,False
agency ai inc,ai agency,10,,0,LOW,,navigational,,False
the instant ai agency book pdf,ai agency,10,,0,,,informational,,False
free ai marketing agency,ai agency,10,,34.28,HIGH,,commercial,,False
agency analytics ai,ai agency,10,,0,LOW,,commercial,,False
ai agency malaysia,ai agency,10,,0,LOW,,commercial,,False
ai staffing agency sims 4,ai agency,10,,0,LOW,26,navigational,,False
ai automation agency in usa,ai agency,10,,0,MEDIUM,,commercial,,False
women of ai agency,ai agency,10,,0,,,informational,,False
the voice ai agency,ai agency,10,,0,,,commercial,,False
how ai is changing hollywood's united talent agency,ai agency,10,,0,LOW,,commercial,,True
ai automation agency accelerator by liam ottley,ai agency,10,,0,,,commercial,,False
ai automation agency nz,ai agency,10,,0,HIGH,,commercial,,False
agency of ai,ai agency,10,,0,,,,,False
agency collective ai,ai agency,10,,0,LOW,,transactional,,False
ai and education human agency in an automated world,ai agency,10,,0,LOW,,informational,,False
ai automation agency names,ai agency,10,,0,HIGH,,commercial,,False
nate gold ai agency,ai agency,10,,0,,,commercial,,False
reddit ai automation agency,ai agency,10,,0,LOW,20,informational,,False
ai arbitrage agency jordan lee,ai agency,10,,0,LOW,,commercial,,False
ai ugc ads agency,ai agency,10,,62.48,MEDIUM,,navigational,,False
sims 4 ai staffing agency or everyday extras,ai agency,10,,0,LOW,,navigational,,False
agency ai elias,ai agency,10,,0,LOW,,navigational,,False
ai automation agency ninjas,ai agency,10,,0,,,informational,,False
digital ai agency,ai agency,10,,0,MEDIUM,15,commercial,,False
ai automation agency malaysia,ai agency,10,,0,,,commercial,,False
agency launch ai,ai agency,10,,5.57,LOW,,navigational,,False
neuramonks ai machine learning web app development agency,ai agency,10,,0,,,commercial,,False
how to start an ai digital marketing agency,ai agency,10,,0,HIGH,,commercial,,True
ai staffing agency or everyday extras talent agency,ai agency,10,,0,LOW,,commercial,,False
is ai automation agency saturated,ai agency,10,,0,LOW,,informational,,True
ai agency directory,ai agency,10,,0,LOW,,navigational,,False
unorthodox ai agency,ai agency,10,,0,,,navigational,,False
ai for travel agency,ai agency,10,,4.46,HIGH,45,commercial,,False
how to start an ai agency with no money,ai agency,10,,0,,,commercial,,True
ai automation digital agency,ai agency,10,,0,,,commercial,,False
ai agency dubai,ai agency,10,,0.96,LOW,,commercial,,False
ai optimisation agency,ai agency,10,,0,,,commercial,,False
ai arbitrage agency trustpilot,ai agency,10,,0,LOW,,commercial,,False
defence ai project agency,ai agency,10,,0,,,navigational,,False
agency ai funding,ai agency,10,,0,LOW,,commercial,,False
how to create an ai automation agency,ai agency,10,,16.81,HIGH,,informational,,True
ai lead agency,ai agency,10,,55.57,MEDIUM,,transactional,,False
yc ai-native agency,ai agency,10,,0,LOW,,navigational,,False
instant ai agency pdf,ai agency,10,,0,LOW,,navigational,,False
ai data cleanup agency,ai agency,10,,0,,,commercial,,False
ai agency india,ai agency,10,,44.02,HIGH,,commercial,,False
national ai agency,ai agency,10,,0,LOW,,navigational,,False
ai marketing agency uk,ai agency,10,,0,HIGH,,commercial,,False
ai arbitrage agency reviews trustpilot,ai agency,10,,0,,,commercial,,False
adstralia melbourne's ai powered digital agency reviews,ai agency,10,,0,,,commercial,,False
ai agency london,ai agency,10,,0,,,commercial,,False
ai agency ideas,ai agency,10,,0,MEDIUM,,commercial,,False
ai automation agency the real world,ai agency,10,,0,,,navigational,,False
how to learn ai automation agency,ai agency,10,,0,,,informational,,True
ai marketing agency course,ai agency,10,,2.98,HIGH,,commercial,,False
liam ottley ai agency,ai agency,10,,0,MEDIUM,,navigational,,False
ai character agency,ai agency,10,,0,,,informational,,False
the instant ai agency dan wardrope,ai agency,10,,0.29,LOW,,informational,,False
ai consultancy agency,ai agency,10,,0,,36,commercial,,False
air ai agency,ai agency,10,,0,LOW,6,navigational,,False
how to start ai agency business,ai agency,10,,36.63,HIGH,,informational,,True
ai automation agency accelerator liam ottley,ai agency,10,,0,,,commercial,,False
the ai agency github,ai agency,10,,0,LOW,,navigational,,False
human agency in ai,ai agency,10,,0,LOW,,informational,,False
ai ofm agency,ai agency,10,,0,,,navigational,,False
ai agency vault,ai agency,10,,0,LOW,,navigational,,False
ai automation agency in dubai,ai agency,10,,0,,,commercial,,False
model agency ai,ai agency,10,,0,,67,commercial,,False
digital marketing agency ai automation support,ai agency,10,,0,,,commercial,,False
omnia ai agency,ai agency,10,,0,,,navigational,,False
the instant ai agency review,ai agency,10,,0,MEDIUM,0,commercial,,False
ai agency launchpad,ai agency,10,,0,,,navigational,,False
best ai agency website,ai agency,10,,0,MEDIUM,,commercial,best,False
ai branding agency,ai agency,10,,25.38,MEDIUM,,commercial,,False
ai fashion agency,ai agency,10,,0,LOW,,informational,,False
beyond the machine creative agency in the ai landscape,ai agency,10,,24.12,MEDIUM,,commercial,,False
wpp ai empowered agency,ai agency,10,,0,,,transactional,,False
how to find clients for ai automation agency,ai agency,10,,0,MEDIUM,,commercial,,True
best ai tools for digital marketing agency,ai agency,10,,0,,,commercial,best,False
ai business agency,ai agency,10,,0,,,commercial,,False
the agency ai specialist ready to transform,ai agency,10,,0,,,transactional,,False
elias torres agency ai,ai agency,10,,0,LOW,,navigational,,False
agency ai careers,ai agency,10,,0,LOW,,navigational,,False
mega ai marketing agency,ai agency,10,,18.86,MEDIUM,,commercial,,False
ai transformation agency,ai agency,10,,25.62,MEDIUM,,commercial,,False
ai content writing agency,ai agency,10,,11.68,HIGH,,commercial,,False
ai automation agency indonesia,ai agency,10,,0,,,commercial,,False
estate ai agency,ai agency,10,,0,,,navigational,,False
ai artist agency,ai agency,10,,0,LOW,,commercial,,False
ai automation agency india,ai agency,10,,0,LOW,,navigational,,False
ai native agency y combinator,ai agency,10,,0,LOW,,commercial,,False
news agency wants to use ai,ai agency,10,,0,,,transactional,,False
the ai agency book,ai agency,10,,0,HIGH,,informational,,False
energy and ai international energy agency,ai agency,10,,0,LOW,,commercial,,False
sims 4 ai staffing agency,ai agency,10,,0,,26,navigational,,False
ai human resources recruitment agency,ai agency,10,,0,,,navigational,,False
ai arbitrage agency reddit,ai agency,10,,0,,,informational,,False
corbin ai start a successful ai automation agency,ai agency,10,,0,LOW,,transactional,,False
ai agency uk,ai agency,10,,0,LOW,,commercial,,False
ai agent agency reddit,ai agency,10,,0,,,commercial,,False
ai agency mentorship,ai agency,10,,0,,,commercial,,False
ai onlyfans management agency,ai agency,10,,4.61,MEDIUM,,navigational,,False
agency ai csm,ai agency,10,,0,,,navigational,,False
the ai agency mentorship,ai agency,10,,0,,,commercial,,False
ai automation agency explained,ai agency,10,,0,HIGH,,transactional,,False
agency agents ai,ai agency,10,,30.2,MEDIUM,,commercial,,False
start ai agency,ai agency,10,,11.18,MEDIUM,0,commercial,,False
ai automation agency hub reviews,ai agency,10,,0,LOW,,commercial,,False
best ai digital marketing agency,ai agency,10,,16.87,LOW,,commercial,best,False
ai agency website template free,ai agency,10,,0,LOW,,informational,,False
ai marketing agency in india,ai agency,10,,0,,,commercial,,False
ai automation agency website template,ai agency,10,,0,HIGH,,navigational,,False
what is ai agency business model,ai agency,10,,0,MEDIUM,,informational,,True
ai automation agency real estate,ai agency,10,,0,,,navigational,,False
ai arbitrage agency meaning,ai agency,10,,0,,,commercial,,False
thrive agency ai,ai agency,10,,0,,,navigational,,False
jordan lee ai agency reddit,ai agency,10,,0,LOW,,navigational,,False
ai staffing agency near me,ai agency,10,,0,HIGH,,commercial,,False
ai agency toronto,ai agency,10,,0,,,commercial,,False
ai automation agency blueprint,ai agency,10,,4.43,MEDIUM,,navigational,,False
ai automation agency hub skool,ai agency,10,,0,LOW,,navigational,,False
how much do ai automation agency make,ai agency,10,,0,LOW,,commercial,,True
ai automation agency hub liam ottley,ai agency,10,,0,MEDIUM,,commercial,,False
how to start an ai automation agency for free,ai agency,10,,0,,,commercial,,True
ai saas agency,ai agency,10,,11.87,LOW,,navigational,,False
how to start an ai automation agency step by step,ai agency,10,,5.5,MEDIUM,,informational,,True
general agency ai,ai agency,10,,0,,,navigational,,False
100k ai agency review,ai agency,10,,0,,,commercial,,False
deep agency ai photo studio,ai agency,10,,0,,,navigational,,False
concrete ai agency,ai agency,10,,0,,,navigational,,False
ai automation agency scam,ai agency,10,,0,,,informational,,False
is ai automation agency legit,ai agency,10,,0,,0,informational,,True
wave ai agency,ai agency,10,,0,LOW,,navigational,,False
the agency ai specialist,ai agency,10,,0,LOW,,commercial,,False
ai powered virtual assistant agency,ai agency,10,,0,,,commercial,,False
modern ai agency,ai agency,10,,0,MEDIUM,,informational,,False
aaa agency ai,ai agency,10,,0,LOW,,navigational,,False
ai infrastructure agency,ai agency,10,,10.28,HIGH,,navigational,,False
what is an ai agency and how does it work,ai agency,10,,0,LOW,,informational,,True
grow ai agency,ai agency,10,,0,HIGH,,transactional,,False
ai agency amsterdam,ai agency,10,,0,,,navigational,,False
ai marketing agency reddit,ai agency,10,,0,LOW,,commercial,,False
advertising agency ai,ai agency,10,,0,LOW,58,commercial,,False
ai agency franchise,ai agency,10,,7.92,MEDIUM,,commercial,,False
ai automation agency niche,ai agency,10,,0,LOW,,navigational,,False
how to start a ai marketing agency,ai agency,10,,49.13,HIGH,,commercial,,True
ai automation agency accelerator,ai agency,10,,0,,,commercial,,False
phoenix ai agency,ai agency,10,,0,LOW,,navigational,,False
deep agency ai model,ai agency,10,,0,,,informational,,False
real estate ai automation agency,ai agency,10,,0,,,commercial,,False
design agency ai,ai agency,10,,0,HIGH,18,commercial,,False
agency ai elias torres,ai agency,10,,0,LOW,,navigational,,False
ai automation agency in pakistan,ai agency,10,,0,,,commercial,,False
ai agency singapore,ai agency,10,,0,,,navigational,,False
ai automation agency how to start,ai agency,10,,0,HIGH,2,informational,,False
greg squibbs ai agency,ai agency,10,,0,,,navigational,,False
start ai marketing agency,ai agency,10,,0,,,commercial,,False
ai agency sydney,ai agency,10,,0,LOW,,navigational,,False
ai automation agency ideas,ai agency,10,,0,,,commercial,,False
ai agency university,ai agency,10,,0,,,navigational,,False
ai automation agency là gì,ai agency,10,,0,,,navigational,,False
ai online travel agency,ai agency,10,,0,,,navigational,,False
xinhua news agency ai,ai agency,10,,0,,70,informational,,False
ai automation agency 2025,ai agency,10,,0,,,commercial,,False
health ai agency,ai agency,10,,0,LOW,,commercial,,False
is ai automation agency worth it reddit,ai agency,10,,0,LOW,,commercial,,True
start ai automation agency,ai agency,10,,29.41,MEDIUM,,commercial,,False
the ai agency launchpad,ai agency,10,,0,LOW,,navigational,,False
ai agency 3.0,ai agency,10,,0,,,commercial,,False
spain ai agency,ai agency,10,,0,,,navigational,,False
ai model agency patreon,ai agency,10,,0,,,commercial,,False
nate goldman ai agency,ai agency,10,,0,,,commercial,,False
aaa ai automation agency,ai agency,10,,0,LOW,,navigational,,False
ai agency skool,ai agency,10,,0,LOW,,navigational,,False
ai copywriting agency,ai agency,10,,0,,,commercial,,False
ai automation agency examples,ai agency,10,,30.69,MEDIUM,,informational,,False
agency swarm ai,ai agency,10,,0,LOW,,commercial,,False
how to start an ai marketing agency,ai agency,10,,2.84,LOW,11,commercial,,True
chris koerner ai agency,ai agency,10,,0,MEDIUM,,transactional,,False
the agency agents ai,ai agency,10,,0,HIGH,,informational,,False
ai for marketing agency,ai agency,10,,0,HIGH,39,commercial,,False
go start your ai agency review,ai agency,10,,0,,,transactional,,False
launch ai agency,ai agency,10,,0,MEDIUM,,commercial,,False
agency ai customer success,ai agency,10,,0,MEDIUM,,navigational,,False
ai automation agency by andrew tate,ai agency,10,,0,,,informational,,False
ai and automation agency,ai agency,10,,0,,,navigational,,False
how to start ai agency,ai agency,10,,24.59,MEDIUM,,informational,,True
deep agency ai models,ai agency,10,,0,,,informational,,False
agency ai solutions github,ai agency,10,,0,,,commercial,,False
age of agency rise with ai,ai agency,10,,0,,,informational,,False
generative ai and the threat to human agency,ai agency,10,,0,,,informational,,False
the real world ai automation agency,ai agency,10,,0,,,navigational,,False
ai beauty agency,ai agency,10,,0,,,commercial,,False
ai video pro agency,ai agency,10,,0,,,commercial,,False
lush ai agency,ai agency,10,,0,,,navigational,,False
nexus ai agency,ai agency,10,,0,LOW,,commercial,,False
ai automation agency niches,ai agency,10,,0,LOW,,navigational,,False
ai automation agency full course,ai agency,10,,33.44,HIGH,,navigational,,False
the agency github ai specialist,ai agency,10,,0,LOW,,transactional,,False
the instant ai agency pdf download,ai agency,10,,5.02,MEDIUM,,transactional,,False
adweek ai agency of the year,ai agency,10,,0,,,commercial,,False
ai automation agency liam ottley,ai agency,10,,9.98,LOW,,navigational,,False
ai speakers agency,ai agency,10,,0,LOW,,navigational,,False
agency ai sequoia,ai agency,10,,0,LOW,,navigational,,False
ai automation agency dubai,ai agency,10,,0,LOW,,commercial,,False
ai agency yc,ai agency,10,,0,LOW,,navigational,,False
dion ai agency,ai agency,10,,0,,,navigational,,False
u3 ai agency,ai agency,10,,0,,,commercial,,False
volume ai agency,ai agency,10,,0,,49,navigational,,False
how to make ai marketing agency,ai agency,10,,0,,,informational,,True
brilliant brains ai driven growth marketing agency,ai agency,10,,0,,,commercial,,False
ai automation agency jobs,ai agency,10,,1.98,LOW,,navigational,,False
ai tech agency,ai agency,10,,0,HIGH,,commercial,,False
china's xinhua agency unveils ai news presenter,ai agency,10,,0,,,commercial,,False
how to launch an agentic ai implementation agency,ai agency,10,,0,HIGH,,commercial,,True
reid hoffman super agency ai,ai agency,10,,0,LOW,,informational,,False
ai agency name generator,ai agency,10,,0,LOW,,commercial,,False
agency ai review,ai agency,10,,0,,,commercial,,False
how to create an ai marketing agency,ai agency,10,,12.23,MEDIUM,,informational,,True
ai recruitment agency uk,ai agency,10,,0,,,commercial,,False
volume the ai agency,ai agency,10,,0,,,navigational,,False
ai marketing agency cincinnati,ai agency,10,,0,LOW,,commercial,,False
agency agentic ai,ai agency,10,,0,HIGH,39,navigational,,False
air agency ai,ai agency,10,,0,LOW,5,navigational,,False
the agency ai open source,ai agency,10,,0,,,transactional,,False
ai automation agency tutorial,ai agency,10,,0,,,navigational,,False
ai automation agency n8n,ai agency,10,,0,,,navigational,,False
invisible agency ai trainer jobs,ai agency,10,,2.77,LOW,,transactional,,False
automated agency ai reviews,ai agency,10,,0,,,commercial,,False
a news agency wants to use ai,ai agency,10,,0,,9,commercial,,False
ai automation agency list,ai agency,10,,20.28,HIGH,,navigational,,False
ai marketing agency st albans,ai agency,10,,0,,,commercial,,False
ai agency company,ai agency,10,,50.95,MEDIUM,,commercial,,False
how to create ai automation agency,ai agency,10,,0,HIGH,,informational,,True
ai automation agency in india,ai agency,10,,0,HIGH,,commercial,,False
ai automation agency australia,ai agency,10,,0,LOW,,commercial,,False
the agency ai specialists ready to transform,ai agency,10,,0,,,commercial,,False
is ai singapore a government agency,ai agency,10,,0,,,informational,,True
ai tech agency presentation,ai agency,10,,0,HIGH,,informational,,False
impact of ai assistance on student agency,ai agency,10,,0,LOW,0,informational,,False
detail ai modeling agency,ai agency,10,,0,LOW,,commercial,,False
coca cola ai ad agency,ai agency,10,,0,LOW,,navigational,,False
ai agency discord,ai agency,10,,0,LOW,,navigational,,False
how to get clients for ai agency,ai agency,10,,0,LOW,,informational,,True
spanish agency ai model,ai agency,10,,0,,,navigational,,False
international energy agency ai,ai agency,10,,0,LOW,10,navigational,,False
ai marketing agency github,ai agency,10,,0,LOW,,commercial,,False
botify ai agency,ai agency,10,,0,MEDIUM,,navigational,,False
inflate ai agency,ai agency,10,,39.72,MEDIUM,,transactional,,False
ai assisted agency accelerator,ai agency,10,,0,MEDIUM,,commercial,,False
ai automation marketing agency,ai agency,10,,0,MEDIUM,,commercial,,False
ai and human agency,ai agency,10,,0,LOW,,informational,,False
ai automation agency tools,ai agency,10,,0,MEDIUM,,commercial,,False
max ai remote agency,ai agency,10,,0,,,commercial,,False
best ai tools for marketing agency,ai agency,10,,0,LOW,,commercial,best,False
ai agency nederland,ai agency,10,,0,,,navigational,,False
ai automation agency discord,ai agency,10,,0,LOW,,navigational,,False
ai agency start,ai agency,10,,0,,0,transactional,,False
ai agency in usa,ai agency,10,,126.73,HIGH,,navigational,,False
liam ottley ai automation agency,ai agency,10,,7.47,MEDIUM,,navigational,,False
agency ai startup,ai agency,10,,0,MEDIUM,,commercial,,False
ai agency starter kit,ai agency,10,,0.19,MEDIUM,,informational,,False
trw ai automation agency,ai agency,10,,0,,,navigational,,False
ai automation agency salary,ai agency,10,,0,LOW,,commercial,,False
ai agency accelerator,ai agency,10,,24.54,MEDIUM,,commercial,,False
andrew tate ai automation agency,ai agency,10,,0,,,navigational,,False
ai automation agency uk,ai agency,10,,0,LOW,,commercial,,False
ai video creation agency,ai agency,10,,0,HIGH,,commercial,,False
andrew tate ai agency,ai agency,10,,0,,,navigational,,False
ai production agency,ai agency,10,,0,HIGH,,commercial,,False
ai king insurance agency inc,ai agency,10,,0,,,navigational,,False
ai powered virtual assistant agency for specific industries,ai agency,10,,0,,,commercial,,False
kizuna ai agency,ai agency,10,,0,LOW,,navigational,,False
vccp ai agency,ai agency,10,,0,,,navigational,,False
seo ai tools agency,ai agency,10,,0,LOW,,commercial,,False
ben ai agency,ai agency,10,,0,MEDIUM,,transactional,,False
how to build ai automation agency,ai agency,10,,19.82,HIGH,,informational,,True
the instant ai agency epub,ai agency,10,,0,,,transactional,,False
epistemic agency in the age of ai,ai agency,10,,0,LOW,,informational,,False
future ai agency & technology wordpress theme,ai agency,10,,0,,,navigational,,False
ai marketing agency phoenix,ai agency,10,,0,LOW,,commercial,,False
what does an ai agency do,ai agency,10,,0,LOW,,informational,,True
ai seo agency uk,ai agency,10,,0,LOW,,navigational,,False
agency video maker ai,ai agency,10,,0,,,commercial,,False
ai agency website design,ai agency,10,,14.06,MEDIUM,,navigational,,False
ai agents for marketing agency,ai agency,10,,0,MEDIUM,,commercial,,False
the agency ai agents github,ai agency,10,,0,LOW,,navigational,,False
ai agency website templates,ai agency,10,,0,,,navigational,,False
ai video generation agency,ai agency,10,,0,,,commercial,,False
what is ai marketing agency,ai agency,10,,0,MEDIUM,10,informational,,True
agency ai github,ai agency,10,,17.82,LOW,,navigational,,False
international energy agency ai energy consumption,ai agency,10,,7.87,MEDIUM,,navigational,,False
ai prompting agency,ai agency,10,,0,,,informational,,False
creative agency ai,ai agency,10,,0,MEDIUM,9,commercial,,False
ai personal branding agency,ai agency,10,,0,HIGH,,commercial,,False
skool ai automation agency hub,ai agency,10,,2.9,LOW,,navigational,,False
agency collab ai,ai agency,10,,0,,,commercial,,False
ai-first marketing agency,ai agency,10,,8.95,MEDIUM,,commercial,,False
ai employment agency,ai agency,10,,0,HIGH,,navigational,,False
ai agency of the year,ai agency,10,,0,LOW,,informational,,False
ai agency what is it,ai agency,10,,0,MEDIUM,,informational,,False
high agency: the podcast for ai builders,ai agency,10,,0,LOW,,commercial,,False
aimo ai agency & technology wordpress theme,ai agency,10,,0,,,commercial,,False
ai-native agency y combinator,ai agency,10,,0,LOW,,commercial,,False
ai driven agency,ai agency,10,,0,,,informational,,False
ai software development agency,ai agency,10,,0,LOW,,commercial,,False
what is ai agency business,ai agency,10,,0,LOW,,informational,,True
aaa ai agency,ai agency,10,,0,MEDIUM,,navigational,,False
ai growth agency,ai agency,10,,17.35,LOW,1,commercial,,False
summer huntington founder of aligned impact ai agency,ai agency,10,,0,,,commercial,,False
agency ai linkedin,ai agency,10,,0,LOW,,navigational,,False
agency builder ai,ai agency,10,,0,,,commercial,,False
the agency ai specialist github,ai agency,10,,0,LOW,,navigational,,False
agency name generator ai,ai agency,10,,0,,,commercial,,False
agency and ai,ai agency,10,,0,LOW,,informational,,False
start your ai agency reviews,ai agency,10,,0,,,commercial,,False
air ai agency license,ai agency,10,,0,,,informational,,False
the instant ai agency reddit,ai agency,10,,0,,,navigational,,False
ai agency wordpress theme,ai agency,10,,0.55,MEDIUM,,commercial,,False
ai agency new york,ai agency,10,,0,HIGH,,navigational,,False
ai business automation agency,ai agency,10,,14.04,HIGH,,commercial,,False
ai creative studio agency,ai agency,10,,0,LOW,,commercial,,False
ai automation agency 2024,ai agency,10,,0,,,informational,,False
ai based digital marketing agency,ai agency,10,,0,,,commercial,,False
ai avatar agency,ai agency,10,,12.55,MEDIUM,,navigational,,False
ai agency definition,ai agency,10,,0,LOW,,informational,,False
start your ai agency review,ai agency,10,,0,LOW,,transactional,,False
optimind ai automation agency,ai agency,10,,0,HIGH,,commercial,,False
ai digital media agency,ai agency,10,,28.25,HIGH,,commercial,,False
ai video ads agency,ai agency,10,,33.19,MEDIUM,,commercial,,False
ai agency process,ai agency,10,,0,,,commercial,,False
start an ai marketing agency,ai agency,10,,13.69,HIGH,,transactional,,False
ai fashion model agency,ai agency,10,,0,LOW,,commercial,,False
ai video marketing agency,ai agency,10,,0,LOW,,commercial,,False
what does agency mean in ai,ai agency,10,,1.56,MEDIUM,,informational,,True
ai agency usa,ai agency,10,,0,HIGH,,navigational,,False
ai agency in india,ai agency,10,,15.38,HIGH,,commercial,,False
creaitive ai agency,ai agency,10,,0,MEDIUM,,commercial,,False
what is a ai marketing agency,ai agency,10,,26.59,HIGH,5,informational,,True
best ai agency websites,ai agency,10,,13.62,HIGH,,commercial,best,False
digital marketing in an ai world futureproofing your ppc agency,ai agency,10,,0,,,commercial,,False
how to get clients for ai automation agency,ai agency,10,,24.14,HIGH,,commercial,,True
easy ai agency,ai agency,10,,17.57,MEDIUM,,navigational,,False
nick saraev ai agency,ai agency,10,,0,LOW,,transactional,,False
ai marketing agency in usa,ai agency,10,,12.87,HIGH,,commercial,,False
deep agency ai,ai agency,10,,0,,9,informational,,False
is ai agency profitable,ai agency,10,,0,LOW,,informational,,True
ai agency names,ai agency,10,,0,MEDIUM,,navigational,,False
ai care agency,ai agency,10,,0,,,navigational,,False
the instant ai agency book review,ai agency,10,,0,LOW,,informational,,False
click agency ai,ai agency,10,,0,,0,commercial,,False
the beyond agency ai,ai agency,10,,0,,,informational,,False
how to start ai automation agency,ai agency,10,,19.24,MEDIUM,2,informational,,True
automated agency ai,ai agency,10,,0,MEDIUM,23,navigational,,False
white label ai marketing agency,ai agency,10,,12.67,HIGH,24,commercial,,False
how to start a ai agency,ai agency,10,,10.31,MEDIUM,,informational,,True
digitalwin business agency advanced digital marketing services with ai,ai agency,10,,0,,,commercial,,False
ai agency nz,ai agency,10,,0,,,commercial,,False
build ai automation agency,ai agency,10,,0,,,commercial,,False
ai automation agency usa,ai agency,10,,9.8,MEDIUM,,navigational,,False
ai automation agency course free,ai agency,10,,10.12,HIGH,,informational,,False
ai agency marketing,ai agency,10,,23.4,HIGH,15,commercial,,False
high agency ai,ai agency,10,,0,LOW,,informational,,False
ai accelerator agency,ai agency,10,,0,,,navigational,,False
jordan lee ai arbitrage agency,ai agency,10,,0,LOW,,transactional,,False
travel agency ai,ai agency,10,,4.15,MEDIUM,,commercial,,False
ai agency list,ai agency,10,,0,,,navigational,,False
ai automation agency model,ai agency,10,,0,LOW,,commercial,,False
the ai web agency,ai agency,10,,0,LOW,29,commercial,,False
optimind ai agency,ai agency,10,,0,,,navigational,,False
ai art agency,ai agency,10,,0,LOW,,navigational,,False
starting ai agency,ai agency,10,,11.18,MEDIUM,0,commercial,,False
jordan lee ai arbitrage agency reviews trustpilot,ai agency,10,,0,LOW,,commercial,,False
faith ai agency,ai agency,10,,0,,,informational,,False
laplas ai agency,ai agency,10,,0,,,navigational,,False
ai agent for marketing agency,ai agency,10,,0,MEDIUM,,transactional,,False
faith ai creative agency,ai agency,10,,0,,,commercial,,False
the agency ai agents,ai agency,10,,0,LOW,39,navigational,,False
eu ai agency,ai agency,10,,0,,,navigational,,False
the agency ai specialists github,ai agency,10,,0,LOW,,commercial,,False
click agency ai reviews,ai agency,10,,0,,,commercial,,False
quantum ai financial & insurance agency corp,ai agency,10,,0,LOW,,navigational,,False
what ai automation agency,ai agency,10,,0,,,informational,,True
start your ai agency reddit,ai agency,10,,0,,,informational,,False
supernatural ai agency,ai agency,10,,0,LOW,,informational,,False
ai automation agency south africa,ai agency,10,,0,,,navigational,,False
ai agency elite,ai agency,10,,0,LOW,,navigational,,False
agency ai agent,ai agency,10,,0,LOW,39,navigational,,False
what is an ai software agency,ai agency,10,,0,,,informational,,True
ai automation agency template,ai agency,10,,22.14,LOW,,navigational,,False
deep agency ai photo,ai agency,10,,0,,,informational,,False
the instant ai agency book pdf free download,ai agency,10,,0,,,transactional,,False
ai automation agency skool,ai agency,10,,0,LOW,,navigational,,False
meta capital ai automation agency,ai agency,10,,0,,,navigational,,False
best niches for ai automation agency,ai agency,10,,0,MEDIUM,,commercial,best,False
agency ai torres,ai agency,10,,0,,,navigational,,False
marketing agency with ai,ai agency,10,,14.48,HIGH,15,commercial,,False
ai agency là gì,ai agency,10,,0,,,navigational,,False
ai automation agency websites,ai agency,10,,36.25,HIGH,,commercial,,False
ai video ad agency,ai agency,10,,33.19,MEDIUM,,navigational,,False
ai agent for travel agency,ai agency,10,,0,,,commercial,,False
jordan lee ai agency reviews,ai agency,10,,0,LOW,,commercial,,False
ai debt collection agency,ai agency,10,,0,HIGH,,commercial,,False
the agency github ai,ai agency,10,,0,LOW,,navigational,,False
human ai agency in the age of generative ai,ai agency,10,,0,LOW,,informational,,False
devotion ai agency,ai agency,10,,0,LOW,,transactional,,False
medusa ai agency,ai agency,10,,0,,,transactional,,False
digital agency ai,ai agency,10,,0,,15,commercial,,False
instant ai agency book,ai agency,10,,0.25,HIGH,,transactional,,False
ai agency reeve,ai agency,10,,0,,,navigational,,False
searchtides ai agency,ai agency,10,,35.4,MEDIUM,,commercial,,False
what is ai software agency,ai agency,10,,0,,,informational,,True
valid ai agency,ai agency,10,,0,LOW,,informational,,False
vertex ai memory bank agent development,ai agent development,10,,0,,,commercial,,False
vertex ai agent development kit,ai agent development,10,,0,MEDIUM,,transactional,,False
ai agent development jobs,ai agent development,10,,0,LOW,1,informational,,False
best ide for ai agent development,ai agent development,10,,0,LOW,,commercial,best,False
google ai software agent development,ai agent development,10,,0,,,commercial,,False
ai agent development python,ai agent development,10,,28.74,HIGH,,navigational,,False
agent development tools in ai,ai agent development,10,,0,,36,commercial,,False
google ai agent software development,ai agent development,10,,0,,,commercial,,False
ai agent development lifecycle,ai agent development,10,,13.97,MEDIUM,,informational,,False
ai agent system development,ai agent development,10,,0,,,commercial,,False
ai coding agent development,ai agent development,10,,0,LOW,25,commercial,,False
best ai agent for app development,ai agent development,10,,44.3,MEDIUM,,commercial,best,False
datastax ai agent development,ai agent development,10,,0,,,commercial,,False
ai agent development roadmap,ai agent development,10,,0,LOW,,informational,,False
ai agent development team,ai agent development,10,,0,MEDIUM,,navigational,,False
ai agent for web development,ai agent development,10,,0,MEDIUM,,commercial,,False
learn ai agent development,ai agent development,10,,17.48,HIGH,,informational,,False
ai agent capability development,ai agent development,10,,0,,,informational,,False
best ai agent for software development,ai agent development,10,,18.76,HIGH,,commercial,best,False
sap joule studio ai agent development,ai agent development,10,,0,,,transactional,,False
ai agent development proposal,ai agent development,10,,0,HIGH,,commercial,,False
mobile app development ai agent,ai agent development,10,,0,,,commercial,,False
ai agent for frontend development,ai agent development,10,,0,LOW,,transactional,,False
building agentic ai systems hands on agent development pdf,ai agent development,10,,0,LOW,,commercial,,False
ai agent development company in usa,ai agent development,10,,16.4,LOW,,commercial,,False
ai agent game development,ai agent development,10,,0,LOW,,commercial,,False
ai agent for website development,ai agent development,10,,0,MEDIUM,,transactional,,False
best ai agent for web development,ai agent development,10,,0,LOW,,commercial,best,False
business development ai agent,ai agent development,10,,40.25,HIGH,,commercial,,False
embabel ai agent development java,ai agent development,10,,0,HIGH,,transactional,,False
ai agent development course free,ai agent development,10,,6.23,HIGH,,commercial,,False
amazon pay agency,amazon agency,10,,0,,,navigational,,False
amazon kindle agency,amazon agency,10,,0,,,navigational,,False
agency amazon prime,amazon agency,10,,0.27,LOW,,navigational,,False
amazon seller services agency,amazon agency,10,,0,,,navigational,,False
amazon agency canada,amazon agency,10,,0,,,navigational,,False
elevate amazon sales agency,amazon agency,10,,0,,,navigational,,False
amazon publishing agency reviews,amazon agency,10,,0,,,informational,,False
amazon agency pricing,amazon agency,10,,17.51,MEDIUM,0,commercial,,False
agency tretinoin amazon,amazon agency,10,,0,,,navigational,,False
amazon review agency india,amazon agency,10,,0,,,navigational,,False
amazon casting agency,amazon agency,10,,0,,,navigational,,False
amazon the power of agency,amazon agency,10,,0,,,informational,,False
temp agency amazon warehouse,amazon agency,10,,0.42,LOW,,navigational,,False
ladies detective agency amazon,amazon agency,10,,0,HIGH,,navigational,,False
amazon temp agency murfreesboro tn,amazon agency,10,,0,,,navigational,,False
amazon agency leicester,amazon agency,10,,0,,,navigational,,False
who is amazon advertising agency,amazon agency,10,,52.04,MEDIUM,54,informational,,True
amazon book publishing agency,amazon agency,10,,0,LOW,,navigational,,False
amazon ad agency india,amazon agency,10,,0,,23,navigational,,False
amazon sponsored ads agency,amazon agency,10,,0,LOW,,commercial,,False
amazon jobs through agency,amazon agency,10,,0,LOW,,navigational,,False
amazon agency australia,amazon agency,10,,0,,,navigational,,False
amazon virtual assistant agency,amazon agency,10,,0,LOW,,navigational,,False
machu picchu amazon peru manu peru travel agency,amazon agency,10,,0,LOW,,commercial,,False
amazon content creation agency,amazon agency,10,,0,,,commercial,,False
amazon mcn agency,amazon agency,10,,0,,,navigational,,False
white label amazon marketing agency,amazon agency,10,,0,LOW,,commercial,,False
amazon selling agency,amazon agency,10,,0,,,navigational,,False
amazon seller management agency,amazon agency,10,,0,,,navigational,,False
amazon automation agency,amazon agency,10,,0,LOW,,navigational,,False
amazon media agency of record,amazon agency,10,,0,LOW,,navigational,,False
amazon model agency,amazon agency,10,,0,LOW,,navigational,,False
amazon agency uae,amazon agency,10,,0,,,navigational,,False
amazon fba marketing agency,amazon agency,10,,0,LOW,,navigational,,False
amazon william gibson agency,amazon agency,10,,0,,52,navigational,,False
amazon advertising agency account,amazon agency,10,,0,,,navigational,,False
is amazon a state agency or federal agency,amazon agency,10,,0,LOW,29,informational,,True
amazon wholesale agency,amazon agency,10,,37.73,MEDIUM,,navigational,,False
amazon modeling agency,amazon agency,10,,0,LOW,,navigational,,False
full-service amazon agency cost,amazon agency,10,,24.82,MEDIUM,0,commercial,,False
amazon seller agency uk,amazon agency,10,,0,,,navigational,,False
amazon staffing agency moreno valley,amazon agency,10,,0,,,navigational,,False
full circle amazon agency,amazon agency,10,,0,MEDIUM,,navigational,,False
amazon product listing agency,amazon agency,10,,0,MEDIUM,,navigational,,False
staffing agency hiring for amazon,amazon agency,10,,0,LOW,48,navigational,,False
motif amazon agency,amazon agency,10,,0,,,navigational,,False
is amazon a government agency,amazon agency,10,,0,LOW,,informational,,True
amazon courier agency,amazon agency,10,,0,,,navigational,,False
amazon osmo detective agency,amazon agency,10,,0,,,navigational,,False
amazon dropshipping agency,amazon agency,10,,0,,,navigational,,False
amazon agency kaise le,amazon agency,10,,0,,,navigational,,False
amazon advertising agency reviews,amazon agency,10,,0,,,informational,,False
amazon agency germany,amazon agency,10,,0,,,navigational,,False
amazon seo consultant agency,amazon agency,10,,0,,,commercial,,False
full-service amazon agency uk,amazon agency,10,,0,,,navigational,,False
amazon the agency,amazon agency,10,,0,LOW,9,navigational,,False
amazon agency india,amazon agency,10,,0,HIGH,,navigational,,False
amazon media agency pitch,amazon agency,10,,0,,,commercial,,False
d1 amazon agency,amazon agency,10,,0,,,navigational,,False
amazon agency for delivery,amazon agency,10,,7.62,LOW,63,navigational,,False
amazon seller central agency,amazon agency,10,,0,HIGH,42,navigational,,False
amazon ads agency reviews,amazon agency,10,,0,,,commercial,,False
the power of agency amazon,amazon agency,10,,0,,,informational,,False
amazon beauty agency,amazon agency,10,,0,MEDIUM,,navigational,,False
amazon agency apply,amazon agency,10,,0,,,navigational,,False
what is amazon agency,amazon agency,10,,0,HIGH,42,informational,,True
amazon content agency,amazon agency,10,,34.45,MEDIUM,,commercial,,False
amazon review service agency,amazon agency,10,,0,,,navigational,,False
spatial agency amazon,amazon agency,10,,0,,,navigational,,False
the amazon agency,amazon agency,10,,0,,17,navigational,,False
amazon agency registration,amazon agency,10,,0,,65,navigational,,False
amazon advertising agency partners,amazon agency,10,,0,,,commercial,,False
the no 1 ladies detective agency amazon,amazon agency,10,,0,LOW,52,navigational,no 1,False
amazon agency model,amazon agency,10,,0,,,informational,,False
amazon agency account,amazon agency,10,,0,HIGH,,navigational,,False
amazon agency in usa,amazon agency,10,,27.35,HIGH,,navigational,,False
full service amazon agency jobs,amazon agency,10,,0,,,navigational,,False
how to get amazon agency,amazon agency,10,,0,,,informational,,True
amazon agency london,amazon agency,10,,0,,,navigational,,False
amazon dirk gently's holistic detective agency,amazon agency,10,,0,LOW,,informational,,False
how to get amazon delivery agency contact number,amazon agency,10,,0,,65,informational,,True
what credit agency does amazon use,amazon agency,10,,0,LOW,19,informational,,True
amazon omg agency,amazon agency,10,,0,,,navigational,,False
how to get amazon delivery agency,amazon agency,10,,0,,,informational,,True
amazon alexa agency,amazon agency,10,,0,,,navigational,,False
amazon agency europe,amazon agency,10,,0,,,navigational,,False
flywheel agency amazon,amazon agency,10,,0,LOW,23,navigational,,False
nexus amazon agency,amazon agency,10,,11.18,MEDIUM,,navigational,,False
amazon marketing agency canada,amazon agency,10,,0,,,commercial,,False
gigabrain amazon agency,amazon agency,10,,0,,,navigational,,False
amazon agency seattle,amazon agency,10,,0,,,navigational,,False
amazon retail agency,amazon agency,10,,0,,,navigational,,False
amazon ppc agency pricing reviews,amazon agency,10,,0,,,commercial,,False
amazon agency in pakistan,amazon agency,10,,0,,,navigational,,False
amazon marketing agency vancouver,amazon agency,10,,0,LOW,,commercial,,False
amazon flex agency,amazon agency,10,,0,LOW,,navigational,,False
amazon ppc agency services,amazon agency,10,,0,LOW,,commercial,,False
best full service amazon agency,amazon agency,10,,0,LOW,10,commercial,best,False
delivery agency for amazon,amazon agency,10,,0,,73,commercial,,False
amazon warehouse staffing agency,amazon agency,10,,5.62,LOW,,navigational,,False
the agency amazon,amazon agency,10,,0,LOW,19,navigational,,False
digital marketing agency for amazon,amazon agency,10,,0,LOW,42,commercial,,False
amazon agency review,amazon agency,10,,0,,0,informational,,False
amazon publishing agency,amazon agency,10,,11.22,MEDIUM,31,navigational,,False
what credit reporting agency does amazon use,amazon agency,10,,0,LOW,28,informational,,True
amazon agency eu,amazon agency,10,,0,,,navigational,,False
amazon storefront design agency,amazon agency,10,,0,LOW,,navigational,,False
amazon sponsored products agency,amazon agency,10,,0,,,navigational,,False
amazon advertising agency india,amazon agency,10,,0,,31,navigational,,False
review agency for amazon,amazon agency,10,,0,HIGH,0,commercial,,False
amazon agency course,amazon agency,10,,0,,,navigational,,False
amazon entertainment agency,amazon agency,10,,0,LOW,,navigational,,False
amazon media agency review,amazon agency,10,,0,,0,commercial,,False
hinge amazon agency,amazon agency,10,,0,,,navigational,,False
amazon agency toolkit,amazon agency,10,,0,,,navigational,,False
amazon delivery agency contact number,amazon agency,10,,0,,,informational,,False
amazon delivery agency near me,amazon agency,10,,0,LOW,,navigational,,False
amazon recruitment agency,amazon agency,10,,5.5,LOW,13,navigational,,False
amazon reviews agency india,amazon agency,10,,0,,,navigational,,False
how to start amazon delivery agency,amazon agency,10,,0,,,informational,,True
agency amazon jobs,amazon agency,10,,0,LOW,22,navigational,,False
amazon specialist agency,amazon agency,10,,0,LOW,,navigational,,False
amazon promotion agency,amazon agency,10,,0,,,navigational,,False
amazon agency chicago,amazon agency,10,,0,,,navigational,,False
amazon ams agency,amazon agency,10,,0,,,navigational,,False
amazon launch agency,amazon agency,10,,0,,,navigational,,False
amazon listing design agency,amazon agency,10,,0,,,navigational,,False
full service amazon agency reviews,amazon agency,10,,0,,,informational,,False
mlem: space agency amazon,amazon agency,10,,0.37,MEDIUM,,navigational,,False
amazon account agency,amazon agency,10,,76.68,LOW,,navigational,,False
amazon marketing agency india,amazon agency,10,,0,MEDIUM,1,navigational,,False
amazon travel & tourism agency,amazon agency,10,,0,,,navigational,,False
spotlight amazon agency,amazon agency,10,,0,MEDIUM,,navigational,,False
amazon business agency,amazon agency,10,,0,,,navigational,,False
amazon agency hiring,amazon agency,10,,0,LOW,,navigational,,False
amazon a content agency,amazon agency,10,,0,LOW,,commercial,,False
amazon agency cost,amazon agency,10,,0,LOW,,commercial,,False
mlem space agency amazon,amazon agency,10,,0.37,MEDIUM,,navigational,,False
amazon media agency reviews,amazon agency,10,,0,,0,commercial,,False
amazon agency usa,amazon agency,10,,0,HIGH,,navigational,,False
amazon digital agency,amazon agency,10,,0,LOW,,commercial,,False
marketing agency for amazon,amazon agency,10,,15.19,HIGH,11,commercial,,False
amazon marketing agency usa,amazon agency,10,,93.89,MEDIUM,29,navigational,,False
amazon warehouse temp agency,amazon agency,10,,0.5,LOW,,navigational,,False
how to get contact number of amazon delivery agency,amazon agency,10,,0,,,informational,,True
amazon consulting agency uk,amazon agency,10,,0,,,navigational,,False
amazon logistics agency,amazon agency,10,,0,,,navigational,,False
best full-service amazon agency,amazon agency,10,,0,LOW,9,commercial,best,False
chilstyle #amazon review agency,amazon agency,10,,0,,,informational,,False
amazon d1 agency,amazon agency,10,,0,,,navigational,,False
amazon partner agency,amazon agency,10,,0,HIGH,6,navigational,,False
amazon temp agency columbia sc,amazon agency,10,,0,LOW,,navigational,,False
full service amazon agency cost,amazon agency,10,,24.82,MEDIUM,0,commercial,,False
amazon seller marketing agency,amazon agency,10,,0,LOW,,commercial,,False
chilstyle amazon review agency legit,amazon agency,10,,0,LOW,,informational,,False
amazon delivery agency,amazon agency,10,,7.62,LOW,73,navigational,,False
amazon in house agency,amazon agency,10,,0,HIGH,,navigational,,False
amazon optimisation agency,amazon agency,10,,0,,,commercial,,False
amazon agency contact number,amazon agency,10,,0,,,navigational,,False
amazon agency partner program,amazon agency,10,,16.44,MEDIUM,,commercial,,False
amazon uk agency,amazon agency,10,,0,HIGH,9,navigational,,False
amazon no 1 ladies detective agency,amazon agency,10,,0,HIGH,52,navigational,no 1,False
amazon agency program,amazon agency,10,,0,,,navigational,,False
amazon d1 creative agency,amazon agency,10,,0,,,navigational,,False
full service amazon agency uk,amazon agency,10,,0,,,navigational,,False
amazon marketing agency london,amazon agency,10,,0,,37,commercial,,False
advance amazon agency,amazon agency,10,,0,MEDIUM,,navigational,,False
adecco agency amazon,amazon agency,10,,0,,,navigational,,False
thrive amazon agency,amazon agency,10,,0,,,navigational,,False
dirk gently's holistic detective agency amazon prime,amazon agency,10,,0,LOW,,informational,,False
ppc agency amazon,amazon agency,10,,0,HIGH,11,navigational,,False
how to get amazon delivery agency in india,amazon agency,10,,0,,,informational,,True
jellyfish amazon agency,amazon agency,10,,0,,,navigational,,False
amazon ppc agency india,amazon agency,10,,0,,,navigational,,False
amazon temp agency near me,amazon agency,10,,0.25,LOW,,navigational,,False
toucan amazon agency,amazon agency,10,,0,MEDIUM,,navigational,,False
amazon branding agency,amazon agency,10,,77.16,LOW,37,commercial,,False
amazon agency france,amazon agency,10,,0,,,navigational,,False
the agency amazon prime cast,amazon agency,10,,0,LOW,,informational,,False
daybreak amazon agency,amazon agency,10,,0,MEDIUM,,navigational,,False
amazon agency manchester,amazon agency,10,,0,LOW,,navigational,,False
amazon warehouse agency near me,amazon agency,10,,0.19,LOW,,navigational,,False
quartile amazon agency,amazon agency,10,,21.19,HIGH,,navigational,,False
how to get amazon agency in india,amazon agency,10,,0,,,informational,,True
quiver amazon agency,amazon agency,10,,0,,,navigational,,False
chilstyle amazon review agency,amazon agency,10,,0,,0,commercial,,False
amazon advertising services agency,amazon agency,10,,0,,,navigational,,False
amazon ppc agency reviews,amazon agency,10,,0,,,informational,,False
amazon pr agency,amazon agency,10,,0,LOW,,navigational,,False
amazon agency conversion,amazon agency,10,,0,,48,navigational,,False
headline amazon agency,amazon agency,10,,0,HIGH,,navigational,,False
recom amazon agency,amazon agency,10,,0,MEDIUM,,commercial,,False
amazon warehouse jobs agency,amazon agency,10,,0,,,navigational,,False
agency conversion amazon,amazon agency,10,,0,,48,navigational,,False
dirk gently's holistic detective agency amazon,amazon agency,10,,0,MEDIUM,2,informational,,False
amazon agency in india,amazon agency,10,,0,,,navigational,,False
amazon service provider agency,amazon agency,10,,0,MEDIUM,42,navigational,,False
2 sisters detective agency book 2 release date amazon,amazon agency,10,,0,,,informational,,False
revive amazon agency,amazon agency,10,,0,MEDIUM,,navigational,,False
what collection agency does amazon use,amazon agency,10,,0,LOW,19,informational,,True
amazon ad agency uk,amazon agency,10,,0,,9,commercial,,False
amazon india ad agency,amazon agency,10,,0,,23,navigational,,False
the stable amazon agency,amazon agency,10,,0,HIGH,,navigational,,False
amazon agency logo,amazon agency,10,,0,,,navigational,,False
amazon store agency,amazon agency,10,,0,MEDIUM,,navigational,,False
which agency recruits for amazon,amazon agency,10,,0,,,navigational,,True
what agency hires for amazon,amazon agency,10,,0,LOW,,informational,,True
amazon space agency,amazon agency,10,,0,LOW,,navigational,,False
amazon affiliate agency,amazon agency,10,,21.32,MEDIUM,,commercial,,False
amazon ppc marketing agency,amazon agency,10,,29.24,HIGH,,commercial,,False
amazon india advertising agency,amazon agency,10,,0,,31,navigational,,False
amazon brand agency,amazon agency,10,,77.16,LOW,40,navigational,,False
agency for amazon jobs,amazon agency,10,,0,LOW,22,navigational,,False
amazon search agency,amazon agency,10,,0,,,navigational,,False
amazon marketing agency near me,amazon agency,10,,0,LOW,,commercial,,False
full-service amazon agency reviews,amazon agency,10,,0,,,commercial,,False
amazon ppc agency london,amazon agency,10,,0,,,navigational,,False
seller interactive amazon marketing agency,amazon agency,10,,0,,,navigational,,False
amazon va agency,amazon agency,10,,0,LOW,,navigational,,False
rufus agency amazon,amazon agency,10,,0,HIGH,12,navigational,,False
full service amazon agency usa,amazon agency,10,,0,,,navigational,,False
agency work amazon,amazon agency,10,,0,LOW,46,navigational,,False
amazon ppc agency list,amazon agency,10,,0,,,navigational,,False
no 1 ladies detective agency amazon,amazon agency,10,,0,HIGH,52,navigational,no 1,False
amazon rep agency,amazon agency,10,,0,,,navigational,,False
amazon job agency near me,amazon agency,10,,0.02,LOW,,navigational,,False
what agency does amazon use,amazon agency,10,,0,LOW,64,informational,,True
amazon manpower agency,amazon agency,10,,0,,,navigational,,False
amazon prime agency,amazon agency,10,,0,MEDIUM,,navigational,,False
amazon ppc agency hiring,amazon agency,10,,0,MEDIUM,,navigational,,False
agency hiring for amazon,amazon agency,10,,0,LOW,,navigational,,False
agency william gibson amazon,amazon agency,10,,0,,52,navigational,,False
what is an amazon agency,amazon agency,10,,0,MEDIUM,42,informational,,True
amazon ads agency india,amazon agency,10,,0,,,navigational,,False
pattern agency amazon,amazon agency,10,,6.07,HIGH,23,navigational,,False
amazon marketing agency cost,amazon agency,10,,0,,,commercial,,False
amazon agency news,amazon agency,10,,0,,,navigational,,False
best marketing agency for amazon,amazon agency,10,,0,,37,commercial,best,False
amazon agency software,amazon agency,10,,0,MEDIUM,,commercial,,False
amazon agency utah,amazon agency,10,,0,HIGH,,navigational,,False
rufus amazon agency,amazon agency,10,,0,MEDIUM,12,navigational,,False
amazon agency japan,amazon agency,10,,0,,,navigational,,False
wake amazon agency,amazon agency,10,,0,MEDIUM,,navigational,,False
amazon private label agency,amazon agency,10,,0,MEDIUM,,navigational,,False
the agency amazon prime review,amazon agency,10,,0,LOW,,informational,,False
amazon strategy agency,amazon agency,10,,0,HIGH,,navigational,,False
pmp agency amazon,amazon agency,10,,0,,,navigational,,False
amazon agency phone number,amazon agency,10,,0,LOW,,navigational,,False
full-service amazon agency usa,amazon agency,10,,0,,,navigational,,False
amazon recruitment agency near me,amazon agency,10,,0,,,navigational,,False
amazon advertising agency near me,amazon agency,10,,0,LOW,,navigational,,False
amazon warehouse agency,amazon agency,10,,0,LOW,,navigational,,False
stonecutter amazon agency,amazon agency,10,,17.89,MEDIUM,,navigational,,False
amazon creatives agency,amazon agency,10,,0,HIGH,,commercial,,False
amazon handling agency,amazon agency,10,,0,,,navigational,,False
amazon sales agency,amazon agency,10,,0,LOW,64,navigational,,False
osmo detective agency amazon,amazon agency,10,,0,,,navigational,,False
amazon delivery agency in namakkal,amazon agency,10,,0,,,navigational,,False
amazon agency number,amazon agency,10,,0,LOW,,navigational,,False
amazon performance marketing agency,amazon agency,10,,0,,,navigational,,False
eva amazon agency,amazon agency,10,,4.9,HIGH,,navigational,,False
amazon agency 360,amazon agency,10,,0,,,navigational,,False
orca pacific amazon agency,amazon agency,10,,0,,,navigational,,False
amazon optimization agency,amazon agency,10,,120.44,LOW,,commercial,,False
