keyword,service,seed,search_volume,cpc,competition,kd,intent
agentic ai,agentic-commerce,agentic ai,110000,16.32,MEDIUM,63,informational
services seo,seo,seo services,74000,48.59,LOW,62,commercial
seo services seo,seo,seo services,74000,48.59,LOW,60,commercial
seo services,seo,seo services,74000,48.59,LOW,54,commercial
seo optimization services,seo,seo services,74000,48.59,LOW,46,commercial
and seo services,seo,seo services,74000,48.59,LOW,54,commercial
services of seo,seo,seo services,74000,48.59,LOW,62,commercial
services for seo,seo,seo services,74000,48.59,LOW,62,commercial
marketing agency,ai-commerce,ai ecommerce agency,60500,17.36,LOW,75,commercial
digital marketing agency,ai-commerce,ai ecommerce agency,40500,20.05,LOW,74,commercial
tag agency,ai-commerce,ai ecommerce agency,33100,1.04,LOW,9,navigational
ecommerce business,ai-commerce,ai ecommerce agency,33100,14.68,LOW,35,commercial
what is agentic ai,agentic-commerce,agentic ai,33100,5.87,MEDIUM,53,informational
seo agency,ai-commerce,ai ecommerce agency,27100,44.12,LOW,31,commercial
surfer seo ai humanizer,ai-seo,ai seo,27100,12.45,LOW,19,commercial
seo for agency,seo,seo agency,27100,44.12,LOW,23,commercial
agency for seo,seo,seo agency,27100,44.12,LOW,31,commercial
seo optimisation agency,seo,seo agency,27100,44.12,LOW,56,commercial
agency seo,seo,seo agency,27100,44.12,LOW,53,commercial
seo optimization agency,seo,seo agency,27100,44.12,LOW,61,commercial
what is ecommerce,ai-commerce,ai ecommerce agency,22200,7.49,LOW,56,informational
shopify ecommerce platform,ai-commerce,ai ecommerce agency,22200,9.74,LOW,43,commercial
advertising agency,ai-commerce,ai ecommerce agency,22200,19.85,LOW,85,commercial
seo agency near me,seo,seo agency,22200,49.45,LOW,11,commercial
seo services near me,seo,seo services,22200,49.45,LOW,1,commercial
agentic ai coding tool,agentic-commerce,agentic ai,18100,29.39,LOW,11,commercial
agentic ai coding tools,agentic-commerce,agentic ai,18100,29.39,LOW,20,commercial
shopify development partners,ecommerce,shopify development,14800,27.47,LOW,21,navigational
shopify development partner,ecommerce,shopify development,14800,27.47,LOW,36,commercial
agentic ai define,agentic-commerce,agentic ai,14800,4.41,MEDIUM,56,informational
agentic ai defined,agentic-commerce,agentic ai,14800,4.41,MEDIUM,54,informational
agentic ai definition,agentic-commerce,agentic ai,14800,4.41,MEDIUM,54,informational
web design company,web-design,web design company,14800,49.15,LOW,88,commercial
web design for company,web-design,web design company,14800,49.15,LOW,88,commercial
web design company website,web-design,web design company,14800,49.15,LOW,61,navigational
web design company websites,web-design,web design company,14800,49.15,LOW,38,commercial
web design website company,web-design,web design company,14800,49.15,LOW,38,commercial
company web design,web-design,web design company,14800,49.15,LOW,88,commercial
company design web,web-design,web design company,14800,49.15,LOW,100,navigational
design web company,web-design,web design company,14800,49.15,LOW,88,commercial
web design design company,web-design,web design company,14800,49.15,LOW,88,commercial
web design company sites,web-design,web design company,14800,49.15,LOW,71,commercial
company web page design,web-design,web design company,14800,49.15,LOW,19,navigational
company for web design,web-design,web design company,14800,49.15,LOW,88,commercial
web-design company,web-design,web design company,14800,49.15,LOW,88,commercial
web-design-company,web-design,web design company,14800,49.15,LOW,88,commercial
design company web,web-design,web design company,14800,49.15,LOW,88,commercial
seo agency interamplify,seo,seo agency,12100,0,LOW,3,commercial
local seo optimization,seo,local seo,12100,30.21,LOW,71,commercial
local seo,seo,local seo,12100,30.21,LOW,69,commercial
seo local seo,seo,local seo,12100,30.21,LOW,50,commercial
seo for local,seo,local seo,12100,30.21,LOW,41,commercial
web design agency,web-design,web design agency,12100,26.9,LOW,41,commercial
agency web design,web-design,web design agency,12100,26.9,LOW,21,commercial
agency for web design,web-design,web design agency,12100,26.9,LOW,21,commercial
branding agency,ai-commerce,ai ecommerce agency,9900,22.44,LOW,69,commercial
social media marketing agency,ai-commerce,ai ecommerce agency,9900,26.74,LOW,43,commercial
ai for automation,ai-agent-dev,ai automation,9900,27.08,MEDIUM,55,commercial
automation and ai,ai-agent-dev,ai automation,9900,27.08,MEDIUM,41,informational
ai automation,ai-agent-dev,ai automation,9900,27.08,MEDIUM,41,informational
ai and automation,ai-agent-dev,ai automation,9900,27.08,MEDIUM,41,informational
ai in automation,ai-agent-dev,ai automation,9900,27.08,MEDIUM,41,informational
creative agency,ai-commerce,ai ecommerce agency,8100,8.46,LOW,45,commercial
ecommerce business ideas,ai-commerce,ai ecommerce agency,8100,4.31,LOW,15,commercial
content creation agency,ai-commerce,ai ecommerce agency,8100,22.76,LOW,0,commercial
ai for seo,ai-seo,ai seo,8100,45.04,MEDIUM,28,commercial
ai and seo,ai-seo,ai seo,8100,45.04,MEDIUM,47,commercial
ai seo,ai-seo,ai seo,8100,45.04,MEDIUM,55,informational
seo ai,ai-seo,ai seo,8100,45.04,MEDIUM,52,informational
ai in seo,ai-seo,ai seo,8100,45.04,MEDIUM,52,informational
local seo services,seo,seo services,8100,38.45,LOW,17,commercial
website redesign service,web-design,website redesign,8100,36.69,LOW,29,commercial
website redesign services,web-design,website redesign,8100,36.69,LOW,29,commercial
ecommerce business platform,ai-commerce,ai ecommerce agency,6600,8.89,LOW,48,commercial
social media agency,ai-commerce,ai ecommerce agency,6600,17.22,MEDIUM,31,commercial
ecommerce platform for business,ai-commerce,ai ecommerce agency,6600,8.89,LOW,30,commercial
influencer marketing agency,ai-commerce,ai ecommerce agency,6600,22.68,LOW,53,commercial
best seo agency,ai-commerce,ai ecommerce agency,6600,70.34,LOW,37,commercial
ecommerce business platforms,ai-commerce,ai ecommerce agency,6600,8.89,LOW,19,commercial
ecommerce platform business,ai-commerce,ai ecommerce agency,6600,8.89,LOW,41,commercial
shopify ecommerce,ai-commerce,ai ecommerce agency,6600,7.7,LOW,71,commercial
seo agency best,seo,seo agency,6600,70.34,LOW,21,commercial
web design company near me,web-design,web design company,6600,28.65,LOW,94,commercial
pr agency,ai-commerce,ai ecommerce agency,5400,22.09,LOW,41,commercial
ai marketing,ai-commerce,ai ecommerce agency,5400,40.81,MEDIUM,32,commercial
ppc agency,ai-commerce,ai ecommerce agency,5400,75.59,LOW,28,navigational
b2b marketing agency,ai-commerce,ai ecommerce agency,5400,63.29,LOW,21,commercial
onlyfans agency,ai-commerce,ai ecommerce agency,5400,6.06,MEDIUM,9,commercial
agentic commerce,agentic-commerce,agentic commerce,5400,19.67,MEDIUM,33,commercial
seo services small business,seo,seo services,5400,107.67,LOW,12,commercial
seo services small businesses,seo,seo services,5400,107.67,LOW,38,commercial
small business seo services,seo,seo services,5400,107.67,LOW,12,commercial
seo services for small business,seo,seo services,5400,107.67,LOW,19,commercial
seo marketing services,seo,seo services,5400,17.83,LOW,53,commercial
seo services for small businesses,seo,seo services,5400,107.67,LOW,12,commercial
audit seo,seo,seo audit,5400,15.79,MEDIUM,46,informational
seo audit,seo,seo audit,5400,15.79,MEDIUM,49,commercial
seo company for small business,seo,small business seo,5400,107.67,LOW,30,commercial
seo service for small business,seo,small business seo,5400,107.67,LOW,12,commercial
seo companies for small business,seo,small business seo,5400,107.67,LOW,26,commercial
seo marketing agency,ai-commerce,ai ecommerce agency,4400,78.99,LOW,32,commercial
seo agency austin,ai-commerce,ai ecommerce agency,4400,28.12,LOW,12,commercial
cloud-based ecommerce platforms,ai-commerce,ai ecommerce agency,4400,2.5,LOW,6,commercial
austin seo agency,ai-commerce,ai ecommerce agency,4400,28.12,LOW,4,commercial
ai marketing tools,ai-commerce,ai ecommerce agency,4400,49.69,LOW,26,commercial
internet marketing agency,ai-commerce,ai ecommerce agency,4400,35.79,LOW,66,commercial
goodwill ecommerce,ai-commerce,ai ecommerce agency,4400,0.37,LOW,1,navigational
cloud based ecommerce platform,ai-commerce,ai ecommerce agency,4400,2.5,LOW,12,commercial
cloud based ecommerce platforms,ai-commerce,ai ecommerce agency,4400,2.5,LOW,7,commercial
digital agency,ai-commerce,ai ecommerce agency,4400,14.6,LOW,90,commercial
agentic ai versus generative ai,agentic-commerce,agentic ai,4400,9.25,MEDIUM,5,informational
agentic ai meaning,agentic-commerce,agentic ai,4400,4.37,MEDIUM,57,informational
agentic ai vs generative ai,agentic-commerce,agentic ai,4400,9.25,MEDIUM,12,informational
datavault ai inc,agentic-commerce,agentic ai ecommerce,4400,16.97,LOW,10,navigational
generative engine optimization,ai-seo,generative engine optimization,4400,28.56,MEDIUM,57,informational
seo agency in austin,seo,seo agency,4400,28.12,LOW,14,commercial
marketing seo agency,seo,seo agency,4400,78.99,LOW,55,commercial
search engine optimization seo services,seo,seo services,4400,74.72,LOW,56,commercial
seo services search engine optimization,seo,seo services,4400,74.72,LOW,53,commercial
seo optimisation services,seo,seo services,4400,74.72,LOW,39,commercial
seo search engine optimization services,seo,seo services,4400,74.72,LOW,39,commercial
search engine optimization services seo,seo,seo services,4400,74.72,LOW,42,commercial
local seo near me,seo,local seo,4400,16.35,LOW,4,commercial
web design service for small business,web-design,small business web design,4400,46.79,LOW,10,commercial
web design services for small business,web-design,small business web design,4400,46.79,LOW,0,commercial
small business web design services,web-design,small business web design,4400,46.79,LOW,0,commercial
small business web design service,web-design,small business web design,4400,46.79,LOW,66,commercial
web design services small business,web-design,small business web design,4400,46.79,LOW,10,commercial
social security administration website redesign,web-design,website redesign,4400,0.27,LOW,8,navigational
ai automation agency,ai-agent-dev,ai automation agency,4400,17.8,LOW,6,navigational
ai automation agencies,ai-agent-dev,ai automation,4400,17.8,LOW,23,commercial
lead generation agency,ai-commerce,ai ecommerce agency,3600,35.82,LOW,24,commercial
local seo agency,ai-commerce,ai ecommerce agency,3600,36.37,LOW,21,commercial
7 casting agency,ai-commerce,ai ecommerce agency,3600,0,LOW,6,navigational
email marketing agency,ai-commerce,ai ecommerce agency,3600,36.24,LOW,30,commercial
what is creative artist agency,ai-commerce,ai ecommerce agency,3600,0,LOW,32,informational
full-service marketing agency,ai-commerce,ai ecommerce agency,3600,30.6,LOW,1,commercial
red cap tag agency,ai-commerce,ai ecommerce agency,3600,1.78,LOW,0,navigational
retail ai,ai-commerce,ai ecommerce agency,3600,9.56,LOW,26,commercial
ai in marketing,ai-commerce,ai ecommerce agency,3600,45.94,LOW,40,commercial
shopify ecommerce website,ai-commerce,ai ecommerce agency,3600,13.86,LOW,27,navigational
chickasha tag agency,ai-commerce,ai ecommerce agency,3600,0,LOW,0,navigational
full service marketing agency,ai-commerce,ai ecommerce agency,3600,30.6,LOW,6,commercial
agentic ai course,agentic-commerce,agentic ai,3600,15.44,HIGH,9,navigational
agentic ai courses,agentic-commerce,agentic ai,3600,15.44,HIGH,24,informational
generative ai vs agentic ai,agentic-commerce,agentic ai,3600,10.34,MEDIUM,11,informational
ai pro,agentic-commerce,agentic ai ecommerce,3600,4.16,MEDIUM,37,informational
seo local agency,seo,seo agency,3600,36.37,LOW,45,commercial
seo consultants services,seo,seo services,3600,55.75,LOW,26,commercial
consulting seo services,seo,seo services,3600,55.75,LOW,26,commercial
seo services consultants,seo,seo services,3600,55.75,LOW,18,commercial
seo services consultant,seo,seo services,3600,55.75,LOW,19,commercial
seo consulting services,seo,seo services,3600,55.75,LOW,26,commercial
seo consultant services,seo,seo services,3600,55.75,LOW,39,commercial
consultant seo services,seo,seo services,3600,55.75,LOW,26,commercial
seo consultancy services,seo,seo services,3600,55.75,LOW,26,commercial
local seo agencies,seo,local seo,3600,36.37,LOW,21,commercial
seo for small business,seo,small business seo,3600,39.16,LOW,20,commercial
seo marketing for small business,seo,small business seo,3600,39.16,LOW,30,commercial
seo for a small business,seo,small business seo,3600,39.16,LOW,37,commercial
small business seo marketing,seo,small business seo,3600,39.16,LOW,18,commercial
seo small business,seo,small business seo,3600,39.16,LOW,36,commercial
small business seo,seo,small business seo,3600,39.16,LOW,15,commercial
seo optimization for small business,seo,small business seo,3600,39.16,LOW,42,commercial
seo and small business,seo,small business seo,3600,39.16,LOW,20,commercial
small business seo firm,seo,small business seo,3600,39.16,LOW,20,commercial
google ads agency,ai-commerce,ai ecommerce agency,2900,185,LOW,5,commercial
performance marketing agency,ai-commerce,ai ecommerce agency,2900,34.19,LOW,0,commercial
programmatic ad agency,ai-commerce,ai ecommerce agency,2900,66.53,LOW,0,commercial
demand generation agency,ai-commerce,ai ecommerce agency,2900,66.68,LOW,9,navigational
agency matrix,ai-commerce,ai ecommerce agency,2900,19.46,LOW,0,navigational
ai powered marketing platform,ai-commerce,ai ecommerce agency,2900,17.91,LOW,48,commercial
ai powered marketing platforms,ai-commerce,ai ecommerce agency,2900,17.91,LOW,40,commercial
ecommerce jobs,ai-commerce,ai ecommerce agency,2900,2.12,LOW,2,informational
programmatic advertising agency,ai-commerce,ai ecommerce agency,2900,66.53,LOW,0,commercial
ai-powered marketing platform,ai-commerce,ai ecommerce agency,2900,17.91,LOW,47,commercial
agentic ai coding assistant,agentic-commerce,agentic ai,2900,2.17,LOW,32,transactional
local seo services near me,seo,seo services,2900,62.38,LOW,47,commercial
local-seo-services-near-me,seo,seo services,2900,62.38,LOW,21,commercial
seo audit tools,seo,seo audit,2900,19.07,LOW,77,commercial
seo audit tool,seo,seo audit,2900,19.07,LOW,77,commercial
seo tool audit,seo,seo audit,2900,19.07,LOW,63,commercial
audit seo tool,seo,seo audit,2900,19.07,LOW,77,commercial
seo tools audit,seo,seo audit,2900,19.07,LOW,60,commercial
local seo companies,seo,local seo,2900,64.47,LOW,45,commercial
local seo company,seo,local seo,2900,64.47,LOW,28,commercial
seo local company,seo,local seo,2900,64.47,LOW,62,commercial
web design company in dallas,web-design,web design company,2900,24.09,LOW,47,commercial
web design company in houston texas,web-design,web design company,2900,25.59,LOW,43,commercial
web design company dallas,web-design,web design company,2900,24.09,LOW,93,commercial
website redesign houston,web-design,website redesign,2900,25.59,LOW,19,commercial
website redesign,web-design,website redesign,2900,41.66,LOW,24,commercial
ecommerce agency,ecommerce,ecommerce agency,2400,106.43,LOW,0,commercial
agency ecommerce,ecommerce,ecommerce agency,2400,106.43,LOW,0,commercial
development shopify,ecommerce,shopify development,2400,30.76,MEDIUM,49,commercial
ecommerce news,ai-commerce,ai ecommerce agency,2400,12.5,LOW,39,informational
wordpress agency,ai-commerce,ai ecommerce agency,2400,58.31,LOW,80,commercial
owasso tag agency,ai-commerce,ai ecommerce agency,2400,0.38,LOW,0,navigational
quail tag agency,ai-commerce,ai ecommerce agency,2400,1.53,LOW,0,navigational
pavillion agency,ai-commerce,ai ecommerce agency,2400,0.76,LOW,0,navigational
agency 360,ai-commerce,ai ecommerce agency,2400,3.63,LOW,5,navigational
ai commercials,ai-commerce,ai ecommerce agency,2400,19.45,LOW,14,commercial
facebook ads agency,ai-commerce,ai ecommerce agency,2400,97.8,LOW,39,commercial
del city tag agency,ai-commerce,ai ecommerce agency,2400,0.4,LOW,0,navigational
online marketing agency,ai-commerce,ai ecommerce agency,2400,32.53,LOW,64,commercial
tampa digital marketing agency,ai-commerce,ai ecommerce agency,2400,8.36,LOW,39,commercial
marketing ai,ai-commerce,ai ecommerce agency,2400,24.25,MEDIUM,61,commercial
denver seo agency,ai-commerce,ai ecommerce agency,2400,39.73,LOW,27,commercial
coca cola ai commercial,agentic-commerce,agentic ai ecommerce,2400,0,LOW,39,informational
coca-cola ai commercial,agentic-commerce,agentic ai ecommerce,2400,0,LOW,41,informational
ai seo tool,ai-seo,ai seo,2400,56.43,LOW,10,commercial
ai seo tools,ai-seo,ai seo,2400,56.43,LOW,15,commercial
answer engine optimization,ai-seo,answer engine optimization,2400,30.77,MEDIUM,36,informational
seo agency in denver,seo,seo agency,2400,39.73,LOW,51,commercial
seo agency san diego,seo,seo agency,2400,24.01,LOW,39,commercial
los angeles seo agency,seo,seo agency,2400,15.98,LOW,62,commercial
seo agency in san diego,seo,seo agency,2400,24.01,LOW,32,commercial
seo agency usa,seo,seo agency,2400,23.54,LOW,7,commercial
usa seo agency,seo,seo agency,2400,23.54,LOW,9,commercial
seo agency in usa,seo,seo agency,2400,23.54,LOW,9,commercial
san diego seo agency,seo,seo agency,2400,24.01,LOW,26,commercial
seo agency us,seo,seo agency,2400,23.54,LOW,35,commercial
seo agency los angeles,seo,seo agency,2400,15.98,LOW,35,commercial
seo agency in united states,seo,seo agency,2400,23.54,LOW,14,commercial
us seo agency,seo,seo agency,2400,23.54,LOW,18,commercial
seo agency in los angeles,seo,seo agency,2400,15.98,LOW,35,commercial
seo agency in us,seo,seo agency,2400,23.54,LOW,7,commercial
seo auditing services,seo,seo services,2400,145.04,LOW,11,commercial
seo services united states,seo,seo services,2400,23.54,LOW,29,commercial
seo audit services,seo,seo services,2400,145.04,LOW,16,commercial
seo services business,seo,seo services,2400,10.83,LOW,4,commercial
seo services in denver,seo,seo services,2400,39.73,LOW,46,commercial
seo services for businesses,seo,seo services,2400,10.83,LOW,19,commercial
seo services in san diego,seo,seo services,2400,24.01,LOW,24,commercial
seo services for business,seo,seo services,2400,10.83,LOW,21,commercial
ecommerce seo marketing,seo,ecommerce seo,2400,13.8,LOW,31,commercial
seo for ecommerce,seo,ecommerce seo,2400,13.8,LOW,33,commercial
seo optimization for ecommerce,seo,ecommerce seo,2400,13.8,LOW,35,commercial
ecommerce seo,seo,ecommerce seo,2400,13.8,LOW,33,commercial
seo ecommerce,seo,ecommerce seo,2400,13.8,LOW,58,commercial
ecommerce and seo,seo,ecommerce seo,2400,13.8,LOW,56,commercial
seo in ecommerce,seo,ecommerce seo,2400,13.8,LOW,31,commercial
ecommerce seo optimization,seo,ecommerce seo,2400,13.8,LOW,44,commercial
seo site audit,seo,seo audit,2400,17.61,LOW,63,commercial
seo audit of a website,seo,seo audit,2400,17.61,LOW,54,commercial
website audit seo,seo,seo audit,2400,17.61,LOW,73,commercial
seo web audit,seo,seo audit,2400,17.61,LOW,70,commercial
audit seo site,seo,seo audit,2400,17.61,LOW,63,commercial
seo audit for website,seo,seo audit,2400,17.61,LOW,73,commercial
seo audit websites,seo,seo audit,2400,17.61,LOW,77,commercial
seo audit website,seo,seo audit,2400,17.61,LOW,77,commercial
audit site seo,seo,seo audit,2400,17.61,LOW,63,informational
seo audit service,seo,seo audit,2400,145.04,LOW,11,commercial
audit website seo,seo,seo audit,2400,17.61,LOW,73,commercial
seo audit site,seo,seo audit,2400,17.61,LOW,77,commercial
seo audit sites,seo,seo audit,2400,17.61,LOW,77,commercial
audit website for seo,seo,seo audit,2400,17.61,LOW,73,commercial
site audit seo,seo,seo audit,2400,17.61,LOW,73,commercial
seo audit of website,seo,seo audit,2400,17.61,LOW,73,commercial
website audit for seo,seo,seo audit,2400,17.61,LOW,73,commercial
site seo audit,seo,seo audit,2400,17.61,LOW,73,commercial
seo audit for websites,seo,seo audit,2400,17.61,LOW,73,commercial
seo page audit,seo,seo audit,2400,17.61,LOW,73,commercial
site audit for seo,seo,seo audit,2400,17.61,LOW,73,commercial
audit seo website,seo,seo audit,2400,17.61,LOW,59,commercial
seo website audit,seo,seo audit,2400,17.61,LOW,73,commercial
google business profile for local seo,seo,local seo,2400,16.74,LOW,35,informational
web design agency near me,web-design,web design agency,2400,29.84,LOW,31,commercial
web page design for small business,web-design,small business web design,2400,31.36,LOW,43,commercial
web design for a small business,web-design,small business web design,2400,31.36,LOW,45,commercial
web design small business,web-design,small business web design,2400,31.36,LOW,4,commercial
small web design business,web-design,small business web design,2400,31.36,LOW,28,commercial
small business web design,web-design,small business web design,2400,31.36,LOW,28,commercial
web design for small business,web-design,small business web design,2400,31.36,LOW,43,commercial
small business website redesign,web-design,website redesign,2400,31.36,LOW,37,commercial
shopify development,ecommerce,shopify development,1900,26.78,LOW,27,informational
ai for ecommerce,ai-commerce,ai ecommerce,1900,29.43,LOW,37,commercial
ai in ecommerce,ai-commerce,ai ecommerce,1900,29.43,LOW,37,commercial
ai ecommerce,ai-commerce,ai ecommerce,1900,29.43,LOW,36,commercial
ai and ecommerce,ai-commerce,ai ecommerce,1900,29.43,LOW,33,commercial
ecommerce ai,ai-commerce,ai ecommerce,1900,29.43,LOW,33,commercial
ai in e-commerce,ai-commerce,ai commerce,1900,29.43,LOW,33,commercial
ai and e-commerce,ai-commerce,ai commerce,1900,29.43,LOW,33,commercial
ai for e commerce,ai-commerce,ai commerce,1900,29.43,LOW,33,commercial
e-commerce ai,ai-commerce,ai commerce,1900,29.43,LOW,29,commercial
ai e commerce,ai-commerce,ai commerce,1900,29.43,LOW,26,commercial
ai e-commerce,ai-commerce,ai commerce,1900,29.43,LOW,41,commercial
e commerce ai,ai-commerce,ai commerce,1900,29.43,LOW,41,commercial
ai and e commerce,ai-commerce,ai commerce,1900,29.43,LOW,26,commercial
ai in e commerce,ai-commerce,ai commerce,1900,29.43,LOW,37,commercial
seo agency new york,ai-commerce,ai ecommerce agency,1900,23.32,LOW,22,commercial
ecommerce services,ai-commerce,ai ecommerce agency,1900,35.5,LOW,27,commercial
media buying agency,ai-commerce,ai ecommerce agency,1900,37.17,LOW,0,commercial
ecommerce business for sale,ai-commerce,ai ecommerce agency,1900,3.56,MEDIUM,12,commercial
seo agency in new york,ai-commerce,ai ecommerce agency,1900,23.32,LOW,21,commercial
bixby tag agency,ai-commerce,ai ecommerce agency,1900,0.47,LOW,0,navigational
ecommerce platforms for small businesses,ai-commerce,ai ecommerce agency,1900,15.2,LOW,7,commercial
b2b ecommerce platform,ai-commerce,ai ecommerce agency,1900,31.06,LOW,17,commercial
what is ecommerce business,ai-commerce,ai ecommerce agency,1900,4.3,LOW,56,informational
ai sales,ai-commerce,ai ecommerce agency,1900,48.91,MEDIUM,22,commercial
ai marketing agency,ai-commerce,ai ecommerce agency,1900,29.36,MEDIUM,16,commercial
ny seo agency,ai-commerce,ai ecommerce agency,1900,23.32,LOW,21,commercial
seo agency nyc,ai-commerce,ai ecommerce agency,1900,23.32,LOW,21,commercial
seo agency new york city,ai-commerce,ai ecommerce agency,1900,23.32,LOW,21,commercial
marketing agency nyc,ai-commerce,ai ecommerce agency,1900,11.41,HIGH,21,commercial
social media management agency,ai-commerce,ai ecommerce agency,1900,23.72,LOW,17,commercial
agentic ai newsletter,agentic-commerce,agentic ai,1900,14.45,LOW,11,navigational
agentic ai news,agentic-commerce,agentic ai,1900,14.45,LOW,25,informational
local seo agency near me,seo,seo agency,1900,13.61,LOW,36,commercial
new york seo agency,seo,seo agency,1900,23.32,LOW,41,commercial
nyc seo agency,seo,seo agency,1900,23.32,LOW,22,commercial
seo agency in nyc,seo,seo agency,1900,23.32,LOW,31,commercial
new york city seo agency,seo,seo agency,1900,23.32,LOW,21,commercial
seo services company,seo,seo services,1900,54.27,LOW,45,commercial
seo companies services,seo,seo services,1900,54.27,LOW,23,commercial
local seo marketing services,seo,seo services,1900,5.74,LOW,35,commercial
services seo company,seo,seo services,1900,54.27,LOW,31,commercial
on-page seo services,seo,seo services,1900,10.92,LOW,17,commercial
on page seo services,seo,seo services,1900,10.92,LOW,1,commercial
seo company services,seo,seo services,1900,54.27,LOW,81,commercial
technical seo services,seo,seo services,1900,9.87,LOW,8,commercial
local seo optimization services,seo,seo services,1900,5.74,LOW,11,commercial
company seo services,seo,seo services,1900,54.27,LOW,39,commercial
seo services companies,seo,seo services,1900,54.27,LOW,45,commercial
local seo agencies near me,seo,local seo,1900,13.61,LOW,29,commercial
local seo tool,seo,local seo,1900,26.57,LOW,28,commercial
local seo service,seo,local seo,1900,5.74,LOW,30,commercial
local seo tools,seo,local seo,1900,26.57,LOW,27,commercial
local seo company near me,seo,local seo,1900,60.23,LOW,34,commercial
local seo marketing service,seo,local seo,1900,5.74,LOW,22,commercial
local seo companies near me,seo,local seo,1900,60.23,LOW,32,commercial
local seo-tool,seo,local seo,1900,26.57,LOW,28,commercial
service seo local,seo,local seo,1900,5.74,LOW,8,commercial
web design and development agency,web-design,web design agency,1900,25.07,LOW,45,commercial
new york web design company,web-design,web design company,1900,28.12,LOW,77,commercial
web design and development company,web-design,web design company,1900,25.07,LOW,95,commercial
web design company new york,web-design,web design company,1900,28.12,LOW,35,commercial
web development design company,web-design,web design company,1900,25.07,LOW,70,commercial
web development and design company,web-design,web design company,1900,25.07,LOW,68,commercial
web design company in phoenix,web-design,web design company,1900,22.9,LOW,35,commercial
web design company ny,web-design,web design company,1900,28.12,LOW,44,commercial
web design company chicago,web-design,web design company,1900,31.89,LOW,90,commercial
web design web development company,web-design,web design company,1900,25.07,LOW,45,commercial
web design and web development company,web-design,web design company,1900,25.07,LOW,59,commercial
design web development company,web-design,web design company,1900,25.07,LOW,70,commercial
web design company phoenix,web-design,web design company,1900,22.9,LOW,31,navigational
web design company in ny,web-design,web design company,1900,28.12,LOW,45,commercial
web design development company,web-design,web design company,1900,25.07,LOW,69,commercial
web design & development company,web-design,web design company,1900,25.07,LOW,52,commercial
portfolio website redesign,web-design,website redesign,1900,8.86,MEDIUM,6,navigational
ai website redesign,web-design,website redesign,1900,21.94,MEDIUM,52,commercial
ai automation tools,ai-agent-dev,ai automation,1900,48.89,LOW,37,commercial
ai automation tool,ai-agent-dev,ai automation,1900,48.89,LOW,31,commercial
shopify agency,ecommerce,shopify agency,1600,31.66,LOW,58,navigational
ecommerce seo services,ai-commerce,ai ecommerce agency,1600,36.33,LOW,7,commercial
hook agency,ai-commerce,ai ecommerce agency,1600,25.38,LOW,25,navigational
ecommerce dropshipping,ai-commerce,ai ecommerce agency,1600,9.16,LOW,16,commercial
real estate marketing agency,ai-commerce,ai ecommerce agency,1600,16.7,LOW,44,commercial
sales ai,ai-commerce,ai ecommerce agency,1600,23.36,MEDIUM,25,commercial
marketing agency philadelphia,ai-commerce,ai ecommerce agency,1600,10.04,MEDIUM,30,commercial
tag agency edmond,ai-commerce,ai ecommerce agency,1600,0.12,LOW,0,navigational
marketing agency orlando,ai-commerce,ai ecommerce agency,1600,9.56,MEDIUM,41,commercial
nve experience agency,ai-commerce,ai ecommerce agency,1600,6.98,LOW,17,navigational
marketing agency for small business,ai-commerce,ai ecommerce agency,1600,37.04,MEDIUM,2,commercial
entertainment agency,ai-commerce,ai ecommerce agency,1600,4.07,LOW,75,commercial
growth marketing agency,ai-commerce,ai ecommerce agency,1600,35.19,LOW,6,commercial
data-driven marketing agency,ai-commerce,ai ecommerce agency,1600,0,LOW,18,commercial
ecommerce meaning,ai-commerce,ai ecommerce agency,1600,12.61,LOW,56,informational
shawnee tag agency,ai-commerce,ai ecommerce agency,1600,2.76,LOW,0,navigational
experiential marketing agency,ai-commerce,ai ecommerce agency,1600,13.27,MEDIUM,12,navigational
digital marketing agency for small businesses,ai-commerce,ai ecommerce agency,1600,39.64,LOW,16,commercial
full service advertising agency,ai-commerce,ai ecommerce agency,1600,34.04,LOW,28,commercial
full-service advertising agency,ai-commerce,ai ecommerce agency,1600,34.04,LOW,28,commercial
data driven marketing agency,ai-commerce,ai ecommerce agency,1600,0,LOW,15,commercial
social media marketing agency services,ai-commerce,ai ecommerce agency,1600,0,LOW,17,commercial
ecommerce platforms,ai-commerce,ai ecommerce agency,1600,19.77,MEDIUM,40,commercial
ai marketing platforms,ai-commerce,ai ecommerce agency,1600,43.32,LOW,26,commercial
agentic ai examples,agentic-commerce,agentic ai,1600,11.83,MEDIUM,13,informational
agentic ai example,agentic-commerce,agentic ai,1600,11.83,MEDIUM,,informational
agentic vs generative ai,agentic-commerce,agentic ai,1600,7.34,MEDIUM,11,informational
mckinsey pei,agentic-commerce,agentic ai ecommerce,1600,0,LOW,0,informational
surfer seo ai content detector,ai-seo,ai seo,1600,9.46,MEDIUM,7,commercial
generative engine optimization geo,ai-seo,generative engine optimization,1600,29.66,LOW,57,informational
seo agency for healthcare,seo,seo agency,1600,122.42,LOW,0,commercial
seo agency healthcare,seo,seo agency,1600,122.42,LOW,2,commercial
healthcare seo agency,seo,seo agency,1600,122.42,LOW,0,commercial
seo services ecommerce,seo,seo services,1600,36.33,LOW,41,commercial
e-commerce seo services,seo,seo services,1600,36.33,LOW,41,commercial
e commerce seo services,seo,seo services,1600,36.33,LOW,7,commercial
pro seo services,seo,seo services,1600,132.94,LOW,47,commercial
seo services for ecommerce,seo,seo services,1600,36.33,LOW,34,commercial
seo ecommerce services,seo,seo services,1600,36.33,LOW,40,commercial
professional seo services,seo,seo services,1600,132.94,LOW,29,commercial
webfx seo services,seo,seo services,1600,19.1,LOW,15,commercial
seo service for ecommerce,seo,ecommerce seo,1600,36.33,LOW,28,commercial
ecommerce seo service,seo,ecommerce seo,1600,36.33,LOW,29,commercial
colorado springs local seo,seo,local seo,1600,0,LOW,0,commercial
wordpress web design agency,web-design,web design agency,1600,66.33,LOW,27,commercial
web design company wordpress,web-design,web design company,1600,66.33,LOW,45,commercial
web design company in tampa,web-design,web design company,1600,36.65,LOW,10,commercial
wordpress web design company,web-design,web design company,1600,66.33,LOW,37,commercial
web design company tampa,web-design,web design company,1600,36.65,LOW,13,commercial
web design company san diego,web-design,web design company,1600,12.74,LOW,30,commercial
web design company in san diego,web-design,web design company,1600,12.74,LOW,60,commercial
long island web design company,web-design,web design company,1600,11.47,LOW,64,commercial
web design company in austin,web-design,web design company,1600,25.59,LOW,85,commercial
cost design website,web-design,website design cost,1600,16.46,MEDIUM,12,commercial
website design cost,web-design,website design cost,1600,16.46,MEDIUM,12,commercial
website design and cost,web-design,website design cost,1600,16.46,MEDIUM,29,commercial
website cost design,web-design,website design cost,1600,16.46,MEDIUM,18,commercial
cost of a website design,web-design,website design cost,1600,16.46,MEDIUM,12,commercial
cost for website design,web-design,website design cost,1600,16.46,MEDIUM,12,commercial
cost for a website design,web-design,website design cost,1600,16.46,MEDIUM,12,commercial
design website cost,web-design,website design cost,1600,16.46,MEDIUM,12,commercial
cost of website design,web-design,website design cost,1600,16.46,MEDIUM,26,commercial
cost website design,web-design,website design cost,1600,16.46,MEDIUM,12,commercial
design a website cost,web-design,website design cost,1600,16.46,MEDIUM,12,commercial
website redesign services near me,web-design,website redesign,1600,24.3,LOW,,commercial
ai automation job,ai-agent-dev,ai automation,1600,4.95,LOW,0,informational
ai automation jobs,ai-agent-dev,ai automation,1600,4.95,LOW,0,informational
shopify seo agency,ecommerce,shopify agency,1300,34.66,LOW,0,commercial
digital marketing agency usa,ai-commerce,ai ecommerce agency,1300,13.14,LOW,43,commercial
ecommerce store business,ai-commerce,ai ecommerce agency,1300,12.25,LOW,36,commercial
hype agency,ai-commerce,ai ecommerce agency,1300,14.12,LOW,11,commercial
miami digital marketing agency,ai-commerce,ai ecommerce agency,1300,10.98,LOW,33,commercial
tiktok agency,ai-commerce,ai ecommerce agency,1300,27.24,MEDIUM,0,commercial
media agency,ai-commerce,ai ecommerce agency,1300,10.5,MEDIUM,45,commercial
marketing agency ads,ai-commerce,ai ecommerce agency,1300,47.99,LOW,25,commercial
agency icons,ai-commerce,ai ecommerce agency,1300,2.72,LOW,6,navigational
shopify ecommerce store,ai-commerce,ai ecommerce agency,1300,8.87,LOW,39,navigational
ai sales tools,ai-commerce,ai ecommerce agency,1300,73.96,MEDIUM,19,commercial
agency icon,ai-commerce,ai ecommerce agency,1300,2.72,LOW,18,navigational
seo agency software,ai-commerce,ai ecommerce agency,1300,6.33,LOW,13,commercial
saas marketing agency,ai-commerce,ai ecommerce agency,1300,63.99,LOW,7,commercial
shopify ecommerce business,ai-commerce,ai ecommerce agency,1300,10.05,LOW,34,commercial
houston digital marketing agency,ai-commerce,ai ecommerce agency,1300,23.84,LOW,46,commercial
wpp advertising agency,ai-commerce,ai ecommerce agency,1300,11.81,LOW,55,navigational
ai sales jobs,ai-commerce,ai ecommerce agency,1300,2.85,LOW,0,informational
n8n marketing agency,ai-commerce,ai ecommerce agency,1300,0,LOW,10,commercial
marketing agency los angeles,ai-commerce,ai ecommerce agency,1300,10.93,MEDIUM,8,commercial
ai digital marketing,ai-commerce,ai ecommerce agency,1300,39.07,MEDIUM,28,commercial
digital marketing agency los angeles,ai-commerce,ai ecommerce agency,1300,12.58,LOW,26,commercial
wpp ad agency,ai-commerce,ai ecommerce agency,1300,11.81,LOW,58,navigational
digital marketing agency nyc,ai-commerce,ai ecommerce agency,1300,13.12,LOW,17,commercial
agentic ai tools,agentic-commerce,agentic ai,1300,27.93,MEDIUM,21,commercial
agentic ai certification,agentic-commerce,agentic ai,1300,14.75,HIGH,28,navigational
agentic ai tool,agentic-commerce,agentic ai,1300,27.93,MEDIUM,54,commercial
ai agent versus agentic ai,agentic-commerce,agentic ai,1300,16.03,MEDIUM,22,commercial
ai agents vs agentic ai,agentic-commerce,agentic ai,1300,16.03,MEDIUM,20,commercial
long island seo agency,seo,seo agency,1300,52.49,LOW,73,commercial
seo agency in india,seo,seo agency,1300,23.39,LOW,66,commercial
agency seo software,seo,seo agency,1300,6.33,LOW,64,commercial
indian seo agency,seo,seo agency,1300,23.39,LOW,51,commercial
india seo agency,seo,seo agency,1300,23.39,LOW,66,commercial
webfx seo agency,seo,seo agency,1300,0,LOW,34,commercial
seo agency phoenix,seo,seo agency,1300,14.88,LOW,24,navigational
seo and web design agency,seo,seo agency,1300,19.93,LOW,95,commercial
seo agency india,seo,seo agency,1300,23.39,LOW,69,commercial
lawyer seo services,seo,seo services,1300,172.29,LOW,9,commercial
home services seo,seo,seo services,1300,38.23,LOW,3,commercial
dental seo services,seo,seo services,1300,43.17,LOW,8,commercial
get seo services,seo,seo services,1300,0,LOW,39,commercial
seo and web design services,seo,seo services,1300,39.86,LOW,63,commercial
law seo services,seo,seo services,1300,172.29,LOW,37,commercial
dentist seo services,seo,seo services,1300,43.17,LOW,6,commercial
seo web design services,seo,seo services,1300,39.86,LOW,41,commercial
web design and seo services,seo,seo services,1300,39.86,LOW,36,commercial
seo services in new york,seo,seo services,1300,13.53,LOW,21,commercial
legal seo services,seo,seo services,1300,172.29,LOW,21,commercial
seo services for shopify,seo,seo services,1300,34.66,LOW,24,commercial
seo services for lawyers,seo,seo services,1300,172.29,LOW,27,commercial
website design and seo services,seo,seo services,1300,39.86,LOW,97,commercial
lawyers seo services,seo,seo services,1300,172.29,LOW,38,commercial
website design seo services,seo,seo services,1300,39.86,LOW,78,commercial
shopify seo services,seo,seo services,1300,34.66,LOW,9,commercial
attorney seo services,seo,seo services,1300,172.29,LOW,31,commercial
web design seo services,seo,seo services,1300,39.86,LOW,57,commercial
free seo audit,seo,seo audit,1300,14.58,MEDIUM,77,commercial
seo audit free,seo,seo audit,1300,14.58,MEDIUM,77,commercial
free audit seo,seo,seo audit,1300,14.58,MEDIUM,77,commercial
seo audit for free,seo,seo audit,1300,14.58,MEDIUM,77,commercial
audit seo free,seo,seo audit,1300,14.58,MEDIUM,77,commercial
seo free audit,seo,seo audit,1300,14.58,MEDIUM,77,commercial
seo moz local,seo,local seo,1300,15.9,MEDIUM,58,commercial
local seo for small businesses,seo,local seo,1300,32.22,LOW,11,commercial
local seo for small business,seo,local seo,1300,32.22,LOW,26,commercial
local seo small business,seo,local seo,1300,32.22,LOW,30,commercial
small business local seo,seo,local seo,1300,32.22,LOW,44,commercial
seo for small local business,seo,local seo,1300,32.22,LOW,30,commercial
local small business seo,seo,local seo,1300,32.22,LOW,16,commercial
web design company st louis,web-design,web design company,1300,26.95,LOW,72,commercial
web design seo company,web-design,web design company,1300,19.93,LOW,38,commercial
web design & seo company,web-design,web design company,1300,19.93,LOW,38,commercial
web design company in miami fl,web-design,web design company,1300,22.11,LOW,30,navigational
web design company in orange county,web-design,web design company,1300,31.02,MEDIUM,34,commercial
new orleans web design company,web-design,web design company,1300,18.3,LOW,49,commercial
web design company new orleans,web-design,web design company,1300,18.3,LOW,67,commercial
web design and seo company,web-design,web design company,1300,19.93,LOW,81,commercial
orange county web design company,web-design,web design company,1300,31.02,MEDIUM,27,commercial
seo web design company,web-design,web design company,1300,19.93,LOW,38,commercial
web design company in miami florida,web-design,web design company,1300,22.11,LOW,63,commercial
st louis web design company,web-design,web design company,1300,26.95,LOW,82,commercial
web design company orange county,web-design,web design company,1300,31.02,MEDIUM,27,commercial
seo and web design company,web-design,web design company,1300,19.93,LOW,98,commercial
how much does it cost to design a website,web-design,website design cost,1300,14.59,MEDIUM,19,informational
wix website redesign,web-design,website redesign,1300,13.98,LOW,8,navigational
what is ai automation,ai-agent-dev,ai automation,1300,25.43,LOW,29,informational
ecommerce seo agency,ecommerce,ecommerce agency,1000,43.26,LOW,4,commercial
ecommerce sites,ai-commerce,ai ecommerce agency,1000,14.25,MEDIUM,29,commercial
best ecommerce platform,ai-commerce,ai ecommerce agency,1000,14.97,MEDIUM,27,commercial
advertising agency jobs,ai-commerce,ai ecommerce agency,1000,2.69,LOW,9,informational
advertising agency austin,ai-commerce,ai ecommerce agency,1000,8.93,HIGH,37,commercial
creative pr agency,ai-commerce,ai ecommerce agency,1000,20.11,LOW,35,commercial
marketing agency phoenix,ai-commerce,ai ecommerce agency,1000,10.27,MEDIUM,71,commercial
marketing agency atlanta,ai-commerce,ai ecommerce agency,1000,14.35,MEDIUM,23,commercial
denver marketing agency,ai-commerce,ai ecommerce agency,1000,12.15,MEDIUM,39,commercial
link building agency,ai-commerce,ai ecommerce agency,1000,49.69,LOW,17,commercial
digital advertising agency,ai-commerce,ai ecommerce agency,1000,51.59,LOW,43,commercial
wpp agency,ai-commerce,ai ecommerce agency,1000,13.5,LOW,58,navigational
marketing agency branding,ai-commerce,ai ecommerce agency,1000,25.72,LOW,24,commercial
best ecommerce websites,ai-commerce,ai ecommerce agency,1000,11.54,MEDIUM,13,commercial
conversion rate optimization agency,ai-commerce,ai ecommerce agency,1000,78.78,LOW,25,commercial
ai marketing cloud,ai-commerce,ai ecommerce agency,1000,0,LOW,0,commercial
dallas seo agency,ai-commerce,ai ecommerce agency,1000,16.13,LOW,21,commercial
ecommerce marketing,ai-commerce,ai ecommerce agency,1000,40.12,LOW,11,commercial
shopify ai,ai-commerce,ai ecommerce agency,1000,17.31,MEDIUM,13,commercial
ecommerce website templates,ai-commerce,ai ecommerce agency,1000,11.06,MEDIUM,38,commercial
seo agency tool,ai-commerce,ai ecommerce agency,1000,85.1,LOW,52,commercial
mid town tag agency,ai-commerce,ai ecommerce agency,1000,0,LOW,0,navigational
video marketing agency,ai-commerce,ai ecommerce agency,1000,18.88,LOW,5,commercial
marketing agency denver,ai-commerce,ai ecommerce agency,1000,12.15,MEDIUM,50,commercial
ad agency jobs,ai-commerce,ai ecommerce agency,1000,2.69,LOW,5,informational
b2b seo agency,ai-commerce,ai ecommerce agency,1000,143.24,LOW,0,commercial
ai sales agent,ai-commerce,ai ecommerce agency,1000,74.89,MEDIUM,10,commercial
law firm marketing agency,ai-commerce,ai ecommerce agency,1000,113.15,MEDIUM,62,commercial
ai seo agency,ai-commerce,ai ecommerce agency,1000,82.43,LOW,10,commercial
digital marketing agency nj,ai-commerce,ai ecommerce agency,1000,8.45,LOW,58,commercial
digital marketing agency dallas,ai-commerce,ai ecommerce agency,1000,12.66,LOW,34,commercial
agentic commerce protocols,agentic-commerce,agentic commerce,1000,22.36,MEDIUM,63,informational
what is agentic commerce,agentic-commerce,agentic commerce,1000,11.8,MEDIUM,27,informational
agentic commerce protocol,agentic-commerce,agentic commerce,1000,22.36,MEDIUM,64,informational
deeplearning ai agentic ai course,agentic-commerce,agentic ai,1000,10.46,LOW,12,transactional
agentic ai frameworks,agentic-commerce,agentic ai,1000,17.55,MEDIUM,12,commercial
langchain agentic ai,agentic-commerce,agentic ai,1000,9.68,LOW,27,informational
gen ai vs agentic ai,agentic-commerce,agentic ai,1000,6.37,LOW,13,informational
define agentic ai,agentic-commerce,agentic ai,1000,5.5,MEDIUM,53,informational
agentic ai platforms,agentic-commerce,agentic ai,1000,37.27,LOW,54,navigational
generative vs agentic ai,agentic-commerce,agentic ai,1000,7.31,LOW,11,informational
agentic ai platform,agentic-commerce,agentic ai,1000,37.27,LOW,57,navigational
what does agentic ai mean,agentic-commerce,agentic ai,1000,5.29,MEDIUM,34,informational
agentic ai framework,agentic-commerce,agentic ai,1000,17.55,MEDIUM,19,commercial
forbes ai 50,agentic-commerce,agentic ai ecommerce,1000,10.52,LOW,7,informational
mercor ai jobs,agentic-commerce,agentic ai ecommerce,1000,1.39,MEDIUM,16,informational
universal appliances calabasas,agentic-commerce,agentic ai ecommerce,1000,5.83,LOW,2,navigational
ai seo service,ai-seo,ai seo,1000,78.77,LOW,27,commercial
ai seo agencies,ai-seo,ai seo,1000,82.43,LOW,68,commercial
ai powered seo tool,ai-seo,ai seo,1000,20.43,LOW,13,commercial
ai powered seo tools,ai-seo,ai seo,1000,20.43,LOW,45,commercial
ai seo services,ai-seo,ai seo,1000,78.77,LOW,1,commercial
ai-powered seo tools,ai-seo,ai seo,1000,20.43,LOW,28,commercial
seo agency united kingdom,seo,seo agency,1000,0,LOW,56,commercial
seo agency dallas tx,seo,seo agency,1000,16.13,LOW,54,commercial
seo agency uk,seo,seo agency,1000,0,LOW,54,commercial
seo agency in dallas,seo,seo agency,1000,16.13,LOW,24,commercial
seo agency in uk,seo,seo agency,1000,0,LOW,44,commercial
seo agency tools,seo,seo agency,1000,85.1,LOW,23,commercial
uk seo agency,seo,seo agency,1000,0,LOW,53,commercial
saas seo agency,seo,seo agency,1000,82.94,LOW,0,commercial
seo agency dallas texas,seo,seo agency,1000,16.13,LOW,22,commercial
seo agency b2b,seo,seo agency,1000,143.24,LOW,6,commercial
seo agency in the uk,seo,seo agency,1000,0,LOW,55,commercial
best seo agency usa,seo,seo agency,1000,48.86,LOW,14,commercial
agency seo tools,seo,seo agency,1000,85.1,LOW,64,commercial
seo tools for agency,seo,seo agency,1000,85.1,LOW,16,commercial
seo agency dallas,seo,seo agency,1000,16.13,LOW,34,commercial
seo link-building services,seo,seo services,1000,0,LOW,26,commercial
prices for seo services,seo,seo services,1000,22.76,LOW,32,commercial
seo services in the uk,seo,seo services,1000,0,LOW,56,commercial
seo services cost,seo,seo services,1000,22.76,LOW,47,commercial
price for seo services,seo,seo services,1000,22.76,LOW,32,commercial
seo services website,seo,seo services,1000,116.34,LOW,93,commercial
seo link building services,seo,seo services,1000,0,LOW,31,commercial
expert seo services,seo,seo services,1000,12.83,LOW,44,commercial
seo services prices,seo,seo services,1000,22.76,LOW,32,commercial
seo services colorado springs,seo,seo services,1000,0,LOW,20,commercial
seo services fees,seo,seo services,1000,22.76,LOW,34,commercial
seo services price,seo,seo services,1000,22.76,LOW,32,commercial
seo services for website,seo,seo services,1000,116.34,LOW,46,commercial
seo services site,seo,seo services,1000,116.34,LOW,78,commercial
cost for seo services,seo,seo services,1000,22.76,LOW,28,commercial
link building seo services,seo,seo services,1000,0,LOW,31,commercial
cost of seo services,seo,seo services,1000,22.76,LOW,39,commercial
affordable seo services,seo,seo services,1000,65.98,LOW,3,commercial
price of seo services,seo,seo services,1000,22.76,LOW,32,commercial
price seo services,seo,seo services,1000,22.76,LOW,32,commercial
seo services rates,seo,seo services,1000,22.76,LOW,20,commercial
pricing seo services,seo,seo services,1000,22.76,LOW,32,commercial
seo services websites,seo,seo services,1000,116.34,LOW,52,commercial
etsy seo services,seo,seo services,1000,8.58,LOW,0,commercial
site seo services,seo,seo services,1000,116.34,LOW,52,commercial
pricing for seo services,seo,seo services,1000,22.76,LOW,32,commercial
seo-expert-services,seo,seo services,1000,12.83,LOW,44,commercial
web and seo services,seo,seo services,1000,116.34,LOW,95,commercial
seo expert services,seo,seo services,1000,12.83,LOW,46,commercial
seo services link building,seo,seo services,1000,0,LOW,26,commercial
seo backlink building services,seo,seo services,1000,0,LOW,43,commercial
seo services pricing,seo,seo services,1000,22.76,LOW,29,commercial
seo services costs,seo,seo services,1000,22.76,LOW,32,commercial
website and seo services,seo,seo services,1000,116.34,LOW,46,commercial
seo services for websites,seo,seo services,1000,116.34,LOW,68,commercial
website with seo services,seo,seo services,1000,116.34,LOW,68,commercial
seo services sites,seo,seo services,1000,116.34,LOW,46,commercial
ecommerce seo agencies,seo,ecommerce seo,1000,43.26,LOW,15,commercial
ecommerce seo companies,seo,ecommerce seo,1000,43.26,LOW,15,commercial
ecommerce seo company,seo,ecommerce seo,1000,43.26,LOW,20,commercial
google search console seo audit,seo,seo audit,1000,11.95,LOW,20,informational
tech seo audit,seo,seo audit,1000,31.85,LOW,35,commercial
technical audit seo,seo,seo audit,1000,31.85,LOW,36,commercial
seo tech audit,seo,seo audit,1000,31.85,LOW,35,commercial
seo technical audit,seo,seo audit,1000,31.85,LOW,55,commercial
technical seo audit,seo,seo audit,1000,31.85,LOW,36,commercial
local dentist seo,seo,local seo,1000,53.69,LOW,9,commercial
local businesses seo,seo,local seo,1000,59.56,LOW,22,commercial
local seo for businesses,seo,local seo,1000,59.56,LOW,38,commercial
local seo for dental,seo,local seo,1000,53.69,LOW,0,commercial
local dental seo,seo,local seo,1000,53.69,LOW,2,commercial
seo local,seo,local seo,1000,46.25,LOW,69,commercial
local business seo,seo,local seo,1000,59.56,LOW,22,commercial
local seo for dentist,seo,local seo,1000,53.69,LOW,2,commercial
seo for local businesses,seo,local seo,1000,59.56,LOW,31,commercial
local seo for business,seo,local seo,1000,59.56,LOW,51,commercial
local seo businesses,seo,local seo,1000,59.56,LOW,29,commercial
dental local seo,seo,local seo,1000,53.69,LOW,0,commercial
seo-local,seo,local seo,1000,46.25,LOW,69,commercial
local seo business,seo,local seo,1000,59.56,LOW,25,commercial
dentist local seo,seo,local seo,1000,53.69,LOW,0,commercial
local seo for dentists,seo,local seo,1000,53.69,LOW,0,commercial
seo local business,seo,local seo,1000,59.56,LOW,70,commercial
seo for local business,seo,local seo,1000,59.56,LOW,44,commercial
web design company charlotte nc,web-design,web design company,1000,26.87,LOW,69,commercial
best company for web design,web-design,web design company,1000,54.69,LOW,57,commercial
famous web design company,web-design,web design company,1000,54.69,LOW,24,commercial
web design for construction company,web-design,web design company,1000,17.84,LOW,0,navigational
web design company charleston sc,web-design,web design company,1000,17.58,LOW,14,navigational
web design company in la,web-design,web design company,1000,29.78,LOW,38,commercial
biggest web design company,web-design,web design company,1000,54.69,LOW,44,commercial
web design company atlanta,web-design,web design company,1000,27.62,LOW,55,commercial
web design company in jacksonville,web-design,web design company,1000,35.26,LOW,35,commercial
web design company in seattle,web-design,web design company,1000,15.55,LOW,79,commercial
top web design company websites,web-design,web design company,1000,54.69,LOW,42,commercial
web design construction company,web-design,web design company,1000,17.84,LOW,0,commercial
web design company seattle,web-design,web design company,1000,15.55,LOW,96,commercial
web design company in boston,web-design,web design company,1000,29.21,LOW,79,commercial
web design company in charlotte,web-design,web design company,1000,26.87,LOW,36,commercial
top web design company,web-design,web design company,1000,54.69,LOW,12,commercial
construction company web design,web-design,web design company,1000,17.84,LOW,0,navigational
shopify web design company,web-design,web design company,1000,27.5,LOW,60,navigational
website redesign seattle,web-design,website redesign,1000,15.55,LOW,77,commercial
ai agents for business,ai-agent-dev,ai agents for business,1000,39.35,LOW,18,commercial
ai workflows automation,ai-agent-dev,ai automation,1000,49.51,MEDIUM,,informational
ai workflow automation,ai-agent-dev,ai automation,1000,49.51,MEDIUM,27,commercial
ecommerce development company,ecommerce,ecommerce development company,880,54.45,LOW,5,commercial
ecommerce-development company,ecommerce,ecommerce development company,880,54.45,LOW,59,commercial
ecommerce marketing agency,ecommerce,ecommerce agency,880,67.14,LOW,15,commercial
shopify development services,ecommerce,shopify development,880,20.46,LOW,10,commercial
shopify development service,ecommerce,shopify development,880,20.46,LOW,26,commercial
columbus marketing agency,ai-commerce,ai ecommerce agency,880,10.2,MEDIUM,32,commercial
ecommerce inventory management,ai-commerce,ai ecommerce agency,880,42.38,LOW,9,commercial
marketing agency jobs,ai-commerce,ai ecommerce agency,880,2.7,LOW,0,informational
digital marketing agency san diego,ai-commerce,ai ecommerce agency,880,6.7,LOW,27,commercial
hvac marketing agency,ai-commerce,ai ecommerce agency,880,73.65,MEDIUM,21,navigational
digital marketing agency phoenix,ai-commerce,ai ecommerce agency,880,32.42,LOW,69,commercial
ecommerce software platforms,ai-commerce,ai ecommerce agency,880,16.77,LOW,54,commercial
wix ecommerce,ai-commerce,ai ecommerce agency,880,7.31,MEDIUM,41,navigational
sacramento digital marketing agency,ai-commerce,ai ecommerce agency,880,0.85,LOW,21,commercial
b2b ecommerce,ai-commerce,ai ecommerce agency,880,33.36,LOW,38,commercial
content agency,ai-commerce,ai ecommerce agency,880,18.31,MEDIUM,13,commercial
ecommerce dropshipping business,ai-commerce,ai ecommerce agency,880,8.5,LOW,39,commercial
marketing agency services,ai-commerce,ai ecommerce agency,880,28.94,LOW,21,commercial
brand strategy agency,ai-commerce,ai ecommerce agency,880,18.82,LOW,45,navigational
marketing agency st louis,ai-commerce,ai ecommerce agency,880,10.51,MEDIUM,25,commercial
ecommerce discount,ai-commerce,ai ecommerce agency,880,0,LOW,0,commercial
nonprofit marketing agency,ai-commerce,ai ecommerce agency,880,14.83,LOW,8,commercial
digital marketing agency sacramento,ai-commerce,ai ecommerce agency,880,0.85,LOW,34,commercial
market research ai,ai-commerce,ai ecommerce agency,880,26.47,LOW,12,commercial
kansas city marketing agency,ai-commerce,ai ecommerce agency,880,11.24,MEDIUM,10,commercial
creative media agency,ai-commerce,ai ecommerce agency,880,10.01,LOW,20,commercial
marketing agency nj,ai-commerce,ai ecommerce agency,880,13.1,LOW,53,commercial
amazon advertising agency,ai-commerce,ai ecommerce agency,880,141.38,LOW,16,commercial
digital marketing agency chicago,ai-commerce,ai ecommerce agency,880,11.49,LOW,29,commercial
tiktok influencer agency,ai-commerce,ai ecommerce agency,880,37.82,LOW,28,navigational
agency fb,ai-commerce,ai ecommerce agency,880,32.69,LOW,0,navigational
what is an ecommerce business,ai-commerce,ai ecommerce agency,880,6.13,LOW,49,informational
seo agency services,ai-commerce,ai ecommerce agency,880,0,LOW,19,commercial
retail and ecommerce,ai-commerce,ai ecommerce agency,880,20.87,LOW,29,informational
seo agency london,ai-commerce,ai ecommerce agency,880,4.21,LOW,57,commercial
agentic ai stock,agentic-commerce,agentic ai,880,4.59,LOW,0,navigational
agentic ai company,agentic-commerce,agentic ai,880,22.89,MEDIUM,50,navigational
agentic ai v s ai agent,agentic-commerce,agentic ai,880,10.84,MEDIUM,20,transactional
agentic ai vs ai agent,agentic-commerce,agentic ai,880,10.84,MEDIUM,15,informational
agentic ai stocks,agentic-commerce,agentic ai,880,4.59,LOW,0,informational
agentic ai vs ai agents,agentic-commerce,agentic ai,880,10.84,MEDIUM,4,informational
agentic ai jobs,agentic-commerce,agentic ai,880,5.68,LOW,0,informational
agentic ai companies,agentic-commerce,agentic ai,880,22.89,MEDIUM,31,navigational
commerce cir,agentic-commerce,agentic ai ecommerce,880,0,LOW,0,commercial
ai tools for seo,ai-seo,ai seo,880,37.79,LOW,39,commercial
ai tool for seo,ai-seo,ai seo,880,37.79,LOW,21,commercial
seo for ai,ai-seo,ai seo,880,34.76,MEDIUM,46,commercial
best ai seo tool,ai-seo,ai seo,880,30.77,LOW,4,commercial
best ai seo tools,ai-seo,ai seo,880,30.77,LOW,4,commercial
what is generative engine optimization,ai-seo,generative engine optimization,880,13.42,LOW,57,informational
best seo agency tools,seo,seo agency,880,36.34,LOW,11,commercial
seo agency boston,seo,seo agency,880,30.9,LOW,5,commercial
seo agency in chicago,seo,seo agency,880,46.23,LOW,0,commercial
seo agency charlotte,seo,seo agency,880,16.47,LOW,12,commercial
boston seo agency,seo,seo agency,880,30.9,LOW,28,commercial
seo agency chicago,seo,seo agency,880,46.23,LOW,1,commercial
seo agency in florida,seo,seo agency,880,16.52,LOW,16,commercial
seo agency in london,seo,seo agency,880,4.21,LOW,43,commercial
small business seo agency,seo,seo agency,880,0,LOW,22,commercial
seo agency charlotte nc,seo,seo agency,880,16.47,LOW,15,commercial
seo agency service,seo,seo agency,880,0,LOW,39,commercial
new orleans seo agency,seo,seo agency,880,0,LOW,6,commercial
florida seo agency,seo,seo agency,880,16.52,LOW,9,commercial
seo agency florida,seo,seo agency,880,16.52,LOW,6,commercial
seo agency london uk,seo,seo agency,880,4.21,LOW,54,commercial
seo agency chicago il,seo,seo agency,880,46.23,LOW,18,commercial
london seo agency,seo,seo agency,880,4.21,LOW,56,commercial
seo agency new orleans,seo,seo agency,880,0,LOW,1,commercial
best seo tools for agency,seo,seo agency,880,36.34,LOW,20,commercial
seo agency in las vegas,seo,seo agency,880,126.06,LOW,7,commercial
seo agency miami,seo,seo agency,880,25.94,LOW,17,commercial
seo agency in boston,seo,seo agency,880,30.9,LOW,29,commercial
chicago seo agency,seo,seo agency,880,46.23,LOW,17,commercial
seo london agency,seo,seo agency,880,4.21,LOW,46,commercial
seo services in united states,seo,seo services,880,17.92,LOW,38,commercial
best seo optimization services,seo,seo services,880,55.7,LOW,45,commercial
seo services amazon,seo,seo services,880,38.47,LOW,15,commercial
seo services white label,seo,seo services,880,62.63,LOW,25,commercial
seo services in las vegas,seo,seo services,880,126.06,LOW,0,commercial
youtube seo services,seo,seo services,880,0,LOW,10,commercial
hvac seo services,seo,seo services,880,59.89,LOW,15,commercial
seo best services,seo,seo services,880,55.7,LOW,32,commercial
seo services in usa,seo,seo services,880,17.92,LOW,26,commercial
us seo services,seo,seo services,880,17.92,LOW,39,commercial
seo services us,seo,seo services,880,17.92,LOW,39,commercial
seo services in us,seo,seo services,880,17.92,LOW,39,commercial
seo services best,seo,seo services,880,55.7,LOW,28,commercial
local seo services for small businesses,seo,seo services,880,42.58,LOW,23,commercial
seo services providers,seo,seo services,880,101.47,LOW,36,commercial
seo services youtube,seo,seo services,880,0,LOW,10,commercial
best seo services,seo,seo services,880,55.7,LOW,45,commercial
seo provider services,seo,seo services,880,101.47,LOW,48,commercial
amazon seo services,seo,seo services,880,38.47,LOW,14,commercial
usa seo services,seo,seo services,880,17.92,LOW,38,commercial
seo services america,seo,seo services,880,17.92,LOW,50,commercial
seo services usa,seo,seo services,880,17.92,LOW,43,commercial
local seo services for small business,seo,seo services,880,42.58,LOW,10,commercial
advance seo services,seo,seo services,880,18.79,LOW,0,commercial
seo services provider,seo,seo services,880,101.47,LOW,47,commercial
white label seo services,seo,seo services,880,62.63,LOW,8,commercial
advanced seo services,seo,seo services,880,18.79,LOW,14,commercial
seo services in miami,seo,seo services,880,25.94,LOW,18,commercial
seo services miami,seo,seo services,880,25.94,LOW,6,commercial
good seo services,seo,seo services,880,55.7,LOW,29,commercial
white-label seo services,seo,seo services,880,62.63,LOW,23,commercial
free website seo audit,seo,seo audit,880,12.84,LOW,65,commercial
free website audit seo,seo,seo audit,880,12.84,LOW,77,commercial
free seo page audit,seo,seo audit,880,12.84,LOW,73,commercial
seo website audit free,seo,seo audit,880,12.84,LOW,63,commercial
free site audit seo,seo,seo audit,880,12.84,LOW,65,commercial
free seo website audit,seo,seo audit,880,12.84,LOW,77,commercial
free site seo audit,seo,seo audit,880,12.84,LOW,68,commercial
website seo audit free,seo,seo audit,880,12.84,LOW,77,commercial
free seo site audit,seo,seo audit,880,12.84,LOW,73,commercial
seo site audit free,seo,seo audit,880,12.84,LOW,77,commercial
local seo expert,seo,local seo,880,21.57,LOW,13,commercial
consultant seo local,seo,local seo,880,43.09,LOW,0,commercial
local seo experts,seo,local seo,880,21.57,LOW,36,commercial
local seo for law firms,seo,local seo,880,88.67,LOW,0,commercial
law firm local seo,seo,local seo,880,88.67,LOW,0,commercial
local seo consultation,seo,local seo,880,43.09,LOW,10,commercial
local seo consulting,seo,local seo,880,43.09,LOW,30,commercial
local seo consultant,seo,local seo,880,43.09,LOW,13,commercial
local seo colorado springs,seo,local seo,880,0,LOW,0,commercial
local seo consultants,seo,local seo,880,43.09,LOW,13,commercial
seo companies small business,seo,small business seo,880,0,LOW,11,commercial
small business seo companies,seo,small business seo,880,0,LOW,10,commercial
seo company small business,seo,small business seo,880,0,LOW,22,commercial
small business seo company,seo,small business seo,880,0,LOW,8,commercial
atlanta web design agency,web-design,web design agency,880,44.78,LOW,53,commercial
web design agency atlanta,web-design,web design agency,880,44.78,LOW,53,commercial
web design company in lebanon,web-design,web design company,880,0,LOW,82,commercial
web design company lebanon,web-design,web design company,880,0,LOW,45,commercial
web design company in denver,web-design,web design company,880,12.27,LOW,35,commercial
web design company in cincinnati,web-design,web design company,880,34.06,LOW,79,commercial
atlanta web design company,web-design,web design company,880,44.78,LOW,72,commercial
web design company cincinnati,web-design,web design company,880,34.06,LOW,74,commercial
denver web design company,web-design,web design company,880,12.27,LOW,35,commercial
web design company in atlanta,web-design,web design company,880,44.78,LOW,77,commercial
web design company atlanta ga,web-design,web design company,880,44.78,LOW,30,commercial
how much would it cost to design a website,web-design,website design cost,880,10.47,MEDIUM,34,informational
how much does it cost to design website,web-design,website design cost,880,10.47,MEDIUM,12,informational
how much will it cost to design a website,web-design,website design cost,880,10.47,MEDIUM,26,informational
website design how much does it cost,web-design,website design cost,880,10.47,MEDIUM,6,commercial
how much does it cost for website design,web-design,website design cost,880,10.47,MEDIUM,22,informational
custom website redesign,web-design,website redesign,880,68.73,LOW,43,commercial
wordpress website redesign services,web-design,website redesign,880,26.37,LOW,58,commercial
ai chatbot development service,ai-agent-dev,ai chatbot development,880,38.5,LOW,0,commercial
ai chatbot development services,ai-agent-dev,ai chatbot development,880,38.5,LOW,20,commercial
ai automation course,ai-agent-dev,ai automation,880,14.99,HIGH,5,commercial
ai automation courses,ai-agent-dev,ai automation,880,14.99,HIGH,17,commercial
ecommerce app development company,ecommerce,ecommerce development company,720,29.5,LOW,12,commercial
ecommerce mobile app development company,ecommerce,ecommerce development company,720,29.5,LOW,24,commercial
shopify web development,ecommerce,shopify development,720,36.19,LOW,62,commercial
shopify web development company,ecommerce,shopify development,720,36.19,LOW,59,commercial
shopify development companies,ecommerce,shopify development,720,26.6,LOW,20,commercial
shopify website development,ecommerce,shopify development,720,36.19,LOW,23,commercial
shopify website development company,ecommerce,shopify development,720,36.19,LOW,56,navigational
shopify development company,ecommerce,shopify development,720,26.6,LOW,26,commercial
headless e-commerce,ecommerce,headless commerce,720,26.47,LOW,23,commercial
headless commerce,ecommerce,headless commerce,720,26.47,LOW,31,informational
headless e commerce,ecommerce,headless commerce,720,26.47,LOW,31,navigational
ai-commerce,ai-commerce,ai commerce,720,29.14,MEDIUM,39,commercial
ai commerce,ai-commerce,ai commerce,720,29.14,MEDIUM,40,informational
marketing ai institute,ai-commerce,ai ecommerce agency,720,3.46,LOW,68,informational
marketing agency startup,ai-commerce,ai ecommerce agency,720,54.86,LOW,0,commercial
agentic ai foundations,agentic-commerce,agentic ai,720,20.44,MEDIUM,67,commercial
small language models are the future of agentic ai,agentic-commerce,agentic ai,720,16.82,LOW,16,commercial
agentic ai foundation,agentic-commerce,agentic ai,720,20.44,MEDIUM,64,commercial
google agentic ai,agentic-commerce,agentic ai,720,14.5,MEDIUM,40,navigational
example of agentic ai,agentic-commerce,agentic ai,720,13.54,MEDIUM,10,informational
agentic ai architectures,agentic-commerce,agentic ai,720,19.2,MEDIUM,18,commercial
examples of agentic ai,agentic-commerce,agentic ai,720,13.54,MEDIUM,11,informational
aws agentic ai,agentic-commerce,agentic ai,720,12.03,MEDIUM,25,commercial
agentic ai workflow,agentic-commerce,agentic ai,720,38.95,MEDIUM,25,commercial
agentic ai architecture,agentic-commerce,agentic ai,720,19.2,MEDIUM,21,navigational
agentic ai workflows,agentic-commerce,agentic ai,720,38.95,MEDIUM,25,navigational
ai agentic,agentic-commerce,agentic ai,720,26.69,MEDIUM,56,informational
aeg universal,agentic-commerce,agentic ai ecommerce,720,0,LOW,4,transactional
yucaipa companies,agentic-commerce,agentic ai ecommerce,720,0,LOW,0,navigational
ai seo optimization,ai-seo,ai seo,720,42.52,MEDIUM,31,commercial
seo writer ai,ai-seo,ai seo,720,4.11,MEDIUM,45,commercial
semrush ai seo tool,ai-seo,ai seo,720,0,LOW,61,informational
seo writing ai,ai-seo,ai seo,720,4.11,MEDIUM,42,commercial
geo generative engine optimization,ai-seo,generative engine optimization,720,25.22,MEDIUM,71,informational
generative engine optimization geo services,ai-seo,generative engine optimization,720,0,LOW,13,commercial
geo: generative engine optimization,ai-seo,generative engine optimization,720,25.22,MEDIUM,61,informational
best uk seo agency,seo,seo agency,720,8.32,LOW,13,commercial
seo agency australia,seo,seo agency,720,67.63,LOW,42,commercial
seo digital marketing agency,seo,seo agency,720,26.84,LOW,95,commercial
seo agency philadelphia,seo,seo agency,720,7.44,LOW,67,commercial
philadelphia seo agency,seo,seo agency,720,7.44,LOW,14,commercial
best seo agency in the uk,seo,seo agency,720,8.32,LOW,43,commercial
best seo agency uk,seo,seo agency,720,8.32,LOW,43,commercial
insurance agency seo,seo,seo agency,720,48.35,LOW,0,commercial
portland seo agency,seo,seo agency,720,47.45,LOW,15,commercial
australia seo agency,seo,seo agency,720,67.63,LOW,31,commercial
insurance seo agency,seo,seo agency,720,48.35,LOW,0,commercial
seo agency reviews,seo,seo agency,720,31.91,LOW,29,commercial
orlando seo agency,seo,seo agency,720,13.48,LOW,10,commercial
best seo agency in uk,seo,seo agency,720,8.32,LOW,26,commercial
seo for insurance agency,seo,seo agency,720,48.35,LOW,0,commercial
seo agency review,seo,seo agency,720,31.91,LOW,13,commercial
international seo agency,seo,seo agency,720,0,LOW,2,commercial
australian seo agency,seo,seo agency,720,67.63,LOW,31,commercial
best seo agency united kingdom,seo,seo agency,720,8.32,LOW,47,commercial
technical seo agency,seo,seo agency,720,53.1,LOW,7,commercial
global seo agency,seo,seo agency,720,0,LOW,0,commercial
seo agency in australia,seo,seo agency,720,67.63,LOW,39,commercial
best local seo agency,seo,seo agency,720,51.29,LOW,15,commercial
top seo agency uk,seo,seo agency,720,8.32,LOW,42,commercial
seo services houston tx,seo,seo services,720,60.36,LOW,35,commercial
best seo services uk,seo,seo services,720,8.32,LOW,21,commercial
seo services chicago,seo,seo services,720,59.38,LOW,24,commercial
seo services in phoenix,seo,seo services,720,14.28,LOW,35,commercial
low price seo services,seo,seo services,720,40.81,LOW,8,commercial
seo specialist services,seo,seo services,720,0.02,LOW,47,commercial
seo services for real estate,seo,seo services,720,10.9,LOW,9,commercial
seo services for law firms,seo,seo services,720,56.74,LOW,17,commercial
seo services in phoenix arizona,seo,seo services,720,14.28,LOW,35,commercial
seo and website services,seo,seo services,720,68.6,LOW,78,commercial
seo services affordable,seo,seo services,720,40.81,LOW,0,commercial
seo services in houston tx,seo,seo services,720,60.36,LOW,33,commercial
seo and ppc services,seo,seo services,720,54.84,LOW,16,commercial
website seo services,seo,seo services,720,68.6,LOW,46,commercial
low-cost seo services,seo,seo services,720,40.81,LOW,11,commercial
houston seo services,seo,seo services,720,60.36,LOW,35,commercial
seo services phoenix,seo,seo services,720,14.28,LOW,35,commercial
seo rank services,seo,seo services,720,15.04,LOW,37,commercial
specialist seo services,seo,seo services,720,0.02,LOW,29,commercial
top seo services uk,seo,seo services,720,8.32,LOW,26,commercial
seo services cheap,seo,seo services,720,40.81,LOW,8,commercial
san diego seo services,seo,seo services,720,0,LOW,28,commercial
cheap seo services,seo,seo services,720,40.81,LOW,13,commercial
inexpensive seo services,seo,seo services,720,40.81,LOW,0,commercial
low cost seo services,seo,seo services,720,40.81,LOW,13,commercial
real estate seo services,seo,seo services,720,10.9,LOW,15,commercial
seo services phoenix az,seo,seo services,720,14.28,LOW,35,commercial
cheapest seo services,seo,seo services,720,40.81,LOW,0,commercial
seo services specialist,seo,seo services,720,0.02,LOW,24,commercial
law firm seo services,seo,seo services,720,56.74,LOW,12,commercial
seo services san diego,seo,seo services,720,0,LOW,29,commercial
web seo services,seo,seo services,720,68.6,LOW,33,commercial
roofing seo services,seo,seo services,720,0,LOW,11,commercial
seo services for law firm,seo,seo services,720,56.74,LOW,17,commercial
cheap-seo-services,seo,seo services,720,40.81,LOW,23,commercial
best seo services in uk,seo,seo services,720,8.32,LOW,26,commercial
seo services low cost,seo,seo services,720,40.81,LOW,9,commercial
phoenix seo services,seo,seo services,720,14.28,LOW,28,commercial
rank seo services,seo,seo services,720,15.04,LOW,46,commercial
seo services houston,seo,seo services,720,60.36,LOW,34,commercial
seo ranking services,seo,seo services,720,15.04,LOW,59,commercial
seo audit tool free,seo,seo audit,720,14.06,LOW,77,commercial
seo audit free tools,seo,seo audit,720,14.06,LOW,77,commercial
free seo audit tools,seo,seo audit,720,14.06,LOW,73,commercial
seo audit free tool,seo,seo audit,720,14.06,LOW,63,commercial
seo audit tools free,seo,seo audit,720,14.06,LOW,63,informational
semrush seo audit tool,seo,seo audit,720,0,LOW,34,commercial
free seo audit tool,seo,seo audit,720,14.06,LOW,63,commercial
local seo for attorneys,seo,local seo,720,57.96,LOW,9,commercial
best local seo companies,seo,local seo,720,51.29,LOW,25,commercial
lawyer local seo,seo,local seo,720,57.96,LOW,3,commercial
local seo for lawyers,seo,local seo,720,57.96,LOW,0,commercial
local seo long island,seo,local seo,720,0,LOW,8,commercial
local seo lawyers,seo,local seo,720,57.96,LOW,0,commercial
best local seo company,seo,local seo,720,51.29,LOW,16,commercial
best local seo agencies,seo,local seo,720,51.29,LOW,16,commercial
local seo expert near me,seo,local seo,720,23.79,LOW,21,commercial
long island local seo,seo,local seo,720,0,LOW,7,commercial
seo package for small business,seo,small business seo,720,18.08,LOW,1,commercial
small business seo packages,seo,small business seo,720,18.08,LOW,0,commercial
seo packages small business,seo,small business seo,720,18.08,LOW,0,commercial
seo small business packages,seo,small business seo,720,18.08,LOW,2,commercial
small business seo package,seo,small business seo,720,18.08,LOW,0,commercial
seo packages for small business,seo,small business seo,720,18.08,LOW,0,commercial
seo for small business packages,seo,small business seo,720,18.08,LOW,3,commercial
web design agency houston,web-design,web design agency,720,11.45,LOW,100,commercial
web design agency in new york,web-design,web design agency,720,14.38,LOW,28,commercial
ny web design agency,web-design,web design agency,720,14.38,LOW,70,commercial
web design agency in houston,web-design,web design agency,720,11.45,LOW,44,commercial
web design agency new york,web-design,web design agency,720,14.38,LOW,50,commercial
new york city web design agency,web-design,web design agency,720,14.38,LOW,37,commercial
web design agency nyc,web-design,web design agency,720,14.38,LOW,13,commercial
custom web design agency,web-design,web design agency,720,39.07,LOW,35,commercial
houston web design agency,web-design,web design agency,720,11.45,LOW,61,commercial
web design agency toronto,web-design,web design agency,720,15.51,LOW,54,commercial
web design agency usa,web-design,web design agency,720,19.94,LOW,79,commercial
web design agency in toronto,web-design,web design agency,720,15.51,LOW,47,commercial
nyc web design agency,web-design,web design agency,720,14.38,LOW,70,commercial
web design agency new york city,web-design,web design agency,720,14.38,LOW,46,commercial
web design agency in nyc,web-design,web design agency,720,14.38,LOW,69,commercial
toronto web design agency,web-design,web design agency,720,15.51,LOW,54,commercial
new york web design agency,web-design,web design agency,720,14.38,LOW,51,commercial
web design company los angeles,web-design,web design company,720,16.97,LOW,46,commercial
web design company san francisco,web-design,web design company,720,13.98,LOW,18,commercial
web design toronto company,web-design,web design company,720,15.51,LOW,98,commercial
houston web design company,web-design,web design company,720,11.45,LOW,22,commercial
best web design company website,web-design,web design company,720,52.8,LOW,43,commercial
web design company in usa,web-design,web design company,720,19.94,LOW,19,commercial
web design company houston,web-design,web design company,720,11.45,LOW,50,commercial
us web design company,web-design,web design company,720,19.94,LOW,29,commercial
nashville web design company,web-design,web design company,720,32.01,LOW,67,commercial
american web design company,web-design,web design company,720,19.94,LOW,32,commercial
web design company in tulsa,web-design,web design company,720,12.17,LOW,34,commercial
web design company in kansas city,web-design,web design company,720,21.47,LOW,32,commercial
web design company of usa,web-design,web design company,720,19.94,LOW,70,commercial
web design company in houston,web-design,web design company,720,11.45,LOW,32,commercial
los angeles web design company,web-design,web design company,720,16.97,LOW,46,commercial
web design company in philadelphia,web-design,web design company,720,21.08,LOW,52,commercial
best web design company websites,web-design,web design company,720,52.8,LOW,40,commercial
web design company in toronto,web-design,web design company,720,15.51,LOW,98,commercial
web design company philadelphia,web-design,web design company,720,21.08,LOW,52,commercial
san francisco web design company,web-design,web design company,720,13.98,LOW,21,commercial
philadelphia web design company,web-design,web design company,720,21.08,LOW,52,commercial
web design company nashville,web-design,web design company,720,32.01,LOW,38,commercial
web design company los angeles ca,web-design,web design company,720,16.97,LOW,65,commercial
web design company america,web-design,web design company,720,19.94,LOW,38,commercial
web design company in us,web-design,web design company,720,19.94,LOW,79,commercial
web design company in los angeles,web-design,web design company,720,16.97,LOW,82,commercial
toronto web design company,web-design,web design company,720,15.51,LOW,98,commercial
web design company nyc,web-design,web design company,720,14.38,LOW,33,commercial
web design company in baltimore,web-design,web design company,720,8.4,LOW,20,commercial
web design company in san francisco,web-design,web design company,720,13.98,LOW,12,commercial
web-design-company in usa,web-design,web design company,720,19.94,LOW,19,commercial
web design company usa,web-design,web design company,720,19.94,LOW,36,commercial
custom web design company,web-design,web design company,720,104.5,LOW,46,commercial
web design company in america,web-design,web design company,720,19.94,LOW,48,commercial
web design company us,web-design,web design company,720,19.94,LOW,38,commercial
web design company toronto,web-design,web design company,720,15.51,LOW,100,commercial
best web design company sites,web-design,web design company,720,52.8,LOW,43,commercial
best web design company,web-design,web design company,720,52.8,LOW,45,commercial
web design company houston tx,web-design,web design company,720,11.45,LOW,37,commercial
website redesign agency,web-design,website redesign,720,29.88,LOW,35,commercial
chatbot ai development,ai-agent-dev,ai chatbot development,720,15.07,LOW,47,commercial
ai chatbot development,ai-agent-dev,ai chatbot development,720,15.07,LOW,43,commercial
zapier ai automation,ai-agent-dev,ai automation,720,7.74,LOW,5,commercial
automation ai,ai-agent-dev,ai automation,720,43.91,MEDIUM,41,informational
shopify ecommerce website development,ecommerce,shopify development,590,162.42,LOW,20,navigational
shopify ecommerce web development,ecommerce,shopify development,590,162.42,LOW,40,commercial
shopify application development,ecommerce,shopify development,590,21.54,LOW,33,commercial
app development shopify,ecommerce,shopify development,590,21.54,LOW,17,commercial
shopify app development,ecommerce,shopify development,590,21.54,LOW,31,commercial
shopify custom theme development,ecommerce,shopify development,590,8.51,MEDIUM,18,navigational
shopify apps development,ecommerce,shopify development,590,21.54,LOW,30,commercial
openai agentic ai,agentic-commerce,agentic ai,590,8.07,LOW,37,navigational
ai agent vs agentic ai,agentic-commerce,agentic ai,590,12.38,MEDIUM,4,informational
agentic ai icons,agentic-commerce,agentic ai,590,0,LOW,0,informational
agentic ai icon,agentic-commerce,agentic ai,590,0,LOW,0,navigational
agentic ai system,agentic-commerce,agentic ai,590,38.82,MEDIUM,56,commercial
agentic ai systems,agentic-commerce,agentic ai,590,38.82,MEDIUM,57,commercial
protex ai,agentic-commerce,agentic ai ecommerce,590,5.82,MEDIUM,2,informational
ceo universal,agentic-commerce,agentic ai ecommerce,590,0,LOW,27,navigational
pardot salesforce,agentic-commerce,agentic ai ecommerce,590,11.58,MEDIUM,18,navigational
profit ai,agentic-commerce,agentic ai ecommerce,590,15.09,MEDIUM,0,informational
seo ai tool,ai-seo,ai seo,590,33.32,LOW,53,commercial
seo ai tools,ai-seo,ai seo,590,33.32,LOW,19,commercial
generative engine optimization tools,ai-seo,generative engine optimization,590,37.42,LOW,20,informational
generative engine optimization services,ai-seo,generative engine optimization,590,39.88,LOW,6,commercial
generative engine optimization service,ai-seo,generative engine optimization,590,39.88,LOW,2,commercial
generative engine optimization tool,ai-seo,generative engine optimization,590,37.42,LOW,24,informational
top seo agency in india,seo,seo agency,590,7.23,LOW,51,commercial
what is an seo agency,seo,seo agency,590,4.74,LOW,0,informational
legal seo agency,seo,seo agency,590,202.17,LOW,11,commercial
cleveland seo agency,seo,seo agency,590,0,LOW,0,commercial
canada seo agency,seo,seo agency,590,13.9,LOW,15,commercial
seo agency for small business,seo,seo agency,590,73.72,LOW,17,commercial
seo agency las vegas,seo,seo agency,590,0,LOW,13,commercial
dental seo agency,seo,seo agency,590,31.42,LOW,0,commercial
top seo agency,seo,seo agency,590,12.81,LOW,29,commercial
seo agency houston,seo,seo agency,590,21.68,LOW,46,commercial
top seo agency usa,seo,seo agency,590,35.86,LOW,27,commercial
las vegas seo agency,seo,seo agency,590,0,LOW,7,commercial
seo agency in california,seo,seo agency,590,31.98,LOW,11,commercial
seo agency california,seo,seo agency,590,31.98,LOW,1,commercial
search engine optimization seo agency,seo,seo agency,590,0,LOW,46,commercial
utah seo agency,seo,seo agency,590,51.77,LOW,44,commercial
dentist seo agency,seo,seo agency,590,31.42,LOW,0,commercial
seo agency for small businesses,seo,seo agency,590,73.72,LOW,11,commercial
best seo agency india,seo,seo agency,590,7.23,LOW,53,commercial
seo agency ct,seo,seo agency,590,6,LOW,11,commercial
seo agency in houston,seo,seo agency,590,21.68,LOW,11,commercial
seo agency denver,seo,seo agency,590,32.07,LOW,20,commercial
seo agency in canada,seo,seo agency,590,13.9,LOW,22,commercial
jacksonville seo agency,seo,seo agency,590,70.46,LOW,20,commercial
what is seo agency,seo,seo agency,590,4.74,LOW,0,informational
seo agency canada,seo,seo agency,590,13.9,LOW,15,commercial
canadian seo agency,seo,seo agency,590,13.9,LOW,3,commercial
law seo agency,seo,seo agency,590,202.17,LOW,26,commercial
best seo agency in india,seo,seo agency,590,7.23,LOW,63,commercial
seo services for healthcare,seo,seo services,590,160.3,LOW,0,commercial
seo services san antonio,seo,seo services,590,53.04,LOW,22,commercial
wordpress seo services,seo,seo services,590,38.15,LOW,0,commercial
affordable seo services for small business,seo,seo services,590,65.13,LOW,12,commercial
technical seo audit services,seo,seo services,590,129.07,LOW,0,commercial
seo content writer services,seo,seo services,590,0,LOW,9,commercial
seo and content writing services,seo,seo services,590,0,LOW,0,commercial
best seo services india,seo,seo services,590,7.23,LOW,37,commercial
enterprise seo optimization services,seo,seo services,590,8.63,LOW,6,commercial
charleston seo services,seo,seo services,590,12.63,LOW,0,commercial
denver seo services,seo,seo services,590,32.07,LOW,25,commercial
seo services for local businesses,seo,seo services,590,0,LOW,22,commercial
ecommerce site seo,seo,ecommerce seo,590,22.16,LOW,33,commercial
ecommerce website seo,seo,ecommerce seo,590,22.16,LOW,37,commercial
seo for ecommerce website,seo,ecommerce seo,590,22.16,LOW,37,commercial
seo ecommerce website,seo,ecommerce seo,590,22.16,LOW,24,commercial
seo for ecommerce sites,seo,ecommerce seo,590,22.16,LOW,62,commercial
seo for ecommerce site,seo,ecommerce seo,590,22.16,LOW,23,commercial
seo for ecommerce websites,seo,ecommerce seo,590,22.16,LOW,38,commercial
seo audit semrush,seo,seo audit,590,7.6,LOW,41,commercial
technical seo audit service,seo,seo audit,590,129.07,LOW,0,commercial
semrush seo audit,seo,seo audit,590,7.6,LOW,41,commercial
local seo for plumber,seo,local seo,590,33.19,LOW,0,navigational
what is local seo,seo,local seo,590,15.13,LOW,35,informational
local seo strategies,seo,local seo,590,15.88,LOW,35,commercial
local seo for plumbing,seo,local seo,590,33.19,LOW,0,commercial
local seo strategy,seo,local seo,590,15.88,LOW,41,commercial
what local seo,seo,local seo,590,15.13,LOW,47,commercial
brightlocal local seo,seo,local seo,590,5.84,LOW,12,commercial
denver local seo,seo,local seo,590,6.01,LOW,2,commercial
bright local seo,seo,local seo,590,5.84,LOW,12,commercial
local seo for contractors,seo,local seo,590,46.71,LOW,0,commercial
local business seo service,seo,local seo,590,0,LOW,19,commercial
local seo for plumbers,seo,local seo,590,33.19,LOW,0,navigational
seo services for local business,seo,local seo,590,0,LOW,37,commercial
local seo denver,seo,local seo,590,6.01,LOW,10,commercial
seo tools for small business,seo,small business seo,590,0,LOW,15,commercial
best small business seo companies,seo,small business seo,590,80.29,LOW,27,commercial
small business seo tools,seo,small business seo,590,0,LOW,0,commercial
best seo company for small business,seo,small business seo,590,80.29,LOW,23,commercial
affordable seo service for small business,seo,small business seo,590,65.13,LOW,7,commercial
best seo company small business,seo,small business seo,590,80.29,LOW,24,commercial
best small business seo company,seo,small business seo,590,80.29,LOW,30,commercial
best seo companies for small business,seo,small business seo,590,80.29,LOW,25,commercial
web design agency chicago,web-design,web design agency,590,16.36,LOW,39,commercial
best web design agency website,web-design,web design agency,590,22.1,LOW,30,commercial
web design agency in chicago,web-design,web design agency,590,16.36,LOW,73,commercial
chicago web design agency,web-design,web design agency,590,16.36,LOW,95,commercial
top web design agency,web-design,web design agency,590,54.28,MEDIUM,16,commercial
responsive web design agency,web-design,web design agency,590,0,LOW,0,commercial
best agency web design,web-design,web design agency,590,22.1,LOW,25,commercial
best web design agency,web-design,web design agency,590,22.1,LOW,59,commercial
web design company salt lake city,web-design,web design company,590,25.43,LOW,35,commercial
minneapolis web design company,web-design,web design company,590,13.67,LOW,29,navigational
ct web design company,web-design,web design company,590,0,LOW,70,commercial
connecticut web design company,web-design,web design company,590,0,LOW,23,commercial
web design company connecticut,web-design,web design company,590,0,LOW,52,commercial
web design company in connecticut,web-design,web design company,590,0,LOW,32,commercial
web design company in richmond,web-design,web design company,590,11.6,LOW,49,commercial
web design company in salt lake city,web-design,web design company,590,25.43,LOW,29,commercial
responsive web design company,web-design,web design company,590,0,LOW,48,commercial
salt lake city web design company,web-design,web design company,590,25.43,LOW,21,commercial
web design company in san jose,web-design,web design company,590,32.01,LOW,9,commercial
web design company richmond va,web-design,web design company,590,11.6,LOW,31,commercial
baton rouge web design company,web-design,web design company,590,6.09,LOW,28,navigational
web design company baton rouge,web-design,web design company,590,6.09,LOW,18,commercial
web design company fargo,web-design,web design company,590,5.71,LOW,28,navigational
web design company detroit,web-design,web design company,590,7.16,LOW,3,commercial
web design company in chicago,web-design,web design company,590,16.36,LOW,90,commercial
web design company ct,web-design,web design company,590,0,LOW,77,commercial
professional website redesign services,web-design,website redesign,590,38.33,LOW,53,commercial
website redesign ai,web-design,website redesign,590,22.94,HIGH,44,commercial
squarespace website redesign,web-design,website redesign,590,15.14,LOW,45,navigational
ai agent development company,ai-agent-dev,ai agent development,590,58.21,LOW,5,navigational
ai agent development,ai-agent-dev,ai agent development,590,25.39,MEDIUM,38,commercial
ai agent development companies,ai-agent-dev,ai agent development,590,58.21,LOW,0,commercial
marketing automation ai,ai-agent-dev,ai automation,590,62.16,LOW,30,commercial
ai in marketing automation,ai-agent-dev,ai automation,590,62.16,LOW,29,commercial
ai marketing automation,ai-agent-dev,ai automation,590,62.16,LOW,31,commercial
marketing automation: ai,ai-agent-dev,ai automation,590,62.16,LOW,28,commercial
ai automation engineer,ai-agent-dev,ai automation,590,8.73,MEDIUM,0,informational
ai automation platforms,ai-agent-dev,ai automation,590,69.46,LOW,37,commercial
marketing ai automation,ai-agent-dev,ai automation,590,62.16,LOW,45,commercial
ai and robotic process automation,ai-agent-dev,ai automation,590,15.8,MEDIUM,10,informational
ai automation service,ai-agent-dev,ai automation,590,24.21,LOW,24,commercial
ai automation services,ai-agent-dev,ai automation,590,24.21,LOW,3,commercial
ai automation platform,ai-agent-dev,ai automation,590,69.46,LOW,35,commercial
shopify ecommerce development company,ecommerce,ecommerce development company,480,0,LOW,22,commercial
ad agency ecommerce,ecommerce,ecommerce agency,480,124.25,LOW,12,commercial
ecommerce advertising agency,ecommerce,ecommerce agency,480,124.25,LOW,7,commercial
ecommerce ad agency,ecommerce,ecommerce agency,480,124.25,LOW,4,commercial
theme development shopify,ecommerce,shopify development,480,10.86,LOW,16,commercial
shopify ecommerce development,ecommerce,shopify development,480,0,LOW,58,commercial
shopify development agency,ecommerce,shopify development,480,31.59,LOW,32,navigational
shopify web development service,ecommerce,shopify development,480,29.84,LOW,48,commercial
shopify development agencies,ecommerce,shopify development,480,31.59,LOW,82,commercial
shopify theme development,ecommerce,shopify development,480,10.86,LOW,4,commercial
shopify website development service,ecommerce,shopify development,480,29.84,LOW,43,commercial
shopify development theme,ecommerce,shopify development,480,10.86,LOW,23,navigational
shopify web development services,ecommerce,shopify development,480,29.84,LOW,26,commercial
shopify template development,ecommerce,shopify development,480,10.86,LOW,19,commercial
shopify website development services,ecommerce,shopify development,480,29.84,LOW,44,commercial
shopify plus agency,ecommerce,shopify agency,480,14.1,LOW,0,navigational
shopify dev agency,ecommerce,shopify agency,480,31.59,LOW,32,navigational
google paypal agentic commerce partnership,agentic-commerce,agentic commerce,480,0,,22,commercial
stripe agentic commerce,agentic-commerce,agentic commerce,480,5.03,MEDIUM,31,commercial
sofi agentic ai etf,agentic-commerce,agentic ai,480,4.65,LOW,0,navigational
difference between generative ai and agentic ai,agentic-commerce,agentic ai,480,6.67,MEDIUM,13,informational
agentic ai use cases,agentic-commerce,agentic ai,480,18.55,MEDIUM,30,commercial
agentic ai conference,agentic-commerce,agentic ai,480,21.73,MEDIUM,22,navigational
ibm agentic ai,agentic-commerce,agentic ai,480,7.5,LOW,35,navigational
best agentic ai,agentic-commerce,agentic ai,480,17.34,MEDIUM,17,commercial
agentic ai conferences,agentic-commerce,agentic ai,480,21.73,MEDIUM,20,commercial
claude agentic ai,agentic-commerce,agentic ai,480,8.96,MEDIUM,26,navigational
microsoft agentic ai,agentic-commerce,agentic ai,480,22.06,MEDIUM,45,commercial
what is agentic ai vs generative ai,agentic-commerce,agentic ai,480,4.68,MEDIUM,16,informational
dei companies,agentic-commerce,agentic ai ecommerce,480,0,LOW,24,informational
ai seo company,ai-seo,ai seo,480,108.97,LOW,0,commercial
best ai tool for seo,ai-seo,ai seo,480,43.21,LOW,4,commercial
best ai tools for seo,ai-seo,ai seo,480,43.21,LOW,16,commercial
ai seo companies,ai-seo,ai seo,480,108.97,LOW,0,commercial
search atlas ai seo software,ai-seo,ai seo,480,10.42,MEDIUM,25,commercial
what is answer engine optimization,ai-seo,answer engine optimization,480,11.44,LOW,32,informational
answer engine optimization services,ai-seo,answer engine optimization,480,36.37,LOW,9,informational
answer engine optimization aeo,ai-seo,answer engine optimization,480,45.28,LOW,38,informational
chatgpt seo tools,ai-seo,chatgpt seo,480,0,LOW,0,commercial
chatgpt seo tool,ai-seo,chatgpt seo,480,0,LOW,5,commercial
chatgpt for seo,ai-seo,chatgpt seo,480,0,LOW,19,commercial
toronto seo agency,seo,seo agency,480,37.8,LOW,25,commercial
seo agency seattle,seo,seo agency,480,22.19,LOW,27,commercial
seo agency minneapolis,seo,seo agency,480,19.7,LOW,31,commercial
indianapolis seo agency,seo,seo agency,480,0,LOW,0,commercial
seo agency in texas,seo,seo agency,480,79.77,LOW,13,commercial
houston seo agency,seo,seo agency,480,0,LOW,34,commercial
fort lauderdale seo agency,seo,seo agency,480,0,LOW,0,commercial
organic seo agency,seo,seo agency,480,0,LOW,0,commercial
enterprise seo agency,seo,seo agency,480,88.05,LOW,0,commercial
seo services agency,seo,seo agency,480,0,LOW,33,commercial
seo agency in seattle,seo,seo agency,480,22.19,LOW,27,commercial
seattle seo agency,seo,seo agency,480,22.19,LOW,27,commercial
minneapolis seo agency,seo,seo agency,480,19.7,LOW,29,commercial
seo agency toronto,seo,seo agency,480,37.8,LOW,33,commercial
seo agency houston tx,seo,seo agency,480,0,LOW,34,commercial
local seo new york city,seo,local seo,480,0,LOW,1,commercial
local restaurant seo,seo,local seo,480,6.6,LOW,6,commercial
local seo in new york,seo,local seo,480,0,LOW,5,commercial
local seo new york,seo,local seo,480,0,LOW,19,commercial
local seo los angeles ca,seo,local seo,480,12.21,LOW,5,navigational
local citation seo,seo,local seo,480,24.37,LOW,37,informational
new york local seo,seo,local seo,480,0,LOW,4,commercial
local seo pack,seo,local seo,480,23.36,LOW,12,commercial
local seo oakland park,seo,local seo,480,0,LOW,0,navigational
local seo packages,seo,local seo,480,23.36,LOW,19,commercial
local seo for restaurant,seo,local seo,480,6.6,LOW,6,commercial
local seo nyc,seo,local seo,480,0,LOW,6,commercial
local seo citations,seo,local seo,480,24.37,LOW,19,informational
best local seo tools,seo,local seo,480,37.56,LOW,0,commercial
local seo in los angeles,seo,local seo,480,12.21,LOW,13,commercial
local seo package,seo,local seo,480,23.36,LOW,7,commercial
citations local seo,seo,local seo,480,24.37,LOW,37,informational
citation local seo,seo,local seo,480,24.37,LOW,18,informational
best tools for local seo,seo,local seo,480,37.56,LOW,23,commercial
los angeles local seo,seo,local seo,480,12.21,LOW,11,commercial
best tool for local seo,seo,local seo,480,37.56,LOW,0,commercial
local citations for seo,seo,local seo,480,24.37,LOW,24,informational
local seo los angeles,seo,local seo,480,12.21,LOW,27,commercial
local citations seo,seo,local seo,480,24.37,LOW,38,informational
seo local citations,seo,local seo,480,24.37,LOW,14,informational
nyc local seo,seo,local seo,480,0,LOW,19,commercial
citation for local seo,seo,local seo,480,24.37,LOW,37,informational
ny local seo,seo,local seo,480,0,LOW,2,navigational
citations for local seo,seo,local seo,480,24.37,LOW,21,informational
local seo citation,seo,local seo,480,24.37,LOW,22,informational
best local seo tool,seo,local seo,480,37.56,LOW,0,commercial
local seo for restaurants,seo,local seo,480,6.6,LOW,8,commercial
la local seo,seo,local seo,480,12.21,LOW,4,navigational
seo consultant for small business,seo,small business seo,480,0,LOW,24,commercial
seo consultant small business,seo,small business seo,480,0,LOW,22,commercial
small business seo consultant,seo,small business seo,480,0,LOW,19,commercial
seo for small business near me,seo,small business seo,480,0,LOW,10,commercial
web design agency india,web-design,web design agency,480,11.16,LOW,65,commercial
web design agency in india,web-design,web design agency,480,11.16,LOW,84,commercial
web design agency nj,web-design,web design agency,480,74.24,MEDIUM,70,commercial
web design agency ny,web-design,web design agency,480,17.93,LOW,93,commercial
dallas web design agency,web-design,web design agency,480,56.86,LOW,72,commercial
web design agency dallas,web-design,web design agency,480,56.86,LOW,37,commercial
web design agency in dallas,web-design,web design agency,480,56.86,LOW,35,commercial
web design agency washington dc,web-design,web design agency,480,0,LOW,61,commercial
b2b web design agency,web-design,web design agency,480,131.31,LOW,33,commercial
web design company in nyc,web-design,web design company,480,17.93,LOW,42,commercial
web design company in vancouver,web-design,web design company,480,48.35,LOW,93,commercial
web design company lexington ky,web-design,web design company,480,13.98,LOW,40,commercial
austin web design company,web-design,web design company,480,32.91,LOW,85,commercial
web design company ecommerce,web-design,web design company,480,41.74,LOW,24,commercial
web design company west palm beach,web-design,web design company,480,23.84,LOW,0,commercial
new jersey web design company,web-design,web design company,480,74.24,MEDIUM,67,commercial
web design company in india,web-design,web design company,480,11.16,LOW,86,commercial
web design company new jersey,web-design,web design company,480,74.24,MEDIUM,52,commercial
nj web design company,web-design,web design company,480,74.24,MEDIUM,67,commercial
e commerce web design company,web-design,web design company,480,41.74,LOW,21,commercial
professional web design company,web-design,web design company,480,44.54,LOW,91,commercial
dc web design company,web-design,web design company,480,0,LOW,28,commercial
web design company new york city,web-design,web design company,480,17.93,LOW,33,commercial
web design company austin,web-design,web design company,480,32.91,LOW,82,commercial
web design company in new jersey,web-design,web design company,480,74.24,MEDIUM,33,commercial
web design company in louisville,web-design,web design company,480,21.32,LOW,93,commercial
web design company in cleveland,web-design,web design company,480,13.67,LOW,0,commercial
new york city web design company,web-design,web design company,480,17.93,LOW,33,navigational
web design company florida,web-design,web design company,480,13.79,LOW,75,commercial
web design company in buffalo,web-design,web design company,480,23.51,LOW,53,commercial
e-commerce web design company,web-design,web design company,480,41.74,LOW,59,commercial
nyc web design company,web-design,web design company,480,17.93,LOW,45,commercial
web design company dc,web-design,web design company,480,0,LOW,28,commercial
web design company in nj,web-design,web design company,480,74.24,MEDIUM,67,commercial
web design company austin texas,web-design,web design company,480,32.91,LOW,51,commercial
web design company nj,web-design,web design company,480,74.24,MEDIUM,49,commercial
india web design company,web-design,web design company,480,11.16,LOW,92,commercial
florida web design company,web-design,web design company,480,13.79,LOW,74,commercial
web design company in dc,web-design,web design company,480,0,LOW,28,commercial
web design company india,web-design,web design company,480,11.16,LOW,87,commercial
web design company in columbia,web-design,web design company,480,17.86,LOW,25,commercial
web design company in florida,web-design,web design company,480,13.79,LOW,69,commercial
ny web design company,web-design,web design company,480,17.93,LOW,47,commercial
web design company in new york city,web-design,web design company,480,17.93,LOW,33,commercial
web design company vancouver,web-design,web design company,480,48.35,LOW,93,commercial
web design company in washington dc,web-design,web design company,480,0,LOW,60,commercial
tucson web design company,web-design,web design company,480,26.08,LOW,68,navigational
web design company washington dc,web-design,web design company,480,0,LOW,60,commercial
ecommerce web design company,web-design,web design company,480,41.74,LOW,45,commercial
web design company in united states,web-design,web design company,480,17.38,MEDIUM,41,commercial
website redesign company in india,web-design,website redesign,480,11.16,LOW,0,commercial
ai agent development services,ai-agent-dev,ai agent development,480,34.7,LOW,1,commercial
ai agent development service,ai-agent-dev,ai agent development,480,34.7,LOW,2,commercial
automation agency ai,ai-agent-dev,ai automation agency,480,0,LOW,23,navigational
ai powered automation platform,ai-agent-dev,ai automation,480,123.27,LOW,28,commercial
ai automation specialist,ai-agent-dev,ai automation,480,13.28,MEDIUM,0,commercial
ai automation software,ai-agent-dev,ai automation,480,20.66,LOW,34,commercial
ai powered automation platforms,ai-agent-dev,ai automation,480,123.27,LOW,23,commercial
ai workflow automation tools,ai-agent-dev,ai automation,480,43.54,LOW,22,commercial
ai workflow automation tool,ai-agent-dev,ai automation,480,43.54,LOW,22,commercial
ecommerce web design development company,ecommerce,ecommerce development company,390,0,LOW,19,commercial
ecommerce website design and development company,ecommerce,ecommerce development company,390,0,LOW,37,commercial
ecommerce website development company,ecommerce,ecommerce development company,390,0,LOW,19,commercial
ecommerce digital marketing agency,ecommerce,ecommerce agency,390,269.81,LOW,4,commercial
digital marketing agency ecommerce,ecommerce,ecommerce agency,390,269.81,LOW,12,commercial
shopify development stores,ecommerce,shopify development,390,9.81,LOW,26,navigational
shopify development jobs,ecommerce,shopify development,390,2.62,LOW,19,navigational
development store shopify,ecommerce,shopify development,390,9.81,LOW,26,navigational
shopify development store,ecommerce,shopify development,390,9.81,LOW,28,navigational
shopify store development,ecommerce,shopify development,390,9.81,LOW,25,commercial
shopify development login,ecommerce,shopify development,390,0,LOW,81,navigational
development shopify store,ecommerce,shopify development,390,9.81,LOW,26,navigational
development stores shopify,ecommerce,shopify development,390,9.81,LOW,39,navigational
mastercard paypal agentic commerce,agentic-commerce,agentic commerce,390,0,,24,commercial
mastercard/paypal agentic commerce,agentic-commerce,agentic commerce,390,0,,24,commercial
best agentic ai courses,agentic-commerce,agentic ai,390,14.14,HIGH,5,commercial
salesforce agentic ai,agentic-commerce,agentic ai,390,25.78,MEDIUM,29,navigational
mastercard paypal agentic ai payments,agentic-commerce,agentic ai,390,0,MEDIUM,27,commercial
best agentic ai course,agentic-commerce,agentic ai,390,14.14,HIGH,19,commercial
agentic ai books,agentic-commerce,agentic ai,390,6.24,HIGH,0,informational
genai vs agentic ai,agentic-commerce,agentic ai,390,5.38,LOW,15,commercial
applied agentic ai for organizational transformation,agentic-commerce,agentic ai,390,20.62,HIGH,0,commercial
agentic ai summit,agentic-commerce,agentic ai,390,20.74,MEDIUM,17,commercial
agentic ai solutions,agentic-commerce,agentic ai,390,43.75,LOW,54,commercial
agentic ai training,agentic-commerce,agentic ai,390,19.43,HIGH,8,informational
agentic ai security,agentic-commerce,agentic ai,390,80.34,MEDIUM,32,navigational
mit agentic ai course,agentic-commerce,agentic ai,390,27,HIGH,0,commercial
agentic ai book,agentic-commerce,agentic ai,390,6.24,HIGH,0,informational
mastercard/paypal agentic ai payments,agentic-commerce,agentic ai,390,0,MEDIUM,29,commercial
bergaila companies,agentic-commerce,agentic ai ecommerce,390,1.47,LOW,0,navigational
ai-based seo tools,ai-seo,ai seo,390,126.36,LOW,30,commercial
ai seo software,ai-seo,ai seo,390,43.42,LOW,32,commercial
ai based seo tools,ai-seo,ai seo,390,126.36,LOW,23,commercial
surfer seo ai detector,ai-seo,ai seo,390,6.41,LOW,20,commercial
best ai seo,ai-seo,ai seo,390,42.21,MEDIUM,16,commercial
profound generative engine optimization,ai-seo,generative engine optimization,390,14.34,LOW,22,commercial
answer engine optimization tool,ai-seo,answer engine optimization,390,17.61,LOW,14,commercial
answer engine optimization tools,ai-seo,answer engine optimization,390,17.61,LOW,17,informational
chatgpt seo,ai-seo,chatgpt seo,390,24.85,LOW,21,commercial
law firm seo agency,seo,seo agency,390,199.39,LOW,15,commercial
best tools for seo agency,seo,seo agency,390,0,LOW,12,commercial
seo agency new jersey,seo,seo agency,390,53.97,LOW,23,commercial
google seo agency,seo,seo agency,390,122.18,LOW,54,commercial
seo agency for attorneys,seo,seo agency,390,0,LOW,20,commercial
edmonton seo agency,seo,seo agency,390,0,LOW,32,commercial
pittsburgh seo agency,seo,seo agency,390,15.19,LOW,9,commercial
white label seo agency,seo,seo agency,390,47.33,LOW,11,commercial
seo and digital marketing agency,seo,seo agency,390,28.67,LOW,75,commercial
digital marketing seo agency,seo,seo agency,390,28.67,LOW,97,commercial
melbourne seo agency,seo,seo agency,390,0,LOW,47,commercial
best seo agency in london,seo,seo agency,390,0,LOW,29,commercial
seo agency san francisco,seo,seo agency,390,42.83,LOW,20,commercial
nj seo agency,seo,seo agency,390,53.97,LOW,20,commercial
digital-marketing-agency seo,seo,seo agency,390,28.67,LOW,95,commercial
seo agency melbourne,seo,seo agency,390,0,LOW,40,commercial
seo agency in melbourne,seo,seo agency,390,0,LOW,47,commercial
baltimore seo agency,seo,seo agency,390,0,LOW,7,commercial
san francisco seo agency,seo,seo agency,390,42.83,LOW,19,commercial
seo agency edmonton,seo,seo agency,390,0,LOW,17,commercial
best seo agency london,seo,seo agency,390,0,LOW,43,commercial
seo agency boise,seo,seo agency,390,47.93,LOW,12,commercial
digital marketing agency seo,seo,seo agency,390,28.67,LOW,42,commercial
seo agency management software,seo,seo agency,390,0,LOW,1,commercial
boise seo agency,seo,seo agency,390,0,LOW,22,commercial
seo agency in san francisco,seo,seo agency,390,42.83,LOW,19,commercial
top local seo agency,seo,seo agency,390,39.54,LOW,26,commercial
seo marketing agency near me,seo,seo agency,390,10.2,LOW,36,commercial
new jersey seo agency,seo,seo agency,390,53.97,LOW,18,commercial
seo agency in dubai,seo,seo agency,390,0,LOW,50,commercial
ecommerce seo consultants,seo,ecommerce seo,390,112.24,LOW,7,commercial
consultant seo ecommerce,seo,ecommerce seo,390,112.24,LOW,8,commercial
seo ecommerce consultant,seo,ecommerce seo,390,112.24,LOW,5,commercial
ecommerce seo consultant,seo,ecommerce seo,390,112.24,LOW,10,commercial
web seo audit,seo,seo audit,390,20.41,LOW,70,commercial
page seo audit,seo,seo audit,390,20.41,LOW,66,commercial
seo audit page,seo,seo audit,390,20.41,LOW,66,informational
seo on-page audit,seo,seo audit,390,20.41,LOW,66,commercial
audit seo site web,seo,seo audit,390,20.41,LOW,84,commercial
seo audit screaming frog,seo,seo audit,390,0,LOW,30,informational
seo on page audit,seo,seo audit,390,20.41,LOW,73,commercial
seo technical audit service,seo,seo audit,390,0,LOW,0,commercial
website seo audit,seo,seo audit,390,20.41,LOW,63,commercial
seo site audit tool,seo,seo audit,390,12.16,LOW,73,commercial
seo website audit tools,seo,seo audit,390,15.69,LOW,77,commercial
website seo audit tools,seo,seo audit,390,15.69,LOW,53,commercial
seo technical audit services,seo,seo audit,390,0,LOW,0,commercial
seo website audit tool,seo,seo audit,390,15.69,LOW,53,commercial
seo site audit tools,seo,seo audit,390,12.16,LOW,73,commercial
seo audit for a website,seo,seo audit,390,20.41,LOW,77,commercial
screaming frog seo audit,seo,seo audit,390,0,LOW,26,informational
website seo audit tool,seo,seo audit,390,15.69,LOW,73,commercial
local seo specialist,seo,local seo,390,41.53,LOW,20,commercial
local seo software,seo,local seo,390,22.4,LOW,28,commercial
local seo rank tracker,seo,local seo,390,27.31,LOW,46,commercial
local seo specialists,seo,local seo,390,41.53,LOW,18,commercial
local seo phoenix,seo,local seo,390,0,LOW,5,commercial
local seo news,seo,local seo,390,0,LOW,25,informational
local seo programs,seo,local seo,390,22.4,LOW,45,commercial
top local seo company,seo,local seo,390,39.54,LOW,16,commercial
top local seo companies,seo,local seo,390,39.54,LOW,15,commercial
top local seo agencies,seo,local seo,390,39.54,LOW,8,commercial
local seo houston,seo,local seo,390,0,LOW,19,commercial
local seo rank tracking,seo,local seo,390,27.31,LOW,29,commercial
local seo service near me,seo,local seo,390,0,LOW,30,commercial
houston local seo,seo,local seo,390,0,LOW,2,commercial
best seo tools for small business,seo,small business seo,390,36.39,LOW,5,commercial
small business seo software,seo,small business seo,390,14.25,LOW,7,commercial
best seo tool for small business,seo,small business seo,390,36.39,LOW,0,commercial
seo software for small business,seo,small business seo,390,14.25,LOW,7,commercial
orlando web design agency,web-design,web design agency,390,0,LOW,47,commercial
web design agency orlando,web-design,web design agency,390,0,LOW,78,commercial
clay web design agency,web-design,web design agency,390,37.08,LOW,32,commercial
web design company orlando,web-design,web design company,390,0,LOW,70,commercial
web design and development company in india,web-design,web design company,390,52.25,LOW,86,commercial
web design company edmonton,web-design,web design company,390,1.54,LOW,59,commercial
web design and development company india,web-design,web design company,390,52.25,LOW,57,commercial
charlotte web design company,web-design,web design company,390,0,LOW,49,commercial
indian web design company,web-design,web design company,390,52.25,LOW,90,commercial
web design company for small business,web-design,web design company,390,10.92,LOW,19,commercial
chicago web design company,web-design,web design company,390,0,LOW,72,commercial
bellingham web design company,web-design,web design company,390,12.46,LOW,57,commercial
web design company minneapolis,web-design,web design company,390,22.99,LOW,84,commercial
web design company charlotte,web-design,web design company,390,0,LOW,20,commercial
web design company in edmonton,web-design,web design company,390,1.54,LOW,48,commercial
affordable web design small business,web-design,small business web design,390,45.86,LOW,46,commercial
affordable small business web design,web-design,small business web design,390,45.86,LOW,8,commercial
affordable web design for small business,web-design,small business web design,390,45.86,LOW,11,commercial
website redesign request for proposals,web-design,website redesign,390,19.08,LOW,36,informational
redesign website seo,web-design,website redesign,390,2.32,LOW,0,commercial
website redesign seo,web-design,website redesign,390,2.32,LOW,0,commercial
seo website redesign,web-design,website redesign,390,2.32,LOW,0,commercial
website redesign and seo,web-design,website redesign,390,2.32,LOW,0,commercial
website redesign blog,web-design,website redesign,390,15.41,LOW,23,informational
seo for website redesign,web-design,website redesign,390,2.32,LOW,7,commercial
rfp for website redesign,web-design,website redesign,390,19.08,LOW,36,commercial
ai chatbot development company,ai-agent-dev,ai chatbot development,390,17.19,LOW,20,commercial
ai agent for automation,ai-agent-dev,ai automation,390,24.86,LOW,33,commercial
ai powered workflow automation platform,ai-agent-dev,ai automation,390,0,LOW,36,commercial
ai automation near me,ai-agent-dev,ai automation,390,15.66,LOW,0,commercial
ai powered automation,ai-agent-dev,ai automation,390,4.3,LOW,26,commercial
ai-powered automation,ai-agent-dev,ai automation,390,4.3,LOW,29,commercial
ai marketing automation tools,ai-agent-dev,ai automation,390,16.87,LOW,22,commercial
ai agents for automation,ai-agent-dev,ai automation,390,24.86,LOW,41,commercial
ai automation companies,ai-agent-dev,ai automation,390,20.31,MEDIUM,6,commercial
ai automation company,ai-agent-dev,ai automation,390,20.31,MEDIUM,12,commercial
ecommerce software development company,ecommerce,ecommerce development company,320,0,LOW,7,commercial
ecommerce web development company,ecommerce,ecommerce development company,320,13.06,LOW,38,commercial
ecommerce website design agency,ecommerce,ecommerce agency,320,6.77,LOW,26,commercial
ecommerce agency near me,ecommerce,ecommerce agency,320,16.48,LOW,0,navigational
ecommerce website designing agency,ecommerce,ecommerce agency,320,6.77,LOW,41,commercial
ecommerce web design agency,ecommerce,ecommerce agency,320,6.77,LOW,35,commercial
ecommerce marketing agency usa,ecommerce,ecommerce agency,320,0,LOW,8,commercial
shopify web design agency,ecommerce,shopify agency,320,25.58,LOW,40,commercial
shopify website design agency,ecommerce,shopify agency,320,25.58,LOW,51,navigational
free ai ecommerce website builder,ai-commerce,ai ecommerce,320,13.77,LOW,26,commercial
ai powered e commerce platform,ai-commerce,ai commerce,320,0,LOW,29,commercial
stripe agentic commerce suite,agentic-commerce,agentic commerce,320,3.86,LOW,26,navigational
shopify agentic commerce,agentic-commerce,agentic commerce,320,11.27,LOW,45,navigational
agentic commerce meaning,agentic-commerce,agentic commerce,320,12.26,MEDIUM,31,informational
ai agentic workflows,agentic-commerce,agentic ai,320,21.77,MEDIUM,22,navigational
learn agentic ai,agentic-commerce,agentic ai,320,16.37,HIGH,19,informational
what is agentic ai examples,agentic-commerce,agentic ai,320,7.08,MEDIUM,26,informational
agentic ai agent,agentic-commerce,agentic ai,320,29.55,HIGH,50,navigational
how is agentic ai different from earlier forms of ai,agentic-commerce,agentic ai,320,7.11,LOW,10,informational
mcp agentic ai,agentic-commerce,agentic ai,320,15.86,MEDIUM,30,navigational
what is agentic ai example,agentic-commerce,agentic ai,320,7.08,MEDIUM,26,informational
what role do feedback loops play in agentic ai systems,agentic-commerce,agentic ai,320,0,LOW,0,informational
how is agentic ai different from traditional automation,agentic-commerce,agentic ai,320,0,LOW,0,informational
agentic ai agency,agentic-commerce,agentic ai,320,29.55,HIGH,,navigational
servicenow agentic ai,agentic-commerce,agentic ai,320,35.87,MEDIUM,6,navigational
agentic ai tutorial,agentic-commerce,agentic ai,320,11.35,HIGH,9,navigational
what is an agentic ai,agentic-commerce,agentic ai,320,7.94,MEDIUM,56,informational
agentic ai architecture diagram,agentic-commerce,agentic ai,320,20.92,MEDIUM,13,navigational
agentic ai agents,agentic-commerce,agentic ai,320,29.55,HIGH,54,informational
how to build agentic ai,agentic-commerce,agentic ai,320,13.95,MEDIUM,23,informational
ibm rag and agentic ai professional certificate,agentic-commerce,agentic ai,320,6.02,MEDIUM,2,commercial
agentic ai what is it,agentic-commerce,agentic ai,320,11.56,MEDIUM,56,informational
what agentic ai,agentic-commerce,agentic ai,320,8.06,MEDIUM,53,informational
what is the difference between generative ai and agentic ai,agentic-commerce,agentic ai,320,4.05,MEDIUM,12,informational
learning agentic ai,agentic-commerce,agentic ai,320,16.37,HIGH,19,informational
how does agentic ai work,agentic-commerce,agentic ai,320,13.35,MEDIUM,31,informational
service now agentic ai,agentic-commerce,agentic ai,320,35.87,MEDIUM,6,transactional
agentic ai tutorials,agentic-commerce,agentic ai,320,11.35,HIGH,20,informational
how does agentic ai differ from traditional automation,agentic-commerce,agentic ai,320,9,LOW,0,informational
ai shopping agent,agentic-commerce,ai shopping agent,320,22.93,MEDIUM,17,commercial
okta salesforce,agentic-commerce,agentic ai ecommerce,320,5.81,LOW,0,navigational
demo s a,agentic-commerce,agentic ai ecommerce,320,0,LOW,1,informational
teva universal,agentic-commerce,agentic ai ecommerce,320,0.79,HIGH,0,informational
epa: ai,agentic-commerce,agentic ai ecommerce,320,0,LOW,18,informational
ceo openai,agentic-commerce,agentic ai ecommerce,320,0,LOW,43,navigational
seo ai agents,ai-seo,ai seo,320,32.02,MEDIUM,2,commercial
seo ai agent,ai-seo,ai seo,320,32.02,MEDIUM,26,commercial
best seo ai tool,ai-seo,ai seo,320,54.33,LOW,11,commercial
best seo ai tools,ai-seo,ai seo,320,54.33,LOW,17,commercial
free ai seo tools,ai-seo,ai seo,320,32.2,LOW,28,commercial
seo ai agency,ai-seo,ai seo,320,32.02,MEDIUM,40,commercial
semrush ai seo,ai-seo,ai seo,320,8.85,LOW,60,informational
ai seo platform,ai-seo,ai seo,320,44.12,LOW,21,commercial
what is ai seo,ai-seo,ai seo,320,22.34,LOW,53,informational
free seo ai tools,ai-seo,ai seo,320,16.75,LOW,41,commercial
free seo ai tool,ai-seo,ai seo,320,16.75,LOW,60,commercial
free ai seo tool,ai-seo,ai seo,320,32.2,LOW,39,commercial
leading software for ai visibility and generative engine optimization,ai-seo,generative engine optimization,320,0,LOW,3,commercial
generative engine optimization agency,ai-seo,generative engine optimization,320,45.3,LOW,0,commercial
seo for chatgpt,ai-seo,chatgpt seo,320,28.92,LOW,39,commercial
best ecommerce seo company,seo,ecommerce seo,320,0,LOW,10,commercial
best ecommerce seo companies,seo,ecommerce seo,320,0,LOW,19,commercial
best seo companies for ecommerce,seo,ecommerce seo,320,0,LOW,20,commercial
best seo company for ecommerce,seo,ecommerce seo,320,0,LOW,39,commercial
seo audit report format,seo,seo audit,320,13.54,LOW,14,informational
what is seo audit,seo,seo audit,320,11.71,LOW,4,informational
seo audit checklist,seo,seo audit,320,7.41,LOW,28,commercial
local seo audit,seo,seo audit,320,21.49,LOW,11,commercial
seo audit tools online,seo,seo audit,320,22.07,LOW,71,commercial
white label seo audit tools,seo,seo audit,320,0,LOW,9,commercial
seo audit what is,seo,seo audit,320,11.71,LOW,16,informational
seo audit reports,seo,seo audit,320,17.13,LOW,73,commercial
seo audit report,seo,seo audit,320,17.13,LOW,73,commercial
checklist for seo audit,seo,seo audit,320,7.41,LOW,28,informational
seo audit report templates,seo,seo audit,320,13.54,LOW,7,informational
what is an seo audit,seo,seo audit,320,11.71,LOW,45,informational
online seo audit tools,seo,seo audit,320,22.07,LOW,77,commercial
seo audit report template,seo,seo audit,320,13.54,LOW,3,informational
seo audit report sample,seo,seo audit,320,13.54,LOW,0,informational
seo audit tool online,seo,seo audit,320,22.07,LOW,77,commercial
online seo audit tool,seo,seo audit,320,22.07,LOW,77,commercial
seo site audit service,seo,seo audit,320,0,LOW,34,commercial
seo audit online tool,seo,seo audit,320,22.07,LOW,77,commercial
white label seo audit tool,seo,seo audit,320,0,LOW,5,commercial
seo audit list,seo,seo audit,320,7.41,LOW,25,commercial
seo audit software,seo,seo audit,320,20.7,LOW,84,commercial
what is a seo audit,seo,seo audit,320,11.71,LOW,49,informational
checklist seo audit,seo,seo audit,320,7.41,LOW,52,commercial
seo audit softwares,seo,seo audit,320,20.7,LOW,77,commercial
audit seo checklist,seo,seo audit,320,7.41,LOW,37,commercial
seo site audit services,seo,seo audit,320,0,LOW,31,commercial
seo website audit services,seo,seo audit,320,0,LOW,31,commercial
local seo audits,seo,local seo,320,21.49,LOW,23,commercial
local nj seo,seo,local seo,320,26.42,LOW,25,commercial
local seo san diego ca,seo,local seo,320,0,LOW,13,navigational
dallas local seo,seo,local seo,320,0,LOW,0,commercial
local seo nj,seo,local seo,320,26.42,LOW,0,commercial
local seo portland,seo,local seo,320,0,LOW,13,commercial
san diego local seo,seo,local seo,320,0,LOW,10,commercial
local seo reporting,seo,local seo,320,8.48,LOW,0,informational
nj local seo,seo,local seo,320,26.42,LOW,15,commercial
local google seo,seo,local seo,320,32.93,LOW,52,navigational
local seo company los angeles,seo,local seo,320,0,LOW,11,commercial
local seo marketing company,seo,local seo,320,0,LOW,19,commercial
local seo dallas,seo,local seo,320,0,LOW,5,commercial
seo google local,seo,local seo,320,32.93,LOW,52,commercial
white label local seo,seo,local seo,320,42.96,LOW,0,commercial
tips for local seo,seo,local seo,320,4.21,LOW,40,informational
local seo platforms,seo,local seo,320,0,LOW,30,commercial
local seo tips,seo,local seo,320,4.21,LOW,22,commercial
local seo marketing companies,seo,local seo,320,0,LOW,22,commercial
seo local google,seo,local seo,320,32.93,LOW,52,commercial
local seo pricing,seo,local seo,320,15.45,LOW,15,commercial
miami local seo,seo,local seo,320,0,LOW,0,commercial
local seo price,seo,local seo,320,15.45,LOW,13,commercial
google local seo,seo,local seo,320,32.93,LOW,52,navigational
local seo google,seo,local seo,320,32.93,LOW,71,commercial
webfx local seo,seo,local seo,320,0,LOW,6,commercial
local seo platform,seo,local seo,320,0,LOW,28,commercial
local seo optimization tips,seo,local seo,320,4.21,LOW,47,commercial
local seo firm,seo,local seo,320,40.44,LOW,25,commercial
local seo san diego,seo,local seo,320,0,LOW,15,commercial
local seo firms,seo,local seo,320,40.44,LOW,14,commercial
local seo white label,seo,local seo,320,42.96,LOW,0,commercial
local seo report,seo,local seo,320,8.48,LOW,0,informational
local seo miami,seo,local seo,320,0,LOW,1,commercial
new jersey local seo,seo,local seo,320,26.42,LOW,10,commercial
cheap local seo,seo,local seo,320,0,LOW,9,commercial
local seo new jersey,seo,local seo,320,26.42,LOW,0,commercial
los angeles local seo company,seo,local seo,320,0,LOW,12,commercial
local seo auditor,seo,local seo,320,21.49,LOW,,commercial
local seo advice,seo,local seo,320,4.21,LOW,37,commercial
affordable local seo,seo,local seo,320,0,LOW,0,commercial
affordable small business seo,seo,small business seo,320,45.4,LOW,9,commercial
cheap seo for small business,seo,small business seo,320,45.4,LOW,2,commercial
affordable seo for small business,seo,small business seo,320,45.4,LOW,2,commercial
web design agency in los angeles,web-design,web design agency,320,16.93,MEDIUM,43,commercial
web design agency los angeles,web-design,web design agency,320,16.93,MEDIUM,95,commercial
la web design agency,web-design,web design agency,320,16.93,MEDIUM,47,commercial
web design agency michigan,web-design,web design agency,320,10.01,LOW,86,commercial
california web design agency,web-design,web design agency,320,11.15,LOW,34,commercial
web design agency la,web-design,web design agency,320,16.93,MEDIUM,50,commercial
e commerce web design agency,web-design,web design agency,320,6.77,LOW,16,commercial
los angeles web design agency,web-design,web design agency,320,16.93,MEDIUM,56,commercial
web design agency california,web-design,web design agency,320,11.15,LOW,21,commercial
web design company in gainesville,web-design,web design company,320,5.18,LOW,15,commercial
michigan web design company,web-design,web design company,320,10.01,LOW,71,commercial
good web design company,web-design,web design company,320,47.37,MEDIUM,47,commercial
web design company in california,web-design,web design company,320,11.15,LOW,43,commercial
web design company michigan,web-design,web design company,320,10.01,LOW,77,commercial
web design company in michigan,web-design,web design company,320,10.01,LOW,77,commercial
website design cost average,web-design,website design cost,320,8.41,MEDIUM,11,commercial
average cost for a website design,web-design,website design cost,320,8.41,MEDIUM,20,commercial
average website design cost,web-design,website design cost,320,8.41,MEDIUM,18,commercial
average cost of a website design,web-design,website design cost,320,8.41,MEDIUM,23,commercial
average cost website design,web-design,website design cost,320,8.41,MEDIUM,6,commercial
average cost for website design,web-design,website design cost,320,8.41,MEDIUM,12,commercial
average cost to design website,web-design,website design cost,320,8.41,MEDIUM,6,commercial
average cost to design a website,web-design,website design cost,320,8.41,MEDIUM,13,commercial
website design average cost,web-design,website design cost,320,8.41,MEDIUM,6,commercial
average cost of website design for small business,web-design,website design cost,320,13.89,MEDIUM,10,commercial
average cost website design small business,web-design,website design cost,320,13.89,MEDIUM,16,commercial
average cost of website design,web-design,website design cost,320,8.41,MEDIUM,28,commercial
average cost for website redesign,web-design,website redesign,320,8.41,MEDIUM,1,commercial
average website redesign cost,web-design,website redesign,320,8.41,MEDIUM,1,commercial
ai white-collar work automation,ai-agent-dev,ai automation,320,0,,12,commercial
ai for business automation,ai-agent-dev,ai automation,320,130.2,LOW,29,commercial
ai automation consulting,ai-agent-dev,ai automation,320,34.56,LOW,0,commercial
ai call center automation,ai-agent-dev,ai automation,320,54.74,LOW,15,commercial
ai driven automation,ai-agent-dev,ai automation,320,23.37,LOW,29,informational
ai-driven automation,ai-agent-dev,ai automation,320,23.37,LOW,29,informational
ai automation consultant,ai-agent-dev,ai automation,320,34.56,LOW,0,commercial
ai automation engineer jobs,ai-agent-dev,ai automation,320,7.61,LOW,0,navigational
ai powered spreadsheet automation,ai-agent-dev,ai automation,320,0,LOW,28,informational
ecommerce development agency,ecommerce,ecommerce agency,260,8.47,LOW,39,commercial
ppc agency for ecommerce,ecommerce,ecommerce agency,260,79.93,LOW,2,commercial
seo agency for ecommerce,ecommerce,ecommerce agency,260,0,LOW,5,commercial
ppc ecommerce agency,ecommerce,ecommerce agency,260,79.93,LOW,22,commercial
ecommerce web development agency,ecommerce,ecommerce agency,260,3.11,LOW,44,commercial
ecommerce website development agency,ecommerce,ecommerce agency,260,3.11,LOW,32,commercial
ecommerce ppc agency,ecommerce,ecommerce agency,260,79.93,LOW,5,commercial
shopify app development services,ecommerce,shopify development,260,0,LOW,25,commercial
shopify development account,ecommerce,shopify development,260,1.77,LOW,50,navigational
shopify app development service,ecommerce,shopify development,260,0,LOW,22,commercial
woocommerce development service,ecommerce,woocommerce development,260,86.91,LOW,13,commercial
woocommerce development services,ecommerce,woocommerce development,260,86.91,LOW,21,commercial
woocommerce development companies,ecommerce,woocommerce development,260,82.41,LOW,5,commercial
woocommerce development company,ecommerce,woocommerce development,260,82.41,LOW,41,commercial
commerce ai,ai-commerce,ai commerce,260,13.95,MEDIUM,17,commercial
paypal agentic commerce,agentic-commerce,agentic commerce,260,10.88,MEDIUM,40,navigational
mastercard paypal agentic commerce partnership,agentic-commerce,agentic commerce,260,0,,22,commercial
agentic ai model,agentic-commerce,agentic ai,260,13.69,MEDIUM,63,informational
for which type of task is agentic ai most appropriate,agentic-commerce,agentic ai,260,0,LOW,4,informational
agentic ai in healthcare,agentic-commerce,agentic ai,260,19.88,LOW,10,commercial
agentic ai development,agentic-commerce,agentic ai,260,21.27,MEDIUM,33,commercial
agentic ai engineering,agentic-commerce,agentic ai,260,13.28,MEDIUM,0,navigational
agentic ai engineer,agentic-commerce,agentic ai,260,13.28,MEDIUM,14,navigational
nvidia agentic ai llms professional certification,agentic-commerce,agentic ai,260,4.6,LOW,4,commercial
agentic ai design pattern,agentic-commerce,agentic ai,260,15.53,MEDIUM,24,navigational
nvidia agentic ai,agentic-commerce,agentic ai,260,8.86,LOW,33,informational
agentic ai images,agentic-commerce,agentic ai,260,0.74,LOW,4,informational
agentic ai software,agentic-commerce,agentic ai,260,42.15,LOW,35,commercial
crewai agentic ai,agentic-commerce,agentic ai,260,0,LOW,24,transactional
python for agentic ai,agentic-commerce,agentic ai,260,13.39,LOW,13,informational
agentic ai in health care,agentic-commerce,agentic ai,260,19.88,LOW,10,commercial
agentic ai certifications,agentic-commerce,agentic ai,260,14.31,HIGH,14,navigational
agentic ai models,agentic-commerce,agentic ai,260,13.69,MEDIUM,54,informational
andrew ng agentic ai,agentic-commerce,agentic ai,260,12.63,MEDIUM,7,navigational
building agentic ai systems,agentic-commerce,agentic ai,260,18.4,HIGH,13,commercial
langchain agentic ai framework,agentic-commerce,agentic ai,260,0,LOW,24,informational
building agentic ai system,agentic-commerce,agentic ai,260,18.4,HIGH,13,commercial
agentic ai certificate,agentic-commerce,agentic ai,260,14.31,HIGH,28,informational
what is agentic ai means,agentic-commerce,agentic ai,260,5.22,MEDIUM,55,informational
agentic ai design patterns,agentic-commerce,agentic ai,260,15.53,MEDIUM,26,navigational
uipath agentic ai,agentic-commerce,agentic ai,260,24.75,MEDIUM,35,navigational
what is the difference between agentic ai and generative ai,agentic-commerce,agentic ai,260,8.16,MEDIUM,,informational
google agentic ai course,agentic-commerce,agentic ai,260,7.24,MEDIUM,30,navigational
ara protocol,agentic-commerce,agentic ai ecommerce,260,0,LOW,0,informational
ai venture capital,agentic-commerce,agentic ai ecommerce,260,17.44,LOW,38,commercial
arrive ai inc,agentic-commerce,agentic ai ecommerce,260,0,LOW,10,transactional
geico ai commercial,agentic-commerce,agentic ai ecommerce,260,0,LOW,9,navigational
ai-powered seo,ai-seo,ai seo,260,66.25,LOW,79,commercial
ai powered seo,ai-seo,ai seo,260,66.25,LOW,39,commercial
ai-driven seo,ai-seo,ai seo,260,0,LOW,44,commercial
semrush ai seo toolkit,ai-seo,ai seo,260,0,LOW,43,commercial
seo for ai search,ai-seo,ai seo,260,35.27,LOW,35,commercial
ai seo agent,ai-seo,ai seo,260,17.42,LOW,18,commercial
ai driven seo,ai-seo,ai seo,260,0,LOW,42,informational
best ai seo software,ai-seo,ai seo,260,0,LOW,17,commercial
best ai for seo,ai-seo,ai seo,260,31.79,LOW,13,commercial
surfer seo free ai humanizer,ai-seo,ai seo,260,0,LOW,44,commercial
what is ai seo called,ai-seo,ai seo,260,4.51,LOW,17,informational
generative engine optimization geo tools,ai-seo,generative engine optimization,260,0,LOW,19,commercial
ai tools with best generative engine optimization features,ai-seo,generative engine optimization,260,0,LOW,21,commercial
aeo answer engine optimization,ai-seo,answer engine optimization,260,34.69,MEDIUM,35,informational
ecommerce seo expert,seo,ecommerce seo,260,135.48,LOW,0,commercial
seo services for ecommerce websites,seo,ecommerce seo,260,0,LOW,24,commercial
seo services for ecommerce website,seo,ecommerce seo,260,0,LOW,22,commercial
ecommerce seo experts,seo,ecommerce seo,260,135.48,LOW,0,commercial
seo audit reporting tool,seo,seo audit,260,5.05,LOW,73,commercial
free website seo audit tool,seo,seo audit,260,0,LOW,77,commercial
website seo audit service,seo,seo audit,260,0,LOW,30,commercial
technical seo audit checklist,seo,seo audit,260,10.63,LOW,11,informational
online seo audit free,seo,seo audit,260,7.79,LOW,73,informational
seo audit online free,seo,seo audit,260,7.79,LOW,77,informational
free online seo audit,seo,seo audit,260,7.79,LOW,71,commercial
seo audit free online,seo,seo audit,260,7.79,LOW,84,informational
free website seo audit tools,seo,seo audit,260,0,LOW,77,commercial
seo audit report tool,seo,seo audit,260,5.05,LOW,84,commercial
free seo audit online,seo,seo audit,260,7.79,LOW,75,informational
seo audit report tools,seo,seo audit,260,5.05,LOW,73,commercial
website seo audit services,seo,seo audit,260,0,LOW,27,commercial
seo technical audit checklist,seo,seo audit,260,10.63,LOW,8,informational
local seo services companies,seo,local seo,260,52.22,LOW,18,commercial
local seo services company,seo,local seo,260,52.22,LOW,35,commercial
seo marketing local,seo,local seo,260,38.92,LOW,50,commercial
local seo chicago,seo,local seo,260,0,LOW,0,commercial
local seo services for businesses,seo,local seo,260,0,LOW,30,commercial
local seo solutions,seo,local seo,260,0,LOW,27,commercial
chicago local seo,seo,local seo,260,0,LOW,0,commercial
local seo for home services,seo,local seo,260,0,LOW,9,commercial
seattle local seo,seo,local seo,260,0,LOW,0,commercial
local seo marketing,seo,local seo,260,38.92,LOW,25,commercial
local seo seattle,seo,local seo,260,0,LOW,0,commercial
local seo for roofing companies,seo,local seo,260,0,LOW,6,informational
affordable local seo services,seo,local seo,260,0,LOW,3,commercial
local seo for electricians,seo,local seo,260,8.18,LOW,0,navigational
local seo in chicago,seo,local seo,260,0,LOW,0,commercial
cheap local seo services,seo,local seo,260,0,LOW,15,commercial
local seo for franchises,seo,local seo,260,0,LOW,0,commercial
best local seo software,seo,local seo,260,38.03,LOW,19,commercial
seo local marketing,seo,local seo,260,38.92,LOW,51,commercial
seo small business tips,seo,small business seo,260,7.94,LOW,37,commercial
best seo software for small business,seo,small business seo,260,11.02,LOW,24,commercial
seo for small business tips,seo,small business seo,260,7.94,LOW,23,informational
small business seo tips,seo,small business seo,260,7.94,LOW,15,informational
seo tips for small business,seo,small business seo,260,7.94,LOW,47,informational
small business seo advice,seo,small business seo,260,7.94,LOW,20,commercial
denver web design agency,web-design,web design agency,260,30.64,LOW,77,commercial
web design agency london,web-design,web design agency,260,12.85,LOW,72,commercial
web design agency denver,web-design,web design agency,260,30.64,LOW,82,commercial
web design london agency,web-design,web design agency,260,12.85,LOW,88,commercial
calgary web design agency,web-design,web design agency,260,0,LOW,66,commercial
web design agency in calgary,web-design,web design agency,260,0,LOW,26,commercial
web design agency in london,web-design,web design agency,260,12.85,LOW,100,commercial
saas web design agency,web-design,web design agency,260,33.47,LOW,1,commercial
london web design agency,web-design,web design agency,260,12.85,LOW,100,commercial
web design agency london uk,web-design,web design agency,260,12.85,LOW,100,commercial
website design cost calculator,web-design,website design cost,260,10.49,LOW,11,commercial
website design cost estimator,web-design,website design cost,260,10.49,LOW,18,commercial
healthcare website redesign,web-design,website redesign,260,24.03,LOW,0,informational
rfp website redesign,web-design,website redesign,260,32.39,LOW,12,navigational
website redesign rfp,web-design,website redesign,260,32.39,LOW,10,navigational
website redesign nyc,web-design,website redesign,260,82.17,LOW,43,commercial
website redesign proposal template,web-design,website redesign,260,12.38,MEDIUM,0,informational
best website redesign services,web-design,website redesign,260,18.96,LOW,28,commercial
ux website redesign,web-design,website redesign,260,0,LOW,0,navigational
website redesign cost,web-design,website redesign,260,23.39,LOW,1,commercial
website redesign costs,web-design,website redesign,260,23.39,LOW,1,commercial
website redesign project,web-design,website redesign,260,3.17,LOW,8,commercial
website redesign projects,web-design,website redesign,260,3.17,LOW,13,commercial
ai automation solutions,ai-agent-dev,ai automation,260,0,LOW,29,commercial
ai automation tool with no restrictions,ai-agent-dev,ai automation,260,27.89,MEDIUM,14,commercial
ai tools for automation,ai-agent-dev,ai automation,260,79.48,LOW,31,commercial
automation vs ai,ai-agent-dev,ai automation,260,6.28,LOW,20,informational
ai automation workflow,ai-agent-dev,ai automation,260,29.07,LOW,27,commercial
ai automation testing,ai-agent-dev,ai automation,260,23.46,MEDIUM,19,informational
ai in testing automation,ai-agent-dev,ai automation,260,23.46,MEDIUM,23,informational
ai tool for automation,ai-agent-dev,ai automation,260,79.48,LOW,31,commercial
ai automation society,ai-agent-dev,ai automation,260,30.87,LOW,0,navigational
ai workflow automation platform,ai-agent-dev,ai automation,260,44.76,LOW,56,commercial
ai automation business,ai-agent-dev,ai automation,260,21.2,MEDIUM,19,commercial
ai in test automation,ai-agent-dev,ai automation,260,23.46,MEDIUM,19,informational
ai workflow automation platforms,ai-agent-dev,ai automation,260,44.76,LOW,16,commercial
ai automation workflows,ai-agent-dev,ai automation,260,29.07,LOW,50,commercial
automation versus ai,ai-agent-dev,ai automation,260,6.28,LOW,13,informational
ai automation specialist job,ai-agent-dev,ai automation,260,2.75,LOW,0,navigational
ai automation specialist jobs,ai-agent-dev,ai automation,260,2.75,LOW,0,navigational
ai in automation testing,ai-agent-dev,ai automation,260,23.46,MEDIUM,22,informational
ai automation tools with no restrictions,ai-agent-dev,ai automation,260,27.89,MEDIUM,3,commercial
shopify ecommerce development services,ecommerce,shopify development,210,0,LOW,23,commercial
shopify app development companies,ecommerce,shopify development,210,45.2,LOW,8,commercial
shopify app development company,ecommerce,shopify development,210,45.2,LOW,34,navigational
shopify marketing agency,ecommerce,shopify agency,210,81.52,LOW,0,commercial
headless e commerce platforms,ecommerce,headless commerce,210,22.96,LOW,28,commercial
headless commerce platforms,ecommerce,headless commerce,210,30.48,LOW,17,commercial
headless e commerce platform,ecommerce,headless commerce,210,22.96,LOW,17,commercial
headless commerce platform,ecommerce,headless commerce,210,30.48,LOW,25,navigational
what is headless commerce,ecommerce,headless commerce,210,18.07,LOW,30,informational
ai chat for ecommerce,ai-commerce,ai ecommerce,210,90.39,LOW,31,commercial
ai agents for ecommerce,ai-commerce,ai ecommerce,210,47.2,LOW,25,commercial
ai chatbots for ecommerce,ai-commerce,ai ecommerce,210,90.39,LOW,9,commercial
ai agent for ecommerce,ai-commerce,ai ecommerce,210,47.2,LOW,0,commercial
ai chatbot for ecommerce,ai-commerce,ai ecommerce,210,90.39,LOW,9,commercial
ai chatbot for e commerce,ai-commerce,ai commerce,210,90.39,LOW,19,commercial
ai agent for e commerce,ai-commerce,ai commerce,210,47.2,LOW,25,commercial
ai agents for e commerce,ai-commerce,ai commerce,210,47.2,LOW,12,commercial
ai agent for e-commerce,ai-commerce,ai commerce,210,47.2,LOW,0,commercial
ai agents for e-commerce,ai-commerce,ai commerce,210,47.2,LOW,13,commercial
visa agentic commerce,agentic-commerce,agentic commerce,210,14.79,LOW,3,commercial
agentic ai aws,agentic-commerce,agentic ai,210,9.23,MEDIUM,20,navigational
coursera agentic ai,agentic-commerce,agentic ai,210,7.42,HIGH,17,navigational
is chatgpt agentic ai,agentic-commerce,agentic ai,210,9.71,LOW,25,informational
agentic ai course free,agentic-commerce,agentic ai,210,9.48,HIGH,11,commercial
what does autonomy mean when managing an agentic ai system,agentic-commerce,agentic ai,210,0,LOW,0,informational
gemini agentic ai,agentic-commerce,agentic ai,210,11.35,MEDIUM,40,informational
nvidia agentic ai certification,agentic-commerce,agentic ai,210,8.75,MEDIUM,5,navigational
is claude agentic ai,agentic-commerce,agentic ai,210,5.41,LOW,20,informational
robinhood agentic trading ai,agentic-commerce,agentic ai,210,9.64,LOW,,navigational
agentic ai andrew ng,agentic-commerce,agentic ai,210,9.06,MEDIUM,6,navigational
agentic ai projects,agentic-commerce,agentic ai,210,15.93,MEDIUM,21,commercial
agentic ai google,agentic-commerce,agentic ai,210,14.31,MEDIUM,31,navigational
agentic ai development company,agentic-commerce,agentic ai,210,138.76,LOW,5,commercial
agentic ai courses free,agentic-commerce,agentic ai,210,9.48,HIGH,12,informational
building agentic ai,agentic-commerce,agentic ai,210,16.48,HIGH,22,commercial
agentic ai vs llm,agentic-commerce,agentic ai,210,6.04,LOW,3,informational
mit agentic ai,agentic-commerce,agentic ai,210,23.54,HIGH,7,commercial
agentic ai vs llms,agentic-commerce,agentic ai,210,6.04,LOW,0,commercial
anthropic agentic ai,agentic-commerce,agentic ai,210,18.08,LOW,42,informational
agentic meaning in ai,agentic-commerce,agentic ai,210,4.2,MEDIUM,57,informational
amazon agentic ai,agentic-commerce,agentic ai,210,12.32,LOW,43,commercial
agentic ai reddit,agentic-commerce,agentic ai,210,0,LOW,2,navigational
gab ai inc,agentic-commerce,agentic ai ecommerce,210,0,LOW,24,navigational
protocol un,agentic-commerce,agentic ai ecommerce,210,0,LOW,7,informational
ceo ai,agentic-commerce,agentic ai ecommerce,210,9.29,LOW,0,informational
ai seo optimization tool,ai-seo,ai seo,210,24.92,LOW,74,commercial
seo and ai,ai-seo,ai seo,210,35.04,MEDIUM,41,commercial
otto seo ai,ai-seo,ai seo,210,7.58,LOW,22,informational
ai seo analyzer,ai-seo,ai seo,210,42.5,LOW,72,commercial
ai driven seo tools,ai-seo,ai seo,210,0,LOW,19,commercial
ai seo optimization tools,ai-seo,ai seo,210,24.92,LOW,16,commercial
ai seo content generator,ai-seo,ai seo,210,27.07,LOW,24,commercial
profound ai seo,ai-seo,ai seo,210,33.17,MEDIUM,21,informational
what is seo for ai called,ai-seo,ai seo,210,13.08,LOW,15,informational
ai driven seo tool,ai-seo,ai seo,210,0,LOW,28,commercial
generative engine optimization statistics,ai-seo,generative engine optimization,210,0,LOW,40,commercial
best rated answer engine optimization tools,ai-seo,answer engine optimization,210,0,LOW,4,commercial
answer engine optimization agency,ai-seo,answer engine optimization,210,50.9,LOW,7,navigational
ecommerce site seo strategy,seo,ecommerce seo,210,0,LOW,43,commercial
ecommerce website seo strategy,seo,ecommerce seo,210,0,LOW,28,commercial
seo strategies for ecommerce websites,seo,ecommerce seo,210,0,LOW,30,informational
seo strategy for ecommerce sites,seo,ecommerce seo,210,0,LOW,35,informational
seo strategy for ecommerce website,seo,ecommerce seo,210,0,LOW,28,informational
seo strategy for ecommerce websites,seo,ecommerce seo,210,0,LOW,31,informational
seo strategies for ecommerce website,seo,ecommerce seo,210,0,LOW,29,informational
online seo audit,seo,seo audit,210,24.44,LOW,73,commercial
free seo audit report,seo,seo audit,210,16.86,LOW,73,commercial
free seo audit reports,seo,seo audit,210,16.86,LOW,68,commercial
website seo audit report,seo,seo audit,210,64.88,LOW,73,informational
free seo audit report tools,seo,seo audit,210,0,LOW,73,commercial
seo online audit,seo,seo audit,210,24.44,LOW,77,commercial
best seo audit tools,seo,seo audit,210,23.15,LOW,36,commercial
seo audit companies,seo,seo audit,210,0,LOW,21,commercial
seo audit company,seo,seo audit,210,0,LOW,38,commercial
free online seo audit tool,seo,seo audit,210,0,LOW,77,commercial
on page seo audit tool,seo,seo audit,210,0,LOW,77,commercial
free online seo audit tools,seo,seo audit,210,0,LOW,77,commercial
seo audit near me,seo,seo audit,210,0,LOW,0,commercial
free seo audit report tool,seo,seo audit,210,0,LOW,73,commercial
seo audit software free,seo,seo audit,210,0,LOW,77,commercial
technical seo audit tool,seo,seo audit,210,31.73,LOW,73,commercial
seo audit online,seo,seo audit,210,24.44,LOW,77,commercial
ahrefs seo audit,seo,seo audit,210,0,LOW,47,commercial
technical seo audit tools,seo,seo audit,210,31.73,LOW,73,commercial
local seo audit tools,seo,seo audit,210,28.79,LOW,36,commercial
local seo audit tool,seo,seo audit,210,28.79,LOW,16,commercial
free seo audit software,seo,seo audit,210,0,LOW,73,commercial
on page seo audit tools,seo,seo audit,210,0,LOW,77,commercial
seo website audit report,seo,seo audit,210,64.88,LOW,77,informational
seo audit report free,seo,seo audit,210,16.86,LOW,77,informational
on-page seo audit tool,seo,seo audit,210,0,LOW,77,commercial
onpage seo audit tool,seo,seo audit,210,0,LOW,57,commercial
seo audit tool online free,seo,seo audit,210,0,LOW,77,informational
audit seo online,seo,seo audit,210,24.44,LOW,77,informational
best seo audit tool,seo,seo audit,210,23.15,LOW,41,commercial
best seo service for small business,seo,small business seo,210,19.19,LOW,27,commercial
small business website seo,seo,small business seo,210,58.62,LOW,24,commercial
seo for small business websites,seo,small business seo,210,58.62,LOW,42,commercial
best seo services small business,seo,small business seo,210,19.19,LOW,23,commercial
seo small business website,seo,small business seo,210,58.62,LOW,23,commercial
affordable small business seo packages,seo,small business seo,210,0,LOW,1,commercial
best seo services for small business,seo,small business seo,210,19.19,LOW,11,commercial
seo for small business website,seo,small business seo,210,58.62,LOW,31,commercial
affordable seo packages for small business,seo,small business seo,210,0,LOW,5,commercial
web design agency pune,web-design,web design agency,210,0,LOW,61,commercial
detroit web design agency,web-design,web design agency,210,5.04,MEDIUM,26,commercial
web design agency tampa,web-design,web design agency,210,10.25,LOW,59,commercial
web design agency seattle,web-design,web design agency,210,11.13,LOW,42,commercial
web design agency boston,web-design,web design agency,210,0,LOW,97,commercial
boston web design agency,web-design,web design agency,210,0,LOW,79,commercial
tampa web design agency,web-design,web design agency,210,10.25,LOW,30,commercial
web design agency san francisco,web-design,web design agency,210,16.13,LOW,3,commercial
real estate agency web design,web-design,web design agency,210,38.43,MEDIUM,49,commercial
san francisco web design agency,web-design,web design agency,210,16.13,LOW,19,commercial
web design agency in boston,web-design,web design agency,210,0,LOW,87,commercial
web design agency in san francisco,web-design,web design agency,210,16.13,LOW,19,commercial
web design agency in seattle,web-design,web design agency,210,11.13,LOW,42,commercial
seattle web design agency,web-design,web design agency,210,11.13,LOW,78,commercial
small business web design company,web-design,small business web design,210,93.78,LOW,50,commercial
web design company small business,web-design,small business web design,210,93.78,LOW,6,commercial
website redesign quote,web-design,website redesign,210,43.01,LOW,0,informational
website redesign package,web-design,website redesign,210,8.39,MEDIUM,0,commercial
redesign a website,web-design,website redesign,210,32.77,MEDIUM,19,commercial
website design redesign,web-design,website redesign,210,32.77,MEDIUM,14,commercial
website design and redesign,web-design,website redesign,210,32.77,MEDIUM,39,commercial
redesign of website,web-design,website redesign,210,32.77,MEDIUM,23,commercial
best website redesign,web-design,website redesign,210,36.56,MEDIUM,11,commercial
redesign the website,web-design,website redesign,210,32.77,MEDIUM,23,commercial
redesign website,web-design,website redesign,210,32.77,MEDIUM,19,commercial
redesign website design,web-design,website redesign,210,32.77,MEDIUM,13,commercial
ai development agent,ai-agent-dev,ai agent development,210,29.27,LOW,72,commercial
ai agent development platforms,ai-agent-dev,ai agent development,210,14.54,LOW,14,commercial
ai agent development platform,ai-agent-dev,ai agent development,210,14.54,LOW,30,commercial
ai agent development tools,ai-agent-dev,ai agent development,210,11.83,LOW,35,commercial
ai automation agency services,ai-agent-dev,ai automation agency,210,18.05,LOW,6,navigational
ai agency automation,ai-agent-dev,ai automation agency,210,39.23,MEDIUM,23,navigational
ai agents for small business,ai-agent-dev,ai agents for business,210,21.66,MEDIUM,2,commercial
ai automation for small business,ai-agent-dev,ai automation,210,20.02,MEDIUM,10,commercial
ai automation for business,ai-agent-dev,ai automation,210,45.15,LOW,24,commercial
ai business automation,ai-agent-dev,ai automation,210,29.95,MEDIUM,24,commercial
ai vs automation,ai-agent-dev,ai automation,210,1.59,LOW,20,informational
ai agent automation,ai-agent-dev,ai automation,210,39.23,MEDIUM,25,commercial
ai powered marketing automation platform,ai-agent-dev,ai automation,210,0,LOW,37,commercial
ai agents automation,ai-agent-dev,ai automation,210,39.23,MEDIUM,33,commercial
ai sales automation,ai-agent-dev,ai automation,210,53.37,LOW,21,commercial
ai automation for small businesses,ai-agent-dev,ai automation,210,20.02,MEDIUM,10,commercial
ai automation for businesses,ai-agent-dev,ai automation,210,45.15,LOW,25,commercial
sales ai automation,ai-agent-dev,ai automation,210,53.37,LOW,35,commercial
sales automation ai,ai-agent-dev,ai automation,210,53.37,LOW,21,commercial
ecommerce development company usa,ecommerce,ecommerce development company,170,12.41,LOW,16,commercial
ecommerce development company in usa,ecommerce,ecommerce development company,170,12.41,LOW,42,commercial
best ecommerce seo agency,ecommerce,ecommerce agency,170,0,LOW,25,commercial
b2b ecommerce agency,ecommerce,ecommerce agency,170,29.12,MEDIUM,1,commercial
ecommerce email marketing agency,ecommerce,ecommerce agency,170,49.57,LOW,17,commercial
shopify plus development agency,ecommerce,shopify development,170,0,LOW,0,navigational
shopify store development services,ecommerce,shopify development,170,85.2,LOW,40,commercial
shopify store development service,ecommerce,shopify development,170,85.2,LOW,48,navigational
shopify plus development company,ecommerce,shopify development,170,0,LOW,10,navigational
woocommerce development,ecommerce,woocommerce development,170,41.59,LOW,57,commercial
bigcommerce development service,ecommerce,bigcommerce development,170,0,LOW,17,commercial
bigcommerce development services,ecommerce,bigcommerce development,170,0,LOW,12,commercial
ai tool for ecommerce,ai-commerce,ai ecommerce,170,21.26,LOW,0,commercial
ai tools for ecommerce,ai-commerce,ai ecommerce,170,21.26,LOW,5,commercial
ai ecommerce website builder free,ai-commerce,ai ecommerce,170,34.51,LOW,53,commercial
ai ecommerce website builder,ai-commerce,ai ecommerce,170,27.52,MEDIUM,45,commercial
ai tools for e-commerce,ai-commerce,ai commerce,170,21.26,LOW,3,commercial
ai tools for e commerce,ai-commerce,ai commerce,170,21.26,LOW,2,commercial
wix paypal agentic commerce,agentic-commerce,agentic commerce,170,0,LOW,6,navigational
google agentic commerce,agentic-commerce,agentic commerce,170,12.52,MEDIUM,23,commercial
rag vs agentic ai,agentic-commerce,agentic ai,170,19.01,LOW,1,informational
deeplearning.ai agentic ai,agentic-commerce,agentic ai,170,6.85,MEDIUM,0,navigational
agentic ai development services,agentic-commerce,agentic ai,170,81.76,LOW,5,commercial
agentic ai orchestration,agentic-commerce,agentic ai,170,28.88,MEDIUM,3,informational
agentic ai mcp,agentic-commerce,agentic ai,170,16.73,MEDIUM,13,navigational
nvidia certified professional agentic ai,agentic-commerce,agentic ai,170,6.99,MEDIUM,2,commercial
agentic ai governance,agentic-commerce,agentic ai,170,39.3,MEDIUM,21,informational
agentic ai claude,agentic-commerce,agentic ai,170,11.48,MEDIUM,28,navigational
agentic ai explained,agentic-commerce,agentic ai,170,7.94,HIGH,54,informational
agentic ai vs generative ai vs predictive ai,agentic-commerce,agentic ai,170,80.47,MEDIUM,16,commercial
microsoft certified: agentic ai business solutions architect,agentic-commerce,agentic ai,170,11.74,LOW,4,commercial
agentic ai summit berkeley,agentic-commerce,agentic ai,170,6.98,LOW,0,navigational
agentic ai engineer jobs,agentic-commerce,agentic ai,170,3.2,LOW,0,navigational
mit applied agentic ai for organizational transformation,agentic-commerce,agentic ai,170,21.8,HIGH,0,commercial
nvidia certified professional: agentic ai,agentic-commerce,agentic ai,170,6.99,MEDIUM,4,commercial
agentic ai service,agentic-commerce,agentic ai,170,30.96,LOW,,navigational
difference between genai and agentic ai,agentic-commerce,agentic ai,170,7.4,MEDIUM,16,informational
langgraph for agentic ai,agentic-commerce,agentic ai,170,9.46,LOW,19,navigational
harvard agentic ai course,agentic-commerce,agentic ai,170,17.65,HIGH,6,commercial
databricks agentic ai,agentic-commerce,agentic ai,170,16.98,MEDIUM,6,commercial
agentic ai services,agentic-commerce,agentic ai,170,30.96,LOW,56,commercial
adaptation of agentic ai,agentic-commerce,agentic ai,170,0,MEDIUM,1,informational
how to use agentic ai,agentic-commerce,agentic ai,170,19.48,MEDIUM,31,informational
udacity agentic ai nanodegree,agentic-commerce,agentic ai,170,12.86,LOW,0,transactional
agentic ai 2025,agentic-commerce,agentic ai,170,0,LOW,23,informational
deeplearning ai agentic ai,agentic-commerce,agentic ai,170,6.85,MEDIUM,0,transactional
llm vs agentic ai,agentic-commerce,agentic ai,170,6.39,LOW,4,commercial
agentic ai apps,agentic-commerce,agentic ai,170,25.24,MEDIUM,46,navigational
chatgpt agentic ai,agentic-commerce,agentic ai,170,14.46,MEDIUM,25,navigational
agentic ai patterns,agentic-commerce,agentic ai,170,23.69,MEDIUM,27,informational
agentic ai app,agentic-commerce,agentic ai,170,25.24,MEDIUM,22,navigational
free agentic ai,agentic-commerce,agentic ai,170,18.36,HIGH,7,informational
agentic ai logo,agentic-commerce,agentic ai,170,16.14,LOW,56,navigational
ai vs agentic ai,agentic-commerce,agentic ai,170,9.28,LOW,24,commercial
udemy agentic ai course,agentic-commerce,agentic ai,170,5.59,HIGH,0,commercial
agentic ai interview questions,agentic-commerce,agentic ai,170,3.62,LOW,0,informational
nvidia-certified professional agentic ai,agentic-commerce,agentic ai,170,6.99,MEDIUM,4,commercial
what does agentic mean in ai,agentic-commerce,agentic ai,170,2.66,MEDIUM,56,informational
berkeley agentic ai summit,agentic-commerce,agentic ai,170,10.39,LOW,0,commercial
microsoft certified agentic ai business solutions architect,agentic-commerce,agentic ai,170,11.74,LOW,,commercial
mckinsey la office,agentic-commerce,agentic ai ecommerce,170,0,LOW,6,navigational
il commerce commission,agentic-commerce,agentic ai ecommerce,170,0,LOW,22,informational
ai consortium,agentic-commerce,agentic ai ecommerce,170,0,LOW,28,informational
commerce ita,agentic-commerce,agentic ai ecommerce,170,0,LOW,26,navigational
ai m&a,agentic-commerce,agentic ai ecommerce,170,18.77,MEDIUM,0,informational
ai procurement,agentic-commerce,agentic ai ecommerce,170,29.68,MEDIUM,34,informational
ai due diligence,agentic-commerce,agentic ai ecommerce,170,36.83,MEDIUM,1,informational
remax universal,agentic-commerce,agentic ai ecommerce,170,0,LOW,0,navigational
ai ml consultants,agentic-commerce,agentic ai ecommerce,170,0,LOW,2,commercial
testa companies,agentic-commerce,agentic ai ecommerce,170,6.31,LOW,0,informational
ita commerce,agentic-commerce,agentic ai ecommerce,170,0,LOW,27,navigational
seo with ai,ai-seo,ai seo,170,46.21,MEDIUM,40,commercial
how to use ai for seo,ai-seo,ai seo,170,23.55,LOW,22,informational
best ai visibility platforms with seo capabilities,ai-seo,ai seo,170,0,LOW,9,commercial
generative ai seo,ai-seo,ai seo,170,31.65,LOW,26,commercial
ai seo strategy,ai-seo,ai seo,170,46.36,LOW,40,commercial
surfer seo ai,ai-seo,ai seo,170,36.62,MEDIUM,10,commercial
seo ai ai content detector,ai-seo,ai seo,170,0,LOW,39,navigational
ai search seo,ai-seo,ai seo,170,93.29,LOW,27,commercial
best ai seo agency,ai-seo,ai seo,170,33.15,LOW,0,commercial
seo ai google website rank checker,ai-seo,ai seo,170,0,,44,navigational
ai seo strategies,ai-seo,ai seo,170,46.36,LOW,24,commercial
seo ai software,ai-seo,ai seo,170,44.09,LOW,51,commercial
what is generative engine optimization geo,ai-seo,generative engine optimization,170,17.96,LOW,44,informational
ecommerce seo best practices,seo,ecommerce seo,170,0,LOW,27,commercial
best ecommerce seo,seo,ecommerce seo,170,82.46,LOW,13,commercial
best seo ecommerce platform,seo,ecommerce seo,170,0,LOW,1,commercial
best seo for ecommerce,seo,ecommerce seo,170,82.46,LOW,28,commercial
ecommerce seo best practice,seo,ecommerce seo,170,0,LOW,28,commercial
ecommerce seo audit,seo,ecommerce seo,170,0,LOW,0,commercial
best seo ecommerce,seo,ecommerce seo,170,82.46,LOW,16,commercial
audit seo ecommerce,seo,ecommerce seo,170,0,LOW,0,informational
best ecommerce for seo,seo,ecommerce seo,170,82.46,LOW,10,commercial
best ecommerce seo agencies,seo,ecommerce seo,170,0,LOW,13,commercial
best ecommerce seo platform,seo,ecommerce seo,170,0,LOW,0,commercial
best ecommerce platform seo,seo,ecommerce seo,170,0,LOW,0,commercial
best ecommerce platform for seo,seo,ecommerce seo,170,0,LOW,4,commercial
ecommerce with best seo,seo,ecommerce seo,170,82.46,LOW,12,commercial
white label seo audit,seo,seo audit,170,20.31,LOW,9,commercial
online seo audit report,seo,seo audit,170,0,LOW,77,informational
seo audit white label,seo,seo audit,170,20.31,LOW,7,commercial
seo audit costs,seo,seo audit,170,22.48,LOW,0,commercial
best free seo audit tool,seo,seo audit,170,19.94,LOW,40,commercial
example seo audit report,seo,seo audit,170,16.23,LOW,0,informational
how to do seo audit,seo,seo audit,170,13.78,LOW,77,informational
how to perform an seo audit,seo,seo audit,170,13.78,LOW,64,informational
seo audit report example,seo,seo audit,170,16.23,LOW,2,informational
seo content audit,seo,seo audit,170,0,LOW,9,commercial
how to conduct an seo audit,seo,seo audit,170,13.78,LOW,29,informational
content seo audit,seo,seo audit,170,0,LOW,35,commercial
seo audit report online,seo,seo audit,170,0,LOW,77,informational
sample seo audit report,seo,seo audit,170,16.23,LOW,3,informational
seo audit sample reports,seo,seo audit,170,16.23,LOW,0,informational
seo audit sample,seo,seo audit,170,12.83,LOW,46,informational
seo audit examples,seo,seo audit,170,12.83,LOW,4,commercial
seo audit templates,seo,seo audit,170,12.76,LOW,0,commercial
seo audit format,seo,seo audit,170,12.76,LOW,31,informational
on-page seo audit,seo,seo audit,170,10.55,LOW,66,commercial
cost of seo audit,seo,seo audit,170,22.48,LOW,0,commercial
seo site audit tool free,seo,seo audit,170,0,LOW,83,informational
seo audit example,seo,seo audit,170,12.83,LOW,0,informational
seo audit report examples,seo,seo audit,170,16.23,LOW,0,informational
best free seo audit tools,seo,seo audit,170,19.94,LOW,73,commercial
audit seo e commerce,seo,seo audit,170,0,LOW,0,commercial
seo audit template,seo,seo audit,170,12.76,LOW,0,commercial
on page seo audit,seo,seo audit,170,10.55,LOW,73,commercial
seo audit cost,seo,seo audit,170,22.48,LOW,2,commercial
seo audit report samples,seo,seo audit,170,16.23,LOW,1,informational
onpage seo audit,seo,seo audit,170,10.55,LOW,38,commercial
seo site audit software,seo,seo audit,170,100.94,LOW,84,commercial
content audit seo,seo,seo audit,170,0,LOW,17,commercial
seo site audit tools free,seo,seo audit,170,0,LOW,77,commercial
how to do a seo audit,seo,seo audit,170,13.78,LOW,64,informational
best seo small business,seo,small business seo,170,41.87,LOW,7,commercial
best seo for small business,seo,small business seo,170,41.87,LOW,19,commercial
seo strategy for small business,seo,small business seo,170,0,LOW,21,commercial
best small business seo,seo,small business seo,170,41.87,LOW,12,commercial
seo solutions for small business,seo,small business seo,170,0,LOW,14,commercial
small business seo solutions,seo,small business seo,170,0,LOW,22,commercial
seo strategies for small business,seo,small business seo,170,0,LOW,21,commercial
web design agency austin tx,web-design,web design agency,170,11.52,LOW,85,commercial
miami web design agency,web-design,web design agency,170,10.11,LOW,75,commercial
web design agency virginia,web-design,web design agency,170,0,LOW,74,commercial
dental web design agency,web-design,web design agency,170,56.86,LOW,96,commercial
web design agency miami,web-design,web design agency,170,10.11,LOW,62,commercial
web design for insurance agency,web-design,web design agency,170,26.44,LOW,30,commercial
dentist web design agency,web-design,web design agency,170,56.86,LOW,32,commercial
web design insurance agency,web-design,web design agency,170,26.44,LOW,33,commercial
web design agency austin,web-design,web design agency,170,11.52,LOW,82,commercial
web design agency in miami,web-design,web design agency,170,10.11,LOW,74,commercial
insurance agency web design,web-design,web design agency,170,26.44,LOW,18,commercial
austin web design agency,web-design,web design agency,170,11.52,LOW,82,commercial
small business web design templates,web-design,small business web design,170,17.52,MEDIUM,5,informational
small business web design template,web-design,small business web design,170,17.52,MEDIUM,7,informational
how much does website design cost,web-design,website design cost,170,15.24,MEDIUM,19,informational
how much does it cost for a website design,web-design,website design cost,170,15.24,MEDIUM,22,informational
website design at low cost,web-design,website design cost,170,81.4,LOW,83,commercial
how much is website design cost,web-design,website design cost,170,11.26,MEDIUM,47,informational
how much cost website design,web-design,website design cost,170,11.26,MEDIUM,29,informational
how much should website design cost,web-design,website design cost,170,11.26,MEDIUM,25,informational
how much cost for website design,web-design,website design cost,170,11.26,MEDIUM,13,informational
how much cost a website design,web-design,website design cost,170,11.26,MEDIUM,31,commercial
low cost website design,web-design,website design cost,170,81.4,LOW,83,commercial
website design low cost,web-design,website design cost,170,81.4,LOW,13,commercial
how much does a website design cost,web-design,website design cost,170,11.26,MEDIUM,19,informational
how much should a website design cost,web-design,website design cost,170,11.26,MEDIUM,16,informational
how much for a website design cost,web-design,website design cost,170,11.26,MEDIUM,18,informational
redesign website proposal,web-design,website redesign,170,5.95,LOW,0,informational
website redesign pricing,web-design,website redesign,170,9.38,LOW,0,commercial
redesign company website,web-design,website redesign,170,188.42,LOW,18,commercial
proposal for website redesign,web-design,website redesign,170,5.95,LOW,0,navigational
nonprofit website redesign,web-design,website redesign,170,22.63,LOW,45,navigational
website redesign price,web-design,website redesign,170,9.38,LOW,0,commercial
website redesign company,web-design,website redesign,170,188.42,LOW,28,commercial
website redesign proposal,web-design,website redesign,170,5.95,LOW,3,informational
bank website redesign,web-design,website redesign,170,6.32,LOW,2,navigational
ai-powered test automation tools,ai-agent-dev,ai automation,170,0,LOW,30,commercial
ai powered marketing automation,ai-agent-dev,ai automation,170,0,LOW,27,commercial
no code ai automation,ai-agent-dev,ai automation,170,0,LOW,14,informational
ai-powered marketing automation,ai-agent-dev,ai automation,170,0,LOW,25,commercial
n8n ai automation,ai-agent-dev,ai automation,170,6.64,LOW,17,navigational
ai testing automation,ai-agent-dev,ai automation,170,21.49,LOW,63,informational
ai test automation,ai-agent-dev,ai automation,170,21.49,LOW,16,informational
make ai automation,ai-agent-dev,ai automation,170,53.62,MEDIUM,22,informational
ai powered test automation tools,ai-agent-dev,ai automation,170,0,LOW,27,commercial
ai automation certification,ai-agent-dev,ai automation,170,13.5,HIGH,10,informational
ai business process automation,ai-agent-dev,ai automation,170,52.37,LOW,18,commercial
ai tools for business automation,ai-agent-dev,ai automation,170,0,LOW,37,commercial
ecommerce development company india,ecommerce,ecommerce development company,140,0,LOW,15,commercial
custom ecommerce development company,ecommerce,ecommerce development company,140,0,LOW,5,commercial
ecommerce web development company in india,ecommerce,ecommerce development company,140,0,LOW,42,commercial
ecommerce development company in india,ecommerce,ecommerce development company,140,0,LOW,28,commercial
ecommerce website development company india,ecommerce,ecommerce development company,140,0,LOW,13,commercial
magento ecommerce development company,ecommerce,ecommerce development company,140,0,LOW,29,commercial
ecommerce website development company in india,ecommerce,ecommerce development company,140,0,LOW,11,commercial
london ecommerce agency,ecommerce,ecommerce agency,140,0,MEDIUM,26,commercial
ecommerce digital agency,ecommerce,ecommerce agency,140,56.25,LOW,17,commercial
ecommerce agency london,ecommerce,ecommerce agency,140,0,MEDIUM,25,commercial
digital marketing agency for ecommerce,ecommerce,ecommerce agency,140,435.06,LOW,14,commercial
digital agency ecommerce,ecommerce,ecommerce agency,140,56.25,LOW,62,commercial
digital agency for ecommerce,ecommerce,ecommerce agency,140,56.25,LOW,14,commercial
custom shopify development,ecommerce,shopify development,140,31.51,LOW,32,commercial
shopify custom development,ecommerce,shopify development,140,31.51,LOW,18,navigational
shopify web development agency,ecommerce,shopify development,140,15.93,LOW,51,navigational
shopify website development agency,ecommerce,shopify development,140,15.93,LOW,36,navigational
shopify agency los angeles,ecommerce,shopify agency,140,21.53,LOW,0,navigational
shopify design agency,ecommerce,shopify agency,140,13.52,LOW,51,navigational
shopify agency partners,ecommerce,shopify agency,140,30.23,LOW,25,navigational
shopify headless commerce,ecommerce,headless commerce,140,4.7,LOW,24,commercial
bigcommerce development company,ecommerce,bigcommerce development,140,0,LOW,20,commercial
bigcommerce web development,ecommerce,bigcommerce development,140,0,LOW,36,commercial
bigcommerce web development company,ecommerce,bigcommerce development,140,0,LOW,31,commercial
bigcommerce website development,ecommerce,bigcommerce development,140,0,LOW,36,commercial
bigcommerce development,ecommerce,bigcommerce development,140,19.43,LOW,11,commercial
bigcommerce development companies,ecommerce,bigcommerce development,140,0,LOW,20,commercial
generative ai in ecommerce,ai-commerce,ai ecommerce,140,13.83,LOW,11,commercial
ecommerce ai tools,ai-commerce,ai ecommerce,140,23.66,LOW,0,commercial
generative ai in e-commerce,ai-commerce,ai commerce,140,13.83,LOW,15,commercial
e commerce ai tools,ai-commerce,ai commerce,140,23.66,LOW,18,commercial
e-commerce ai tools,ai-commerce,ai commerce,140,23.66,LOW,5,commercial
generative ai in e commerce,ai-commerce,ai commerce,140,13.83,LOW,16,commercial
openai agentic commerce,agentic-commerce,agentic commerce,140,23.01,MEDIUM,40,navigational
agentic e commerce,agentic-commerce,agentic commerce,140,32.51,MEDIUM,27,commercial
agentic e-commerce,agentic-commerce,agentic commerce,140,32.51,MEDIUM,,commercial
mastercard agentic commerce,agentic-commerce,agentic commerce,140,20.96,LOW,26,navigational
azure agentic ai,agentic-commerce,agentic ai,140,21.61,MEDIUM,25,navigational
agentic ai in manufacturing,agentic-commerce,agentic ai,140,40.27,LOW,0,navigational
difference between ai agent and agentic ai,agentic-commerce,agentic ai,140,11.99,LOW,20,informational
agentic icon,agentic-commerce,agentic ai ecommerce,140,0,LOW,0,informational
mas companies,agentic-commerce,agentic ai ecommerce,140,0,LOW,14,informational
agentic ai startups,agentic-commerce,agentic ai ecommerce,140,17.8,MEDIUM,22,commercial
uva commerce,agentic-commerce,agentic ai ecommerce,140,10.4,LOW,13,navigational
ai-cio,agentic-commerce,agentic ai ecommerce,140,0,LOW,23,informational
commerce rif,agentic-commerce,agentic ai ecommerce,140,0,LOW,3,informational
manus ai acquisition,agentic-commerce,agentic ai ecommerce,140,0,LOW,47,transactional
coca-cola commercial ai,agentic-commerce,agentic ai ecommerce,140,0,LOW,44,informational
use ai for seo,ai-seo,ai seo,140,25.52,MEDIUM,23,commercial
best seo ai,ai-seo,ai seo,140,27.79,MEDIUM,16,commercial
ai software for seo,ai-seo,ai seo,140,60.33,LOW,24,commercial
ai driven seo services,ai-seo,ai seo,140,0,LOW,17,commercial
seo ai tool free,ai-seo,ai seo,140,16.09,LOW,23,commercial
seo ai rank checker,ai-seo,ai seo,140,39.2,LOW,62,commercial
seo ai ai detector,ai-seo,ai seo,140,0,MEDIUM,51,informational
ai seo courses,ai-seo,ai seo,140,10.55,LOW,12,commercial
ai overview seo,ai-seo,ai seo,140,10.87,LOW,29,commercial
top ai seo tools,ai-seo,ai seo,140,16.8,LOW,28,commercial
ai seo title generator,ai-seo,ai seo,140,0,LOW,9,commercial
best ai tools for seo optimization,ai-seo,ai seo,140,133.96,LOW,22,commercial
using ai for seo,ai-seo,ai seo,140,25.52,MEDIUM,23,commercial
seo ai tools free,ai-seo,ai seo,140,16.09,LOW,41,commercial
ai tool seo,ai-seo,ai seo,140,48.37,LOW,24,informational
ai seo course,ai-seo,ai seo,140,10.55,LOW,19,commercial
best ai tool for seo optimization,ai-seo,ai seo,140,133.96,LOW,21,commercial
ai tools seo,ai-seo,ai seo,140,48.37,LOW,29,commercial
ai overviews seo,ai-seo,ai seo,140,10.87,LOW,31,commercial
seo optimization ai,ai-seo,ai seo,140,46.53,MEDIUM,26,commercial
ai visibility solutions with best generative engine optimization,ai-seo,generative engine optimization,140,0,LOW,12,commercial
top solutions for ai visibility and generative engine optimization,ai-seo,generative engine optimization,140,0,LOW,0,commercial
best answer engine optimization tools,ai-seo,answer engine optimization,140,0,LOW,11,commercial
answer engine optimization aeo services,ai-seo,answer engine optimization,140,0,LOW,35,commercial
profound answer engine optimization,ai-seo,answer engine optimization,140,3.54,MEDIUM,13,commercial
ecommerce seo firm,seo,ecommerce seo,140,0,LOW,6,commercial
seo tips ecommerce,seo,ecommerce seo,140,0,LOW,19,informational
ecommerce seo tips,seo,ecommerce seo,140,0,LOW,14,informational
seo for ecommerce product pages,seo,ecommerce seo,140,0,LOW,2,informational
seo tips for ecommerce,seo,ecommerce seo,140,0,LOW,30,informational
best seo tools for ecommerce,seo,ecommerce seo,140,0,LOW,7,commercial
ecommerce seo firms,seo,ecommerce seo,140,0,LOW,17,commercial
seo ecommerce tips,seo,ecommerce seo,140,0,LOW,14,informational
seo ecommerce product pages,seo,ecommerce seo,140,0,LOW,11,informational
ecommerce product page seo,seo,ecommerce seo,140,0,LOW,10,commercial
ecommerce seo tools,seo,ecommerce seo,140,0,LOW,2,commercial
audit seo google,seo,seo audit,140,20.44,LOW,83,commercial
free seo audit tool online,seo,seo audit,140,0,LOW,85,informational
seo audit tool for agencies,seo,seo audit,140,0,LOW,36,commercial
seo audit & reporting tool,seo,seo audit,140,0,LOW,73,commercial
enterprise seo audit,seo,seo audit,140,0,LOW,0,commercial
moz seo audit,seo,seo audit,140,0,LOW,19,commercial
link audit seo,seo,seo audit,140,3.17,LOW,84,commercial
free seo site audit tools,seo,seo audit,140,24.65,LOW,77,commercial
seo audit google,seo,seo audit,140,20.44,LOW,83,commercial
small business seo service,seo,small business seo,140,0,LOW,7,commercial
how much does seo cost for a small business,seo,small business seo,140,18.91,MEDIUM,9,informational
nonprofit web design agency,web-design,web design agency,140,34.65,MEDIUM,42,navigational
web design services agency,web-design,web design agency,140,19.96,LOW,70,commercial
web design creative agency,web-design,web design agency,140,12.13,LOW,97,commercial
web design agency services,web-design,web design agency,140,19.96,LOW,21,commercial
web design agency phoenix,web-design,web design agency,140,0,LOW,32,commercial
digital marketing and web design agency,web-design,web design agency,140,0,LOW,100,commercial
philadelphia web design agency,web-design,web design agency,140,38.37,LOW,52,commercial
web design service agency,web-design,web design agency,140,19.96,LOW,78,commercial
phoenix web design agency,web-design,web design agency,140,0,LOW,20,navigational
non profit web design agency,web-design,web design agency,140,34.65,MEDIUM,42,commercial
healthcare web design agency,web-design,web design agency,140,48.59,LOW,13,commercial
manufacturing web design agency,web-design,web design agency,140,0,LOW,0,navigational
creative web design agency,web-design,web design agency,140,12.13,LOW,82,commercial
best web design company for small business,web-design,small business web design,140,11.13,LOW,30,commercial
best small business web design companies,web-design,small business web design,140,11.13,LOW,19,commercial
small business web design package,web-design,small business web design,140,0,LOW,0,commercial
small business web design packages,web-design,small business web design,140,0,LOW,0,commercial
website redesign case study,web-design,website redesign,140,5.96,LOW,0,informational
website redesign services usa,web-design,website redesign,140,0,LOW,28,commercial
website redesign contract,web-design,website redesign,140,8.29,LOW,42,commercial
website redesign requirements,web-design,website redesign,140,0,LOW,8,informational
best ai agents for business,ai-agent-dev,ai agents for business,140,34.05,HIGH,17,commercial
ai tools for task automation,ai-agent-dev,ai automation,140,0,LOW,28,commercial
coursera ai automation course,ai-agent-dev,ai automation,140,5.29,MEDIUM,6,transactional
ai marketing automation software,ai-agent-dev,ai automation,140,0,LOW,36,commercial
palantir ai business automation,ai-agent-dev,ai automation,140,0,MEDIUM,11,transactional
ai & automation,ai-agent-dev,ai automation,140,28.36,LOW,30,informational
ai automation tools for businesses,ai-agent-dev,ai automation,140,0,LOW,37,commercial
agentic ai automation,ai-agent-dev,ai automation,140,29.12,LOW,16,navigational
ai automation bootcamp,ai-agent-dev,ai automation,140,15.09,MEDIUM,0,commercial
best ai automation tools,ai-agent-dev,ai automation,140,51.93,MEDIUM,27,commercial
ai automation engineer salary,ai-agent-dev,ai automation,140,9.4,LOW,0,informational
ai process automation,ai-agent-dev,ai automation,140,26.65,LOW,26,commercial
ai automation tools for business,ai-agent-dev,ai automation,140,0,LOW,37,commercial
ai tool for youtube automation,ai-agent-dev,ai automation,140,6.7,LOW,0,commercial
best ai automation tool,ai-agent-dev,ai automation,140,51.93,MEDIUM,,commercial
ai workflow automation software,ai-agent-dev,ai automation,140,0,LOW,23,commercial
ai browser automation,ai-agent-dev,ai automation,140,11.4,MEDIUM,72,commercial
ai tools for youtube automation,ai-agent-dev,ai automation,140,6.7,LOW,0,commercial
ai email automation,ai-agent-dev,ai automation,140,37.3,MEDIUM,38,commercial
youtube automation ai,ai-agent-dev,ai automation,140,6.31,MEDIUM,2,commercial
top ecommerce development company,ecommerce,ecommerce development company,110,34.32,LOW,0,commercial
seo agency ecommerce,ecommerce,ecommerce agency,110,0,LOW,4,commercial
full-service ecommerce agency,ecommerce,ecommerce agency,110,18.56,LOW,0,commercial
ecommerce conversion rate optimisation agency,ecommerce,ecommerce agency,110,0,LOW,25,commercial
full service ecommerce agency,ecommerce,ecommerce agency,110,18.56,LOW,2,commercial
shopify ecommerce agency,ecommerce,ecommerce agency,110,0,LOW,38,commercial
shopify app development agency,ecommerce,shopify development,110,0,LOW,22,navigational
shopify development coalition,ecommerce,shopify development,110,0,LOW,0,navigational
shopify web agency,ecommerce,shopify agency,110,30.11,LOW,51,commercial
shopify agency london,ecommerce,shopify agency,110,19.57,HIGH,31,commercial
shopify website agency,ecommerce,shopify agency,110,30.11,LOW,85,navigational
woocommerce development agency,ecommerce,woocommerce development,110,69.53,LOW,11,commercial
ai-powered ecommerce,ai-commerce,ai ecommerce,110,103.93,LOW,45,commercial
ecommerce ai agent,ai-commerce,ai ecommerce,110,33.76,MEDIUM,20,navigational
ai solutions for ecommerce,ai-commerce,ai ecommerce,110,0,LOW,20,commercial
ecommerce ai agents,ai-commerce,ai ecommerce,110,33.76,MEDIUM,0,commercial
ai powered ecommerce,ai-commerce,ai ecommerce,110,103.93,LOW,33,commercial
ai-powered e-commerce,ai-commerce,ai commerce,110,103.93,LOW,15,commercial
ai powered e commerce,ai-commerce,ai commerce,110,103.93,LOW,27,commercial
e commerce ai agent,ai-commerce,ai commerce,110,33.76,MEDIUM,31,navigational
e commerce ai agents,ai-commerce,ai commerce,110,33.76,MEDIUM,0,commercial
e-commerce ai agents,ai-commerce,ai commerce,110,33.76,MEDIUM,0,commercial
ai powered e-commerce,ai-commerce,ai commerce,110,103.93,LOW,45,commercial
e-commerce ai agent,ai-commerce,ai commerce,110,33.76,MEDIUM,27,navigational
stripe agentic commerce protocol,agentic-commerce,agentic commerce,110,9.3,LOW,53,navigational
agentic commerce news,agentic-commerce,agentic commerce,110,10.08,LOW,5,commercial
openai agentic commerce protocol,agentic-commerce,agentic commerce,110,0,LOW,57,transactional
persist ai formulations corp,agentic-commerce,agentic ai ecommerce,110,0,LOW,12,transactional
catalfumo companies,agentic-commerce,agentic ai ecommerce,110,0,LOW,0,navigational
acco commerce,agentic-commerce,agentic ai ecommerce,110,0,LOW,14,informational
prospero protocol,agentic-commerce,agentic ai ecommerce,110,0,LOW,0,informational
multi agentic ai,agentic-commerce,agentic ai ecommerce,110,17.45,MEDIUM,23,informational
ai b2b,agentic-commerce,agentic ai ecommerce,110,91.51,MEDIUM,23,commercial
peec ai alternatives,agentic-commerce,agentic ai ecommerce,110,24.97,LOW,0,commercial
amba axi protocol,agentic-commerce,agentic ai ecommerce,110,0,LOW,20,informational
devens ma companies,agentic-commerce,agentic ai ecommerce,110,0,LOW,0,informational
agentic ai marketplace,agentic-commerce,agentic ai ecommerce,110,26.72,LOW,11,navigational
geo ai seo,ai-seo,ai seo,110,14.85,MEDIUM,20,informational
ai seo audit,ai-seo,ai seo,110,22.46,LOW,67,commercial
best free ai tools for seo,ai-seo,ai seo,110,35.67,LOW,22,commercial
alli ai seo,ai-seo,ai seo,110,4.83,MEDIUM,16,informational
seo optimization ai tool,ai-seo,ai seo,110,68.93,LOW,22,commercial
ai seo content,ai-seo,ai seo,110,54.13,LOW,39,commercial
seo tool ai,ai-seo,ai seo,110,27.49,LOW,25,commercial
ai agent for seo,ai-seo,ai seo,110,38.88,LOW,14,commercial
ai tool for seo optimization,ai-seo,ai seo,110,16.26,LOW,25,commercial
ai seo tracker,ai-seo,ai seo,110,62.71,LOW,60,informational
seo tools ai,ai-seo,ai seo,110,27.49,LOW,28,commercial
ai seo company coalition,ai-seo,ai seo,110,15.56,MEDIUM,25,commercial
generative ai seo software,ai-seo,ai seo,110,0,LOW,27,commercial
ai seo expert,ai-seo,ai seo,110,0,LOW,8,commercial
seo optimization ai tools,ai-seo,ai seo,110,68.93,LOW,22,commercial
ai driven seo software,ai-seo,ai seo,110,0,LOW,15,commercial
jasper ai seo,ai-seo,ai seo,110,0,LOW,25,informational
ai agents for seo,ai-seo,ai seo,110,38.88,LOW,18,commercial
ai seo tracking,ai-seo,ai seo,110,62.71,LOW,70,informational
auto seo ai,ai-seo,ai seo,110,33.95,MEDIUM,7,informational
ai seo consultant,ai-seo,ai seo,110,0,LOW,22,commercial
seo ai keyword rank checker,ai-seo,ai seo,110,0,LOW,44,commercial
automated seo ai,ai-seo,ai seo,110,33.95,MEDIUM,25,commercial
seo ai domain authority checker,ai-seo,ai seo,110,0,LOW,92,informational
ai optimization seo,ai-seo,ai seo,110,26.5,MEDIUM,43,commercial
ai tools for seo optimization,ai-seo,ai seo,110,16.26,LOW,21,commercial
generative engine optimization course,ai-seo,generative engine optimization,110,12.98,HIGH,6,informational
recommended generative engine optimization software,ai-seo,generative engine optimization,110,0,LOW,4,commercial
generative engine optimization strategy,ai-seo,generative engine optimization,110,19.98,LOW,54,commercial
generative engine optimization courses,ai-seo,generative engine optimization,110,12.98,HIGH,0,commercial
generative engine optimization companies,ai-seo,generative engine optimization,110,26.2,LOW,0,commercial
most effective ai visibility tools with generative engine optimization,ai-seo,generative engine optimization,110,0,LOW,8,commercial
leading generative engine optimization services in ai industry,ai-seo,generative engine optimization,110,0,LOW,3,commercial
top generative engine optimization companies in ai,ai-seo,generative engine optimization,110,0,LOW,8,commercial
generative engine optimization strategies,ai-seo,generative engine optimization,110,19.98,LOW,57,informational
generative engine optimization company,ai-seo,generative engine optimization,110,26.2,LOW,12,commercial
semrush generative engine optimization,ai-seo,generative engine optimization,110,0,LOW,22,commercial
what is answer engine optimization aeo,ai-seo,answer engine optimization,110,14.42,LOW,29,informational
best answer engine optimization services,ai-seo,answer engine optimization,110,0,LOW,6,commercial
ecommerce seo pricing,seo,ecommerce seo,110,0,LOW,3,commercial
what is ecommerce seo,seo,ecommerce seo,110,1.55,LOW,25,informational
ecommerce seo price,seo,ecommerce seo,110,0,LOW,4,commercial
seo tools for ecommerce,seo,ecommerce seo,110,0,LOW,0,commercial
what is seo ecommerce,seo,ecommerce seo,110,1.55,LOW,28,informational
ecommerce seo package,seo,ecommerce seo,110,0,LOW,0,commercial
ecommerce seo packages,seo,ecommerce seo,110,0,LOW,0,commercial
ecommerce seo strategy,seo,ecommerce seo,110,1.55,LOW,25,commercial
ecommerce seo strategies,seo,ecommerce seo,110,1.55,LOW,27,commercial
ecommerce seo strategist,seo,ecommerce seo,110,1.55,LOW,57,commercial
seo cost small business,seo,small business seo,110,10.26,LOW,15,commercial
small business seo costs,seo,small business seo,110,10.26,LOW,13,commercial
is seo worth it for small business,seo,small business seo,110,0,LOW,18,informational
diy seo for small business,seo,small business seo,110,14.56,LOW,0,commercial
seo help for small business,seo,small business seo,110,59.12,MEDIUM,29,commercial
cost of seo for small business,seo,small business seo,110,10.26,LOW,14,commercial
seo costs for small business,seo,small business seo,110,10.26,LOW,7,commercial
small business seo cost,seo,small business seo,110,10.26,LOW,15,commercial
affordable seo services small business,seo,small business seo,110,0,LOW,6,commercial
seo cost for small business,seo,small business seo,110,10.26,LOW,8,commercial
affordable small business seo services,seo,small business seo,110,0,LOW,7,commercial
design agency web,web-design,web design agency,110,20.2,MEDIUM,21,commercial
webflow web design agency,web-design,web design agency,110,8.73,MEDIUM,17,commercial
web design agency website design,web-design,web design agency,110,20.2,MEDIUM,20,commercial
san diego web design agency,web-design,web design agency,110,11.03,LOW,37,commercial
web design agency st louis,web-design,web design agency,110,0,LOW,72,commercial
medical web design agency,web-design,web design agency,110,0,LOW,13,commercial
agency design web,web-design,web design agency,110,20.2,MEDIUM,17,commercial
web design agency san diego,web-design,web design agency,110,11.03,LOW,36,commercial
how to choose a web design agency,web-design,web design agency,110,5.28,LOW,0,informational
hvac web design agency,web-design,web design agency,110,76.74,LOW,6,navigational
best small business web design,web-design,small business web design,110,27.14,MEDIUM,17,commercial
nj small business web design company,web-design,small business web design,110,0,LOW,37,commercial
best web design small business,web-design,small business web design,110,36.52,HIGH,17,commercial
best web design for small business,web-design,small business web design,110,27.14,MEDIUM,34,commercial
cost to design a website,web-design,website design cost,110,15.03,MEDIUM,8,commercial
website design cost wordpress,web-design,website design cost,110,0,LOW,21,commercial
wordpress website design cost,web-design,website design cost,110,0,LOW,14,commercial
cost for wordpress website design,web-design,website design cost,110,0,LOW,20,commercial
e commerce website redesign,web-design,website redesign,110,21.55,LOW,0,informational
website redesign statistics,web-design,website redesign,110,0,LOW,46,informational
ecommerce website redesign,web-design,website redesign,110,21.55,LOW,0,commercial
ai powered web development agent,ai-agent-dev,ai agent development,110,0,LOW,46,commercial
andrej karpathy ai agent development timeline,ai-agent-dev,ai agent development,110,0,,28,transactional
custom ai agent development,ai-agent-dev,ai agent development,110,14.02,MEDIUM,17,commercial
ai automation specialist salary,ai-agent-dev,ai automation,110,0,LOW,0,informational
home automation ai,ai-agent-dev,ai automation,110,5.22,LOW,17,commercial
ai-powered workflow automation,ai-agent-dev,ai automation,110,18.3,LOW,30,commercial
ai agent workflow automation,ai-agent-dev,ai automation,110,15.48,LOW,20,commercial
ai agents workflow automation,ai-agent-dev,ai automation,110,15.48,LOW,25,commercial
tripleten ai automation bootcamp,ai-agent-dev,ai automation,110,5.36,LOW,25,commercial
ai for marketing automation,ai-agent-dev,ai automation,110,49.61,LOW,27,commercial
ai automation salary,ai-agent-dev,ai automation,110,8.57,LOW,3,informational
ai powered tools for automation,ai-agent-dev,ai automation,110,0,LOW,30,commercial
ai automation jobs remote,ai-agent-dev,ai automation,110,2.84,MEDIUM,0,informational
towards end-to-end automation of ai research,ai-agent-dev,ai automation,110,0,LOW,7,informational
ai home automation,ai-agent-dev,ai automation,110,5.22,LOW,19,commercial
towards end to end automation of ai research,ai-agent-dev,ai automation,110,0,LOW,7,commercial
is automation ai,ai-agent-dev,ai automation,110,0,LOW,32,informational
ai automation examples,ai-agent-dev,ai automation,110,13.62,MEDIUM,0,informational
ai automation training,ai-agent-dev,ai automation,110,16.14,MEDIUM,1,informational
ai powered workflow automation,ai-agent-dev,ai automation,110,18.3,LOW,30,commercial
nate herk ai automation,ai-agent-dev,ai automation,110,14.04,MEDIUM,6,informational
ai in home automation,ai-agent-dev,ai automation,110,5.22,LOW,23,informational
ai for home automation,ai-agent-dev,ai automation,110,5.22,LOW,17,commercial
uipath ai automation,ai-agent-dev,ai automation,110,0,LOW,15,navigational
ecommerce application development company,ecommerce,ecommerce development company,90,0,LOW,10,commercial
ecommerce growth agency,ecommerce,ecommerce agency,90,116.5,LOW,0,commercial
web agency ecommerce,ecommerce,ecommerce agency,90,27.91,LOW,13,commercial
ecommerce design agency,ecommerce,ecommerce agency,90,30.25,LOW,20,commercial
ecommerce website agency,ecommerce,ecommerce agency,90,27.91,LOW,19,commercial
shopify plus development services,ecommerce,shopify development,90,0,LOW,0,commercial
shopify development language,ecommerce,shopify development,90,9.9,LOW,0,informational
shopify expert agency,ecommerce,shopify agency,90,0,LOW,6,navigational
woocommerce web development,ecommerce,woocommerce development,90,0,LOW,34,commercial
woocommerce website development,ecommerce,woocommerce development,90,0,LOW,42,commercial
headless commerce solutions,ecommerce,headless commerce,90,0,LOW,14,navigational
headless commerce architecture,ecommerce,headless commerce,90,0,LOW,25,navigational
headless commerce development company,ecommerce,headless commerce,90,0,LOW,23,navigational
headless commerce examples,ecommerce,headless commerce,90,0,LOW,25,informational
headless commerce example,ecommerce,headless commerce,90,0,LOW,25,informational
shopify plus headless commerce,ecommerce,headless commerce,90,0,LOW,27,commercial
headless e commerce development company,ecommerce,headless commerce,90,0,LOW,11,navigational
headless e-commerce development company,ecommerce,headless commerce,90,0,LOW,7,navigational
headless commerce solution,ecommerce,headless commerce,90,0,LOW,8,navigational
bigcommerce headless commerce,ecommerce,headless commerce,90,44.09,LOW,0,navigational
headless commerce development services,ecommerce,headless commerce,90,0,LOW,24,navigational
bigcommerce development agency,ecommerce,bigcommerce development,90,20.12,LOW,20,navigational
ai in ecommerce examples,ai-commerce,ai ecommerce,90,24.98,LOW,21,commercial
ai photo editor for ecommerce,ai-commerce,ai ecommerce,90,19.86,LOW,6,commercial
ai photo editor for e commerce,ai-commerce,ai commerce,90,19.86,LOW,12,commercial
what is ai commerce,ai-commerce,ai commerce,90,8.1,LOW,34,informational
ai in e-commerce examples,ai-commerce,ai commerce,90,24.98,LOW,21,commercial
ai in e commerce examples,ai-commerce,ai commerce,90,24.98,LOW,7,commercial
agentic commerce protocol openai,agentic-commerce,agentic commerce,90,102.36,MEDIUM,58,transactional
agentic commerce platform,agentic-commerce,agentic commerce,90,29.86,LOW,,commercial
agentic commerce definition,agentic-commerce,agentic commerce,90,8.5,MEDIUM,27,informational
agentic commerce platforms,agentic-commerce,agentic commerce,90,29.86,LOW,10,commercial
neura ai company,agentic-commerce,agentic ai ecommerce,90,0,LOW,7,navigational
agentic ai consulting,agentic-commerce,agentic ai ecommerce,90,45.44,MEDIUM,2,commercial
c3 ai offices,agentic-commerce,agentic ai ecommerce,90,0,LOW,10,navigational
aem commerce,agentic-commerce,agentic ai ecommerce,90,14.42,LOW,0,navigational
top la companies,agentic-commerce,agentic ai ecommerce,90,0,LOW,22,informational
openai capex,agentic-commerce,agentic ai ecommerce,90,0,LOW,29,navigational
mels universal,agentic-commerce,agentic ai ecommerce,90,15.37,LOW,9,informational
universal tr,agentic-commerce,agentic ai ecommerce,90,0,LOW,23,informational
oracle e business suite erp,agentic-commerce,agentic ai ecommerce,90,0,LOW,6,navigational
stability ai ceo,agentic-commerce,agentic ai ecommerce,90,0,LOW,20,informational
quad e companies,agentic-commerce,agentic ai ecommerce,90,0,LOW,0,navigational
relyance ai glassdoor,agentic-commerce,agentic ai ecommerce,90,0,LOW,0,navigational
cognition ai ceo,agentic-commerce,agentic ai ecommerce,90,0,LOW,27,informational
clima en commerce,agentic-commerce,agentic ai ecommerce,90,0,LOW,0,informational
best ai seo tools 2025,ai-seo,ai seo,90,0,LOW,11,commercial
ai seo marketing,ai-seo,ai seo,90,46.51,LOW,39,commercial
ai seo content writing,ai-seo,ai seo,90,0,LOW,31,commercial
seo ai generator,ai-seo,ai seo,90,0,LOW,60,commercial
ai agent seo,ai-seo,ai seo,90,23.73,MEDIUM,28,commercial
top seo ai tools,ai-seo,ai seo,90,0,LOW,28,commercial
ai seo keywords,ai-seo,ai seo,90,0,LOW,31,commercial
ai for seo content,ai-seo,ai seo,90,0,LOW,28,commercial
seo using ai,ai-seo,ai seo,90,40.02,MEDIUM,40,commercial
ai seo free,ai-seo,ai seo,90,17.16,LOW,23,commercial
ai powered seo software,ai-seo,ai seo,90,0,LOW,28,commercial
ai tools for website seo,ai-seo,ai seo,90,0,LOW,20,commercial
generative ai seo tools,ai-seo,ai seo,90,0,LOW,28,commercial
ai seo tools for small business,ai-seo,ai seo,90,5.15,LOW,16,commercial
top ai tools for seo,ai-seo,ai seo,90,0,LOW,19,commercial
ai seo keyword,ai-seo,ai seo,90,0,LOW,39,commercial
seo ai tools analysis,ai-seo,ai seo,90,0,LOW,53,commercial
ai based seo,ai-seo,ai seo,90,34.84,LOW,42,commercial
leading generative engine optimization services for ai products,ai-seo,generative engine optimization,90,0,LOW,1,commercial
best generative engine optimization tools,ai-seo,generative engine optimization,90,0,LOW,15,commercial
top generative engine optimization strategies for ai visibility,ai-seo,generative engine optimization,90,0,LOW,42,commercial
best ai visibility products with generative engine optimization,ai-seo,generative engine optimization,90,0,LOW,10,commercial
what is geo generative engine optimization,ai-seo,generative engine optimization,90,28.12,MEDIUM,42,informational
what's the best generative engine optimization strategy for ai,ai-seo,generative engine optimization,90,0,LOW,15,informational
top answer engine optimization options for ai visibility products,ai-seo,answer engine optimization,90,0,LOW,15,commercial
top answer engine optimization services for ai industry,ai-seo,answer engine optimization,90,0,LOW,1,commercial
best answer engine optimization solutions for ai tech,ai-seo,answer engine optimization,90,0,LOW,6,commercial
best answer engine optimization for enhancing ai visibility,ai-seo,answer engine optimization,90,0,LOW,6,commercial
site chatgpt com share seo,ai-seo,chatgpt seo,90,0,LOW,20,navigational
chatgpt seo optimization,ai-seo,chatgpt seo,90,17.36,LOW,3,commercial
seo tools for chatgpt,ai-seo,chatgpt seo,90,0,LOW,14,commercial
ecommerce seo los angeles,seo,ecommerce seo,90,0,LOW,26,commercial
magento ecommerce seo,seo,ecommerce seo,90,0,LOW,0,commercial
on-page seo for ecommerce,seo,ecommerce seo,90,0,LOW,10,commercial
los angeles ca ecommerce seo,seo,ecommerce seo,90,0,LOW,11,navigational
shopify ecommerce seo,seo,ecommerce seo,90,0,LOW,9,commercial
how to do seo for ecommerce websites,seo,ecommerce seo,90,0,LOW,58,informational
how to do seo for ecommerce site,seo,ecommerce seo,90,0,LOW,63,informational
seo tools for ecommerce sites,seo,ecommerce seo,90,0,LOW,0,commercial
on page seo for ecommerce,seo,ecommerce seo,90,0,LOW,13,informational
ecommerce seo specialist,seo,ecommerce seo,90,7.38,LOW,0,commercial
technical seo for ecommerce,seo,ecommerce seo,90,0,LOW,10,commercial
best ecommerce software for seo,seo,ecommerce seo,90,0,LOW,0,commercial
ecommerce seo la california,seo,ecommerce seo,90,0,LOW,10,commercial
how to do seo for ecommerce website,seo,ecommerce seo,90,0,LOW,31,informational
average cost of seo for small business,seo,small business seo,90,0,LOW,15,commercial
why seo is important for small business,seo,small business seo,90,0,LOW,16,informational
seo for small business uk,seo,small business seo,90,0,LOW,11,commercial
seo for small business owners,seo,small business seo,90,0,LOW,23,commercial
small business seo uk,seo,small business seo,90,0,LOW,19,commercial
why is seo important for small business,seo,small business seo,90,0,LOW,10,informational
st louis web design agency,web-design,web design agency,90,0,LOW,72,commercial
best web design agency in india,web-design,web design agency,90,0,LOW,63,commercial
web design agency hertfordshire,web-design,web design agency,90,0,LOW,42,commercial
web design marketing agency,web-design,web design agency,90,17.69,MEDIUM,100,commercial
web design and marketing agency,web-design,web design agency,90,25.23,LOW,69,commercial
web design agency in usa,web-design,web design agency,90,18.41,LOW,37,commercial
web design agency calgary,web-design,web design agency,90,0,,53,commercial
luxury web design agency,web-design,web design agency,90,11.25,MEDIUM,23,commercial
local web design agency,web-design,web design agency,90,4.83,LOW,2,commercial
marketing and web design agency,web-design,web design agency,90,25.23,LOW,79,commercial
web design agency cambridge,web-design,web design agency,90,0,LOW,53,commercial
law firm web design agency,web-design,web design agency,90,0,LOW,16,commercial
professional web design agency,web-design,web design agency,90,60.78,LOW,41,commercial
hertfordshire web design agency,web-design,web design agency,90,0,LOW,43,commercial
best web design agency india,web-design,web design agency,90,0,LOW,63,commercial
marketing agency web design,web-design,web design agency,90,25.23,LOW,41,commercial
web design agency essex,web-design,web design agency,90,0,LOW,21,commercial
affordable web design agency,web-design,web design agency,90,0,LOW,38,commercial
cambridge web design agency,web-design,web design agency,90,0,LOW,23,commercial
essex web design agency,web-design,web design agency,90,0,LOW,34,commercial
small business web design agency,web-design,web design agency,90,43.04,LOW,13,commercial
roofing web design agency,web-design,web design agency,90,0,LOW,7,commercial
small business web design near me,web-design,small business web design,90,19.91,LOW,6,commercial
web design cost for small business,web-design,small business web design,90,23.58,MEDIUM,6,commercial
website design cost for small business,web-design,website design cost,90,23.58,MEDIUM,18,commercial
small business website design cost,web-design,website design cost,90,23.58,MEDIUM,18,commercial
website redesign project plan template,web-design,website redesign,90,10.24,LOW,0,informational
redesign website wordpress,web-design,website redesign,90,75.46,LOW,0,commercial
rfp website redesign template,web-design,website redesign,90,0,LOW,22,navigational
redesign website checklist,web-design,website redesign,90,5.85,LOW,0,informational
website redesign checklist,web-design,website redesign,90,5.85,LOW,0,informational
website-redesign-examples,web-design,website redesign,90,2.97,LOW,0,informational
redesign website service,web-design,website redesign,90,0,MEDIUM,7,commercial
how much does it cost to redesign a website,web-design,website redesign,90,0,LOW,3,informational
how much does a website redesign cost,web-design,website redesign,90,0,LOW,0,informational
wordpress website redesign,web-design,website redesign,90,75.46,LOW,0,commercial
rfp template for website redesign,web-design,website redesign,90,0,LOW,15,informational
website redesign examples,web-design,website redesign,90,2.97,LOW,19,informational
how much should a website redesign cost,web-design,website redesign,90,0,LOW,0,informational
ai agent development solutions,ai-agent-dev,ai agent development,90,0,LOW,4,commercial
ai automation agency near me,ai-agent-dev,ai automation agency,90,13.32,MEDIUM,0,commercial
best ai agents for small business,ai-agent-dev,ai agents for business,90,31.2,MEDIUM,0,commercial
ai in industrial automation,ai-agent-dev,ai automation,90,21.34,LOW,4,informational
learning ai automation,ai-agent-dev,ai automation,90,16.89,HIGH,33,informational
ai task automation,ai-agent-dev,ai automation,90,49.26,LOW,26,informational
best ai sales automation software,ai-agent-dev,ai automation,90,0,LOW,10,commercial
ai test automation tool,ai-agent-dev,ai automation,90,25.07,LOW,34,informational
free ai automation tools,ai-agent-dev,ai automation,90,26.26,HIGH,22,commercial
best ai workflow automation tools,ai-agent-dev,ai automation,90,50.3,LOW,37,commercial
ai-powered test automation,ai-agent-dev,ai automation,90,53.23,MEDIUM,30,commercial
automation with ai,ai-agent-dev,ai automation,90,47.31,MEDIUM,30,commercial
how to learn ai automation,ai-agent-dev,ai automation,90,12.49,HIGH,6,informational
ai automation newsletter,ai-agent-dev,ai automation,90,0,MEDIUM,9,informational
ai driven marketing automation,ai-agent-dev,ai automation,90,0,LOW,30,commercial
ai sales automation tools,ai-agent-dev,ai automation,90,0,LOW,10,commercial
ai test automation tools,ai-agent-dev,ai automation,90,25.07,LOW,34,commercial
ai powered test automation,ai-agent-dev,ai automation,90,53.23,MEDIUM,59,informational
prime automation ai,ai-agent-dev,ai automation,90,0,LOW,3,informational
ai augmentation vs automation,ai-agent-dev,ai automation,90,9.11,LOW,5,informational
ai for task automation,ai-agent-dev,ai automation,90,44.84,LOW,29,informational
workflow automation ai,ai-agent-dev,ai automation,90,57.26,LOW,31,commercial
ai automation news,ai-agent-dev,ai automation,90,0,MEDIUM,36,informational
free ai automation tool,ai-agent-dev,ai automation,90,26.26,HIGH,31,informational
google ai automation,ai-agent-dev,ai automation,90,4.64,LOW,40,informational
ai automation meaning,ai-agent-dev,ai automation,90,7.17,LOW,23,informational
ai automation in healthcare,ai-agent-dev,ai automation,90,0,LOW,7,commercial
ai automation agent,ai-agent-dev,ai automation,90,35.57,MEDIUM,42,commercial
ai-driven marketing automation,ai-agent-dev,ai automation,90,0,LOW,30,commercial
learn ai automation,ai-agent-dev,ai automation,90,16.89,HIGH,9,informational
make com ai automation,ai-agent-dev,ai automation,90,18.18,LOW,16,informational
ai industrial automation,ai-agent-dev,ai automation,90,21.34,LOW,21,commercial
ai business automation tools,ai-agent-dev,ai automation,90,0,LOW,37,commercial
what is ai workflow automation,ai-agent-dev,ai automation,90,17.07,LOW,27,informational
ai automation agents,ai-agent-dev,ai automation,90,35.57,MEDIUM,33,commercial
difference between ai and automation,ai-agent-dev,ai automation,90,0.27,LOW,10,informational
make.com ai automation,ai-agent-dev,ai automation,90,18.18,LOW,29,navigational
ai document automation,ai-agent-dev,ai automation,90,12.95,LOW,11,commercial
ai automation business ideas,ai-agent-dev,ai automation,90,6.4,MEDIUM,18,commercial
ecommerce magento development agency,ecommerce,ecommerce agency,70,0,LOW,11,commercial
best ecommerce agency,ecommerce,ecommerce agency,70,178.14,LOW,0,commercial
ecommerce marketing agency australia,ecommerce,ecommerce agency,70,0,,0,commercial
ecommerce photography agency,ecommerce,ecommerce agency,70,7.75,LOW,6,commercial
ecommerce web agency,ecommerce,ecommerce agency,70,0,LOW,20,commercial
b2b ecommerce agency coalition,ecommerce,ecommerce agency,70,12.24,HIGH,2,commercial
email marketing agency for ecommerce,ecommerce,ecommerce agency,70,99.69,LOW,17,commercial
top ecommerce agency,ecommerce,ecommerce agency,70,0,LOW,2,commercial
magento ecommerce development agency,ecommerce,ecommerce agency,70,0,LOW,21,commercial
magento ecommerce agency,ecommerce,ecommerce agency,70,0,LOW,3,commercial
ecommerce consulting agency,ecommerce,ecommerce agency,70,26.85,LOW,26,commercial
ecommerce ppc management agency,ecommerce,ecommerce agency,70,0,,4,commercial
b2b ecommerce development agency,ecommerce,ecommerce agency,70,0,MEDIUM,0,commercial
luxury ecommerce agency,ecommerce,ecommerce agency,70,0,LOW,11,commercial
shopify development companies in india,ecommerce,shopify development,70,0,LOW,8,commercial
shopify theme-development-services,ecommerce,shopify development,70,0,LOW,7,navigational
custom shopify development services,ecommerce,shopify development,70,0,LOW,17,commercial
shopify theme development services,ecommerce,shopify development,70,0,LOW,10,commercial
shopify development india,ecommerce,shopify development,70,0,LOW,29,navigational
shopify development course,ecommerce,shopify development,70,4.91,LOW,26,informational
shopify development courses,ecommerce,shopify development,70,4.91,LOW,23,commercial
shopify development company india,ecommerce,shopify development,70,0,LOW,0,navigational
shopify development agency usa,ecommerce,shopify development,70,14.28,LOW,26,navigational
shopify development company in india,ecommerce,shopify development,70,0,LOW,14,commercial
shopify theme development service,ecommerce,shopify development,70,0,LOW,10,commercial
shopify plus development,ecommerce,shopify development,70,0,LOW,0,commercial
best shopify agency,ecommerce,shopify agency,70,22.18,LOW,5,commercial
headless shopify agency,ecommerce,shopify agency,70,0,LOW,0,navigational
shopify partner agency,ecommerce,shopify agency,70,129.76,LOW,42,navigational
shopify agency near me,ecommerce,shopify agency,70,0,LOW,4,navigational
shopify migration agency,ecommerce,shopify agency,70,0,LOW,0,navigational
woocommerce web development company,ecommerce,woocommerce development,70,0,LOW,40,commercial
custom woocommerce development,ecommerce,woocommerce development,70,67.14,LOW,16,commercial
woocommerce custom development,ecommerce,woocommerce development,70,67.14,LOW,12,commercial
woocommerce website development services,ecommerce,woocommerce development,70,0,LOW,41,commercial
woocommerce web development services,ecommerce,woocommerce development,70,0,LOW,29,commercial
woocommerce website development company,ecommerce,woocommerce development,70,0,LOW,33,commercial
what is headless e commerce,ecommerce,headless commerce,70,0,LOW,23,informational
headless commerce meaning,ecommerce,headless commerce,70,16.72,LOW,31,informational
headless e commerce architecture,ecommerce,headless commerce,70,0,LOW,31,navigational
benefits of headless commerce,ecommerce,headless commerce,70,0,LOW,8,informational
bigcommerce apps development,ecommerce,bigcommerce development,70,77.64,LOW,13,commercial
bigcommerce app development,ecommerce,bigcommerce development,70,77.64,LOW,7,commercial
ecommerce and ai,ai-commerce,ai ecommerce,70,0,MEDIUM,33,commercial
best ai tools for ecommerce,ai-commerce,ai ecommerce,70,29.79,LOW,20,commercial
how to use ai in ecommerce,ai-commerce,ai ecommerce,70,8.39,LOW,14,informational
ai use cases in ecommerce,ai-commerce,ai ecommerce,70,0,LOW,9,commercial
agentic ai ecommerce,ai-commerce,ai ecommerce,70,31.15,MEDIUM,28,commercial
generative ai ecommerce,ai-commerce,ai ecommerce,70,0,LOW,8,commercial
ai personalization ecommerce,ai-commerce,ai ecommerce,70,0,LOW,5,commercial
ai ecommerce platform,ai-commerce,ai ecommerce,70,17.64,LOW,16,commercial
best ai tool for ecommerce,ai-commerce,ai ecommerce,70,29.79,LOW,1,commercial
vertex ai search for commerce,ai-commerce,ai commerce,70,10.45,LOW,4,commercial
generative ai e-commerce,ai-commerce,ai commerce,70,0,LOW,20,commercial
best ai tools for e commerce,ai-commerce,ai commerce,70,29.79,LOW,17,commercial
e commerce and ai,ai-commerce,ai commerce,70,0,MEDIUM,33,commercial
ai e commerce platform,ai-commerce,ai commerce,70,17.64,LOW,60,commercial
how to use ai in e commerce,ai-commerce,ai commerce,70,8.39,LOW,30,informational
ai e-commerce platform,ai-commerce,ai commerce,70,17.64,LOW,53,commercial
best ai tools for e-commerce,ai-commerce,ai commerce,70,29.79,LOW,8,commercial
agentic ai e commerce,ai-commerce,ai commerce,70,31.15,MEDIUM,20,commercial
agentic ai commerce,ai-commerce,ai commerce,70,14.64,MEDIUM,31,commercial
chatgpt agentic commerce,agentic-commerce,agentic commerce,70,0,MEDIUM,40,navigational
adyen agentic commerce,agentic-commerce,agentic commerce,70,18.92,LOW,0,navigational
amex agentic commerce,agentic-commerce,agentic commerce,70,41.34,LOW,0,navigational
agentic commerce stripe,agentic-commerce,agentic commerce,70,4.03,MEDIUM,34,navigational
mastercard and paypal agentic commerce,agentic-commerce,agentic commerce,70,0,,21,commercial
agentic commerce shopify,agentic-commerce,agentic commerce,70,8.28,MEDIUM,43,navigational
commerce bl2,agentic-commerce,agentic ai ecommerce,70,0,LOW,0,informational
universal corer,agentic-commerce,agentic ai ecommerce,70,0,LOW,0,transactional
uniport universal,agentic-commerce,agentic ai ecommerce,70,0,LOW,0,navigational
ai mlm,agentic-commerce,agentic ai ecommerce,70,43.45,LOW,0,commercial
mercor openai,agentic-commerce,agentic ai ecommerce,70,0.25,LOW,37,navigational
ai nord products,agentic-commerce,agentic ai ecommerce,70,0,LOW,15,navigational
accord ai,agentic-commerce,agentic ai ecommerce,70,0,LOW,3,informational
apollo ai lead generation,agentic-commerce,agentic ai ecommerce,70,17.68,LOW,3,commercial
commerce ntia,agentic-commerce,agentic ai ecommerce,70,0,LOW,17,informational
streator il chamber of commerce,agentic-commerce,agentic ai ecommerce,70,0,LOW,0,navigational
kucera companies,agentic-commerce,agentic ai ecommerce,70,0,LOW,0,navigational
sela salesforce,agentic-commerce,agentic ai ecommerce,70,0,LOW,9,navigational
mlm e commerce,agentic-commerce,agentic ai ecommerce,70,3.98,LOW,2,commercial
seo for ai search engines,ai-seo,ai seo,70,125.05,LOW,43,commercial
ai for seo optimization,ai-seo,ai seo,70,32.54,MEDIUM,28,commercial
ai-generated content seo,ai-seo,ai seo,70,0,LOW,31,commercial
ai tools for seo keyword research,ai-seo,ai seo,70,36.48,LOW,43,commercial
ai-powered seo services,ai-seo,ai seo,70,36.03,LOW,8,commercial
using ai in seo,ai-seo,ai seo,70,0,LOW,39,commercial
seo ai free,ai-seo,ai seo,70,33.89,MEDIUM,41,commercial
automated ai seo,ai-seo,ai seo,70,32.54,LOW,13,commercial
seo for ai overviews,ai-seo,ai seo,70,0,LOW,38,commercial
best seo ai tools free,ai-seo,ai seo,70,0,LOW,16,commercial
ai tools in seo,ai-seo,ai seo,70,0,LOW,19,commercial
ai-generated seo,ai-seo,ai seo,70,0,LOW,29,commercial
ai seo writing,ai-seo,ai seo,70,5.94,LOW,32,commercial
surfer seo ai checker,ai-seo,ai seo,70,22.22,MEDIUM,22,commercial
free ai tools for seo,ai-seo,ai seo,70,14.32,LOW,16,commercial
best free ai seo tools,ai-seo,ai seo,70,7.66,LOW,11,commercial
perplexity ai seo,ai-seo,ai seo,70,0,LOW,0,informational
ai tool for seo analysis,ai-seo,ai seo,70,0,LOW,63,commercial
ai seo tool free,ai-seo,ai seo,70,18.53,LOW,42,commercial
ai impact on seo,ai-seo,ai seo,70,8.09,LOW,36,commercial
ai generated content seo,ai-seo,ai seo,70,0,LOW,37,commercial
ai generated seo,ai-seo,ai seo,70,0,LOW,42,commercial
ai tool for seo keyword research,ai-seo,ai seo,70,36.48,LOW,28,commercial
ai powered seo services,ai-seo,ai seo,70,36.03,LOW,12,commercial
google ai seo,ai-seo,ai seo,70,23.84,MEDIUM,31,commercial
ai seo description generator,ai-seo,ai seo,70,0,LOW,11,commercial
jasper ai for seo,ai-seo,ai seo,70,0,LOW,23,commercial
seo ai optimization,ai-seo,ai seo,70,54.71,MEDIUM,42,commercial
seo in the age of ai,ai-seo,ai seo,70,15.47,MEDIUM,17,informational
free seo tools ai,ai-seo,ai seo,70,20.53,LOW,22,commercial
ai seo tools free,ai-seo,ai seo,70,18.53,LOW,39,commercial
seo ai writer,ai-seo,ai seo,70,20.8,LOW,44,commercial
best free seo ai tools,ai-seo,ai seo,70,8.51,LOW,16,commercial
free ai tool for seo,ai-seo,ai seo,70,14.32,LOW,9,commercial
generative engine optimization software,ai-seo,generative engine optimization,70,49.91,LOW,15,commercial
top rated generative engine optimization for ai,ai-seo,generative engine optimization,70,0,LOW,6,commercial
which generative engine optimization is best for ai,ai-seo,generative engine optimization,70,0,LOW,40,commercial
best rated generative engine optimization for ai,ai-seo,generative engine optimization,70,0,LOW,21,commercial
generative search engine optimization,ai-seo,generative engine optimization,70,21.26,LOW,57,commercial
how does generative engine optimization work,ai-seo,generative engine optimization,70,0,LOW,39,informational
best generative engine optimization for ai focused businesses,ai-seo,generative engine optimization,70,0,LOW,16,commercial
generative ai search engine optimization,ai-seo,generative engine optimization,70,0,LOW,36,commercial
answer engine optimization vs generative engine optimization,ai-seo,generative engine optimization,70,0,LOW,17,commercial
top rated answer engine optimization for ai products,ai-seo,answer engine optimization,70,0,LOW,15,commercial
what is the best software for answer engine optimization,ai-seo,answer engine optimization,70,0,LOW,15,commercial
best answer engine optimization for ai driven platforms,ai-seo,answer engine optimization,70,0,LOW,13,commercial
best techniques for answer engine optimization in ai,ai-seo,answer engine optimization,70,0,LOW,16,commercial
best answer engine optimization for ai focused tech,ai-seo,answer engine optimization,70,0,LOW,12,commercial
best rated answer engine optimization for ai applications,ai-seo,answer engine optimization,70,0,LOW,11,commercial
what's the best answer engine optimization tool,ai-seo,answer engine optimization,70,0,LOW,11,informational
ecommerce technical seo,seo,ecommerce seo,70,0,LOW,11,commercial
ecommerce marketing seo,seo,ecommerce seo,70,0,LOW,31,commercial
seo company for ecommerce,seo,ecommerce seo,70,0,LOW,1,commercial
best ecommerce seo services,seo,ecommerce seo,70,0,LOW,16,commercial
ecommerce on-page seo,seo,ecommerce seo,70,0,LOW,11,commercial
ecommerce seo miami,seo,ecommerce seo,70,0,LOW,9,commercial
ecommerce seo florida,seo,ecommerce seo,70,0,LOW,0,commercial
ecommerce seo software,seo,ecommerce seo,70,0,LOW,0,commercial
seo and ecommerce,seo,ecommerce seo,70,0,LOW,27,commercial
seo for ecommerce stores,seo,ecommerce seo,70,0,LOW,30,commercial
ecommerce seo services company,seo,ecommerce seo,70,0,LOW,8,commercial
ahrefs ecommerce seo,seo,ecommerce seo,70,0,LOW,10,commercial
ecommerce on page seo,seo,ecommerce seo,70,0,LOW,29,commercial
ecommerce seo services near me,seo,ecommerce seo,70,3.23,LOW,27,commercial
seo ecommerce category pages,seo,ecommerce seo,70,0,LOW,9,informational
seo for ecommerce store,seo,ecommerce seo,70,0,LOW,34,commercial
ecommerce seo checklist,seo,ecommerce seo,70,0,LOW,14,informational
on page seo ecommerce,seo,ecommerce seo,70,0,LOW,0,informational
local seo for ecommerce,seo,ecommerce seo,70,0,LOW,2,commercial
benefits of seo for small business,seo,small business seo,70,1.57,LOW,0,informational
seo benefits for small business,seo,small business seo,70,1.57,LOW,10,commercial
best local seo services for small business,seo,small business seo,70,0,LOW,12,commercial
best seo agency for small business,seo,small business seo,70,105.79,LOW,12,commercial
small business seo austin,seo,small business seo,70,0,LOW,3,commercial
seo audit for small business,seo,small business seo,70,0,LOW,29,commercial
low cost seo services for small business,seo,small business seo,70,0,LOW,4,commercial
small business seo expert,seo,small business seo,70,0,LOW,10,commercial
top seo software for small business,seo,small business seo,70,0,,0,commercial
web design staffing agency,web-design,web design agency,70,0,LOW,47,commercial
hubspot web design agency,web-design,web design agency,70,116.14,LOW,0,commercial
startup web design agency,web-design,web design agency,70,0,LOW,0,commercial
web design agency dubai,web-design,web design agency,70,14.42,LOW,63,commercial
web design agency paris,web-design,web design agency,70,0,,11,commercial
leading web design agency,web-design,web design agency,70,21.83,LOW,37,commercial
ux web design agency,web-design,web design agency,70,0,LOW,44,commercial
web design and digital marketing agency,web-design,web design agency,70,0,LOW,88,commercial
london marketing company marketing web design seo agency london,web-design,web design agency,70,0,LOW,23,commercial
web design agency portfolio,web-design,web design agency,70,5.66,MEDIUM,0,commercial
web design agency vancouver,web-design,web design agency,70,15.16,LOW,72,commercial
dc web design agency,web-design,web design agency,70,0,LOW,20,commercial
restaurant web design agency,web-design,web design agency,70,22.65,LOW,0,commercial
washington dc web design agency,web-design,web design agency,70,0,LOW,40,commercial
web design and seo agency,web-design,web design agency,70,0,LOW,95,commercial
web design agency in liverpool,web-design,web design agency,70,0,LOW,40,commercial
fashion web design agency,web-design,web design agency,70,0,LOW,11,commercial
wix web design agency,web-design,web design agency,70,29.26,LOW,36,navigational
web design agency liverpool,web-design,web design agency,70,0,LOW,62,commercial
web design agency in australia,web-design,web design agency,70,11.89,HIGH,83,commercial
contractor web design agency,web-design,web design agency,70,0,LOW,7,commercial
fintech web design agency,web-design,web design agency,70,0,LOW,0,commercial
spinx digital web design agency in los angeles,web-design,web design agency,70,0,HIGH,23,commercial
web design agency charlotte,web-design,web design agency,70,16,LOW,69,commercial
charlotte web design agency,web-design,web design agency,70,4.47,LOW,30,commercial
web design agency in dubai,web-design,web design agency,70,14.42,LOW,63,commercial
web design agency portland,web-design,web design agency,70,18.34,LOW,68,commercial
hotel web design agency,web-design,web design agency,70,87.27,LOW,7,commercial
web design for travel agency,web-design,web design agency,70,12.45,LOW,14,commercial
web design agency philadelphia,web-design,web design agency,70,17.36,LOW,24,commercial
web design development agency,web-design,web design agency,70,18.79,LOW,44,commercial
web design & development agency,web-design,web design agency,70,18.79,LOW,64,commercial
web design travel agency,web-design,web design agency,70,12.45,LOW,4,commercial
web design agency philippines,web-design,web design agency,70,0,LOW,49,commercial
portland web design agency,web-design,web design agency,70,18.34,LOW,71,commercial
website design wordpress cost,web-design,website design cost,70,21.97,LOW,23,commercial
website design cost india,web-design,website design cost,70,6.71,LOW,0,commercial
website design services cost,web-design,website design cost,70,25.8,LOW,6,commercial
law firm website design cost,web-design,website design cost,70,0,LOW,0,commercial
cost of wordpress website design,web-design,website design cost,70,21.97,LOW,18,commercial
seo checklist for website redesign,web-design,website redesign,70,0,LOW,0,informational
website redesign questionnaire,web-design,website redesign,70,9.6,LOW,0,informational
website redesign proposal example,web-design,website redesign,70,7.65,MEDIUM,0,informational
website redesign seo checklist,web-design,website redesign,70,0,LOW,0,informational
how to redesign a website,web-design,website redesign,70,13.55,MEDIUM,30,informational
how to redesign website,web-design,website redesign,70,13.55,MEDIUM,19,informational
website redesign process,web-design,website redesign,70,0,LOW,16,commercial
how to redesign a website without losing seo,web-design,website redesign,70,0,LOW,0,informational
website redesign template,web-design,website redesign,70,22.67,MEDIUM,8,informational
website redesign freelancer,web-design,website redesign,70,24.16,LOW,35,commercial
how to redesign website without losing seo,web-design,website redesign,70,0,LOW,0,informational
redesign website process,web-design,website redesign,70,0,LOW,11,commercial
website redesign proposal sample,web-design,website redesign,70,7.65,MEDIUM,4,informational
seo website redesign checklist,web-design,website redesign,70,0,LOW,0,informational
website redesign specialists,web-design,website redesign,70,139.87,LOW,38,commercial
website redesign specialist,web-design,website redesign,70,139.87,LOW,6,commercial
website redesign ideas,web-design,website redesign,70,7.5,MEDIUM,8,informational
ai agent development courses,ai-agent-dev,ai agent development,70,27.7,MEDIUM,26,commercial
ai agent development frameworks,ai-agent-dev,ai agent development,70,47.65,LOW,39,commercial
ai agent development course,ai-agent-dev,ai agent development,70,27.7,MEDIUM,26,informational
ai agent development framework,ai-agent-dev,ai agent development,70,47.65,LOW,19,informational
ai automation agency hub,ai-agent-dev,ai automation agency,70,23.27,MEDIUM,10,navigational
what is an ai automation agency,ai-agent-dev,ai automation agency,70,25.63,MEDIUM,24,informational
enterprise ai chatbot development service,ai-agent-dev,ai chatbot development,70,0,LOW,1,commercial
core automation ai,ai-agent-dev,ai automation,70,20.24,LOW,10,informational
ai automation website,ai-agent-dev,ai automation,70,22.93,HIGH,79,informational
ai for sales automation,ai-agent-dev,ai automation,70,0,LOW,25,commercial
how to make money with ai automation,ai-agent-dev,ai automation,70,5.85,MEDIUM,6,informational
customer service ai automation,ai-agent-dev,ai automation,70,0,LOW,18,commercial
ai automation side hustle,ai-agent-dev,ai automation,70,2.9,LOW,4,informational
robotic process automation and ai,ai-agent-dev,ai automation,70,20.6,LOW,13,informational
is ai automation,ai-agent-dev,ai automation,70,0,LOW,22,informational
playwright ai automation,ai-agent-dev,ai automation,70,21.18,MEDIUM,11,informational
ai for process automation,ai-agent-dev,ai automation,70,0,LOW,31,commercial
ai automation testing tools,ai-agent-dev,ai automation,70,10.79,MEDIUM,31,commercial
free ai automation,ai-agent-dev,ai automation,70,21.21,HIGH,29,commercial
ai agents for workflow automation,ai-agent-dev,ai automation,70,31.45,LOW,25,commercial
pwc ai audit automation,ai-agent-dev,ai automation,70,0,LOW,0,commercial
ai automation manager,ai-agent-dev,ai automation,70,16.79,MEDIUM,0,commercial
c3 ai automation anywhere,ai-agent-dev,ai automation,70,0,LOW,1,commercial
ai automation websites,ai-agent-dev,ai automation,70,22.93,HIGH,37,commercial
robotic process automation ai,ai-agent-dev,ai automation,70,20.6,LOW,37,commercial
ai automation for customer service,ai-agent-dev,ai automation,70,0,LOW,18,commercial
ai and automation in the workplace,ai-agent-dev,ai automation,70,21.49,MEDIUM,14,informational
ai automation course free,ai-agent-dev,ai automation,70,13.49,MEDIUM,12,informational
best ecommerce development company,ecommerce,ecommerce development company,50,0,LOW,13,commercial
ecommerce web development company usa,ecommerce,ecommerce development company,50,0,LOW,48,commercial
ecommerce website development company in usa,ecommerce,ecommerce development company,50,0,LOW,29,commercial
ecommerce development company uk,ecommerce,ecommerce development company,50,0,LOW,8,commercial
ecommerce store development company,ecommerce,ecommerce development company,50,0,LOW,12,commercial
ecommerce website development company usa,ecommerce,ecommerce development company,50,0,LOW,28,commercial
ecommerce agency manchester,ecommerce,ecommerce agency,50,0,,16,commercial
ecommerce agency australia,ecommerce,ecommerce agency,50,0,MEDIUM,15,commercial
best seo agency for ecommerce,ecommerce,ecommerce agency,50,0,LOW,29,commercial
ecommerce agency china,ecommerce,ecommerce agency,50,0,LOW,18,commercial
amazon ecommerce agency,ecommerce,ecommerce agency,50,55.12,MEDIUM,15,navigational
shopify plus ecommerce agency,ecommerce,ecommerce agency,50,0,LOW,0,commercial
wordpress ecommerce agency,ecommerce,ecommerce agency,50,0,,6,commercial
ecommerce conversion rate optimization agency,ecommerce,ecommerce agency,50,0,LOW,26,commercial
best digital marketing agency for ecommerce,ecommerce,ecommerce agency,50,570.08,LOW,11,commercial
seo ecommerce agency,ecommerce,ecommerce agency,50,0,LOW,4,commercial
ecommerce agency los angeles,ecommerce,ecommerce agency,50,2.67,LOW,20,commercial
china ecommerce agency,ecommerce,ecommerce agency,50,0,LOW,9,commercial
custom shopify theme development,ecommerce,shopify development,50,20.97,LOW,0,commercial
shopify sales development representative salary,ecommerce,shopify development,50,0,LOW,0,informational
shopify extension development,ecommerce,shopify development,50,8.23,MEDIUM,46,commercial
top shopify development company,ecommerce,shopify development,50,15.6,LOW,1,commercial
shopify custom app development,ecommerce,shopify development,50,0,LOW,14,navigational
top shopify development companies,ecommerce,shopify development,50,15.6,LOW,5,commercial
shopify plus store development,ecommerce,shopify development,50,11.68,LOW,12,navigational
shopify website development coalition,ecommerce,shopify development,50,7.01,MEDIUM,,navigational
shopify sales development rep salary,ecommerce,shopify development,50,0,LOW,0,informational
shopify plugins development,ecommerce,shopify development,50,8.23,MEDIUM,49,commercial
shopify theme development company,ecommerce,shopify development,50,0,LOW,4,navigational
shopify development tools,ecommerce,shopify development,50,0,LOW,35,commercial
shopify plugin development,ecommerce,shopify development,50,8.23,MEDIUM,26,commercial
shopify web development coalition,ecommerce,shopify development,50,7.01,MEDIUM,0,navigational
shopify ppc agency,ecommerce,shopify agency,50,0,LOW,0,navigational
shopify store design agency,ecommerce,shopify agency,50,0,LOW,53,navigational
shopify plus design agency,ecommerce,shopify agency,50,0,LOW,9,navigational
woocommerce custom theme development,ecommerce,woocommerce development,50,0,LOW,0,commercial
custom woocommerce theme development,ecommerce,woocommerce development,50,0,LOW,11,commercial
woocommerce extension development,ecommerce,woocommerce development,50,0,LOW,18,commercial
woocommerce plugin development,ecommerce,woocommerce development,50,0,LOW,8,commercial
enterprise headless commerce,ecommerce,headless commerce,50,0,LOW,5,navigational
headless commerce vs traditional commerce,ecommerce,headless commerce,50,0,LOW,0,informational
magento headless commerce,ecommerce,headless commerce,50,0,LOW,0,navigational
composable commerce vs headless,ecommerce,headless commerce,50,0,LOW,0,informational
ai search for ecommerce,ai-commerce,ai ecommerce,50,58.14,LOW,18,commercial
ai agents ecommerce,ai-commerce,ai ecommerce,50,23.24,MEDIUM,31,commercial
ai based ecommerce,ai-commerce,ai ecommerce,50,0,LOW,23,commercial
ecommerce ai chatbots,ai-commerce,ai ecommerce,50,28.15,LOW,17,commercial
ecommerce ai chatbot,ai-commerce,ai ecommerce,50,28.15,LOW,10,commercial
ai application in ecommerce,ai-commerce,ai ecommerce,50,0,LOW,37,commercial
ai in b2b ecommerce,ai-commerce,ai ecommerce,50,0,LOW,8,commercial
agentic ai in ecommerce,ai-commerce,ai ecommerce,50,19.27,MEDIUM,31,navigational
ai-based ecommerce,ai-commerce,ai ecommerce,50,0,LOW,29,commercial
ai agent ecommerce,ai-commerce,ai ecommerce,50,23.24,MEDIUM,7,commercial
ai tools for ecommerce business,ai-commerce,ai ecommerce,50,0,LOW,19,commercial
ai applications in ecommerce,ai-commerce,ai ecommerce,50,0,LOW,37,commercial
ai ecommerce personalization,ai-commerce,ai ecommerce,50,0,LOW,15,commercial
agentic ai for ecommerce,ai-commerce,ai ecommerce,50,0,LOW,27,commercial
ai in commerce,ai-commerce,ai commerce,50,25.97,MEDIUM,37,commercial
e-commerce ai chatbot,ai-commerce,ai commerce,50,28.15,LOW,17,commercial
ai applications in e commerce,ai-commerce,ai commerce,50,0,LOW,26,commercial
ai based e commerce,ai-commerce,ai commerce,50,0,LOW,37,commercial
ai application in e-commerce,ai-commerce,ai commerce,50,0,LOW,22,commercial
ai applications in e-commerce,ai-commerce,ai commerce,50,0,LOW,26,commercial
ai application in e commerce,ai-commerce,ai commerce,50,0,LOW,33,commercial
ai agent e commerce,ai-commerce,ai commerce,50,23.24,MEDIUM,22,navigational
agentic ai in e commerce,ai-commerce,ai commerce,50,19.27,MEDIUM,27,commercial
agentic ai in e-commerce,ai-commerce,ai commerce,50,19.27,MEDIUM,,commercial
e commerce ai chatbot,ai-commerce,ai commerce,50,28.15,LOW,19,commercial
ai-based e commerce,ai-commerce,ai commerce,50,0,LOW,33,commercial
amazon agentic commerce,agentic-commerce,agentic commerce,50,38.33,LOW,17,navigational
paypal agentic commerce services,agentic-commerce,agentic commerce,50,0,LOW,15,commercial
mckinsey agentic commerce,agentic-commerce,agentic commerce,50,23.79,MEDIUM,14,commercial
google agentic commerce protocol,agentic-commerce,agentic commerce,50,19.25,LOW,53,navigational
ai agent for shopping,agentic-commerce,ai shopping agent,50,22.81,MEDIUM,27,commercial
google ai shopping agent,agentic-commerce,ai shopping agent,50,0,LOW,17,navigational
visa trusted agent protocol ai shopping,agentic-commerce,ai shopping agent,50,0,,20,transactional
ai agent shopping,agentic-commerce,ai shopping agent,50,22.77,MEDIUM,18,navigational
agentic ai amazon,agentic-commerce,agentic ai ecommerce,50,11.22,LOW,41,navigational
commerce ues,agentic-commerce,agentic ai ecommerce,50,0,LOW,6,informational
san protocol,agentic-commerce,agentic ai ecommerce,50,0,LOW,8,informational
elara protocol,agentic-commerce,agentic ai ecommerce,50,0,LOW,1,informational
pepsi ai commercial,agentic-commerce,agentic ai ecommerce,50,0,LOW,3,commercial
universal sompo,agentic-commerce,agentic ai ecommerce,50,0,LOW,0,transactional
realo commerce dr,agentic-commerce,agentic ai ecommerce,50,0,LOW,0,commercial
commerce eda,agentic-commerce,agentic ai ecommerce,50,0,LOW,5,informational
itasca companies,agentic-commerce,agentic ai ecommerce,50,0.82,LOW,1,navigational
clearview ai ceo,agentic-commerce,agentic ai ecommerce,50,0,LOW,2,navigational
ai-mo polytopia,agentic-commerce,agentic ai ecommerce,50,0,LOW,0,informational
artisan ai ceo,agentic-commerce,agentic ai ecommerce,50,0,LOW,8,navigational
mckinsey peis,agentic-commerce,agentic ai ecommerce,50,0,LOW,0,informational
vdara executive suite,agentic-commerce,agentic ai ecommerce,50,0.46,LOW,4,navigational
procon org ai,agentic-commerce,agentic ai ecommerce,50,0,LOW,0,navigational
eufaula al chamber of commerce,agentic-commerce,agentic ai ecommerce,50,0,LOW,8,navigational
universal ipa,agentic-commerce,agentic ai ecommerce,50,0,LOW,36,navigational
ai sl,agentic-commerce,agentic ai ecommerce,50,0,LOW,0,informational
commerce metrolink,agentic-commerce,agentic ai ecommerce,50,0,LOW,11,navigational
commerce lapc,agentic-commerce,agentic ai ecommerce,50,0,LOW,2,informational
ai local seo,ai-seo,ai seo,50,40.85,LOW,41,commercial
seo content ai,ai-seo,ai seo,50,20.4,LOW,69,commercial
free ai seo,ai-seo,ai seo,50,16.91,HIGH,32,commercial
ai seo app,ai-seo,ai seo,50,18.07,LOW,57,commercial
google ai overviews seo,ai-seo,ai seo,50,0,LOW,31,commercial
seo ai overviews,ai-seo,ai seo,50,0,LOW,35,commercial
seo ai serp checker,ai-seo,ai seo,50,0,,46,navigational
ai content generator seo,ai-seo,ai seo,50,0,LOW,31,commercial
jasper ai surfer seo,ai-seo,ai seo,50,0,,27,informational
ai seo specialist,ai-seo,ai seo,50,32.34,LOW,4,commercial
ai seo check,ai-seo,ai seo,50,26.75,HIGH,,commercial
ai video seo,ai-seo,ai seo,50,0,LOW,0,informational
seo ai blog writer,ai-seo,ai seo,50,0,LOW,68,commercial
ai writing seo,ai-seo,ai seo,50,0,LOW,37,commercial
will ai replace seo,ai-seo,ai seo,50,17.34,LOW,0,informational
seo studio ai,ai-seo,ai seo,50,11.28,HIGH,2,commercial
seo content writing ai,ai-seo,ai seo,50,0,LOW,32,commercial
google ai overview seo,ai-seo,ai seo,50,0,LOW,24,commercial
ai seo writer,ai-seo,ai seo,50,32.45,LOW,44,commercial
super intelligent ai-seo,ai-seo,ai seo,50,8.73,LOW,14,informational
generative ai engine optimization,ai-seo,generative engine optimization,50,0,MEDIUM,57,informational
generative engine optimization checklist,ai-seo,generative engine optimization,50,0,LOW,0,commercial
how to do generative engine optimization,ai-seo,generative engine optimization,50,15.31,LOW,26,informational
generative engine optimization marketing,ai-seo,generative engine optimization,50,0,LOW,,commercial
best tools for generative engine optimization,ai-seo,generative engine optimization,50,0,LOW,15,commercial
generative optimization engine,ai-seo,generative engine optimization,50,22.17,HIGH,55,commercial
what is aeo answer engine optimization,ai-seo,answer engine optimization,50,20.04,LOW,26,informational
chatgpt seo services,ai-seo,chatgpt seo,50,0,LOW,0,commercial
chatgpt para seo,ai-seo,chatgpt seo,50,0,LOW,21,commercial
how to use chatgpt for seo,ai-seo,chatgpt seo,50,0,LOW,10,informational
seo chatgpt,ai-seo,chatgpt seo,50,18.06,MEDIUM,34,commercial
seo strategies for ecommerce,seo,ecommerce seo,50,0,LOW,38,commercial
off page seo for ecommerce,seo,ecommerce seo,50,0,LOW,0,commercial
webfx ecommerce seo,seo,ecommerce seo,50,0,LOW,0,commercial
seo for fashion ecommerce,seo,ecommerce seo,50,55.94,LOW,0,commercial
on-page seo for ecommerce website,seo,ecommerce seo,50,0,LOW,0,commercial
ecommerce seo specialists,seo,ecommerce seo,50,0,LOW,0,commercial
seo para ecommerce,seo,ecommerce seo,50,0,LOW,33,commercial
enterprise ecommerce seo,seo,ecommerce seo,50,0,LOW,0,commercial
off-page seo for ecommerce,seo,ecommerce seo,50,0,LOW,0,commercial
ecommerce product seo,seo,ecommerce seo,50,0,LOW,10,commercial
ecommerce seo marketing services,seo,ecommerce seo,50,0,LOW,27,commercial
seo for ecommerce business,seo,ecommerce seo,50,0,LOW,34,commercial
on page seo for ecommerce website,seo,ecommerce seo,50,0,LOW,0,informational
ecommerce seo case study,seo,ecommerce seo,50,0,LOW,5,commercial
seo for large ecommerce sites,seo,ecommerce seo,50,0,LOW,2,commercial
off-page-seo-for-ecommerce,seo,ecommerce seo,50,0,LOW,0,commercial
ecommerce seo guide,seo,ecommerce seo,50,0,LOW,19,informational
seo strategy for ecommerce,seo,ecommerce seo,50,0,LOW,37,commercial
affordable seo services for small business near me,seo,small business seo,50,0,LOW,23,commercial
top seo companies for small business,seo,small business seo,50,0,LOW,18,commercial
how to improve seo for small business,seo,small business seo,50,10.26,LOW,36,informational
how much does seo cost for small business,seo,small business seo,50,0,LOW,26,informational
best local seo company for small business,seo,small business seo,50,0,LOW,17,commercial
web design agency reviews,web-design,web design agency,50,45.5,LOW,34,commercial
top web design agency uk,web-design,web design agency,50,0,LOW,45,commercial
web design seo agency,web-design,web design agency,50,0,LOW,97,commercial
web design agency buffalo,web-design,web design agency,50,0,LOW,28,commercial
full service web design agency,web-design,web design agency,50,0,LOW,40,commercial
best web design agency in the world,web-design,web design agency,50,20.84,MEDIUM,39,commercial
web design agency florida,web-design,web design agency,50,0,LOW,34,commercial
white label web design agency,web-design,web design agency,50,12.86,LOW,0,commercial
award winning web design agency,web-design,web design agency,50,16.77,LOW,10,commercial
web design agency england,web-design,web design agency,50,6.79,LOW,100,commercial
web design agency in uk,web-design,web design agency,50,6.79,LOW,79,commercial
top 10 web design agency,web-design,web design agency,50,0,LOW,20,commercial
ldr web design agency,web-design,web design agency,50,0,LOW,4,commercial
long island web design agency,web-design,web design agency,50,0,LOW,88,commercial
web design agency for law firms,web-design,web design agency,50,0,LOW,99,commercial
las vegas web design agency,web-design,web design agency,50,9,MEDIUM,45,commercial
web design agency utah,web-design,web design agency,50,0,LOW,99,commercial
web design and branding agency,web-design,web design agency,50,53.72,MEDIUM,100,commercial
web design agency berlin,web-design,web design agency,50,0,,8,commercial
award-winning web design agency,web-design,web design agency,50,16.77,LOW,10,commercial
web design agency bangkok,web-design,web design agency,50,0,,82,commercial
best web design agency near me,web-design,web design agency,50,0,LOW,51,commercial
web design agency sussex,web-design,web design agency,50,0,LOW,13,commercial
web design agency long island,web-design,web design agency,50,0,LOW,88,commercial
web design wordpress agency,web-design,web design agency,50,0,,47,commercial
branding and web design agency,web-design,web design agency,50,53.72,MEDIUM,100,commercial
seo web design agency,web-design,web design agency,50,0,LOW,85,commercial
web design tips for small business,web-design,small business web design,50,21.35,LOW,21,informational
small business web design tips,web-design,small business web design,50,21.35,LOW,21,informational
best web design companies for small business,web-design,small business web design,50,0,MEDIUM,35,commercial
ecommerce website design cost,web-design,website design cost,50,0,LOW,16,commercial
low cost website design company,web-design,website design cost,50,200.88,MEDIUM,25,commercial
website redesign services india,web-design,website redesign,50,0,LOW,0,commercial
cost for website redesign,web-design,website redesign,50,6.28,LOW,8,commercial
project plan for website redesign,web-design,website redesign,50,9.67,LOW,2,informational
website redesign ottawa,web-design,website redesign,50,0,LOW,61,commercial
seo for website redesign and migration,web-design,website redesign,50,0,LOW,0,commercial
website redesign project plan,web-design,website redesign,50,9.67,LOW,2,informational
project plan website redesign,web-design,website redesign,50,9.67,LOW,2,informational
website redesign figma,web-design,website redesign,50,1.49,LOW,26,navigational
cost of website redesign,web-design,website redesign,50,6.28,LOW,0,commercial
nasa website redesign,web-design,website redesign,50,0,LOW,0,informational
website redesign services in india,web-design,website redesign,50,0,LOW,0,commercial
free website redesign,web-design,website redesign,50,12.15,MEDIUM,100,commercial
redesign website cost,web-design,website redesign,50,6.28,LOW,0,commercial
cost of a website redesign,web-design,website redesign,50,6.28,LOW,9,commercial
custom ai agent development company,ai-agent-dev,ai agent development,50,282.5,LOW,0,commercial
custom ai agent development services,ai-agent-dev,ai agent development,50,0,LOW,0,commercial
gitagent ai agent development,ai-agent-dev,ai agent development,50,0,,16,transactional
ai automation agency reddit,ai-agent-dev,ai automation agency,50,0,LOW,15,informational
what is ai automation agency,ai-agent-dev,ai automation agency,50,14.15,LOW,15,informational
ai agents for business automation,ai-agent-dev,ai agents for business,50,0,LOW,29,commercial
ai voice agents for business,ai-agent-dev,ai agents for business,50,30.57,LOW,24,commercial
post graduate program in ai agents for business applications,ai-agent-dev,ai agents for business,50,12.56,HIGH,26,commercial
best ecommerce website development company,ecommerce,ecommerce development company,40,0,LOW,42,commercial
top ecommerce development agency,ecommerce,ecommerce agency,40,0,LOW,12,commercial
ecommerce automation agency,ecommerce,ecommerce agency,40,0,LOW,,commercial
ecommerce google ads agency,ecommerce,ecommerce agency,40,0,LOW,0,commercial
ecommerce branding agency,ecommerce,ecommerce agency,40,47.15,MEDIUM,31,commercial
ecommerce social media marketing agency,ecommerce,ecommerce agency,40,0,LOW,21,commercial
top ecommerce seo agency,ecommerce,ecommerce agency,40,0,LOW,12,commercial
best ecommerce marketing agency,ecommerce,ecommerce agency,40,123.23,LOW,12,commercial
ecommerce seo agency london,ecommerce,ecommerce agency,40,0,LOW,0,commercial
ecommerce ads agency,ecommerce,ecommerce agency,40,60.28,HIGH,33,commercial
shopify ecommerce development agency,ecommerce,ecommerce agency,40,0,LOW,65,navigational
ecommerce brand agency,ecommerce,ecommerce agency,40,47.15,MEDIUM,19,commercial
ecommerce modeling agency,ecommerce,ecommerce agency,40,5.72,LOW,12,commercial
local shopify development,ecommerce,shopify development,40,0,LOW,0,navigational
best shopify development companies,ecommerce,shopify development,40,2.44,LOW,21,commercial
best shopify development company,ecommerce,shopify development,40,2.44,LOW,10,commercial
shopify website development proposal,ecommerce,shopify development,40,0,,0,navigational
shopify development app,ecommerce,shopify development,40,17.04,LOW,50,commercial
shopify theme development agency,ecommerce,shopify development,40,0,LOW,22,navigational
shopify local development,ecommerce,shopify development,40,0,LOW,8,navigational
custom shopify app development,ecommerce,shopify development,40,0,LOW,3,commercial
shopify development documentation,ecommerce,shopify development,40,0,LOW,16,informational
shopify app development cost,ecommerce,shopify development,40,0,LOW,0,commercial
shopify development company in usa,ecommerce,shopify development,40,0,LOW,1,commercial
shopify development companies in usa,ecommerce,shopify development,40,0,LOW,9,commercial
shopify plus development firm,ecommerce,shopify development,40,0,LOW,0,navigational
shopify plus agency usa,ecommerce,shopify agency,40,0,LOW,,navigational
domaine shopify agency,ecommerce,shopify agency,40,0,LOW,14,commercial
shopify agency cambridge,ecommerce,shopify agency,40,0,,5,commercial
shopify plus agency partner,ecommerce,shopify agency,40,0,LOW,15,commercial
shopify plus agency partners,ecommerce,shopify agency,40,0,LOW,19,commercial
hire shopify agency,ecommerce,shopify agency,40,0,MEDIUM,12,commercial
headless e-commerce services,ecommerce,headless commerce,40,0,,29,commercial
commercetools headless commerce,ecommerce,headless commerce,40,0,LOW,9,navigational
headless commerce development,ecommerce,headless commerce,40,0,LOW,22,navigational
conversational ai ecommerce,ai-commerce,ai ecommerce,40,0,LOW,20,commercial
using ai in ecommerce,ai-commerce,ai ecommerce,40,0,,37,commercial
ai ecommerce business,ai-commerce,ai ecommerce,40,17.49,LOW,22,commercial
best ai for ecommerce,ai-commerce,ai ecommerce,40,9.14,LOW,0,commercial
ai based ecommerce platform,ai-commerce,ai ecommerce,40,0,MEDIUM,33,commercial
benefits of ai in ecommerce,ai-commerce,ai ecommerce,40,0,LOW,11,informational
ai ecommerce tools,ai-commerce,ai ecommerce,40,14.46,MEDIUM,0,commercial
ai-based ecommerce platform,ai-commerce,ai ecommerce,40,0,MEDIUM,82,commercial
conversational ai for ecommerce,ai-commerce,ai ecommerce,40,0,LOW,0,commercial
ai in retail and ecommerce,ai-commerce,ai ecommerce,40,0,LOW,22,commercial
ecommerce ai solutions,ai-commerce,ai ecommerce,40,0,LOW,21,commercial
ai based e commerce platform,ai-commerce,ai commerce,40,0,MEDIUM,77,commercial
ai in retail and e-commerce,ai-commerce,ai commerce,40,0,LOW,19,commercial
ai based e-commerce platform,ai-commerce,ai commerce,40,0,MEDIUM,60,commercial
ai in retail and e commerce,ai-commerce,ai commerce,40,0,LOW,21,commercial
open ai agentic commerce,ai-commerce,ai commerce,40,0,MEDIUM,38,transactional
ai e commerce business,ai-commerce,ai commerce,40,17.49,LOW,37,commercial
ai digital commerce,ai-commerce,ai commerce,40,0,MEDIUM,19,commercial
agentic commerce companies,agentic-commerce,agentic commerce,40,17.99,MEDIUM,25,commercial
walmart agentic commerce,agentic-commerce,agentic commerce,40,0,LOW,15,navigational
agentic commerce jobs,agentic-commerce,agentic commerce,40,0,LOW,,commercial
acp agentic commerce protocol,agentic-commerce,agentic commerce,40,16.73,MEDIUM,58,navigational
agentic commerce suite,agentic-commerce,agentic commerce,40,23.06,HIGH,,commercial
agentic commerce mckinsey,agentic-commerce,agentic commerce,40,251.07,MEDIUM,14,commercial
agentic commerce visa,agentic-commerce,agentic commerce,40,0.05,LOW,10,navigational
shopping ai agent,agentic-commerce,ai shopping agent,40,24.14,HIGH,15,commercial
publicis core ai,agentic-commerce,agentic ai ecommerce,40,0,LOW,10,informational
bar universal,agentic-commerce,agentic ai ecommerce,40,0,LOW,14,navigational
restaurant e commerce,agentic-commerce,agentic ai ecommerce,40,0,LOW,26,commercial
xero salesforce,agentic-commerce,agentic ai ecommerce,40,4.7,LOW,4,navigational
mckinsey diconsa,agentic-commerce,agentic ai ecommerce,40,0,LOW,0,informational
fevad e commerce,agentic-commerce,agentic ai ecommerce,40,0,LOW,14,informational
commerce uq,agentic-commerce,agentic ai ecommerce,40,8.6,LOW,2,informational
idris elba ai commercial,agentic-commerce,agentic ai ecommerce,40,0,LOW,0,navigational
decagon ai jobs,agentic-commerce,agentic ai ecommerce,40,0,LOW,3,navigational
srini tallapragada salesforce,agentic-commerce,agentic ai ecommerce,40,0,LOW,0,navigational
la vida commerce,agentic-commerce,agentic ai ecommerce,40,3,LOW,2,navigational
agentic ai reviews,agentic-commerce,agentic ai ecommerce,40,20.79,MEDIUM,14,informational
salesforce xero,agentic-commerce,agentic ai ecommerce,40,4.7,LOW,22,navigational
unilever ai,agentic-commerce,agentic ai ecommerce,40,0,LOW,28,informational
opco ai,agentic-commerce,agentic ai ecommerce,40,0,LOW,0,informational
p&g ai,agentic-commerce,agentic ai ecommerce,40,0,LOW,14,informational
invideo ai pricing plans,agentic-commerce,agentic ai ecommerce,40,1.36,LOW,14,commercial
roi salesforce,agentic-commerce,agentic ai ecommerce,40,0,LOW,0,navigational
interface ai ceo,agentic-commerce,agentic ai ecommerce,40,0,LOW,0,navigational
generative engine optimization best practices,ai-seo,generative engine optimization,40,8.09,MEDIUM,13,commercial
generative engine optimization platform,ai-seo,generative engine optimization,40,0,LOW,,commercial
best answer engine optimization services for ai visibility,ai-seo,answer engine optimization,40,0,LOW,20,commercial
ai answer engine optimization,ai-seo,answer engine optimization,40,0,LOW,23,commercial
best practices for answer engine optimization,ai-seo,answer engine optimization,40,0,LOW,22,commercial
chatgpt seo prompts,ai-seo,chatgpt seo,40,13.41,LOW,9,commercial
using chatgpt for seo,ai-seo,chatgpt seo,40,0,LOW,17,informational
use chatgpt for seo,ai-seo,chatgpt seo,40,0,LOW,18,informational
chatgpt prompts for seo,ai-seo,chatgpt seo,40,0,LOW,10,commercial
chatgpt prompt for seo,ai-seo,chatgpt seo,40,0,LOW,10,commercial
chatgpt seo prompt,ai-seo,chatgpt seo,40,13.41,LOW,16,commercial
seo prompt for chatgpt,ai-seo,chatgpt seo,40,15.83,MEDIUM,9,commercial
seo prompts for chatgpt,ai-seo,chatgpt seo,40,15.83,MEDIUM,16,commercial
ecommerce seo site audit,seo,ecommerce seo,40,0,LOW,25,commercial
ecommerce seo audit checklist,seo,ecommerce seo,40,0,LOW,0,informational
seo for ecommerce products,seo,ecommerce seo,40,0,LOW,21,commercial
affordable ecommerce seo,seo,ecommerce seo,40,0,LOW,0,commercial
best seo ecommerce sites,seo,ecommerce seo,40,0,LOW,4,commercial
which ecommerce platform is best for seo,seo,ecommerce seo,40,0,LOW,1,commercial
best ecommerce site for seo,seo,ecommerce seo,40,0,LOW,0,commercial
b2b ecommerce seo,seo,ecommerce seo,40,0,LOW,3,commercial
top ecommerce seo agencies,seo,ecommerce seo,40,0,LOW,9,commercial
best seo for ecommerce sites,seo,ecommerce seo,40,0,LOW,32,commercial
ecommerce seo service india,seo,ecommerce seo,40,0,LOW,29,commercial
top ecommerce seo companies,seo,ecommerce seo,40,0,LOW,4,commercial
ecommerce seo services in india,seo,ecommerce seo,40,0,LOW,8,commercial
best seo practices for ecommerce,seo,ecommerce seo,40,0,LOW,26,informational
ecommerce seo services india,seo,ecommerce seo,40,0,LOW,13,commercial
small business seo guide,seo,small business seo,40,2.99,LOW,42,informational
small business seo jacksonville fl,seo,small business seo,40,0,LOW,9,commercial
small business seo strategy,seo,small business seo,40,0,LOW,22,commercial
seo companies for small business near me,seo,small business seo,40,0,MEDIUM,11,commercial
importance of seo for small business,seo,small business seo,40,0,LOW,18,informational
seo guide for small business,seo,small business seo,40,2.99,LOW,33,commercial
seo services for small business near me,seo,small business seo,40,0,LOW,17,commercial
mistakes small business owners make when using seo,seo,small business seo,40,0,LOW,0,informational
seo for small business london,seo,small business seo,40,0,LOW,4,commercial
small business seo checklist,seo,small business seo,40,0,LOW,12,informational
small business seo services near me,seo,small business seo,40,0,LOW,18,commercial
small business seo strategies,seo,small business seo,40,0,LOW,16,commercial
best web design and hosting for small business,web-design,small business web design,40,49.2,HIGH,19,commercial
wordpress web design for small business,web-design,small business web design,40,0,LOW,10,commercial
web design agency for small business,web-design,small business web design,40,13.96,LOW,35,commercial
small business web design and development,web-design,small business web design,40,0,LOW,11,commercial
web design and hosting for small business,web-design,small business web design,40,8.65,MEDIUM,31,commercial
small business web design atlanta,web-design,small business web design,40,0,LOW,29,commercial
small business web design development,web-design,small business web design,40,0,LOW,10,commercial
cost for professional website design,web-design,website design cost,40,9.86,MEDIUM,23,commercial
cost of basic website design,web-design,website design cost,40,20.96,MEDIUM,26,commercial
basic website design cost,web-design,website design cost,40,20.96,MEDIUM,24,commercial
professional website design cost,web-design,website design cost,40,9.86,MEDIUM,23,commercial
simple website design cost,web-design,website design cost,40,20.96,MEDIUM,15,commercial
how much website design cost,web-design,website design cost,40,7.74,MEDIUM,11,informational
cost of professional website design,web-design,website design cost,40,9.86,MEDIUM,23,commercial
custom website design cost,web-design,website design cost,40,32.02,MEDIUM,23,commercial
freelance website design cost,web-design,website design cost,40,5.56,LOW,0,commercial
how much does professional website design cost,web-design,website design cost,40,9.84,LOW,,commercial
how much it cost to design a website,web-design,website design cost,40,7.74,MEDIUM,17,informational
how much does a professional website design cost,web-design,website design cost,40,9.84,LOW,,commercial
website redesign cost calculator,web-design,website redesign,40,0,LOW,22,commercial
website redesign timeline,web-design,website redesign,40,0,LOW,0,informational
website redesign strategy,web-design,website redesign,40,0,LOW,16,commercial
professional website redesign,web-design,website redesign,40,0,LOW,58,commercial
ai agent development guide,ai-agent-dev,ai agent development,40,20.06,LOW,47,informational
ai agent development agency,ai-agent-dev,ai agent development,40,16.32,LOW,,navigational
top ai agent development companies,ai-agent-dev,ai agent development,40,0,LOW,0,commercial
ai agent software development,ai-agent-dev,ai agent development,40,0,LOW,31,commercial
ai automation agency business model,ai-agent-dev,ai automation agency,40,14.03,LOW,6,commercial
how to start an ai automation agency,ai-agent-dev,ai automation agency,40,25.19,HIGH,2,informational
ai chatbot app development services,ai-agent-dev,ai chatbot development,40,0,LOW,20,commercial
ai chatbot development in usa,ai-agent-dev,ai chatbot development,40,0,LOW,6,commercial
ai chatbot development platform,ai-agent-dev,ai chatbot development,40,0,LOW,40,navigational
custom ai chatbot development,ai-agent-dev,ai chatbot development,40,0,LOW,16,commercial
wordpress ecommerce development company,ecommerce,ecommerce development company,30,0,LOW,36,commercial
custom ecommerce website development company,ecommerce,ecommerce development company,30,0,LOW,27,commercial
ecommerce development company in new york,ecommerce,ecommerce development company,30,0,,0,commercial
ecommerce portal development company,ecommerce,ecommerce development company,30,0,LOW,27,commercial
ecommerce marketing agency los angeles,ecommerce,ecommerce agency,30,0,,4,commercial
social media marketing agency for ecommerce,ecommerce,ecommerce agency,30,39.75,LOW,14,commercial
ecommerce seo agency usa,ecommerce,ecommerce agency,30,0,LOW,,commercial
marketing agency for ecommerce,ecommerce,ecommerce agency,30,62.38,MEDIUM,13,commercial
ecommerce facebook ad agency,ecommerce,ecommerce agency,30,0,LOW,0,commercial
ecommerce agency leeds,ecommerce,ecommerce agency,30,0,,24,commercial
ecommerce seo agency uk,ecommerce,ecommerce agency,30,0,LOW,5,commercial
ecommerce facebook ads agency,ecommerce,ecommerce agency,30,0,LOW,11,commercial
shopify theme development course,ecommerce,shopify development,30,2.73,LOW,0,informational
shopify development site,ecommerce,shopify development,30,0,LOW,30,navigational
shopify plus development experts,ecommerce,shopify development,30,4.89,LOW,5,navigational
shopify plus web development,ecommerce,shopify development,30,54.91,LOW,5,commercial
shopify cli for theme development,ecommerce,shopify development,30,0,LOW,15,commercial
shopify app development tools,ecommerce,shopify development,30,0,LOW,,commercial
shopify website development cost,ecommerce,shopify development,30,0,LOW,14,commercial
headless shopify development,ecommerce,shopify development,30,0,LOW,10,navigational
shopify automation agency,ecommerce,shopify agency,30,0,LOW,0,navigational
shopify digital marketing agency,ecommerce,shopify agency,30,0,LOW,0,commercial
best shopify seo agency,ecommerce,shopify agency,30,0,LOW,0,commercial
shopify ads agency,ecommerce,shopify agency,30,43.57,LOW,0,commercial
shopify plus partner agency,ecommerce,shopify agency,30,0,LOW,20,navigational
shopify advertising agency,ecommerce,shopify agency,30,43.57,LOW,9,commercial
seo agency for shopify,ecommerce,shopify agency,30,0,LOW,21,commercial
shopify agency new york,ecommerce,shopify agency,30,0,LOW,0,navigational
shopify agency uk,ecommerce,shopify agency,30,70.63,LOW,43,navigational
shopify ad agency,ecommerce,shopify agency,30,43.57,LOW,0,commercial
headless commerce shopify,ecommerce,headless commerce,30,9.06,LOW,26,navigational
headless vs composable commerce,ecommerce,headless commerce,30,0,LOW,6,commercial
composable commerce vs headless ecommerce,ecommerce,headless commerce,30,0,LOW,10,commercial
headless commerce software,ecommerce,headless commerce,30,0,LOW,31,commercial
headless commerce advantages,ecommerce,headless commerce,30,0,LOW,2,informational
headless e commerce development,ecommerce,headless commerce,30,0,LOW,24,navigational
headless e-commerce development,ecommerce,headless commerce,30,0,LOW,24,navigational
use of ai in ecommerce,ai-commerce,ai ecommerce,30,0,LOW,32,commercial
generative ai for ecommerce,ai-commerce,ai ecommerce,30,0,LOW,19,commercial
ai assistant for ecommerce,ai-commerce,ai ecommerce,30,0,LOW,17,commercial
ai ecommerce website,ai-commerce,ai ecommerce,30,9.45,LOW,60,commercial
examples of ai in ecommerce,ai-commerce,ai ecommerce,30,0,LOW,12,informational
what is ai ecommerce,ai-commerce,ai ecommerce,30,16.22,LOW,14,informational
use of ai in e commerce,ai-commerce,ai commerce,30,0,LOW,32,commercial
use of ai in e-commerce,ai-commerce,ai commerce,30,0,LOW,32,commercial
examples of ai in e commerce,ai-commerce,ai commerce,30,0,LOW,21,informational
what is ai e commerce,ai-commerce,ai commerce,30,16.22,LOW,21,informational
commerce department ai,ai-commerce,ai commerce,30,0,LOW,12,navigational
ai implementation in e-commerce,ai-commerce,ai commerce,30,0,,30,commercial
department of commerce ai,ai-commerce,ai commerce,30,0,LOW,29,navigational
ai powered commerce,ai-commerce,ai commerce,30,0,LOW,18,commercial
what does agentic commerce mean,agentic-commerce,agentic commerce,30,8.49,MEDIUM,,informational
agentic commerce suite stripe,agentic-commerce,agentic commerce,30,4.62,MEDIUM,26,commercial
define agentic commerce,agentic-commerce,agentic commerce,30,14.75,MEDIUM,,informational
agentic commerce examples,agentic-commerce,agentic commerce,30,18.82,MEDIUM,,informational
agentic commerce openai,agentic-commerce,agentic commerce,30,0,MEDIUM,40,navigational
how does agentic commerce work,agentic-commerce,agentic commerce,30,0,LOW,,informational
agentic commerce google,agentic-commerce,agentic commerce,30,28.8,MEDIUM,35,navigational
agentic commerce mastercard,agentic-commerce,agentic commerce,30,8.49,MEDIUM,26,commercial
agentic commerce paypal,agentic-commerce,agentic commerce,30,0,LOW,40,navigational
mastercard paypal agentic commerce integration,agentic-commerce,agentic commerce,30,0,,19,commercial
agentic commerce protocol stripe,agentic-commerce,agentic commerce,30,0,LOW,53,navigational
agentic commerce startups,agentic-commerce,agentic commerce,30,11.6,MEDIUM,,commercial
swap agentic commerce,agentic-commerce,agentic commerce,30,13.23,MEDIUM,,commercial
perplexity agentic commerce,agentic-commerce,agentic commerce,30,32.25,MEDIUM,19,informational
what is agentic commerce protocol,agentic-commerce,agentic commerce,30,0,MEDIUM,,informational
kroger ai shopping agent,agentic-commerce,ai shopping agent,30,0,LOW,0,navigational
ficoll-paque protocol,agentic-commerce,agentic ai ecommerce,30,0,LOW,0,navigational
protege ai company,agentic-commerce,agentic ai ecommerce,30,0,LOW,,transactional
agentic ai corporation,agentic-commerce,agentic ai ecommerce,30,0,LOW,20,navigational
ai sp,agentic-commerce,agentic ai ecommerce,30,0,LOW,23,informational
azuro protocol,agentic-commerce,agentic ai ecommerce,30,0,LOW,28,informational
quetzal platform,agentic-commerce,agentic ai ecommerce,30,0,LOW,0,navigational
salesforce astrazeneca,agentic-commerce,agentic ai ecommerce,30,0,LOW,0,navigational
mistral ai investors,agentic-commerce,agentic ai ecommerce,30,0,LOW,22,commercial
espresso ai funding,agentic-commerce,agentic ai ecommerce,30,0,LOW,,commercial
rotex universal,agentic-commerce,agentic ai ecommerce,30,0,LOW,,transactional
malabo protocol,agentic-commerce,agentic ai ecommerce,30,0,LOW,5,informational
commerce ontrac,agentic-commerce,agentic ai ecommerce,30,0,LOW,10,commercial
h2o ai revenue,agentic-commerce,agentic ai ecommerce,30,0,LOW,0,commercial
tempus ai business model,agentic-commerce,agentic ai ecommerce,30,0,LOW,0,commercial
universal ira,agentic-commerce,agentic ai ecommerce,30,36.91,LOW,0,informational
lfi e commerce danner,agentic-commerce,agentic ai ecommerce,30,0,LOW,0,navigational
integra commerce,agentic-commerce,agentic ai ecommerce,30,0,LOW,0,navigational
alara protocol,agentic-commerce,agentic ai ecommerce,30,0,LOW,12,informational
purina ai commercial,agentic-commerce,agentic ai ecommerce,30,0,LOW,0,transactional
humane ai stock,agentic-commerce,agentic ai ecommerce,30,0,LOW,0,informational
ai equifax,agentic-commerce,agentic ai ecommerce,30,0,LOW,0,navigational
ambient ai jobs,agentic-commerce,agentic ai ecommerce,30,0.1,LOW,,informational
riva salesforce,agentic-commerce,agentic ai ecommerce,30,0,LOW,0,navigational
universal-job ag,agentic-commerce,agentic ai ecommerce,30,0,LOW,19,navigational
ficoll paque protocol,agentic-commerce,agentic ai ecommerce,30,0,LOW,0,navigational
pos demo,agentic-commerce,agentic ai ecommerce,30,122.27,LOW,0,informational
ai luxury,agentic-commerce,agentic ai ecommerce,30,2.54,LOW,,commercial
deloitte ai fine,agentic-commerce,agentic ai ecommerce,30,0,LOW,28,informational
agriculture e commerce,agentic-commerce,agentic ai ecommerce,30,10.46,LOW,0,informational
sequoia ai services,agentic-commerce,agentic ai ecommerce,30,0,LOW,,navigational
openai public ipo,agentic-commerce,agentic ai ecommerce,30,0,LOW,,transactional
nubeqa ai commercial,agentic-commerce,agentic ai ecommerce,30,0,LOW,,commercial
commerce eopf,agentic-commerce,agentic ai ecommerce,30,0,LOW,4,informational
vida ai consulting,agentic-commerce,agentic ai ecommerce,30,0,LOW,6,navigational
pro dei companies,agentic-commerce,agentic ai ecommerce,30,0,LOW,23,informational
pathos ai inc,agentic-commerce,agentic ai ecommerce,30,0,LOW,18,navigational
scite ai pricing,agentic-commerce,agentic ai ecommerce,30,0.49,LOW,12,informational
forbes ai top 50,agentic-commerce,agentic ai ecommerce,30,0,LOW,22,informational
ceo de openai,agentic-commerce,agentic ai ecommerce,30,0,LOW,69,navigational
txa protocol,agentic-commerce,agentic ai ecommerce,30,0,LOW,0,informational
ai blue-collar,agentic-commerce,agentic ai ecommerce,30,0,LOW,2,informational
commerce a,agentic-commerce,agentic ai ecommerce,30,0,LOW,52,informational
generative engine optimization how to dominate ai search,ai-seo,generative engine optimization,30,28.78,MEDIUM,,commercial
generative engine optimization: how to dominate ai search,ai-seo,generative engine optimization,30,28.78,MEDIUM,,commercial
generative engine optimization tutorial,ai-seo,generative engine optimization,30,0,LOW,,commercial
compare top generative engine optimization platforms for ai visibility,ai-seo,generative engine optimization,30,0,LOW,0,commercial
generative engine optimization certification,ai-seo,generative engine optimization,30,15.69,HIGH,4,commercial
answer engine optimization course,ai-seo,answer engine optimization,30,11.02,MEDIUM,15,informational
answer engine optimization examples,ai-seo,answer engine optimization,30,15.64,LOW,,informational
chatgpt for seo optimization,ai-seo,chatgpt seo,30,9.98,LOW,3,commercial
chatgpt and seo,ai-seo,chatgpt seo,30,8.32,LOW,22,commercial
chatgpt com share seo,ai-seo,chatgpt seo,30,0,HIGH,,navigational
how to do seo for chatgpt,ai-seo,chatgpt seo,30,21.98,LOW,,informational
improve seo for ecommerce,seo,ecommerce seo,30,0,LOW,23,commercial
ecommerce website seo packages,seo,ecommerce seo,30,0,LOW,0,commercial
ecommerce seo report,seo,ecommerce seo,30,0,LOW,27,informational
agencia seo ecommerce,seo,ecommerce seo,30,0,LOW,24,commercial
off page seo for ecommerce website,seo,ecommerce seo,30,0,LOW,5,commercial
off-page seo for ecommerce website,seo,ecommerce seo,30,0,LOW,0,commercial
ecommerce homepage seo,seo,ecommerce seo,30,0,LOW,9,navigational
how to improve seo of ecommerce website,seo,ecommerce seo,30,0,LOW,31,informational
ecommerce seo keywords,seo,ecommerce seo,30,0,LOW,0,commercial
seo content for ecommerce,seo,ecommerce seo,30,0,LOW,40,commercial
advanced ecommerce seo,seo,ecommerce seo,30,0,LOW,6,commercial
ecommerce seo malaysia,seo,ecommerce seo,30,0,,0,commercial
affordable ecommerce seo packages,seo,ecommerce seo,30,0,LOW,,commercial
ecommerce category page seo,seo,ecommerce seo,30,0,LOW,0,commercial
seo friendly ecommerce website,seo,ecommerce seo,30,0,LOW,5,commercial
ecommerce seo freelancer,seo,ecommerce seo,30,0,HIGH,0,commercial
ecommerce seo denver,seo,ecommerce seo,30,0,LOW,0,commercial
nyc small business seo,seo,small business seo,30,0,LOW,,commercial
how to do seo for small business,seo,small business seo,30,4.65,LOW,38,informational
google seo for small business,seo,small business seo,30,16.01,HIGH,53,commercial
small business seo pittsburgh,seo,small business seo,30,0,LOW,0,commercial
why local seo is important for small business,seo,small business seo,30,0,LOW,1,informational
small business web design philadelphia,web-design,small business web design,30,0,LOW,52,commercial
custom small business web design,web-design,small business web design,30,0,LOW,12,commercial
small business web design denver,web-design,small business web design,30,0,LOW,50,commercial
cost of website design and development,web-design,website design cost,30,0,MEDIUM,17,commercial
website design cost in india,web-design,website design cost,30,14.26,MEDIUM,0,commercial
cost of website design in india,web-design,website design cost,30,14.26,MEDIUM,0,commercial
what is the average cost to design a website,web-design,website design cost,30,12.72,MEDIUM,20,informational
wix website design cost,web-design,website design cost,30,10.94,LOW,12,commercial
average cost of website design for small business per month,web-design,website design cost,30,12.26,MEDIUM,18,commercial
website design and development cost,web-design,website design cost,30,0,MEDIUM,10,commercial
squarespace website design cost,web-design,website design cost,30,37.32,LOW,1,commercial
what is the average cost for website design,web-design,website design cost,30,12.72,MEDIUM,13,commercial
godaddy website design cost,web-design,website design cost,30,16.76,HIGH,39,commercial
what is the average cost of website design,web-design,website design cost,30,12.72,MEDIUM,12,commercial
india website design cost,web-design,website design cost,30,14.26,MEDIUM,0,commercial
what is the average cost of a website design,web-design,website design cost,30,12.72,MEDIUM,11,commercial
website design india cost,web-design,website design cost,30,14.26,MEDIUM,1,commercial
medical website design cost,web-design,website design cost,30,0,MEDIUM,0,commercial
cost for website design and development,web-design,website design cost,30,0,MEDIUM,17,commercial
dental website design cost,web-design,website design cost,30,45.69,LOW,0,commercial
cost website design development,web-design,website design cost,30,0,MEDIUM,18,commercial
cost for website design in india,web-design,website design cost,30,14.26,MEDIUM,0,commercial
average cost of a website redesign,web-design,website redesign,30,7.38,LOW,2,commercial
website redesign portfolio,web-design,website redesign,30,11.38,LOW,5,informational
average cost of website redesign,web-design,website redesign,30,7.38,LOW,5,commercial
planning a website redesign,web-design,website redesign,30,0,MEDIUM,4,informational
average cost to redesign a website,web-design,website redesign,30,7.38,LOW,12,commercial
website redesign ux,web-design,website redesign,30,0,LOW,2,navigational
redesign website without losing seo,web-design,website redesign,30,25.67,LOW,0,informational
how often should you redesign your website,web-design,website redesign,30,0,LOW,0,informational
website redesign plan,web-design,website redesign,30,0,MEDIUM,4,commercial
website redesign goals,web-design,website redesign,30,0,LOW,0,informational
redesign my website,web-design,website redesign,30,25.36,HIGH,7,informational
ai automation agency pricing,ai-agent-dev,ai automation agency,30,9.83,LOW,,commercial
automation ai agency,ai-agent-dev,ai automation agency,30,19.47,MEDIUM,46,navigational
ai automation agency course,ai-agent-dev,ai automation agency,30,40.34,HIGH,0,navigational
ai automation agency business,ai-agent-dev,ai automation agency,30,0,LOW,,commercial
ai automation agency courses,ai-agent-dev,ai automation agency,30,40.34,HIGH,,navigational
top ai automation agency,ai-agent-dev,ai automation agency,30,6.4,LOW,,commercial
ai chatbot development cost,ai-agent-dev,ai chatbot development,30,0,LOW,0,commercial
ai powered chatbot development,ai-agent-dev,ai chatbot development,30,0,LOW,32,commercial
ai chatbot development tools,ai-agent-dev,ai chatbot development,30,0,LOW,,commercial
ai-powered chatbot development,ai-agent-dev,ai chatbot development,30,0,LOW,47,commercial
ai agents for my business,ai-agent-dev,ai agents for business,30,37.14,HIGH,,commercial
ai agents for business operations,ai-agent-dev,ai agents for business,30,0,LOW,,commercial
prestashop ecommerce development company,ecommerce,ecommerce development company,20,0,LOW,11,commercial
ecommerce marketplace development company,ecommerce,ecommerce development company,20,47.07,LOW,,commercial
best ecommerce web development company,ecommerce,ecommerce development company,20,0,LOW,5,commercial
ecommerce web development company india,ecommerce,ecommerce development company,20,0,LOW,29,commercial
brainvire ecommerce & mobile app development company,ecommerce,ecommerce development company,20,0,LOW,49,navigational
ecommerce performance marketing agency,ecommerce,ecommerce agency,20,133.57,HIGH,46,commercial
ecommerce app development agency,ecommerce,ecommerce agency,20,0,LOW,6,commercial
facebook ad agency for ecommerce,ecommerce,ecommerce agency,20,0,MEDIUM,0,commercial
headless ecommerce development agency,ecommerce,ecommerce agency,20,0,LOW,5,navigational
digital ecommerce agency,ecommerce,ecommerce agency,20,0,LOW,71,commercial
dtc ecommerce agency,ecommerce,ecommerce agency,20,15.47,LOW,0,navigational
ecommerce agency san diego,ecommerce,ecommerce agency,20,0,LOW,34,commercial
ecommerce social media agency,ecommerce,ecommerce agency,20,0,LOW,30,commercial
ecommerce conversion optimization agency,ecommerce,ecommerce agency,20,0,LOW,,commercial
marketing agency ecommerce,ecommerce,ecommerce agency,20,355.47,LOW,13,commercial
ecommerce agency services,ecommerce,ecommerce agency,20,0,LOW,26,commercial
ecommerce paid search agency,ecommerce,ecommerce agency,20,0,LOW,9,commercial
facebook ads agency for ecommerce,ecommerce,ecommerce agency,20,0,MEDIUM,11,commercial
ecommerce recruitment agency,ecommerce,ecommerce agency,20,9.78,HIGH,17,commercial
ecommerce creative agency,ecommerce,ecommerce agency,20,33.73,HIGH,63,commercial
fashion ecommerce agency,ecommerce,ecommerce agency,20,10.55,MEDIUM,,commercial
local ecommerce development agency,ecommerce,ecommerce agency,20,0,,,commercial
ecommerce ux agency,ecommerce,ecommerce agency,20,0,LOW,11,navigational
ecommerce content agency,ecommerce,ecommerce agency,20,0,LOW,20,commercial
ecommerce web agency los angeles,ecommerce,ecommerce agency,20,0,LOW,13,commercial
digital marketing ecommerce agency,ecommerce,ecommerce agency,20,48.76,MEDIUM,33,commercial
headless ecommerce agency,ecommerce,ecommerce agency,20,0,LOW,0,navigational
ecommerce agency new york,ecommerce,ecommerce agency,20,25.07,HIGH,60,commercial
ecommerce optimization agency,ecommerce,ecommerce agency,20,0,LOW,62,commercial
best ecommerce digital marketing agency,ecommerce,ecommerce agency,20,0,LOW,,commercial
ecommerce shopify agency,ecommerce,ecommerce agency,20,0,MEDIUM,26,commercial
ecommerce translation agency,ecommerce,ecommerce agency,20,0,LOW,1,commercial
ecommerce management agency,ecommerce,ecommerce agency,20,39.09,LOW,30,commercial
ecommerce agency nyc,ecommerce,ecommerce agency,20,25.07,HIGH,72,commercial
shopify web development company in india,ecommerce,shopify development,20,0,LOW,13,navigational
white label shopify development,ecommerce,shopify development,20,0,LOW,0,commercial
advanced shopify theme development,ecommerce,shopify development,20,0,,12,commercial
custom shopify website development services,ecommerce,shopify development,20,78.5,MEDIUM,38,commercial
shopify development services usa,ecommerce,shopify development,20,0,LOW,,commercial
shopify website design and development,ecommerce,shopify development,20,0,LOW,30,navigational
best shopify development agency,ecommerce,shopify development,20,0,LOW,25,commercial
shopify hydrogen development,ecommerce,shopify development,20,0,LOW,15,commercial
shopify mobile app development,ecommerce,shopify development,20,0,LOW,25,navigational
shopify website development company in india,ecommerce,shopify development,20,0,LOW,13,navigational
shopify corporate development,ecommerce,shopify development,20,0,LOW,14,navigational
shopify development cost,ecommerce,shopify development,20,0,LOW,0,commercial
shopify theme development local,ecommerce,shopify development,20,0,LOW,8,commercial
shopify development agency india,ecommerce,shopify development,20,0,LOW,59,navigational
shopify web design and development,ecommerce,shopify development,20,0,LOW,33,commercial
shopify partner development store,ecommerce,shopify development,20,0,LOW,,navigational
learn shopify development,ecommerce,shopify development,20,2.37,LOW,38,informational
shopify install app on development store,ecommerce,shopify development,20,0,LOW,39,navigational
shopify design and development,ecommerce,shopify development,20,47.93,MEDIUM,56,commercial
learning shopify development,ecommerce,shopify development,20,2.37,LOW,32,informational
custom shopify plus development,ecommerce,shopify development,20,0,LOW,,commercial
shopify create development store,ecommerce,shopify development,20,12.93,LOW,,navigational
shopify local theme development,ecommerce,shopify development,20,0,LOW,7,navigational
shopify development environment,ecommerce,shopify development,20,0,LOW,17,commercial
shopify store development company,ecommerce,shopify development,20,0,LOW,56,navigational
shopify ecommerce store development,ecommerce,shopify development,20,0,LOW,33,navigational
shopify store development cost,ecommerce,shopify development,20,0,LOW,0,commercial
shopify theme development from scratch,ecommerce,shopify development,20,0,LOW,0,navigational
shopify development agency in usa,ecommerce,shopify development,20,0,LOW,48,commercial
shopify website development company in usa,ecommerce,shopify development,20,0,HIGH,23,commercial
shopify theme local development,ecommerce,shopify development,20,0,LOW,8,navigational
b2b shopify agency,ecommerce,shopify agency,20,114.94,LOW,,navigational
shopify agency dubai,ecommerce,shopify agency,20,0,,,commercial
shopify email marketing agency,ecommerce,shopify agency,20,0,MEDIUM,0,commercial
shopify agency leeds,ecommerce,shopify agency,20,0,,58,navigational
digital marketing agency shopify,ecommerce,shopify agency,20,0,LOW,20,commercial
marketing agency for shopify,ecommerce,shopify agency,20,0,LOW,26,commercial
top shopify agency,ecommerce,shopify agency,20,17.3,MEDIUM,3,navigational
shopify hydrogen agency,ecommerce,shopify agency,20,0,,0,navigational
shopify support agency,ecommerce,shopify agency,20,0,MEDIUM,31,navigational
shopify agency in usa,ecommerce,shopify agency,20,142.16,LOW,,navigational
shopify growth agency,ecommerce,shopify agency,20,52.19,LOW,,commercial
shopify seo agency reviews,ecommerce,shopify agency,20,16.6,HIGH,,commercial
best shopify plus agency,ecommerce,shopify agency,20,0,LOW,,commercial
woocommerce website development agency,ecommerce,woocommerce development,20,0,,4,commercial
custom woocommerce development services,ecommerce,woocommerce development,20,0,LOW,,commercial
custom woocommerce development company,ecommerce,woocommerce development,20,0,LOW,,commercial
headless commerce agency,ecommerce,headless commerce,20,0,LOW,0,navigational
adobe headless commerce,ecommerce,headless commerce,20,0,MEDIUM,,transactional
e commerce headless cms,ecommerce,headless commerce,20,13.75,LOW,10,commercial
headless commerce front end,ecommerce,headless commerce,20,0,LOW,28,navigational
headless commerce benefits,ecommerce,headless commerce,20,0,LOW,0,navigational
top headless commerce platforms,ecommerce,headless commerce,20,0,MEDIUM,3,commercial
headless commerce for b2b,ecommerce,headless commerce,20,0,LOW,0,navigational
what is a headless commerce architecture,ecommerce,headless commerce,20,0,LOW,15,informational
salesforce headless commerce,ecommerce,headless commerce,20,0,LOW,0,navigational
headless commerce services,ecommerce,headless commerce,20,0,LOW,12,navigational
headless commerce api,ecommerce,headless commerce,20,0,MEDIUM,4,informational
headless e commerce solutions,ecommerce,headless commerce,20,0,LOW,19,navigational
headless commerce definition,ecommerce,headless commerce,20,0,LOW,25,informational
composable commerce vs headless commerce,ecommerce,headless commerce,20,0,LOW,0,informational
best headless commerce platforms,ecommerce,headless commerce,20,22.71,LOW,1,commercial
headless commerce frontend,ecommerce,headless commerce,20,0,LOW,36,navigational
headless commerce companies,ecommerce,headless commerce,20,0,MEDIUM,10,navigational
best headless commerce platform,ecommerce,headless commerce,20,22.71,LOW,2,commercial
what is a headless commerce platform,ecommerce,headless commerce,20,0,LOW,43,informational
what is headless commerce architecture,ecommerce,headless commerce,20,0,LOW,15,informational
best headless commerce,ecommerce,headless commerce,20,0,LOW,16,commercial
headless commerce explained,ecommerce,headless commerce,20,0,LOW,18,informational
bigcommerce theme development,ecommerce,bigcommerce development,20,34.9,LOW,0,commercial
bigcommerce website development services,ecommerce,bigcommerce development,20,0,LOW,53,commercial
bigcommerce template development,ecommerce,bigcommerce development,20,34.9,LOW,0,commercial
best ai website builder for ecommerce,ai-commerce,ai ecommerce,20,26.85,MEDIUM,51,commercial
gen ai use cases in ecommerce,ai-commerce,ai ecommerce,20,0,LOW,,informational
ecommerce ai use cases,ai-commerce,ai ecommerce,20,0,LOW,23,commercial
ecommerce ai software,ai-commerce,ai ecommerce,20,0,LOW,,commercial
ai in ecommerce case study,ai-commerce,ai ecommerce,20,0,LOW,9,commercial
ai ecommerce companies,ai-commerce,ai ecommerce,20,0,,,commercial
future of ai in ecommerce,ai-commerce,ai ecommerce,20,0,,31,commercial
generative ai use cases in ecommerce,ai-commerce,ai ecommerce,20,0,LOW,,informational
ai ecommerce assistant,ai-commerce,ai ecommerce,20,0,LOW,15,commercial
application of ai in ecommerce,ai-commerce,ai ecommerce,20,0,LOW,14,commercial
ai ecommerce store builder,ai-commerce,ai ecommerce,20,48.12,HIGH,,commercial
ai-driven ecommerce,ai-commerce,ai ecommerce,20,0,LOW,,commercial
ai website builder for ecommerce,ai-commerce,ai ecommerce,20,26.52,LOW,45,commercial
open ai ecommerce,ai-commerce,ai ecommerce,20,0,MEDIUM,28,commercial
best ai ecommerce website builder,ai-commerce,ai ecommerce,20,21.65,MEDIUM,47,commercial
best ai chatbot for ecommerce,ai-commerce,ai ecommerce,20,26.56,LOW,,commercial
role of ai in ecommerce,ai-commerce,ai ecommerce,20,0,LOW,26,commercial
ai in ecommerce industry,ai-commerce,ai ecommerce,20,0,LOW,37,commercial
ai ecommerce store,ai-commerce,ai ecommerce,20,4.94,HIGH,,commercial
how to create ecommerce website using ai,ai-commerce,ai ecommerce,20,0,,,informational
conversational ai in ecommerce,ai-commerce,ai ecommerce,20,0,LOW,11,commercial
ai in ecommerce statistics,ai-commerce,ai ecommerce,20,0,MEDIUM,,informational
how to use ai for ecommerce,ai-commerce,ai ecommerce,20,0,LOW,45,informational
how is ai used in ecommerce,ai-commerce,ai ecommerce,20,0,LOW,,informational
ai chatbot ecommerce,ai-commerce,ai ecommerce,20,11.54,LOW,10,commercial
ecommerce with ai,ai-commerce,ai ecommerce,20,27.01,LOW,33,commercial
ai in ecommerce: statistics,ai-commerce,ai ecommerce,20,0,MEDIUM,,informational
ai and machine learning in ecommerce,ai-commerce,ai ecommerce,20,0,LOW,18,commercial
ai for ecommerce website,ai-commerce,ai ecommerce,20,22.51,LOW,29,commercial
conversational commerce ai,ai-commerce,ai commerce,20,0,LOW,5,commercial
ai in e-commerce case study,ai-commerce,ai commerce,20,0,LOW,6,commercial
ai in e commerce case study,ai-commerce,ai commerce,20,0,LOW,3,commercial
ai agent commerce,ai-commerce,ai commerce,20,34.94,LOW,19,commercial
ai commerce store,ai-commerce,ai commerce,20,73.11,HIGH,,commercial
role of ai in e-commerce,ai-commerce,ai commerce,20,0,LOW,25,commercial
ai agents in e-commerce,ai-commerce,ai commerce,20,22.34,HIGH,0,commercial
e-commerce with ai,ai-commerce,ai commerce,20,27.01,LOW,,commercial
role of ai in e commerce,ai-commerce,ai commerce,20,0,LOW,26,informational
ai commerce platform,ai-commerce,ai commerce,20,11.52,MEDIUM,49,commercial
rezolve ai agentic commerce,ai-commerce,ai commerce,20,1.2,LOW,,transactional
agentic commerce ai,ai-commerce,ai commerce,20,26.14,HIGH,19,commercial
future of ai in e commerce,ai-commerce,ai commerce,20,0,,16,commercial
ai agentic commerce,ai-commerce,ai commerce,20,0,MEDIUM,19,commercial
e commerce with ai,ai-commerce,ai commerce,20,27.01,LOW,26,commercial
future of ai in e-commerce,ai-commerce,ai commerce,20,0,,30,commercial
application of ai in e commerce,ai-commerce,ai commerce,20,0,LOW,26,commercial
ai agents in e commerce,ai-commerce,ai commerce,20,22.34,HIGH,0,commercial
shopify ai commerce,ai-commerce,ai commerce,20,14.99,LOW,,navigational
ai driven e commerce,ai-commerce,ai commerce,20,0,LOW,,commercial
what is agentic ai commerce,ai-commerce,ai commerce,20,0,MEDIUM,,informational
ai in finance and e commerce,ai-commerce,ai commerce,20,0,LOW,26,commercial
agentic commerce market size,agentic-commerce,agentic commerce,20,0,MEDIUM,,commercial
bcg agentic commerce,agentic-commerce,agentic commerce,20,0,LOW,,navigational
agentic commerce reddit,agentic-commerce,agentic commerce,20,0,LOW,,navigational
skyfire agentic commerce,agentic-commerce,agentic commerce,20,84.79,MEDIUM,,commercial
salesforce agentic commerce,agentic-commerce,agentic commerce,20,35.07,MEDIUM,,navigational
chatgpt agentic commerce protocol,agentic-commerce,agentic commerce,20,9.74,MEDIUM,,navigational
shopify agentic commerce tools,agentic-commerce,agentic commerce,20,0,LOW,,commercial
paypal honey agentic commerce,agentic-commerce,agentic commerce,20,0,,,commercial
agentic commerce chatgpt,agentic-commerce,agentic commerce,20,0,LOW,40,navigational
visa agentic commerce toolkit api,agentic-commerce,agentic commerce,20,0,,,navigational
agentic-commerce protocol github,agentic-commerce,agentic commerce,20,0,LOW,,informational
shopify agentic commerce protocol,agentic-commerce,agentic commerce,20,11.36,MEDIUM,,navigational
agentic commerce optimization,agentic-commerce,agentic commerce,20,18.45,HIGH,,commercial
gemini agentic commerce,agentic-commerce,agentic commerce,20,0,LOW,,commercial
agentic-commerce-protocol github,agentic-commerce,agentic commerce,20,0,LOW,,navigational
agentic commerce market map,agentic-commerce,agentic commerce,20,16.74,MEDIUM,,commercial
stripe openai agentic commerce protocol,agentic-commerce,agentic commerce,20,0,LOW,,transactional
agentic commerce protocol github,agentic-commerce,agentic commerce,20,0,LOW,,navigational
anthropic agentic commerce,agentic-commerce,agentic commerce,20,0,LOW,,informational
perplexity ai shopping agent,agentic-commerce,ai shopping agent,20,0,LOW,,navigational
open ai shopping agent,agentic-commerce,ai shopping agent,20,11.76,MEDIUM,47,navigational
shopping agent ai,agentic-commerce,ai shopping agent,20,13.25,HIGH,18,commercial
esa protocol,agentic-commerce,agentic ai ecommerce,20,0,LOW,11,informational
forbes agentic ai,agentic-commerce,agentic ai ecommerce,20,0,LOW,21,commercial
salesforce ai ceo,agentic-commerce,agentic ai ecommerce,20,0,LOW,22,navigational
coca-cola ai marketing,agentic-commerce,agentic ai ecommerce,20,0,LOW,23,informational
ai labor exploitation,agentic-commerce,agentic ai ecommerce,20,0,LOW,,informational
alvara protocol,agentic-commerce,agentic ai ecommerce,20,0,LOW,14,informational
ai motion com,agentic-commerce,agentic ai ecommerce,20,0.89,MEDIUM,,navigational
delve ai funding,agentic-commerce,agentic ai ecommerce,20,0,LOW,,commercial
omscs ai ethics,agentic-commerce,agentic ai ecommerce,20,0,LOW,0,informational
mckinsey tempe,agentic-commerce,agentic ai ecommerce,20,3.7,LOW,10,transactional
axios ai jobs,agentic-commerce,agentic ai ecommerce,20,0,LOW,24,navigational
mckinsey barcelona,agentic-commerce,agentic ai ecommerce,20,5.82,LOW,23,navigational
heineken ai,agentic-commerce,agentic ai ecommerce,20,0,LOW,,transactional
giga ai revenue,agentic-commerce,agentic ai ecommerce,20,0,LOW,,commercial
ghidorzi companies,agentic-commerce,agentic ai ecommerce,20,0,LOW,23,navigational
commerce metro,agentic-commerce,agentic ai ecommerce,20,0,LOW,5,commercial
vestas salesforce,agentic-commerce,agentic ai ecommerce,20,0,LOW,18,navigational
opelousas chamber of commerce,agentic-commerce,agentic ai ecommerce,20,0,LOW,0,navigational
allegro e commerce,agentic-commerce,agentic ai ecommerce,20,0,LOW,,navigational
nova ai company,agentic-commerce,agentic ai ecommerce,20,0,LOW,,commercial
menards ai,agentic-commerce,agentic ai ecommerce,20,0,LOW,,navigational
judicial ai consortium,agentic-commerce,agentic ai ecommerce,20,0,LOW,,commercial
universal supply pompano,agentic-commerce,agentic ai ecommerce,20,0,LOW,0,navigational
commerce epp,agentic-commerce,agentic ai ecommerce,20,0,LOW,64,informational
upscale ai ceo,agentic-commerce,agentic ai ecommerce,20,0,LOW,,informational
ai humanize com,agentic-commerce,agentic ai ecommerce,20,9.84,LOW,74,navigational
openai ipo plan,agentic-commerce,agentic ai ecommerce,20,0,LOW,31,commercial
ciso salesforce,agentic-commerce,agentic ai ecommerce,20,0,LOW,0,navigational
seo agency ai,ai-seo,ai seo agency,20,0,LOW,40,commercial
ai seo agency london,ai-seo,ai seo agency,20,0,LOW,,navigational
generative engine optimization example,ai-seo,generative engine optimization,20,21.92,LOW,,commercial
generative engine optimization vs seo,ai-seo,generative engine optimization,20,6.68,MEDIUM,,commercial
generative engine optimization guide,ai-seo,generative engine optimization,20,8.13,LOW,,commercial
generative engine optimization examples,ai-seo,generative engine optimization,20,21.92,LOW,,informational
generative engine optimization jobs,ai-seo,generative engine optimization,20,0,LOW,,commercial
generative engine optimization paper,ai-seo,generative engine optimization,20,0,LOW,,informational
generative engine optimization reddit,ai-seo,generative engine optimization,20,0,LOW,,informational
generative engine optimization meaning,ai-seo,generative engine optimization,20,7.25,MEDIUM,,informational
generative engine optimization market size,ai-seo,generative engine optimization,20,0,LOW,,commercial
best answer engine optimization methods for ai visibility,ai-seo,answer engine optimization,20,0,,19,commercial
most popular answer engine optimization for ai products,ai-seo,answer engine optimization,20,0,LOW,,commercial
answer engine optimization certification,ai-seo,answer engine optimization,20,12.1,MEDIUM,,commercial
answer engine optimization definition,ai-seo,answer engine optimization,20,31.27,LOW,,informational
chatgpt for content and seo,ai-seo,chatgpt seo,20,0,LOW,21,commercial
can chatgpt do seo,ai-seo,chatgpt seo,20,0,LOW,,informational
chatgpt seo agency,ai-seo,chatgpt seo,20,0,LOW,,commercial
chatgpt seo content,ai-seo,chatgpt seo,20,0,LOW,24,commercial
seo with chatgpt,ai-seo,chatgpt seo,20,9.32,MEDIUM,18,commercial
chatgpt ai seo,ai-seo,chatgpt seo,20,0,HIGH,18,navigational
is chatgpt bad for seo,ai-seo,chatgpt seo,20,0,LOW,0,informational
chatgpt impact on seo,ai-seo,chatgpt seo,20,0,LOW,12,commercial
can chatgpt do seo optimization,ai-seo,chatgpt seo,20,48.03,LOW,,informational
is chatgpt good for seo,ai-seo,chatgpt seo,20,13.17,LOW,26,informational
how to use chatgpt for seo keyword research,ai-seo,chatgpt seo,20,15.61,LOW,,informational
agencia seo para ecommerce,seo,ecommerce seo,20,0,LOW,,commercial
ecommerce website seo tips,seo,ecommerce seo,20,0,LOW,30,informational
seo checklist for ecommerce website,seo,ecommerce seo,20,0,LOW,33,informational
seo best practices for ecommerce sites,seo,ecommerce seo,20,0,LOW,34,informational
ecommerce website seo audit,seo,ecommerce seo,20,0,LOW,21,commercial
ecommerce seo toronto,seo,ecommerce seo,20,0,,,commercial
benefits of ecommerce seo,seo,ecommerce seo,20,0,LOW,6,informational
ecommerce seo services usa,seo,ecommerce seo,20,0,LOW,,commercial
ecommerce seo content,seo,ecommerce seo,20,0,LOW,19,commercial
ecommerce seo dubai,seo,ecommerce seo,20,0,,1,commercial
ecommerce seo melbourne,seo,ecommerce seo,20,0,LOW,,commercial
affordable ecommerce seo services,seo,ecommerce seo,20,0,LOW,23,commercial
ecommerce seo jobs,seo,ecommerce seo,20,0,LOW,0,informational
ecommerce website seo checklist,seo,ecommerce seo,20,0,LOW,32,informational
seo ecommerce 2017,seo,ecommerce seo,20,0,LOW,19,commercial
ecommerce seo keyword research,seo,ecommerce seo,20,0,LOW,,commercial
seo for ecommerce 2017,seo,ecommerce seo,20,0,LOW,19,commercial
ecommerce seo link building,seo,ecommerce seo,20,0,LOW,11,commercial
seo friendly ecommerce platform,seo,ecommerce seo,20,0,LOW,48,commercial
ecommerce seo london,seo,ecommerce seo,20,0,LOW,5,commercial
seo best practices for ecommerce,seo,ecommerce seo,20,0,LOW,63,informational
most seo friendly ecommerce platform,seo,ecommerce seo,20,0,LOW,,commercial
ecommerce category page seo best practices,seo,ecommerce seo,20,0,,4,informational
what is seo in ecommerce,seo,ecommerce seo,20,0,LOW,24,informational
ecommerce seo cost,seo,ecommerce seo,20,0,LOW,27,commercial
seo of ecommerce websites,seo,ecommerce seo,20,0,LOW,38,commercial
ecommerce seo packages india,seo,ecommerce seo,20,0,LOW,47,commercial
technical seo ecommerce,seo,ecommerce seo,20,0,LOW,0,commercial
seo checklist for ecommerce sites,seo,ecommerce seo,20,0,LOW,13,informational
seo specialist for small business,seo,small business seo,20,0,LOW,21,commercial
small business seo services norfolk,seo,small business seo,20,0,LOW,0,commercial
small business marketing seo,seo,small business seo,20,133.37,LOW,34,commercial
seo packages for small business uk,seo,small business seo,20,0,LOW,0,commercial
seo basics for small business,seo,small business seo,20,0,LOW,26,informational
small business seo pricing,seo,small business seo,20,0,MEDIUM,13,commercial
does seo work for small business,seo,small business seo,20,0,LOW,22,informational
top rated seo companies for small business,seo,small business seo,20,0,LOW,,commercial
small business seo success stories,seo,small business seo,20,0,,,commercial
small business seo colorado springs,seo,small business seo,20,0,LOW,13,commercial
seo marketing small business,seo,small business seo,20,133.37,LOW,45,commercial
small business seo help,seo,small business seo,20,0,LOW,29,commercial
small business seo reviews,seo,small business seo,20,0,LOW,22,commercial
small business-seo reviews,seo,small business seo,20,0,LOW,21,commercial
web design services for small business near me,web-design,small business web design,20,0,LOW,10,commercial
small business web design chicago,web-design,small business web design,20,0,LOW,69,commercial
custom web design for small business,web-design,small business web design,20,0,LOW,42,commercial
website design per hour cost,web-design,website design cost,20,15.16,LOW,9,commercial
website design maintenance cost,web-design,website design cost,20,28.05,MEDIUM,7,commercial
website design cost per hour,web-design,website design cost,20,15.16,LOW,8,commercial
average cost of website design and maintenance,web-design,website design cost,20,26.21,MEDIUM,65,commercial
how much does it cost to get a website design,web-design,website design cost,20,4.22,MEDIUM,24,commercial
shopify website design cost,web-design,website design cost,20,0,MEDIUM,0,commercial
typical cost of website design,web-design,website design cost,20,0,MEDIUM,6,commercial
godaddy website design services cost,web-design,website design cost,20,18.66,HIGH,25,commercial
website design and maintenance cost,web-design,website design cost,20,28.05,MEDIUM,12,commercial
cost of website design for small business,web-design,website design cost,20,5.9,MEDIUM,19,commercial
how much does a website cost to design,web-design,website design cost,20,27.58,HIGH,29,informational
are logo and website design a startup cost,web-design,website design cost,20,0,LOW,,commercial
cost of website design and maintenance,web-design,website design cost,20,28.05,MEDIUM,14,commercial
average cost for website design and maintenance,web-design,website design cost,20,26.21,MEDIUM,65,commercial
redesign website ai free,web-design,website redesign,20,10.71,HIGH,,commercial
website redesign india,web-design,website redesign,20,0,,11,commercial
questions for website redesign,web-design,website redesign,20,11.84,LOW,0,informational
website redesign tips,web-design,website redesign,20,0,LOW,16,informational
website redesign guide,web-design,website redesign,20,0,LOW,18,informational
saas website redesign,web-design,website redesign,20,9.99,LOW,0,commercial
website redesign jobs,web-design,website redesign,20,0,LOW,13,informational
before and after website redesign,web-design,website redesign,20,0,LOW,22,informational
website redesign questions,web-design,website redesign,20,11.84,LOW,0,informational
university website redesign,web-design,website redesign,20,9.61,LOW,47,navigational
how much to redesign a website,web-design,website redesign,20,26.11,MEDIUM,1,informational
website redesign rfp 2025,web-design,website redesign,20,0,,0,informational
redesign website ai,web-design,website redesign,20,17.73,HIGH,44,commercial
how long does a website redesign take,web-design,website redesign,20,0,LOW,0,informational
how much for a website redesign,web-design,website redesign,20,26.11,MEDIUM,4,commercial
redesign your website,web-design,website redesign,20,23.63,LOW,35,informational
shopify website redesign,web-design,website redesign,20,17.73,HIGH,0,navigational
craigslist website redesign,web-design,website redesign,20,19.31,MEDIUM,0,navigational
how long does it take to redesign a website,web-design,website redesign,20,0,LOW,0,informational
website redesign before and after,web-design,website redesign,20,0,LOW,22,informational
what is website redesign,web-design,website redesign,20,0,LOW,24,informational
diy website redesign,web-design,website redesign,20,0,LOW,,navigational
website redesign case studies,web-design,website redesign,20,0,LOW,0,informational
website redesign timeline template,web-design,website redesign,20,0,HIGH,44,informational
ai agent development kit,ai-agent-dev,ai agent development,20,6.7,MEDIUM,,transactional
ai agent development process,ai-agent-dev,ai agent development,20,0,MEDIUM,,informational
no code ai agent development,ai-agent-dev,ai agent development,20,0,,,commercial
building agentic ai systems hands-on agent development,ai-agent-dev,ai agent development,20,22.19,HIGH,,informational
software development ai agent,ai-agent-dev,ai agent development,20,0,LOW,34,commercial
ai agent development tutorial,ai-agent-dev,ai agent development,20,9.56,MEDIUM,,informational
ai agent for app development,ai-agent-dev,ai agent development,20,31.22,LOW,,transactional
ai agent for business development,ai-agent-dev,ai agent development,20,13.46,MEDIUM,,transactional
google ai agent development kit,ai-agent-dev,ai agent development,20,0,LOW,56,transactional
ai agent for game development,ai-agent-dev,ai agent development,20,0,LOW,,commercial
building agentic ai systems hands on agent development,ai-agent-dev,ai agent development,20,22.19,HIGH,,commercial
ai workflow automation agency,ai-agent-dev,ai automation agency,20,0,MEDIUM,,commercial
ai automation agency for real estate,ai-agent-dev,ai automation agency,20,0,LOW,,commercial
ai automation agency for small businesses,ai-agent-dev,ai automation agency,20,22.72,MEDIUM,,commercial
best ai automation agency,ai-agent-dev,ai automation agency,20,18.09,MEDIUM,,commercial
white label ai automation agency,ai-agent-dev,ai automation agency,20,23.26,HIGH,,commercial
ai automation agency london,ai-agent-dev,ai automation agency,20,0,LOW,,navigational
is ai automation agency worth it,ai-agent-dev,ai automation agency,20,0,LOW,0,informational
ai marketing automation agency,ai-agent-dev,ai automation agency,20,23.21,MEDIUM,62,commercial
ai automation agency website,ai-agent-dev,ai automation agency,20,10.17,HIGH,,navigational
starting an ai automation agency,ai-agent-dev,ai automation agency,20,28.96,HIGH,,commercial
start an ai automation agency,ai-agent-dev,ai automation agency,20,28.96,HIGH,,transactional
custom ai agents for business,ai-agent-dev,ai agents for business,20,126.67,MEDIUM,6,commercial
ai agents for business intelligence,ai-agent-dev,ai agents for business,20,12.68,LOW,,commercial
ai agents for business development,ai-agent-dev,ai agents for business,20,13.46,MEDIUM,,commercial
ecommerce development company in dubai,ecommerce,ecommerce development company,10,0,LOW,,commercial
best ecommerce app development company,ecommerce,ecommerce development company,10,0,LOW,,commercial
ecommerce website development company coimbatore,ecommerce,ecommerce development company,10,0,LOW,,commercial
ecommerce app development company in saudi arabia,ecommerce,ecommerce development company,10,0,,,commercial
elsner technologies ecommerce development company,ecommerce,ecommerce development company,10,0,,,commercial
ecommerce website development company services,ecommerce,ecommerce development company,10,0,,,commercial
rivulet iq web design & ecommerce development company,ecommerce,ecommerce development company,10,0,,,commercial
ecommerce website development company in bangladesh,ecommerce,ecommerce development company,10,0,,,commercial
ecommerce development company in mumbai,ecommerce,ecommerce development company,10,0,,,commercial
ecommerce website development company in coimbatore,ecommerce,ecommerce development company,10,0,LOW,,commercial
opencart ecommerce development company,ecommerce,ecommerce development company,10,0,LOW,,commercial
virtina ecommerce web design and development company,ecommerce,ecommerce development company,10,0,LOW,,navigational
ecommerce website development company noida,ecommerce,ecommerce development company,10,0,LOW,,commercial
ecommerce development company in gurgaon,ecommerce,ecommerce development company,10,0,,,commercial
ecommerce web development company bangalore,ecommerce,ecommerce development company,10,0,,,commercial
ecommerce web development company in jaipur,ecommerce,ecommerce development company,10,0,,,commercial
ecommerce development company in kochi,ecommerce,ecommerce development company,10,0,,,commercial
multi vendor ecommerce website development company,ecommerce,ecommerce development company,10,0,,,commercial
ecommerce development company in delhi ncr,ecommerce,ecommerce development company,10,0,,,commercial
ecommerce website development company dubai,ecommerce,ecommerce development company,10,0,LOW,,commercial
ecommerce website development company jacksonville,ecommerce,ecommerce development company,10,0,,,commercial
custom ecommerce application development company,ecommerce,ecommerce development company,10,0,,,commercial
ecommerce development company bangalore,ecommerce,ecommerce development company,10,0,LOW,,commercial
arham technosoft an ecommerce development company,ecommerce,ecommerce development company,10,0,,,navigational
ecommerce website development company in kerala,ecommerce,ecommerce development company,10,0,,,commercial
ecommerce development company dubai,ecommerce,ecommerce development company,10,0,LOW,,commercial
ecommerce website development company in mumbai,ecommerce,ecommerce development company,10,0,,,commercial
ecommerce web development company in chennai,ecommerce,ecommerce development company,10,0,,,commercial
ecommerce app development company in chennai,ecommerce,ecommerce development company,10,0,,,commercial
ecommerce website development company near me,ecommerce,ecommerce development company,10,0,LOW,,commercial
ecommerce website development company in delhi,ecommerce,ecommerce development company,10,0,LOW,52,commercial
ecommerce development company in bangalore,ecommerce,ecommerce development company,10,0,LOW,,commercial
ecommerce web development company in bangalore,ecommerce,ecommerce development company,10,0,LOW,,commercial
best magento ecommerce development company,ecommerce,ecommerce development company,10,0,LOW,,commercial
top ecommerce website development company,ecommerce,ecommerce development company,10,0,MEDIUM,14,commercial
ecommerce website development company in indore,ecommerce,ecommerce development company,10,0,,,commercial
ecommerce website development company delhi,ecommerce,ecommerce development company,10,0,LOW,52,commercial
ecommerce development company in delhi,ecommerce,ecommerce development company,10,0,,,commercial
ecommerce development company in noida,ecommerce,ecommerce development company,10,0,,,commercial
ecommerce web development company in mumbai,ecommerce,ecommerce development company,10,0,,,commercial
ecommerce development company chennai,ecommerce,ecommerce development company,10,0,,,commercial
ecommerce development company in pune,ecommerce,ecommerce development company,10,0,,,commercial
ecommerce website development company in noida,ecommerce,ecommerce development company,10,0,LOW,,commercial
ecommerce website development company in hyderabad,ecommerce,ecommerce development company,10,0,,,commercial
best ecommerce development company in india,ecommerce,ecommerce development company,10,0,,,commercial
ecommerce development company qatar,ecommerce,ecommerce development company,10,0,,,commercial
ecommerce app development company in india,ecommerce,ecommerce development company,10,0,LOW,,commercial
ecommerce development company in uk,ecommerce,ecommerce development company,10,0,LOW,0,commercial
webcastle technologies web design company dubai ecommerce website development,ecommerce,ecommerce development company,10,0,,,commercial
website design & ecommerce development company in pakistan,ecommerce,ecommerce development company,10,0,,,commercial
ecommerce development company in hyderabad,ecommerce,ecommerce development company,10,0,,,commercial
top ecommerce app development company,ecommerce,ecommerce development company,10,0,LOW,,commercial
ecommerce development company uae,ecommerce,ecommerce development company,10,0,LOW,,commercial
ecommerce development company in coimbatore,ecommerce,ecommerce development company,10,0,,,commercial
ecommerce website development company bangalore,ecommerce,ecommerce development company,10,0,,,commercial
ecommerce website development company in dubai,ecommerce,ecommerce development company,10,0,LOW,,commercial
top ecommerce development company in india,ecommerce,ecommerce development company,10,0,LOW,11,commercial
elsner technologies ecommerce development company navrangpura,ecommerce,ecommerce development company,10,0,,,commercial
best ecommerce development company in usa,ecommerce,ecommerce development company,10,0,LOW,,commercial
brainvire ecommerce and mobile app development company mumbai photos,ecommerce,ecommerce development company,10,0,,,navigational
elsner technologies ecommerce development company shivranjani ayojan nagar,ecommerce,ecommerce development company,10,0,,,commercial
ecommerce website development company mumbai,ecommerce,ecommerce development company,10,0,,,commercial
ecommerce website development company in uk,ecommerce,ecommerce development company,10,0,,,commercial
ecommerce development company near me,ecommerce,ecommerce development company,10,0,,,commercial
ecommerce development company mumbai,ecommerce,ecommerce development company,10,0,,,commercial
ecommerce development company in chennai,ecommerce,ecommerce development company,10,0,,,commercial
ecommerce development company in australia,ecommerce,ecommerce development company,10,0,,,commercial
ecommerce web development company in noida,ecommerce,ecommerce development company,10,0,,,commercial
ecommerce web development company in delhi,ecommerce,ecommerce development company,10,0,,,commercial
ecommerce website development company in bangalore,ecommerce,ecommerce development company,10,0,LOW,,commercial
ecommerce web development company in usa,ecommerce,ecommerce development company,10,0,LOW,52,commercial
best ecommerce development company india,ecommerce,ecommerce development company,10,0,,,commercial
brainvire ecommerce & mobile app development company photos,ecommerce,ecommerce development company,10,0,LOW,,commercial
magento ecommerce development company india,ecommerce,ecommerce development company,10,0,LOW,23,commercial
brainvire ecommerce and mobile app development company mumbai reviews,ecommerce,ecommerce development company,10,0,,,commercial
best ecommerce web development company dubai,ecommerce,ecommerce development company,10,0,,,commercial
best ecommerce website development company in mumbai,ecommerce,ecommerce development company,10,0,LOW,,commercial
gospeedy ecommerce website design and development company,ecommerce,ecommerce development company,10,0,,,navigational
best ecommerce development company in dubai,ecommerce,ecommerce development company,10,0,LOW,,commercial
ecommerce development company delhi,ecommerce,ecommerce development company,10,0,,,commercial
ecommerce development company services,ecommerce,ecommerce development company,10,0,MEDIUM,,commercial
metaverse ecommerce development company,ecommerce,ecommerce development company,10,0,,,navigational
ecommerce web development company in coimbatore,ecommerce,ecommerce development company,10,0,LOW,,commercial
ecommerce development company in uae,ecommerce,ecommerce development company,10,0,LOW,,commercial
ecommerce website development company in delhi ncr,ecommerce,ecommerce development company,10,0,LOW,,commercial
best ecommerce website development company in ahmedabad,ecommerce,ecommerce development company,10,0,,,commercial
ecommerce development company in kerala,ecommerce,ecommerce development company,10,0,,43,commercial
ecommerce development company london,ecommerce,ecommerce development company,10,0,,,commercial
ecommerce website development company chennai,ecommerce,ecommerce development company,10,0,,,navigational
best ecommerce website development company india,ecommerce,ecommerce development company,10,0,,,commercial
ecommerce website development company in jaipur,ecommerce,ecommerce development company,10,0,,,commercial
ecommerce website development company in ahmedabad,ecommerce,ecommerce development company,10,0,,,commercial
top ecommerce website development company in india,ecommerce,ecommerce development company,10,0,,,commercial
best ecommerce website development company in india,ecommerce,ecommerce development company,10,0,,,commercial
ecommerce website development company in kolkata,ecommerce,ecommerce development company,10,0,,,commercial
ecommerce website development company in karur,ecommerce,ecommerce development company,10,0,,,commercial
ecommerce app development company in usa,ecommerce,ecommerce development company,10,0,LOW,,commercial
ecommerce app development company in mumbai,ecommerce,ecommerce development company,10,0,,,commercial
best ecommerce website development company in bangalore,ecommerce,ecommerce development company,10,0,,,commercial
best ecommerce store development company,ecommerce,ecommerce development company,10,0,LOW,,commercial
ecommerce website development company in chennai,ecommerce,ecommerce development company,10,0,LOW,,commercial
ecommerce app development company india,ecommerce,ecommerce development company,10,0,LOW,,commercial
ecommerce website design & development company,ecommerce,ecommerce development company,10,0,LOW,20,commercial
ecommerce website development company in pune,ecommerce,ecommerce development company,10,0,LOW,44,commercial
ecommerce web design agency dubai,ecommerce,ecommerce agency,10,0,,,commercial
philadelphia ecommerce agency,ecommerce,ecommerce agency,10,0,,,commercial
ecommerce agency software,ecommerce,ecommerce agency,10,0,,,commercial
ecommerce agency coalition,ecommerce,ecommerce agency,10,0,,,navigational
denver ecommerce agency,ecommerce,ecommerce agency,10,0,LOW,70,commercial
ecommerce service agency,ecommerce,ecommerce agency,10,0,HIGH,42,commercial
best ecommerce seo agency ranstar io,ecommerce,ecommerce agency,10,0,,,commercial
ecommerce today agency,ecommerce,ecommerce agency,10,0,HIGH,,navigational
ecommerce adwords agency,ecommerce,ecommerce agency,10,0,,,commercial
ecommerce pr agency,ecommerce,ecommerce agency,10,0,LOW,,commercial
beauty ecommerce agency,ecommerce,ecommerce agency,10,30.28,HIGH,,commercial
ecommerce agency in delhi,ecommerce,ecommerce agency,10,0,,,commercial
ecommerce agency philadelphia,ecommerce,ecommerce agency,10,0,,49,commercial
ecommerce marketing agency nyc,ecommerce,ecommerce agency,10,0,LOW,,commercial
aalogics ecommerce erp mobile apps & digital marketing development agency,ecommerce,ecommerce agency,10,0,,,commercial
best ecommerce marketing agency usa,ecommerce,ecommerce agency,10,0,,,commercial
ecommerce agency canada,ecommerce,ecommerce agency,10,0,LOW,,commercial
best social media marketing agency for ecommerce,ecommerce,ecommerce agency,10,0,,,commercial
ecommerce agency in bangalore,ecommerce,ecommerce agency,10,0,HIGH,,commercial
ecommerce marketing agency toronto,ecommerce,ecommerce agency,10,0,LOW,,commercial
ecommerce agency jobs,ecommerce,ecommerce agency,10,2.94,MEDIUM,0,navigational
ecommerce web design agency london,ecommerce,ecommerce agency,10,0,HIGH,,commercial
ecommerce marketing agency miami,ecommerce,ecommerce agency,10,0,,0,commercial
tai lopez ecommerce agency,ecommerce,ecommerce agency,10,0,LOW,,navigational
top ecommerce marketing agency,ecommerce,ecommerce agency,10,18.42,MEDIUM,3,commercial
ecommerce agency name ideas,ecommerce,ecommerce agency,10,0,,,commercial
ecommerce agency miami,ecommerce,ecommerce agency,10,0,MEDIUM,,commercial
ecommerce agency minneapolis,ecommerce,ecommerce agency,10,0,HIGH,,navigational
ecommerce marketing agency near me,ecommerce,ecommerce agency,10,5.46,LOW,27,commercial
ecommerce agency chicago,ecommerce,ecommerce agency,10,8.89,MEDIUM,,commercial
ecommerce sem agency,ecommerce,ecommerce agency,10,0,LOW,5,commercial
vancouver ecommerce agency,ecommerce,ecommerce agency,10,0,,,commercial
ecommerce facebook agency,ecommerce,ecommerce agency,10,0,,,navigational
ecommerce agency liverpool,ecommerce,ecommerce agency,10,0,,,commercial
best ecommerce agency in india,ecommerce,ecommerce agency,10,0,HIGH,,commercial
ecommerce agency glasgow,ecommerce,ecommerce agency,10,0,,,commercial
ecommerce agency usa,ecommerce,ecommerce agency,10,14.33,HIGH,30,commercial
ecommerce growth marketing agency,ecommerce,ecommerce agency,10,455.43,MEDIUM,,commercial
best ecommerce ads agency,ecommerce,ecommerce agency,10,0,MEDIUM,,commercial
ecommerce agency birmingham,ecommerce,ecommerce agency,10,0,,,commercial
ecommerce setup agency,ecommerce,ecommerce agency,10,0,HIGH,,commercial
ecommerce agency summit,ecommerce,ecommerce agency,10,0,MEDIUM,3,navigational
best agency ecommerce,ecommerce,ecommerce agency,10,0,,0,commercial
ecommerce seo agency sydney,ecommerce,ecommerce agency,10,0,LOW,,commercial
ecommerce marketing agency llc,ecommerce,ecommerce agency,10,0,,18,commercial
ecommerce agency hong kong,ecommerce,ecommerce agency,10,0,,53,commercial
los angeles ecommerce agency,ecommerce,ecommerce agency,10,9.59,HIGH,20,commercial
ecommerce solutions agency,ecommerce,ecommerce agency,10,0,LOW,58,commercial
ecommerce strategy agency,ecommerce,ecommerce agency,10,0,,,commercial
what is an ecommerce marketing agency,ecommerce,ecommerce agency,10,0,,,informational
ecommerce services agency,ecommerce,ecommerce agency,10,0,HIGH,56,commercial
ecommerce digital marketing agency india,ecommerce,ecommerce agency,10,0,,,commercial
ecommerce specialist agency,ecommerce,ecommerce agency,10,0,,,commercial
uk ecommerce agency,ecommerce,ecommerce agency,10,0,,49,commercial
ecommerce paid ads agency,ecommerce,ecommerce agency,10,0,HIGH,,commercial
fashion ecommerce marketing agency,ecommerce,ecommerce agency,10,148.88,LOW,,commercial
best ecommerce marketing agency rankstar,ecommerce,ecommerce agency,10,0,,,commercial
icecube digital ecommerce design development and digital marketing agency,ecommerce,ecommerce agency,10,0,,,commercial
avex shopify plus ecommerce agency,ecommerce,ecommerce agency,10,0,HIGH,,navigational
ecommerce marketing agency uk,ecommerce,ecommerce agency,10,0,LOW,,commercial
target ecommerce marketing agency london,ecommerce,ecommerce agency,10,0,,,commercial
stryde ecommerce marketing agency,ecommerce,ecommerce agency,10,0,LOW,,commercial
ecommerce agency sydney,ecommerce,ecommerce agency,10,0,,,commercial
agency for ecommerce,ecommerce,ecommerce agency,10,0,LOW,0,commercial
ecommerce agency bristol,ecommerce,ecommerce agency,10,0,,,commercial
ecommerce agency south africa,ecommerce,ecommerce agency,10,0,,,commercial
best ecommerce email marketing agency,ecommerce,ecommerce agency,10,0,,,commercial
the ecommerce agency,ecommerce,ecommerce agency,10,0,,0,navigational
ecommerce website design agency near me,ecommerce,ecommerce agency,10,0,,,commercial
global ecommerce agency,ecommerce,ecommerce agency,10,0,,,commercial
ecommerce agency vancouver,ecommerce,ecommerce agency,10,0,HIGH,,commercial
guidance ecommerce agency,ecommerce,ecommerce agency,10,0,LOW,,commercial
tiktok ecommerce agency,ecommerce,ecommerce agency,10,0,,,navigational
d2c ecommerce agency,ecommerce,ecommerce agency,10,0,LOW,,commercial
ecommerce email agency,ecommerce,ecommerce agency,10,60.75,LOW,,commercial
ecommerce marketing agency canada,ecommerce,ecommerce agency,10,0,,,commercial
ecommerce content marketing agency,ecommerce,ecommerce agency,10,0,LOW,16,commercial
ecommerce support agency,ecommerce,ecommerce agency,10,0,LOW,,commercial
ecommerce website development agency near me,ecommerce,ecommerce agency,10,0,,,commercial
top ecommerce digital agency,ecommerce,ecommerce agency,10,0,LOW,,commercial
white label ecommerce agency,ecommerce,ecommerce agency,10,0,HIGH,55,commercial
ecommerce marketing agency india,ecommerce,ecommerce agency,10,0,,17,commercial
ecommerce customer service agency,ecommerce,ecommerce agency,10,0,,,navigational
how to start an ecommerce agency,ecommerce,ecommerce agency,10,0,,,informational
ecommerce seo agency growmatic,ecommerce,ecommerce agency,10,0,,0,commercial
hong kong ecommerce agency,ecommerce,ecommerce agency,10,0,,53,navigational
unlimited shopify development,ecommerce,shopify development,10,0,,,commercial
shopify product development,ecommerce,shopify development,10,0,,,commercial
create a development store shopify,ecommerce,shopify development,10,0,LOW,,transactional
best shopify development companies in india,ecommerce,shopify development,10,0,,,commercial
shopify theme development resources,ecommerce,shopify development,10,0,,,informational
shopify development mauritius,ecommerce,shopify development,10,0,,,commercial
shopify website development services in india,ecommerce,shopify development,10,0,LOW,,commercial
shopify development full course,ecommerce,shopify development,10,0,,,informational
best shopify development agency in india,ecommerce,shopify development,10,0,,,commercial
shopify website development companies,ecommerce,shopify development,10,0,,56,commercial
shopify app development php,ecommerce,shopify development,10,0,,,commercial
shopify app development docs,ecommerce,shopify development,10,0,LOW,,informational
shopify web development course,ecommerce,shopify development,10,0,LOW,,informational
shopify addon development,ecommerce,shopify development,10,0,,,commercial
shopify app development book,ecommerce,shopify development,10,0,,,informational
shopify development dubai,ecommerce,shopify development,10,0,LOW,,commercial
shopify development roadmap,ecommerce,shopify development,10,0,LOW,,informational
how to allow custom app development in shopify,ecommerce,shopify development,10,0,LOW,,informational
shopify plus app development,ecommerce,shopify development,10,0,LOW,,commercial
shopify local development environment,ecommerce,shopify development,10,0,LOW,,navigational
shopify theme development guide,ecommerce,shopify development,10,0,,,informational
development stores can only process test payments shopify,ecommerce,shopify development,10,0,,,informational
shopify 2.0 theme development,ecommerce,shopify development,10,0,LOW,,commercial
shopify development in new york,ecommerce,shopify development,10,0,LOW,,commercial
shopify research and development,ecommerce,shopify development,10,0,,,commercial
shopify store design and development,ecommerce,shopify development,10,0,,,navigational
shopify business development,ecommerce,shopify development,10,0,MEDIUM,,commercial
shopify delete development store,ecommerce,shopify development,10,0,,,navigational
superhi shopify theme development,ecommerce,shopify development,10,0,,,navigational
shopify development company in ahmedabad,ecommerce,shopify development,10,0,HIGH,,navigational
website development shopify,ecommerce,shopify development,10,0,,52,commercial
what is shopify app development,ecommerce,shopify development,10,0,LOW,,informational
shopify app development company india,ecommerce,shopify development,10,0,,,navigational
shopify development workflow,ecommerce,shopify development,10,0,LOW,,informational
shopify development agency in delhi,ecommerce,shopify development,10,0,,,commercial
shopify private app development company,ecommerce,shopify development,10,0,,,navigational
shopify partners development store,ecommerce,shopify development,10,0,LOW,,navigational
shopify theme development docs,ecommerce,shopify development,10,0,LOW,,informational
shopify website development packages,ecommerce,shopify development,10,0,LOW,,commercial
shopify website development course,ecommerce,shopify development,10,0,LOW,,navigational
shopify liquid theme development,ecommerce,shopify development,10,0,LOW,,navigational
shopify app development tutorial php,ecommerce,shopify development,10,0,,,informational
shopify hydrogen development store,ecommerce,shopify development,10,0,,,navigational
shopify development store login,ecommerce,shopify development,10,0,LOW,,navigational
theme development in shopify,ecommerce,shopify development,10,0,,4,commercial
shopify app development laravel,ecommerce,shopify development,10,0,,,commercial
shopify payment gateway development,ecommerce,shopify development,10,0,,,commercial
how to create shopify development store,ecommerce,shopify development,10,0,LOW,,informational
shopify app development react,ecommerce,shopify development,10,0,,,navigational
shopify development services india,ecommerce,shopify development,10,0,LOW,,navigational
top 10 shopify development company,ecommerce,shopify development,10,0,,,commercial
how to learn shopify development,ecommerce,shopify development,10,0,HIGH,24,informational
shopify headless development,ecommerce,shopify development,10,8.82,MEDIUM,7,navigational
shopify development sydney,ecommerce,shopify development,10,0,,,navigational
udemy shopify development,ecommerce,shopify development,10,0,,49,navigational
shopify theme development kit,ecommerce,shopify development,10,0,,,navigational
shopify backend development,ecommerce,shopify development,10,0,,,commercial
shopify app development udemy,ecommerce,shopify development,10,0,,52,navigational
shopify theme development create shopify themes 2022,ecommerce,shopify development,10,0,,,navigational
top shopify app development company,ecommerce,shopify development,10,0,,,informational
web development shopify,ecommerce,shopify development,10,0,,50,commercial
shopify online store development,ecommerce,shopify development,10,0,LOW,,commercial
shopify development agency near me,ecommerce,shopify development,10,0,LOW,56,navigational
shopify app development tutorial for beginners,ecommerce,shopify development,10,0,,,informational
um shopify marketing agency website,ecommerce,shopify agency,10,0,,,navigational
radiant shopify agency,ecommerce,shopify agency,10,0,LOW,,navigational
shopify google ads agency,ecommerce,shopify agency,10,0,LOW,,commercial
kloc technologies shopify plus agency,ecommerce,shopify agency,10,0,,,commercial
white label shopify agency,ecommerce,shopify agency,10,0,MEDIUM,43,navigational
kikstart ecom shopify partner agency,ecommerce,shopify agency,10,0,,,commercial
shopify agency auckland,ecommerce,shopify agency,10,0,,,commercial
shopify dropshipping agency,ecommerce,shopify agency,10,1.72,LOW,,navigational
shopify agency perth,ecommerce,shopify agency,10,0,,,commercial
digital marketing agency shopify theme,ecommerce,shopify agency,10,20.61,HIGH,,navigational
shopify agency jobs,ecommerce,shopify agency,10,0,LOW,,navigational
magento to shopify migration agency,ecommerce,shopify agency,10,0,LOW,,commercial
shopify agency europe,ecommerce,shopify agency,10,0,,,navigational
full-service shopify agency,ecommerce,shopify agency,10,0,LOW,51,commercial
shopify agency singapore,ecommerce,shopify agency,10,0,,,navigational
lazer shopify agency,ecommerce,shopify agency,10,63.36,MEDIUM,,commercial
shopify developer agency,ecommerce,shopify agency,10,48.41,MEDIUM,51,navigational
shopify management agency,ecommerce,shopify agency,10,0,LOW,,navigational
best shopify developer agency,ecommerce,shopify agency,10,0,,,commercial
shopify agency bristol,ecommerce,shopify agency,10,0,,,navigational
shopify agency in pakistan,ecommerce,shopify agency,10,0,,,navigational
shopify agency nyc,ecommerce,shopify agency,10,0,MEDIUM,,navigational
new york shopify agency,ecommerce,shopify agency,10,0,,0,navigational
shopify agency melbourne,ecommerce,shopify agency,10,0,,,commercial
tomorrow shopify agency,ecommerce,shopify agency,10,0,LOW,,navigational
why matters shopify agency,ecommerce,shopify agency,10,0,LOW,,informational
shopify white label agency,ecommerce,shopify agency,10,0,HIGH,,navigational
shopify agency login,ecommerce,shopify agency,10,0,LOW,,navigational
shopify plus agency london,ecommerce,shopify agency,10,0,,,navigational
shopify optimization agency,ecommerce,shopify agency,10,0,HIGH,,commercial
woocommerce to shopify migration agency,ecommerce,shopify agency,10,0,LOW,,commercial
travel agency shopify,ecommerce,shopify agency,10,0,MEDIUM,,navigational
shopify certified agency,ecommerce,shopify agency,10,0,,,navigational
shopify agency website,ecommerce,shopify agency,10,0,,86,navigational
shopify conversion rate optimization agency,ecommerce,shopify agency,10,0,LOW,,commercial
shopify enterprise agency,ecommerce,shopify agency,10,0,LOW,27,navigational
full service shopify agency,ecommerce,shopify agency,10,0,LOW,51,commercial
shopify agency canada,ecommerce,shopify agency,10,0,HIGH,,commercial
shopify agency scotland,ecommerce,shopify agency,10,0,,,commercial
shopify website design agency ravedigital,ecommerce,shopify agency,10,0,,,commercial
shopify seo agency australia,ecommerce,shopify agency,10,0,,,commercial
shopify store development agency,ecommerce,shopify agency,10,0,LOW,,navigational
shopify for travel agency,ecommerce,shopify agency,10,46.43,MEDIUM,18,navigational
shopify travel agency,ecommerce,shopify agency,10,0,MEDIUM,18,navigational
shopify seo agency new york,ecommerce,shopify agency,10,0,,,commercial
charle shopify agency,ecommerce,shopify agency,10,0,MEDIUM,,navigational
shopify service agency,ecommerce,shopify agency,10,0,LOW,,navigational
shopify b2b agency,ecommerce,shopify agency,10,0,LOW,,navigational
noir & blanco shopify plus agency,ecommerce,shopify agency,10,0,,,commercial
shopify agency glasgow,ecommerce,shopify agency,10,0,,,navigational
top shopify development agency in india,ecommerce,shopify agency,10,0,HIGH,,commercial
shopify plus agency australia,ecommerce,shopify agency,10,0,,,navigational
shopify agency california,ecommerce,shopify agency,10,0,MEDIUM,,navigational
vaan shopify platinum agency,ecommerce,shopify agency,10,0,LOW,,navigational
shopify development agency reviews,ecommerce,shopify agency,10,0,,,informational
crawlapps shopify plus agency,ecommerce,shopify agency,10,0,,,commercial
shopify agency theme,ecommerce,shopify agency,10,0,HIGH,,navigational
shopify agency partner program,ecommerce,shopify agency,10,0,LOW,8,commercial
shopify speed optimization agency,ecommerce,shopify agency,10,0,LOW,,commercial
shopify agency account,ecommerce,shopify agency,10,0,LOW,,navigational
top shopify development agency,ecommerce,shopify agency,10,0,MEDIUM,,navigational
shopify agency toronto,ecommerce,shopify agency,10,0,HIGH,,commercial
shopify seo agency in india,ecommerce,shopify agency,10,0,LOW,,commercial
shopify agency liverpool,ecommerce,shopify agency,10,0,LOW,,navigational
shopify digital agency,ecommerce,shopify agency,10,0,MEDIUM,,commercial
shopify development agency in india,ecommerce,shopify agency,10,0,LOW,,navigational
seo agency shopify,ecommerce,shopify agency,10,0,LOW,31,commercial
shopify subscription agency,ecommerce,shopify agency,10,0,LOW,,commercial
shopify development agency in pune,ecommerce,shopify agency,10,0,,,commercial
shopify marketing agency in usa,ecommerce,shopify agency,10,15.86,MEDIUM,22,commercial
shopify agency vancouver,ecommerce,shopify agency,10,0,,,commercial
shopify plus agency coalition,ecommerce,shopify agency,10,0,LOW,,navigational
shopify agency france,ecommerce,shopify agency,10,0,,,navigational
shopify experts agency,ecommerce,shopify agency,10,0,LOW,6,navigational
shopify agency us,ecommerce,shopify agency,10,0,LOW,,navigational
shopify plus agency melbourne,ecommerce,shopify agency,10,0,,,navigational
shopify agency usa,ecommerce,shopify agency,10,13.93,MEDIUM,,navigational
shopify agency australia,ecommerce,shopify agency,10,0,LOW,,commercial
domain shopify agency,ecommerce,shopify agency,10,0,LOW,13,navigational
shopify agency sydney,ecommerce,shopify agency,10,0,,,commercial
shopify agency india,ecommerce,shopify agency,10,0,HIGH,,navigational
experts shopify zee agency,ecommerce,shopify agency,10,0,,54,navigational
shopify travel agency theme,ecommerce,shopify agency,10,19.25,HIGH,,navigational
shopify agency boston,ecommerce,shopify agency,10,0,LOW,,navigational
shopify website building agency,ecommerce,shopify agency,10,0,,,navigational
shopify theme agency,ecommerce,shopify agency,10,0,HIGH,,navigational
ecom experts shopify plus agency,ecommerce,shopify agency,10,0,HIGH,,navigational
shopify agency brisbane,ecommerce,shopify agency,10,0,,,navigational
code shopify agency,ecommerce,shopify agency,10,0,,,commercial
shopify development agency dubai,ecommerce,shopify agency,10,0,,,commercial
shopify plus web development agency,ecommerce,shopify agency,10,0,MEDIUM,,commercial
cql shopify agency,ecommerce,shopify agency,10,13.87,LOW,,commercial
shopify agency montreal,ecommerce,shopify agency,10,0,,,commercial
shopify branding agency,ecommerce,shopify agency,10,0,LOW,,navigational
shopify agency template,ecommerce,shopify agency,10,0,,,commercial
shopify mobile app development agency,ecommerce,shopify agency,10,0,,,commercial
coi shopify agency,ecommerce,shopify agency,10,0,,,navigational
shopify agency directory,ecommerce,shopify agency,10,0,MEDIUM,,navigational
shopify design and development agency,ecommerce,shopify agency,10,78.31,MEDIUM,,navigational
digital agency shopify,ecommerce,shopify agency,10,0,LOW,,navigational
shopify agency birmingham,ecommerce,shopify agency,10,0,,,navigational
shopify headless agency,ecommerce,shopify agency,10,0,MEDIUM,0,navigational
shopify plus migration agency,ecommerce,shopify agency,10,0,LOW,,commercial
statement shopify agency,ecommerce,shopify agency,10,0,,,navigational
shopify services agency,ecommerce,shopify agency,10,0,,,navigational
shopify store management agency,ecommerce,shopify agency,10,0,LOW,14,navigational
marketing agency shopify,ecommerce,shopify agency,10,34.95,MEDIUM,0,commercial
shopify agency in india,ecommerce,shopify agency,10,17.07,MEDIUM,,navigational
best shopify marketing agency,ecommerce,shopify agency,10,0,LOW,0,commercial
shopify plus web design agency,ecommerce,shopify agency,10,0,LOW,,commercial
expert shopify zee agency,ecommerce,shopify agency,10,0,,54,navigational
shopify store agency,ecommerce,shopify agency,10,22.01,MEDIUM,,navigational
shopify marketing agency india,ecommerce,shopify agency,10,0,,,navigational
shopify agency edinburgh,ecommerce,shopify agency,10,0,,,navigational
shopify app agency,ecommerce,shopify agency,10,0,HIGH,,navigational
shoptrade shopify plus agency,ecommerce,shopify agency,10,0,,,navigational
ark web solutions web design agency shopify software house,ecommerce,shopify agency,10,0,,,navigational
stalwart digital shopify plus experts agency,ecommerce,shopify agency,10,0,,,commercial
shopify agency san diego,ecommerce,shopify agency,10,0,LOW,,navigational
shopify plus agency uk,ecommerce,shopify agency,10,0,LOW,,navigational
ambiw shopify plus agency,ecommerce,shopify agency,10,0,,,navigational
shopify ux agency,ecommerce,shopify agency,10,0,LOW,,navigational
shopify ecommerce agency in india,ecommerce,shopify agency,10,0,LOW,,commercial
shopify seo agency coalition,ecommerce,shopify agency,10,0,,,commercial
pivot shopify agency,ecommerce,shopify agency,10,0,LOW,,navigational
agency shopify,ecommerce,shopify agency,10,0,LOW,58,navigational
shopify app marketing agency,ecommerce,shopify agency,10,0,HIGH,,navigational
shopify store marketing agency,ecommerce,shopify agency,10,197.49,HIGH,,navigational
usa shopify agency,ecommerce,shopify agency,10,0,LOW,,navigational
shopify agency in dubai,ecommerce,shopify agency,10,0,,,commercial
shopify seo agency india,ecommerce,shopify agency,10,0,,,navigational
woocommerce mobile app development,ecommerce,woocommerce development,10,0,,57,commercial
woocommerce development india,ecommerce,woocommerce development,10,0,,6,navigational
woocommerce payment plugin development,ecommerce,woocommerce development,10,0,,47,commercial
woocommerce plugin development course,ecommerce,woocommerce development,10,0,,49,commercial
woocommerce shipping plugin development,ecommerce,woocommerce development,10,0,,49,commercial
woocommerce development service provider,ecommerce,woocommerce development,10,0,,49,commercial
udemy woocommerce theme development,ecommerce,woocommerce development,10,0,,49,navigational
woocommerce development company in india,ecommerce,woocommerce development,10,0,,0,commercial
woocommerce ecommerce development,ecommerce,woocommerce development,10,0,LOW,54,commercial
best woocommerce development company,ecommerce,woocommerce development,10,0,LOW,0,commercial
woocommerce website development cost,ecommerce,woocommerce development,10,0,,0,commercial
woocommerce custom plugin development,ecommerce,woocommerce development,10,0,,48,commercial
woocommerce development blog,ecommerce,woocommerce development,10,0,LOW,45,informational
top woocommerce development companies,ecommerce,woocommerce development,10,0,LOW,1,commercial
woocommerce store development,ecommerce,woocommerce development,10,0,LOW,59,commercial
woocommerce development company in usa,ecommerce,woocommerce development,10,0,LOW,48,commercial
learn woocommerce development,ecommerce,woocommerce development,10,2.74,HIGH,,informational
wordpress woocommerce theme development,ecommerce,woocommerce development,10,0,,52,commercial
woocommerce development services in india,ecommerce,woocommerce development,10,0,,,commercial
woocommerce development agency india,ecommerce,woocommerce development,10,0,,,navigational
woocommerce theme development advanced course,ecommerce,woocommerce development,10,0,,42,navigational
woocommerce theme development services,ecommerce,woocommerce development,10,0,LOW,,commercial
woocommerce payment gateway plugin development,ecommerce,woocommerce development,10,0,,47,commercial
woocommerce development course,ecommerce,woocommerce development,10,0,,43,commercial
woocommerce development company india,ecommerce,woocommerce development,10,0,LOW,0,navigational
woocommerce plugin development services,ecommerce,woocommerce development,10,0,LOW,29,commercial
woocommerce themes development,ecommerce,woocommerce development,10,0,LOW,16,commercial
woocommerce development company usa,ecommerce,woocommerce development,10,0,LOW,48,commercial
woocommerce theme development course,ecommerce,woocommerce development,10,0,,40,navigational
wordpress woocommerce plugin development,ecommerce,woocommerce development,10,0,,52,commercial
woocommerce development environment,ecommerce,woocommerce development,10,0,,50,commercial
woocommerce development services india,ecommerce,woocommerce development,10,0,LOW,,commercial
woocommerce development company near me,ecommerce,woocommerce development,10,0,,47,commercial
woocommerce extension development tutorial,ecommerce,woocommerce development,10,0,,43,informational
woocommerce theme development: advanced course free download,ecommerce,woocommerce development,10,0,,45,commercial
woocommerce app development,ecommerce,woocommerce development,10,0,,54,commercial
woocommerce development mode,ecommerce,woocommerce development,10,0,,48,informational
woocommerce development cost,ecommerce,woocommerce development,10,0,,34,informational
woocommerce development tutorial,ecommerce,woocommerce development,10,0,,52,informational
best woocommerce development services,ecommerce,woocommerce development,10,0,LOW,,commercial
udemy woocommerce theme development advanced course,ecommerce,woocommerce development,10,0,,,navigational
woocommerce plugin development tutorial,ecommerce,woocommerce development,10,0,,43,informational
woocommerce theme development: advanced course,ecommerce,woocommerce development,10,0,,42,commercial
woocommerce theme development tutorial,ecommerce,woocommerce development,10,0,,53,informational
woocommerce development agency uk,ecommerce,woocommerce development,10,0,LOW,,commercial
top woocommerce development company,ecommerce,woocommerce development,10,0,LOW,5,commercial
woocommerce plugin development company,ecommerce,woocommerce development,10,0,MEDIUM,50,commercial
woocommerce development services company,ecommerce,woocommerce development,10,0,,,commercial
woocommerce development dubai,ecommerce,woocommerce development,10,0,LOW,,commercial
headless woocommerce development,ecommerce,woocommerce development,10,0,,,navigational
frisco woocommerce development,ecommerce,woocommerce development,10,0,,,navigational
woocommerce theme development from scratch,ecommerce,woocommerce development,10,0,,48,navigational
woocommerce website development cost in india,ecommerce,woocommerce development,10,0,,48,commercial
woocommerce theme development advanced course free download,ecommerce,woocommerce development,10,0,,45,transactional
wordpress woocommerce development,ecommerce,woocommerce development,10,0,,17,commercial
woocommerce payment gateway development,ecommerce,woocommerce development,10,0,,47,commercial
headless commerce blog,ecommerce,headless commerce,10,0,,,navigational
headless e commerce system,ecommerce,headless commerce,10,0,,,navigational
headless commerce open source,ecommerce,headless commerce,10,0,LOW,60,navigational
headless commerce options,ecommerce,headless commerce,10,0,MEDIUM,,navigational
is shopify headless commerce,ecommerce,headless commerce,10,0,LOW,30,informational
oracle commerce headless,ecommerce,headless commerce,10,0,,,navigational
commerce headless,ecommerce,headless commerce,10,0,,26,navigational
commerce cloud headless,ecommerce,headless commerce,10,0,,,navigational
headless commerce summit,ecommerce,headless commerce,10,0,,0,informational
headless commerce bigcommerce,ecommerce,headless commerce,10,0,LOW,0,navigational
headless commerce architecture diagram,ecommerce,headless commerce,10,0,LOW,,navigational
salesforce headless commerce api,ecommerce,headless commerce,10,0,,,navigational
headless e-commerce integration,ecommerce,headless commerce,10,0,,,navigational
headless commerce strategy,ecommerce,headless commerce,10,0,LOW,,navigational
headless commerce providers,ecommerce,headless commerce,10,0,,,navigational
headless commerce integration,ecommerce,headless commerce,10,0,LOW,,navigational
headless digital commerce,ecommerce,headless commerce,10,0,LOW,,navigational
architecture commerce headless,ecommerce,headless commerce,10,0,,,navigational
oracle commerce cloud headless,ecommerce,headless commerce,10,0,LOW,,navigational
headless commerce website development services,ecommerce,headless commerce,10,0,,,navigational
sap headless commerce,ecommerce,headless commerce,10,0,LOW,52,navigational
headless commerce salesforce,ecommerce,headless commerce,10,0,LOW,0,navigational
headless commerce icon,ecommerce,headless commerce,10,0,LOW,,navigational
headless commerce stack,ecommerce,headless commerce,10,0,LOW,,transactional
sitecore headless commerce,ecommerce,headless commerce,10,0,LOW,,navigational
headless commerce trends,ecommerce,headless commerce,10,0,LOW,,navigational
headless commerce pricing,ecommerce,headless commerce,10,0,,,informational
headless commerce là gì,ecommerce,headless commerce,10,0,,,informational
salesforce commerce cloud headless,ecommerce,headless commerce,10,0,LOW,26,navigational
magento headless commerce architecture,ecommerce,headless commerce,10,0,,,navigational
shopify headless commerce guide,ecommerce,headless commerce,10,0,LOW,,informational
swell headless commerce,ecommerce,headless commerce,10,0,LOW,43,transactional
open source headless commerce,ecommerce,headless commerce,10,0,MEDIUM,60,navigational
sap hybris headless commerce,ecommerce,headless commerce,10,0,,,navigational
headless commerce tools,ecommerce,headless commerce,10,0,LOW,5,navigational
pwa headless commerce,ecommerce,headless commerce,10,0,,,navigational
headless commerce architecture example,ecommerce,headless commerce,10,0,LOW,,informational
nacelle headless commerce,ecommerce,headless commerce,10,0,LOW,31,navigational
pimcore headless commerce,ecommerce,headless commerce,10,0,,,navigational
headless commerce magento,ecommerce,headless commerce,10,0,,0,navigational
headless commerce approach,ecommerce,headless commerce,10,0,LOW,10,navigational
examples of headless commerce,ecommerce,headless commerce,10,0,,25,informational
headless commerce b2b,ecommerce,headless commerce,10,0,LOW,0,navigational
headless commerce stats,ecommerce,headless commerce,10,0,,18,navigational
headless commerce pros and cons,ecommerce,headless commerce,10,0,,,informational
composable headless commerce,ecommerce,headless commerce,10,0,LOW,,transactional
headless commerce system,ecommerce,headless commerce,10,0,,,navigational
headless commerce o que é,ecommerce,headless commerce,10,0,,,informational
netlify headless commerce summit,ecommerce,headless commerce,10,0,LOW,,navigational
headless commerce gartner,ecommerce,headless commerce,10,0,,,navigational
what is headless commerce platform,ecommerce,headless commerce,10,0,LOW,43,informational
headless commerce retail,ecommerce,headless commerce,10,0,,,navigational
internet retailer and headless commerce,ecommerce,headless commerce,10,0,,,navigational
headless commerce diagram,ecommerce,headless commerce,10,0,,,informational
headless commerce engine,ecommerce,headless commerce,10,0,MEDIUM,,navigational
forrester headless commerce,ecommerce,headless commerce,10,0,,,navigational
headless commerce market size,ecommerce,headless commerce,10,0,,,navigational
headless commerce open-source,ecommerce,headless commerce,10,0,LOW,60,navigational
leading headless commerce development agency,ecommerce,headless commerce,10,0,LOW,,navigational
define headless commerce,ecommerce,headless commerce,10,0,LOW,,informational
medusa headless commerce,ecommerce,headless commerce,10,0,LOW,,transactional
magento 2 headless commerce,ecommerce,headless commerce,10,0,LOW,,navigational
how headless commerce works,ecommerce,headless commerce,10,0,LOW,31,informational
headless commerce vs composable commerce,ecommerce,headless commerce,10,0,LOW,0,informational
headless commerce scenario,ecommerce,headless commerce,10,0,,,informational
headless commerce and microservices,ecommerce,headless commerce,10,0,LOW,,informational
headless commerce que es,ecommerce,headless commerce,10,0,,,informational
b2b headless commerce,ecommerce,headless commerce,10,0,LOW,0,commercial
headless cms commerce,ecommerce,headless commerce,10,0,,50,navigational
salesforce b2b commerce headless,ecommerce,headless commerce,10,0,LOW,,navigational
what's headless commerce,ecommerce,headless commerce,10,0,MEDIUM,50,informational
headless commerce case study,ecommerce,headless commerce,10,0,HIGH,,navigational
headless commerce websites,ecommerce,headless commerce,10,0,,,navigational
netlify headless commerce,ecommerce,headless commerce,10,0,,,commercial
history of headless commerce,ecommerce,headless commerce,10,0,,,informational
drupal commerce headless,ecommerce,headless commerce,10,0,LOW,,navigational
headless commerce statistics,ecommerce,headless commerce,10,0,,18,navigational
adobe commerce headless,ecommerce,headless commerce,10,0,LOW,,navigational
what does headless commerce mean,ecommerce,headless commerce,10,0,LOW,25,informational
shogun headless commerce,ecommerce,headless commerce,10,0,,13,navigational
headless commerce startups,ecommerce,headless commerce,10,0,,,navigational
hybris headless commerce,ecommerce,headless commerce,10,0,HIGH,,navigational
headless commerce wiki,ecommerce,headless commerce,10,0,,,navigational
composable vs headless commerce,ecommerce,headless commerce,10,0,LOW,0,commercial
headless commerce cms,ecommerce,headless commerce,10,0,LOW,50,navigational
headless composable commerce,ecommerce,headless commerce,10,0,MEDIUM,,navigational
headless commerce guide,ecommerce,headless commerce,10,0,,,navigational
headless commerce vendors,ecommerce,headless commerce,10,0,,,navigational
headless commerce ppt,ecommerce,headless commerce,10,0,,,navigational
headless commerce cloud,ecommerce,headless commerce,10,0,,,navigational
elastic path headless commerce,ecommerce,headless commerce,10,0,LOW,,navigational
example of headless commerce,ecommerce,headless commerce,10,0,LOW,25,informational
why headless commerce,ecommerce,headless commerce,10,0,,52,informational
fabric headless commerce,ecommerce,headless commerce,10,0,,16,navigational
understanding headless commerce,ecommerce,headless commerce,10,0,,,informational
headless adobe commerce,ecommerce,headless commerce,10,14.12,LOW,,navigational
headless salesforce commerce cloud,ecommerce,headless commerce,10,0,LOW,,navigational
headless commerce what is it,ecommerce,headless commerce,10,0,,,informational
disadvantages of headless commerce,ecommerce,headless commerce,10,0,,,informational
headless commerce plattform,ecommerce,headless commerce,10,0,,,navigational
salesforce commerce cloud headless api,ecommerce,headless commerce,10,0,,,navigational
headless commerce vs microservices,ecommerce,headless commerce,10,0,LOW,,commercial
chord headless commerce,ecommerce,headless commerce,10,0,,48,informational
headless drupal commerce,ecommerce,headless commerce,10,0,LOW,,navigational
crystallize headless commerce,ecommerce,headless commerce,10,0,,,transactional
bigcommerce local development,ecommerce,bigcommerce development,10,0,,50,navigational
bigcommerce plugin development,ecommerce,bigcommerce development,10,144.45,MEDIUM,,commercial
bigcommerce development environment,ecommerce,bigcommerce development,10,0,,,navigational
bigcommerce app development services,ecommerce,bigcommerce development,10,0,LOW,28,commercial
bigcommerce development solutions,ecommerce,bigcommerce development,10,0,LOW,,commercial
bigcommerce stencil development,ecommerce,bigcommerce development,10,0,MEDIUM,,navigational
bigcommerce development company in india,ecommerce,bigcommerce development,10,0,,,navigational
bigcommerce development india,ecommerce,bigcommerce development,10,0,,,navigational
bigcommerce custom development,ecommerce,bigcommerce development,10,0,LOW,,commercial
bigcommerce stencil theme development,ecommerce,bigcommerce development,10,0,,,navigational
bigcommerce store development,ecommerce,bigcommerce development,10,0,LOW,19,commercial
bigcommerce ecommerce development,ecommerce,bigcommerce development,10,0,LOW,25,commercial
bigcommerce app development tutorial,ecommerce,bigcommerce development,10,0,,,informational
bigcommerce development language,ecommerce,bigcommerce development,10,0,,,commercial
bigcommerce local theme development,ecommerce,bigcommerce development,10,0,,,navigational
bigcommerce development store,ecommerce,bigcommerce development,10,0,,19,navigational
bigcommerce design and development agency,ecommerce,bigcommerce development,10,0,LOW,,navigational
bigcommerce mobile app development,ecommerce,bigcommerce development,10,0,,,commercial
bigcommerce theme development tutorial,ecommerce,bigcommerce development,10,0,,,informational
bigcommerce development company in st louis,ecommerce,bigcommerce development,10,0,,,navigational
bigcommerce development partners,ecommerce,bigcommerce development,10,0,LOW,,commercial
ai ecommerce photo,ai-commerce,ai ecommerce,10,0,HIGH,,commercial
create ecommerce website with ai,ai-commerce,ai ecommerce,10,0,HIGH,,commercial
ecommerce marketing ai,ai-commerce,ai ecommerce,10,12.96,MEDIUM,,commercial
ai build ecommerce website,ai-commerce,ai ecommerce,10,0,,,commercial
ai for ecommerce photos,ai-commerce,ai ecommerce,10,2.79,HIGH,,commercial
ecommerce ai image generator,ai-commerce,ai ecommerce,10,13.85,HIGH,,commercial
create ecommerce website using ai free,ai-commerce,ai ecommerce,10,0,HIGH,,commercial
ecommerce photography ai,ai-commerce,ai ecommerce,10,0,,,commercial
ai to build ecommerce website,ai-commerce,ai ecommerce,10,0,HIGH,,commercial
ai search engine for ecommerce,ai-commerce,ai ecommerce,10,0,,,commercial
best ecommerce ai tools,ai-commerce,ai ecommerce,10,0,LOW,20,commercial
best ai ecommerce tools,ai-commerce,ai ecommerce,10,0,,20,commercial
ai product photography for ecommerce,ai-commerce,ai ecommerce,10,0,LOW,,commercial
ecommerce personalization ai,ai-commerce,ai ecommerce,10,0,LOW,5,commercial
free ai tools for ecommerce,ai-commerce,ai ecommerce,10,0,LOW,,commercial
free ecommerce website builder ai,ai-commerce,ai ecommerce,10,25.71,MEDIUM,26,commercial
how ai can help ecommerce,ai-commerce,ai ecommerce,10,18.95,MEDIUM,,informational
ai recommendation engine for ecommerce,ai-commerce,ai ecommerce,10,0,LOW,,commercial
best ai tools for ecommerce 2023,ai-commerce,ai ecommerce,10,0,LOW,,commercial
ecommerce website ai free,ai-commerce,ai ecommerce,10,0,,,commercial
ai tools for ecommerce photography,ai-commerce,ai ecommerce,10,0,,,commercial
gen ai ecommerce,ai-commerce,ai ecommerce,10,0,,,commercial
free ai website builder for ecommerce,ai-commerce,ai ecommerce,10,0,,26,commercial
daydream ai ecommerce,ai-commerce,ai ecommerce,10,0,,,commercial
ai video generator for ecommerce,ai-commerce,ai ecommerce,10,24.9,MEDIUM,,commercial
ai tools ecommerce,ai-commerce,ai ecommerce,10,0,,4,commercial
ai ecommerce builder,ai-commerce,ai ecommerce,10,20.42,HIGH,,commercial
ai to create ecommerce website,ai-commerce,ai ecommerce,10,0,LOW,,commercial
ai generated ecommerce website,ai-commerce,ai ecommerce,10,110.07,HIGH,,commercial
applications of ai in ecommerce,ai-commerce,ai ecommerce,10,0,,37,commercial
vertex ai search for ecommerce,ai-commerce,ai ecommerce,10,0,,,commercial
best ai chatbot for ecommerce website,ai-commerce,ai ecommerce,10,0,LOW,,commercial
ai content creation for ecommerce,ai-commerce,ai ecommerce,10,0,,,commercial
build ecommerce website with ai,ai-commerce,ai ecommerce,10,31.3,HIGH,,commercial
best ai tools for ecommerce 2024,ai-commerce,ai ecommerce,10,0,,,commercial
ai photo editing for ecommerce,ai-commerce,ai ecommerce,10,0,,,commercial
ai chatbots in ecommerce,ai-commerce,ai ecommerce,10,0,HIGH,10,commercial
disadvantages of ai in ecommerce,ai-commerce,ai ecommerce,10,0,LOW,,informational
ai image generator for ecommerce,ai-commerce,ai ecommerce,10,13.7,LOW,,commercial
ecommerce ai companies,ai-commerce,ai ecommerce,10,0,HIGH,,commercial
best ai image generator for ecommerce,ai-commerce,ai ecommerce,10,0,LOW,,commercial
easy ecommerce ai powered multi vendor e commerce platform,ai-commerce,ai ecommerce,10,0,,,commercial
ai ecommerce startups,ai-commerce,ai ecommerce,10,0,HIGH,,commercial
ecommerce product description ai,ai-commerce,ai ecommerce,10,83.09,MEDIUM,,informational
ai ecommerce search,ai-commerce,ai ecommerce,10,0,LOW,16,commercial
ecommerce ai assistant,ai-commerce,ai ecommerce,10,0,LOW,15,commercial
how amazon uses ai to dominate ecommerce,ai-commerce,ai ecommerce,10,0,LOW,,informational
gen ai for ecommerce,ai-commerce,ai ecommerce,10,0,LOW,,commercial
conversational ai platform for ecommerce,ai-commerce,ai ecommerce,10,0,LOW,,commercial
using ai for ecommerce,ai-commerce,ai ecommerce,10,0,MEDIUM,37,commercial
ai-generated ecommerce website,ai-commerce,ai ecommerce,10,110.07,HIGH,,commercial
ai generated images for ecommerce,ai-commerce,ai ecommerce,10,0,,,commercial
ai seo for ecommerce,ai-commerce,ai ecommerce,10,26.9,LOW,0,commercial
ecommerce product photography ai,ai-commerce,ai ecommerce,10,26.11,HIGH,,commercial
ai ecommerce product image,ai-commerce,ai ecommerce,10,0,,,commercial
ai tools for ecommerce marketing,ai-commerce,ai ecommerce,10,0,LOW,,commercial
ai powered ecommerce store,ai-commerce,ai ecommerce,10,0,,,commercial
ai in ecommerce research paper,ai-commerce,ai ecommerce,10,22.53,HIGH,,commercial
ai with ecommerce,ai-commerce,ai ecommerce,10,0,HIGH,,commercial
ai use in ecommerce,ai-commerce,ai ecommerce,10,0,LOW,37,commercial
ai for ecommerce images,ai-commerce,ai ecommerce,10,0,HIGH,,commercial
ai assistant ecommerce,ai-commerce,ai ecommerce,10,0,,15,commercial
product images for ecommerce website ai,ai-commerce,ai ecommerce,10,0,,,informational
ai model for ecommerce,ai-commerce,ai ecommerce,10,6.2,HIGH,,commercial
10web ai ecommerce website builder,ai-commerce,ai ecommerce,10,0,HIGH,,navigational
ecommerce product ai,ai-commerce,ai ecommerce,10,0,,,commercial
ai ecommerce images,ai-commerce,ai ecommerce,10,0,MEDIUM,,commercial
ecommerce insights ai,ai-commerce,ai ecommerce,10,0,LOW,,commercial
ai for ecommerce course,ai-commerce,ai ecommerce,10,0,,,commercial
ai generated models for fashion ecommerce,ai-commerce,ai ecommerce,10,26.06,LOW,,commercial
how ai is used in ecommerce,ai-commerce,ai ecommerce,10,4.23,LOW,,informational
autonomous ai agent ecommerce,ai-commerce,ai ecommerce,10,0,LOW,,commercial
ai-powered ecommerce store,ai-commerce,ai ecommerce,10,0,,,commercial
ai ecommerce photography,ai-commerce,ai ecommerce,10,18.34,HIGH,,commercial
google ai ecommerce,ai-commerce,ai ecommerce,10,0,,,commercial
best ai agents for ecommerce,ai-commerce,ai ecommerce,10,31.15,MEDIUM,,commercial
what is ai in ecommerce,ai-commerce,ai ecommerce,10,0,,14,informational
ai in retail ecommerce,ai-commerce,ai ecommerce,10,0,HIGH,,commercial
how is ai changing ecommerce,ai-commerce,ai ecommerce,10,0,MEDIUM,,informational
ai chatbot for ecommerce website,ai-commerce,ai ecommerce,10,29.68,MEDIUM,,commercial
instant ai ecommerce,ai-commerce,ai ecommerce,10,0,HIGH,,informational
ai based ecommerce website,ai-commerce,ai ecommerce,10,0,,,commercial
ai tools for ecommerce website,ai-commerce,ai ecommerce,10,0,,,commercial
ai photography for ecommerce,ai-commerce,ai ecommerce,10,9.28,HIGH,,commercial
replit ai ecommerce website builder,ai-commerce,ai ecommerce,10,0,,,transactional
best ai software for ecommerce,ai-commerce,ai ecommerce,10,0,,,commercial
ai overviews ecommerce seo,ai-commerce,ai ecommerce,10,0,,,informational
ai ecommerce product photos,ai-commerce,ai ecommerce,10,0,,,commercial
ai for ecommerce newsletter,ai-commerce,ai ecommerce,10,0,MEDIUM,,commercial
ai for ecommerce brands,ai-commerce,ai ecommerce,10,29.13,LOW,,commercial
vertex ai for ecommerce,ai-commerce,ai ecommerce,10,0,LOW,,commercial
ai for ecommerce customer service,ai-commerce,ai ecommerce,10,0,LOW,,commercial
ai ecommerce chatbot,ai-commerce,ai ecommerce,10,0,MEDIUM,10,commercial
impact of ai in ecommerce,ai-commerce,ai ecommerce,10,0,,28,informational
ai personalization ecommerce examples,ai-commerce,ai ecommerce,10,0,LOW,,commercial
ecommerce ai model,ai-commerce,ai ecommerce,10,0,,,informational
best ai powered ecommerce,ai-commerce,ai ecommerce,10,0,,,commercial
ecommerce seo product description writer ai gpt,ai-commerce,ai ecommerce,10,0,,,commercial
ecommerce website using ai,ai-commerce,ai ecommerce,10,0,,,commercial
create ecommerce website using ai,ai-commerce,ai ecommerce,10,0,HIGH,,commercial
ecommerce business with ai,ai-commerce,ai ecommerce,10,0,LOW,26,commercial
ai website builder ecommerce,ai-commerce,ai ecommerce,10,42.52,MEDIUM,45,commercial
free ai ecommerce store builder,ai-commerce,ai ecommerce,10,10.84,HIGH,,commercial
ai ecommerce course,ai-commerce,ai ecommerce,10,0,HIGH,,commercial
ai-generated models for fashion ecommerce,ai-commerce,ai ecommerce,10,26.06,LOW,,commercial
generative ai and ecommerce,ai-commerce,ai ecommerce,10,0,LOW,,informational
ai automation ecommerce,ai-commerce,ai ecommerce,10,37.85,HIGH,,commercial
ai models for ecommerce,ai-commerce,ai for ecommerce,10,6.2,HIGH,,commercial
ai platform for ecommerce,ai-commerce,ai for ecommerce,10,0,HIGH,16,commercial
ai photo generator for ecommerce,ai-commerce,ai for ecommerce,10,0,,,commercial
best ai tools for ecommerce business,ai-commerce,ai for ecommerce,10,181.19,MEDIUM,,commercial
ai images for ecommerce,ai-commerce,ai for ecommerce,10,4.67,MEDIUM,,commercial
ai for ecommerce business,ai-commerce,ai for ecommerce,10,0,LOW,,commercial
how to create product photos using ai for ecommerce stores,ai-commerce,ai for ecommerce,10,0,,,informational
best ai for ecommerce images,ai-commerce,ai for ecommerce,10,0,,,commercial
ai image generator for ecommerce products,ai-commerce,ai for ecommerce,10,40.85,MEDIUM,,commercial
ai for ecommerce newsletters,ai-commerce,ai for ecommerce,10,0,HIGH,,commercial
ai automation for ecommerce,ai-commerce,ai for ecommerce,10,0,MEDIUM,,commercial
ai use cases for ecommerce,ai-commerce,ai for ecommerce,10,0,,4,commercial
ai based e commerce website,ai-commerce,ai commerce,10,0,,,navigational
ai in e-commerce and retail,ai-commerce,ai commerce,10,32.83,HIGH,,commercial
agentic commerce rezolve ai daniel wagner,ai-commerce,ai commerce,10,0,,,commercial
ai e commerce website builder,ai-commerce,ai commerce,10,42.94,LOW,49,commercial
commerce ai funding,ai-commerce,ai commerce,10,0,LOW,,commercial
vertex ai search for commerce pricing,ai-commerce,ai commerce,10,0,,,commercial
ai in e commerce and retail,ai-commerce,ai commerce,10,32.83,HIGH,13,commercial
commerce ai committee,ai-commerce,ai commerce,10,0,,,navigational
e commerce website builder ai,ai-commerce,ai commerce,10,0,,,commercial
how is ai used in e commerce,ai-commerce,ai commerce,10,0,LOW,,informational
sap commerce cloud ai,ai-commerce,ai commerce,10,0,LOW,,commercial
us chamber of commerce ai,ai-commerce,ai commerce,10,0,LOW,,navigational
walmart ai super agents e commerce,ai-commerce,ai commerce,10,0,,,navigational
paypal ai commerce strategy,ai-commerce,ai commerce,10,0,,34,commercial
ai with commerce,ai-commerce,ai commerce,10,0,,39,commercial
ai applications for e commerce businesses,ai-commerce,ai commerce,10,0,,,commercial
can i do ai course after 12th commerce,ai-commerce,ai commerce,10,0,,,informational
ai x commerce,ai-commerce,ai commerce,10,0,,,commercial
applications of ai in e commerce,ai-commerce,ai commerce,10,0,,32,commercial
salesforce commerce cloud ai,ai-commerce,ai commerce,10,0,MEDIUM,,commercial
ai-driven commerce,ai-commerce,ai commerce,10,0,MEDIUM,,informational
ada data ai commerce solutions sdn bhd,ai-commerce,ai commerce,10,0,,,commercial
free ai tools for e commerce,ai-commerce,ai commerce,10,0,LOW,,commercial
commerce ai stock symbol,ai-commerce,ai commerce,10,0,,,informational
disadvantages of ai in e commerce,ai-commerce,ai commerce,10,0,,,informational
role of ai in commerce,ai-commerce,ai commerce,10,0,,,commercial
ai commerce intelligent marketplace management,ai-commerce,ai commerce,10,0,,,commercial
ai live commerce,ai-commerce,ai commerce,10,0,,,commercial
commerce ai stock,ai-commerce,ai commerce,10,0,LOW,47,commercial
commerce ai review,ai-commerce,ai commerce,10,0,LOW,,commercial
ai-driven personalization in e commerce,ai-commerce,ai commerce,10,0,LOW,,commercial
best ai for e commerce,ai-commerce,ai commerce,10,17.26,HIGH,,commercial
commerce ai news,ai-commerce,ai commerce,10,0,LOW,,informational
commerce ai crunchbase,ai-commerce,ai commerce,10,0,,,commercial
ai powered e commerce website,ai-commerce,ai commerce,10,0,LOW,,navigational
explain how ai works in e commerce website,ai-commerce,ai commerce,10,0,,,informational
ai taiwan future commerce expo,ai-commerce,ai commerce,10,0,,,informational
build e commerce website using ai,ai-commerce,ai commerce,10,0,,,transactional
create e commerce website with ai,ai-commerce,ai commerce,10,19.42,HIGH,,commercial
e commerce website with ai chatbot,ai-commerce,ai commerce,10,0,,,commercial
ai for commerce students,ai-commerce,ai commerce,10,0,MEDIUM,,commercial
google ai commerce,ai-commerce,ai commerce,10,0,LOW,,informational
ai e commerce image generator,ai-commerce,ai commerce,10,0,MEDIUM,,commercial
capcut commerce pro ai video generator,ai-commerce,ai commerce,10,7.44,HIGH,,commercial
adobe commerce ai,ai-commerce,ai commerce,10,23.42,LOW,,commercial
commerce ai startengine,ai-commerce,ai commerce,10,0,,,commercial
commerce ai stock price,ai-commerce,ai commerce,10,0,LOW,,informational
ai-powered e commerce recommendation system,ai-commerce,ai commerce,10,0,,,commercial
commerce and ai,ai-commerce,ai commerce,10,0,HIGH,,commercial
alibaba ai e commerce roi,ai-commerce,ai commerce,10,0,LOW,,informational
ai e-commerce image generator,ai-commerce,ai commerce,10,0,MEDIUM,,commercial
agentic ai in commerce,ai-commerce,ai commerce,10,0,LOW,19,informational
ai commerce a16z,ai-commerce,ai commerce,10,0,LOW,,transactional
ai-powered commerce paypal,ai-commerce,ai commerce,10,0,,18,commercial
can commerce student do ai course,ai-commerce,ai commerce,10,0,,,commercial
qeen ai e commerce ai agents,ai-commerce,ai commerce,10,0,,3,transactional
the impact of ai in e commerce,ai-commerce,ai commerce,10,80.11,HIGH,,commercial
ai in commerce course,ai-commerce,ai commerce,10,0,,,commercial
ai driven commerce,ai-commerce,ai commerce,10,0,MEDIUM,,informational
conversational ai commerce,ai-commerce,ai commerce,10,0,,5,commercial
ai powered e commerce recommendation system,ai-commerce,ai commerce,10,0,,,commercial
ai e-commerce personalization,ai-commerce,ai commerce,10,0,LOW,25,commercial
ai commerce peter szabo,ai-commerce,ai commerce,10,14.19,LOW,,commercial
e commerce in ai,ai-commerce,ai commerce,10,0,LOW,26,commercial
ai courses for commerce students,ai-commerce,ai commerce,10,0,HIGH,,commercial
e commerce photo editing ai,ai-commerce,ai commerce,10,0,,,commercial
commerce ai reviews,ai-commerce,ai commerce,10,0,LOW,,commercial
ai advertising cloud commerce,ai-commerce,ai commerce,10,0,,,commercial
ai generated models for fashion e commerce,ai-commerce,ai commerce,10,26.06,LOW,,commercial
ai image generator for e commerce,ai-commerce,ai commerce,10,13.7,LOW,,commercial
e-commerce in ai,ai-commerce,ai commerce,10,0,LOW,26,commercial
ai commerce group,ai-commerce,ai commerce,10,0,,,navigational
a16z ai commerce,ai-commerce,ai commerce,10,0,,,transactional
mastercard agent pay agentic ai commerce,ai-commerce,ai commerce,10,30.91,MEDIUM,,transactional
commerce ai jobs,ai-commerce,ai commerce,10,0,LOW,,informational
ai conversational commerce,ai-commerce,ai commerce,10,0,LOW,5,commercial
ai e-commerce course,ai-commerce,ai commerce,10,0,HIGH,,commercial
ai in e-commerce research paper,ai-commerce,ai commerce,10,22.53,HIGH,,informational
ai driven e commerce automation,ai-commerce,ai commerce,10,0,,,commercial
commerce with ai,ai-commerce,ai commerce,10,7.07,MEDIUM,39,commercial
ai for commerce,ai-commerce,ai commerce,10,0,MEDIUM,39,commercial
e commerce photography ai,ai-commerce,ai commerce,10,0,,,commercial
ai courses after 12th commerce,ai-commerce,ai commerce,10,0,,,informational
ai powered commerce pdf,ai-commerce,ai commerce,10,0,,,commercial
e commerce website ai,ai-commerce,ai commerce,10,0,HIGH,,commercial
benefits of ai in e-commerce,ai-commerce,ai commerce,10,0,,37,commercial
vertex ai search commerce,ai-commerce,ai commerce,10,0,LOW,4,navigational
ai social commerce,ai-commerce,ai commerce,10,0,,,commercial
sinatra ai agents for commerce,ai-commerce,ai commerce,10,0,MEDIUM,,commercial
ai e commerce personalization,ai-commerce,ai commerce,10,0,LOW,25,commercial
ai driven personalization in e commerce,ai-commerce,ai commerce,10,0,LOW,,commercial
shopify ai e commerce growth stock,ai-commerce,ai commerce,10,0,,,commercial
ai trends in e commerce,ai-commerce,ai commerce,10,0,,,informational
ai in e commerce ppt,ai-commerce,ai commerce,10,0,,,informational
commerce ai seedinvest,ai-commerce,ai commerce,10,0,,,commercial
ai-powered personalization in e commerce,ai-commerce,ai commerce,10,23.31,LOW,,commercial
ai-powered e commerce website,ai-commerce,ai commerce,10,0,LOW,,navigational
commerce in ai,ai-commerce,ai commerce,10,0,HIGH,39,informational
ai powered personalization in e commerce,ai-commerce,ai commerce,10,23.31,LOW,,commercial
ai innovations in e commerce,ai-commerce,ai commerce,10,0,,,commercial
sap cx ai toolkit for commerce,ai-commerce,ai commerce,10,0,,,commercial
e commerce using ai,ai-commerce,ai commerce,10,32.24,HIGH,32,commercial
ai and machine learning in e commerce,ai-commerce,ai commerce,10,0,,8,commercial
ai in commerce and management,ai-commerce,ai commerce,10,0,,,commercial
ai e commerce website builder free,ai-commerce,ai commerce,10,0,,,commercial
visa agentic commerce protocol,agentic-commerce,agentic commerce,10,0,LOW,,navigational
agentic commerce protocol demo,agentic-commerce,agentic commerce,10,0,,,navigational
agentic commerce icon,agentic-commerce,agentic commerce,10,0,LOW,,navigational
shopify unveils agentic commerce tools,agentic-commerce,agentic commerce,10,0,,,commercial
cymbio agentic commerce,agentic-commerce,agentic commerce,10,8.69,MEDIUM,,navigational
mckinsey agentic commerce opportunity,agentic-commerce,agentic commerce,10,0,LOW,,commercial
examples of agentic commerce,agentic-commerce,agentic commerce,10,0,MEDIUM,,informational
agentic commerce github,agentic-commerce,agentic commerce,10,0,LOW,,navigational
agentic commerce bcg,agentic-commerce,agentic commerce,10,0,LOW,,navigational
agentic commerce protocol instant checkout,agentic-commerce,agentic commerce,10,0,,,transactional
agentic systems for commerce,agentic-commerce,agentic commerce,10,0,HIGH,,commercial
chat gpt agentic commerce,agentic-commerce,agentic commerce,10,0,LOW,40,navigational
agentic commerce perplexity,agentic-commerce,agentic commerce,10,0,LOW,19,informational
agentic commerce architecture,agentic-commerce,agentic commerce,10,21.2,MEDIUM,,commercial
agentic commerce bain,agentic-commerce,agentic commerce,10,0,LOW,,navigational
the agentic commerce opportunity,agentic-commerce,agentic commerce,10,0,LOW,,commercial
agentic commerce course,agentic-commerce,agentic commerce,10,0,HIGH,,commercial
agentic commerce market,agentic-commerce,agentic commerce,10,0,HIGH,,commercial
agentic commerce services,agentic-commerce,agentic commerce,10,0,LOW,,commercial
agentic commerce tools,agentic-commerce,agentic commerce,10,22.01,LOW,,commercial
agentic commerce salesforce,agentic-commerce,agentic commerce,10,16.64,MEDIUM,,navigational
agentic commerce era,agentic-commerce,agentic commerce,10,0,HIGH,,informational
universal commerce protocol vs agentic commerce protocol,agentic-commerce,agentic commerce,10,0,LOW,,commercial
the agentic commerce protocol,agentic-commerce,agentic commerce,10,0,HIGH,63,informational
agentic commerce has arrived,agentic-commerce,agentic commerce,10,0,LOW,,informational
stripe sessions agentic commerce,agentic-commerce,agentic commerce,10,0,LOW,,commercial
visa agentic commerce announcement,agentic-commerce,agentic commerce,10,0,LOW,,transactional
paypal agentic commerce launch,agentic-commerce,agentic commerce,10,0,,,transactional
adobe agentic commerce,agentic-commerce,agentic commerce,10,17.82,MEDIUM,,commercial
agentic commerce o que é,agentic-commerce,agentic commerce,10,0,,,informational
agentic commerce stats,agentic-commerce,agentic commerce,10,83.31,MEDIUM,,commercial
the agentic commerce opportunity mckinsey,agentic-commerce,agentic commerce,10,0,MEDIUM,,commercial
agentic commerce dev,agentic-commerce,agentic commerce,10,0,HIGH,,commercial
woocommerce agentic commerce,agentic-commerce,agentic commerce,10,0,MEDIUM,,commercial
openai stripe agentic commerce,agentic-commerce,agentic commerce,10,0,LOW,,navigational
accenture agentic commerce,agentic-commerce,agentic commerce,10,14.61,MEDIUM,,commercial
shopify agentic commerce readiness,agentic-commerce,agentic commerce,10,0,MEDIUM,,commercial
agentic commerce demo,agentic-commerce,agentic commerce,10,0,HIGH,,navigational
firmly agentic commerce,agentic-commerce,agentic commerce,10,18.96,MEDIUM,,commercial
agentic commerce protocol chatgpt,agentic-commerce,agentic commerce,10,0,LOW,,navigational
agentic commerce protocol google,agentic-commerce,agentic commerce,10,0,LOW,53,navigational
agentic commerce walmart,agentic-commerce,agentic commerce,10,15.17,LOW,,navigational
paypal agentic commerce protocol,agentic-commerce,agentic commerce,10,0,LOW,,navigational
google paypal agentic commerce,agentic-commerce,agentic commerce,10,0,,,commercial
openai's agentic commerce protocol acp,agentic-commerce,agentic commerce,10,0,MEDIUM,,navigational
paypal announces agentic commerce initiatives,agentic-commerce,agentic commerce,10,0,,43,transactional
agentic commerce ucp,agentic-commerce,agentic commerce,10,26.57,MEDIUM,,navigational
checkout com agentic commerce,agentic-commerce,agentic commerce,10,0,MEDIUM,,transactional
stripe launches agentic commerce suite,agentic-commerce,agentic commerce,10,0,LOW,,commercial
the rise of agentic commerce,agentic-commerce,agentic commerce,10,0,HIGH,,informational
mckinsey agentic commerce report,agentic-commerce,agentic commerce,10,0,HIGH,,commercial
fiserv agentic commerce,agentic-commerce,agentic commerce,10,0,MEDIUM,,navigational
agentic commerce protocol shopify,agentic-commerce,agentic commerce,10,0,LOW,,navigational
agentic commerce gemini,agentic-commerce,agentic commerce,10,0,LOW,,commercial
microsoft agentic commerce,agentic-commerce,agentic commerce,10,0,MEDIUM,,navigational
walmart shuts down agentic commerce with openai,agentic-commerce,agentic commerce,10,0,LOW,,informational
agentic commerce protocol vs universal commerce protocol,agentic-commerce,agentic commerce,10,0,LOW,,commercial
commercetools agentic commerce,agentic-commerce,agentic commerce,10,3.9,MEDIUM,,commercial
agentic commerce consortium,agentic-commerce,agentic commerce,10,15.18,MEDIUM,,commercial
agentic commerce amazon,agentic-commerce,agentic commerce,10,0,LOW,11,navigational
agentic commerce use cases,agentic-commerce,agentic commerce,10,20.7,HIGH,,commercial
rezolve agentic commerce technology,agentic-commerce,agentic commerce,10,0,,,transactional
instacart agentic commerce,agentic-commerce,agentic commerce,10,10.19,MEDIUM,,navigational
google gemini agentic commerce,agentic-commerce,agentic commerce,10,75.43,MEDIUM,,commercial
paypal google agentic commerce,agentic-commerce,agentic commerce,10,0,,,commercial
agentic commerce is redefining retail here's how to respond,agentic-commerce,agentic commerce,10,0,MEDIUM,,informational
rezolve ai agentic commerce digital payments,agentic-commerce,agentic commerce,10,0,,,commercial
agentic commerce mcp,agentic-commerce,agentic commerce,10,0,HIGH,,commercial
agentic commerce payments,agentic-commerce,agentic commerce,10,0,MEDIUM,,commercial
future of agentic commerce,agentic-commerce,agentic commerce,10,12.56,HIGH,,informational
agentic commerce protocol vs ap2,agentic-commerce,agentic commerce,10,0,MEDIUM,,commercial
agentic commerce solutions,agentic-commerce,agentic commerce,10,19.52,LOW,,commercial
nrf agentic commerce,agentic-commerce,agentic commerce,10,0,,,navigational
bain agentic commerce,agentic-commerce,agentic commerce,10,0,LOW,,navigational
visa mastercard paypal agentic ai commerce,agentic-commerce,agentic commerce,10,0,,11,commercial
agentic ai commerce paypal dev days,agentic-commerce,agentic commerce,10,0,,,commercial
google agentic commerce ap2,agentic-commerce,agentic commerce,10,0,LOW,,informational
pwc agentic commerce,agentic-commerce,agentic commerce,10,0,MEDIUM,,commercial
stripe open ai agentic commerce,agentic-commerce,agentic commerce,10,7.42,MEDIUM,,transactional
grocery shopping ai agent,agentic-commerce,ai shopping agent,10,21.89,MEDIUM,,transactional
redgorillas ai shopping agent sports shopping agent redg app,agentic-commerce,ai shopping agent,10,0,LOW,,commercial
visa ai shopping agent,agentic-commerce,ai shopping agent,10,0,LOW,,navigational
ai multi agent shopping system,agentic-commerce,ai shopping agent,10,0,,,commercial
internet shopping agent in ai,agentic-commerce,ai shopping agent,10,0,,,commercial
constructor ai shopping agent,agentic-commerce,ai shopping agent,10,11.97,MEDIUM,,transactional
vetted ai smart shopping agent,agentic-commerce,ai shopping agent,10,0,MEDIUM,,informational
visa ai agent shopping,agentic-commerce,ai shopping agent,10,0,,,navigational
ai agent for grocery shopping,agentic-commerce,ai shopping agent,10,0,MEDIUM,,transactional
wizard ai shopping agent,agentic-commerce,ai shopping agent,10,3.92,LOW,,navigational
amazon ai shopping agent,agentic-commerce,ai shopping agent,10,0,LOW,,navigational
amazon shopping ai agent,agentic-commerce,ai shopping agent,10,0,LOW,,navigational
walmart ai shopping agent,agentic-commerce,ai shopping agent,10,0,LOW,,navigational
ai seo agency model disruption,ai-seo,ai seo agency,10,0,,,commercial
ai seo agency in india,ai-seo,ai seo agency,10,0,LOW,,commercial
meet seona your personal ai seo agency,ai-seo,ai seo agency,10,0,,,transactional
ai seo agency singapore,ai-seo,ai seo agency,10,0,LOW,,commercial
seo ai tools agency,ai-seo,ai seo agency,10,0,LOW,,commercial
ai seo agency uk,ai-seo,ai seo agency,10,0,LOW,,navigational
generative engine optimization wordpress plugin,ai-seo,generative engine optimization,10,0,HIGH,,commercial
generative engine optimization profound bluefish ai,ai-seo,generative engine optimization,10,0,,,commercial
generative engine optimization tips,ai-seo,generative engine optimization,10,3.18,LOW,,commercial
generative engine optimization wikipedia,ai-seo,generative engine optimization,10,1.46,LOW,,commercial
how does generative ai assist in search engine optimization,ai-seo,generative engine optimization,10,0,LOW,,informational
generative engine optimization case study,ai-seo,generative engine optimization,10,0,HIGH,,commercial
generative engine optimization what is it,ai-seo,generative engine optimization,10,0,MEDIUM,,informational
geo generative engine optimization arxiv,ai-seo,generative engine optimization,10,0,LOW,,commercial
generative engine optimization wiki,ai-seo,generative engine optimization,10,0,,,commercial
geo generative engine optimization pranjal aggarwal,ai-seo,generative engine optimization,10,0,LOW,,commercial
generative engine optimization 2026,ai-seo,generative engine optimization,10,0,,,commercial
top generative engine optimization tools for ai search results,ai-seo,generative engine optimization,10,0,,,commercial
generative engine optimization vs aeo,ai-seo,generative engine optimization,10,0,MEDIUM,,commercial
ai seo mastering generative engine optimization geo,ai-seo,generative engine optimization,10,1.92,MEDIUM,,commercial
generative engine optimization semrush,ai-seo,generative engine optimization,10,0,HIGH,22,commercial
que es geo generative engine optimization,ai-seo,generative engine optimization,10,0,,,informational
geo generative engine optimization tools,ai-seo,generative engine optimization,10,0,LOW,19,commercial
generative engine optimization and answer engine optimization,ai-seo,generative engine optimization,10,0,HIGH,,commercial
how to measure generative engine optimization,ai-seo,generative engine optimization,10,0,LOW,,informational
generative engine optimization webinar,ai-seo,generative engine optimization,10,12.19,HIGH,,commercial
generative engine optimization github,ai-seo,generative engine optimization,10,0,LOW,,commercial
generative engine optimization free course,ai-seo,generative engine optimization,10,0,,,commercial
generative engine optimization icon,ai-seo,generative engine optimization,10,0,LOW,,informational
generative engine optimization arxiv,ai-seo,generative engine optimization,10,0,LOW,,commercial
learn generative engine optimization,ai-seo,generative engine optimization,10,10.44,HIGH,,commercial
reddit generative engine optimization,ai-seo,generative engine optimization,10,0,LOW,,informational
generative engine optimization que es,ai-seo,generative engine optimization,10,0,,,informational
geo generative engine optimization paper,ai-seo,generative engine optimization,10,0,HIGH,,commercial
how to implement generative engine optimization,ai-seo,generative engine optimization,10,0,LOW,,informational
ai monitor's course on generative engine optimization,ai-seo,generative engine optimization,10,0,,,commercial
geo: generative engine optimization pranjal aggarwal,ai-seo,generative engine optimization,10,0,LOW,,commercial
wat is generative engine optimization,ai-seo,generative engine optimization,10,0,,,informational
generative engine optimization training,ai-seo,generative engine optimization,10,0,LOW,,commercial
generative engine optimization book,ai-seo,generative engine optimization,10,9.92,HIGH,,commercial
generative engine optimization research paper,ai-seo,generative engine optimization,10,0,HIGH,,informational
reddit generative engine optimization etsy,ai-seo,generative engine optimization,10,0,,,informational
generative engine optimization startups,ai-seo,generative engine optimization,10,0,HIGH,,commercial
generative engine optimization audit,ai-seo,generative engine optimization,10,0,HIGH,,commercial
top generative engine optimization companies,ai-seo,generative engine optimization,10,35.11,MEDIUM,,commercial
generative engine optimization coursera,ai-seo,generative engine optimization,10,0,LOW,,commercial
generative engine optimization pdf,ai-seo,generative engine optimization,10,8.87,LOW,,informational
how generative engine optimization geo rewrites the rules of search,ai-seo,generative engine optimization,10,0,LOW,,informational
generative engine optimization expert,ai-seo,generative engine optimization,10,21.82,LOW,,commercial
geo: generative engine optimization paper,ai-seo,generative engine optimization,10,0,HIGH,,commercial
how to improve generative engine optimization,ai-seo,generative engine optimization,10,21.98,MEDIUM,,informational
generative engine optimization certification free,ai-seo,generative engine optimization,10,6.87,MEDIUM,,commercial
generative engine optimization checker,ai-seo,generative engine optimization,10,0,LOW,,commercial
generative engine optimization how to,ai-seo,generative engine optimization,10,22.01,MEDIUM,,informational
geo: generative engine optimization aggarwal,ai-seo,generative engine optimization,10,0,MEDIUM,,commercial
generative engine optimization course free,ai-seo,generative engine optimization,10,6.4,MEDIUM,,commercial
generative engine optimization full course,ai-seo,generative engine optimization,10,0,,,commercial
best generative engine optimization platforms for ai search results,ai-seo,generative engine optimization,10,0,,,commercial
geo generative engine optimization course,ai-seo,generative engine optimization,10,3.26,HIGH,,commercial
how generative engine optimization works,ai-seo,generative engine optimization,10,0,,,informational
look generative engine optimization profound bluefish,ai-seo,generative engine optimization,10,0,,,commercial
google generative engine optimization,ai-seo,generative engine optimization,10,26.18,MEDIUM,,commercial
generative engine optimization report,ai-seo,generative engine optimization,10,25.88,HIGH,,commercial
generative engine optimization or geo,ai-seo,generative engine optimization,10,0,HIGH,,informational
generative engine optimization google,ai-seo,generative engine optimization,10,0,MEDIUM,,commercial
geo generative engine optimization pdf,ai-seo,generative engine optimization,10,0,HIGH,,commercial
answer engine optimization full course,ai-seo,answer engine optimization,10,0,,,commercial
answer engine optimization jobs,ai-seo,answer engine optimization,10,0.9,LOW,,commercial
answer engine optimization icon,ai-seo,answer engine optimization,10,0,LOW,,informational
answer engine optimization tutorial,ai-seo,answer engine optimization,10,0,LOW,,informational
answer engine optimization meaning,ai-seo,answer engine optimization,10,11.25,LOW,,informational
answer engine optimization hubspot,ai-seo,answer engine optimization,10,17.66,MEDIUM,,commercial
answer engine optimization vs geo,ai-seo,answer engine optimization,10,3.83,MEDIUM,,commercial
answer engine optimization zero click searches,ai-seo,answer engine optimization,10,0,,,commercial
answer engine optimization companies,ai-seo,answer engine optimization,10,233.61,MEDIUM,,commercial
answer engine optimization wikipedia,ai-seo,answer engine optimization,10,0,LOW,,informational
answer engine optimization aeo course,ai-seo,answer engine optimization,10,0,MEDIUM,,commercial
answer engine optimization reddit,ai-seo,answer engine optimization,10,0,MEDIUM,,commercial
how to do answer engine optimization,ai-seo,answer engine optimization,10,0,LOW,,informational
aeo answer engine optimization course,ai-seo,answer engine optimization,10,3.87,HIGH,,commercial
answer engine optimization course free,ai-seo,answer engine optimization,10,8.36,LOW,,commercial
seo heist chatgpt,ai-seo,chatgpt seo,10,0,,,commercial
how to use chatgpt for seo content,ai-seo,chatgpt seo,10,0,LOW,,informational
seo on chatgpt,ai-seo,chatgpt seo,10,0,MEDIUM,18,commercial
seo blog writer chatgpt,ai-seo,chatgpt seo,10,0,HIGH,,commercial
chatgpt seo strategy,ai-seo,chatgpt seo,10,0,LOW,,commercial
seo vs chatgpt,ai-seo,chatgpt seo,10,0,LOW,,commercial
chatgpt for seo content,ai-seo,chatgpt seo,10,0,LOW,23,commercial
seo 2023 comprehensive seo training course with chatgpt free download,ai-seo,chatgpt seo,10,0,,,transactional
chatgpt prompts for seo content writing,ai-seo,chatgpt seo,10,0,,,commercial
chatgpt prompt for youtube seo,ai-seo,chatgpt seo,10,0,,,commercial
prompt chatgpt seo,ai-seo,chatgpt seo,10,0,,9,commercial
how to seo for chatgpt,ai-seo,chatgpt seo,10,37.01,HIGH,,informational
is seo dead with chatgpt,ai-seo,chatgpt seo,10,0,LOW,0,informational
best seo chatgpt prompts,ai-seo,chatgpt seo,10,0,LOW,59,commercial
chatgpt seo text,ai-seo,chatgpt seo,10,0,,,commercial
chatgpt 5 seo,ai-seo,chatgpt seo,10,0,,,navigational
seo for chatgpt search,ai-seo,chatgpt seo,10,0,LOW,,commercial
seo using chatgpt,ai-seo,chatgpt seo,10,0,LOW,17,navigational
what is seo for chatgpt,ai-seo,chatgpt seo,10,0,LOW,,informational
chatgpt seo blog,ai-seo,chatgpt seo,10,0,,,informational
keyword planner seo chatgpt,ai-seo,chatgpt seo,10,0,LOW,,commercial
chatgpt seo wordpress,ai-seo,chatgpt seo,10,0,,,commercial
chatgpt article seo,ai-seo,chatgpt seo,10,0,,,informational
seo plugin for chatgpt,ai-seo,chatgpt seo,10,0,,29,commercial
chatgpt plugins seo,ai-seo,chatgpt seo,10,0,,32,commercial
will chatgpt kill seo,ai-seo,chatgpt seo,10,0,,,informational
seo voor chatgpt,ai-seo,chatgpt seo,10,0,,,navigational
chatgpt seo keyword research,ai-seo,chatgpt seo,10,0,,,commercial
chatgpt with seo,ai-seo,chatgpt seo,10,0,,18,commercial
custom chatgpt agent seo,ai-seo,chatgpt seo,10,0,,,navigational
how chatgpt has changed seo,ai-seo,chatgpt seo,10,0,,,informational
chatgpt prompts seo,ai-seo,chatgpt seo,10,0,,9,commercial
is chatgpt content good for seo,ai-seo,chatgpt seo,10,0,LOW,16,informational
chatgpt for seo reddit,ai-seo,chatgpt seo,10,0,LOW,,commercial
youtube seo chatgpt,ai-seo,chatgpt seo,10,0,HIGH,,informational
chatgpt plugin seo assistant,ai-seo,chatgpt seo,10,0,,,commercial
chatgpt seo google,ai-seo,chatgpt seo,10,0,,,navigational
seo content chatgpt,ai-seo,chatgpt seo,10,0,,23,commercial
chatgpt vs seo,ai-seo,chatgpt seo,10,0,,,commercial
seo y chatgpt,ai-seo,chatgpt seo,10,0,,,navigational
seo extension for chatgpt,ai-seo,chatgpt seo,10,0,,54,commercial
how to use chatgpt for seo optimization,ai-seo,chatgpt seo,10,0,LOW,21,informational
chatgpt seo beginner's course,ai-seo,chatgpt seo,10,0,,,navigational
seo plugins for chatgpt,ai-seo,chatgpt seo,10,0,,29,commercial
improve seo with chatgpt,ai-seo,chatgpt seo,10,0,,19,commercial
5 ways to use chatgpt for seo,ai-seo,chatgpt seo,10,0,LOW,,informational
chatgpt and google seo,ai-seo,chatgpt seo,10,0,,,commercial
how chatgpt has changed seo forever,ai-seo,chatgpt seo,10,0,,,informational
seo prompt chatgpt,ai-seo,chatgpt seo,10,0,LOW,9,commercial
chatgpt atlas seo,ai-seo,chatgpt seo,10,0,,,navigational
chatgpt etsy seo expert,ai-seo,chatgpt seo,10,0,LOW,,commercial
chatgpt prompt for seo blog,ai-seo,chatgpt seo,10,0,,,navigational
seo optimization with chatgpt,ai-seo,chatgpt seo,10,0,,3,commercial
seo prompts chatgpt,ai-seo,chatgpt seo,10,0,LOW,9,commercial
can chatgpt help with seo,ai-seo,chatgpt seo,10,33.94,LOW,,informational
chatgpt prompt seo,ai-seo,chatgpt seo,10,0,,9,commercial
chatgpt deep research seo,ai-seo,chatgpt seo,10,0,,,commercial
how will chatgpt change seo,ai-seo,chatgpt seo,10,0,,,informational
chatgpt for etsy seo,ai-seo,chatgpt seo,10,0,LOW,,commercial
seo app chatgpt,ai-seo,chatgpt seo,10,0,,,commercial
seo article prompt chatgpt,ai-seo,chatgpt seo,10,0,,,informational
seo core ai chatgpt plugin,ai-seo,chatgpt seo,10,0,LOW,,commercial
how to write seo optimized content with chatgpt,ai-seo,chatgpt seo,10,0,LOW,,informational
chatgpt for seo keyword research,ai-seo,chatgpt seo,10,0,LOW,,commercial
chatgpt prompts for seo keywords,ai-seo,chatgpt seo,10,7.93,LOW,,commercial
prompt chatgpt article seo,ai-seo,chatgpt seo,10,0,,,informational
how to write seo content with chatgpt,ai-seo,chatgpt seo,10,0,LOW,,informational
does chatgpt content affect seo,ai-seo,chatgpt seo,10,0,,,informational
future of seo chatgpt,ai-seo,chatgpt seo,10,0,,,commercial
seo blog prompts for chatgpt,ai-seo,chatgpt seo,10,0,LOW,,commercial
seo keyword analysis chatgpt,ai-seo,chatgpt seo,10,3.4,HIGH,,commercial
how to optimize seo for chatgpt,ai-seo,chatgpt seo,10,0,LOW,,informational
geo chatgpt seo,ai-seo,chatgpt seo,10,0,,,navigational
best seo plugins for chatgpt,ai-seo,chatgpt seo,10,0,,,commercial
seo chatgpt plugin,ai-seo,chatgpt seo,10,0,,29,navigational
best chatgpt model for seo,ai-seo,chatgpt seo,10,0,HIGH,,commercial
chatgpt seo contenidos,ai-seo,chatgpt seo,10,0,,,commercial
chatgpt youtube seo,ai-seo,chatgpt seo,10,6.53,MEDIUM,,navigational
chatgpt seo use cases,ai-seo,chatgpt seo,10,0,,,commercial
chatgpt seo youtube,ai-seo,chatgpt seo,10,0,,,navigational
will chatgpt replace seo,ai-seo,chatgpt seo,10,0,,,informational
using chatgpt to write seo content,ai-seo,chatgpt seo,10,0,,,commercial
chatgpt seo playbook,ai-seo,chatgpt seo,10,0,,,commercial
impact of chatgpt on seo,ai-seo,chatgpt seo,10,0,,12,informational
seo met chatgpt,ai-seo,chatgpt seo,10,0,,,commercial
programmatic seo with chatgpt,ai-seo,chatgpt seo,10,0,,,commercial
chatgpt extension seo,ai-seo,chatgpt seo,10,0,,54,commercial
chatgpt wordpress seo,ai-seo,chatgpt seo,10,0,,,commercial
chatgpt google seo,ai-seo,chatgpt seo,10,0,,,commercial
can you use chatgpt for seo,ai-seo,chatgpt seo,10,0,LOW,,informational
best ai seo tools for optimizing content for chatgpt searches,ai-seo,chatgpt seo,10,0,,,commercial
google seo and chatgpt,ai-seo,chatgpt seo,10,0,,,commercial
chatgpt kill seo,ai-seo,chatgpt seo,10,0,,,commercial
chatgpt seo article,ai-seo,chatgpt seo,10,0,,,informational
site chatgpt share seo,ai-seo,chatgpt seo,10,0,,,navigational
chatgpt plugin seo,ai-seo,chatgpt seo,10,0,,32,commercial
chatgpt seo article prompt,ai-seo,chatgpt seo,10,0,,,informational
chatgpt for youtube seo,ai-seo,chatgpt seo,10,0,LOW,,commercial
seo training complete seo course & chatgpt seo copywriting,ai-seo,chatgpt seo,10,0,,,commercial
llm seo chatgpt,ai-seo,chatgpt seo,10,0,,,navigational
chatgpt seo schmiede,ai-seo,chatgpt seo,10,0,LOW,,commercial
chatgpt prompt for seo meta description,ai-seo,chatgpt seo,10,0,,,commercial
seo mit chatgpt,ai-seo,chatgpt seo,10,0,,,navigational
chatgpt seo workflows,ai-seo,chatgpt seo,10,0,LOW,,navigational
seo chatgpt google,ai-seo,chatgpt seo,10,0,,,commercial
chatgpt seo optimierung,ai-seo,chatgpt seo,10,0,,,commercial
best seo plugin chatgpt,ai-seo,chatgpt seo,10,0,,,commercial
best chatgpt seo plugin,ai-seo,chatgpt seo,10,0,,,commercial
best chatgpt plugin for seo,ai-seo,chatgpt seo,10,0,,,commercial
chatgpt seo plugins,ai-seo,chatgpt seo,10,0,,1,commercial
chatgpt in seo,ai-seo,chatgpt seo,10,0,LOW,31,commercial
best chatgpt seo prompts,ai-seo,chatgpt seo,10,0,LOW,,commercial
master seo content with chatgpt,ai-seo,chatgpt seo,10,0,,,commercial
chatgpt content seo,ai-seo,chatgpt seo,10,0,,23,commercial
seo assistant plugin chatgpt,ai-seo,chatgpt seo,10,0,,,commercial
seo plugins chatgpt,ai-seo,chatgpt seo,10,0,,29,commercial
chatgpt seo master,ai-seo,chatgpt seo,10,0,,,commercial
chatgpt etsy seo,ai-seo,chatgpt seo,10,0,,,navigational
chatgpt seo core ai,ai-seo,chatgpt seo,10,0,,,commercial
best chatgpt prompts for seo,ai-seo,chatgpt seo,10,0,LOW,13,commercial
chatgpt for seo keywords,ai-seo,chatgpt seo,10,0,LOW,15,commercial
best seo prompts for chatgpt,ai-seo,chatgpt seo,10,0,MEDIUM,25,commercial
chatgpt prompts for seo writing,ai-seo,chatgpt seo,10,0,,,navigational
chatgpt search engine seo,ai-seo,chatgpt seo,10,4.26,HIGH,,commercial
chatgpt e seo,ai-seo,chatgpt seo,10,0,,,navigational
chatgpt y seo,ai-seo,chatgpt seo,10,0,,,navigational
seo chatgpt search,ai-seo,chatgpt seo,10,0,,,commercial
is seo dead after chatgpt,ai-seo,chatgpt seo,10,0,LOW,0,informational
chatgpt code interpreter seo,ai-seo,chatgpt seo,10,0,,,commercial
chatgpt seo research,ai-seo,chatgpt seo,10,0,,,commercial
chatgpt seo form,ai-seo,chatgpt seo,10,0,,,navigational
chatgpt seo plugin,ai-seo,chatgpt seo,10,7.3,LOW,0,commercial
chatgpt seo keywords,ai-seo,chatgpt seo,10,0,,15,commercial
chatgpt prompts for seo articles,ai-seo,chatgpt seo,10,0,,,commercial
chatgpt en seo,ai-seo,chatgpt seo,10,0,,,navigational
seo in chatgpt,ai-seo,chatgpt seo,10,16.92,HIGH,18,commercial
how will chatgpt affect seo,ai-seo,chatgpt seo,10,0,LOW,5,informational
how to use chatgpt 4 for seo,ai-seo,chatgpt seo,10,0,,,informational
seo audit chatgpt,ai-seo,chatgpt seo,10,0,,,commercial
plugin chatgpt seo,ai-seo,chatgpt seo,10,0,,,commercial
prompt seo chatgpt,ai-seo,chatgpt seo,10,0,LOW,9,commercial
chatgpt und seo,ai-seo,chatgpt seo,10,0,,,commercial
seo fox chatgpt,ai-seo,chatgpt seo,10,0,,,navigational
gemini vs chatgpt for seo,ai-seo,chatgpt seo,10,0,,,commercial
chatgpt 4 seo plugin,ai-seo,chatgpt seo,10,0,,,commercial
how to use chatgpt seo,ai-seo,chatgpt seo,10,0,,7,informational
50 smart seo prompts for chatgpt,ai-seo,chatgpt seo,10,0,,,informational
seo chatgpt prompts,ai-seo,chatgpt seo,10,0,HIGH,9,commercial
chatgpt keyword research seo,ai-seo,chatgpt seo,10,0,,,commercial
data for seo chatgpt,ai-seo,chatgpt seo,10,0,,,navigational
how to use chatgpt to write seo content,ai-seo,chatgpt seo,10,0,,,informational
seo für chatgpt,ai-seo,chatgpt seo,10,0,,,commercial
seo training: complete seo course & chatgpt seo copywriting,ai-seo,chatgpt seo,10,0,,,commercial
chatgpt prompts for seo blog writing,ai-seo,chatgpt seo,10,0,LOW,,commercial
chatgpt prompt for seo title and description,ai-seo,chatgpt seo,10,0,LOW,,commercial
can i use chatgpt for seo,ai-seo,chatgpt seo,10,0,LOW,,informational
chatgpt 4 for seo,ai-seo,chatgpt seo,10,0,,,commercial
chatgpt et seo,ai-seo,chatgpt seo,10,0,,,navigational
seo ai chatgpt,ai-seo,chatgpt seo,10,17.54,HIGH,18,navigational
write seo content with chatgpt,ai-seo,chatgpt seo,10,0,,,commercial
chatgpt share seo,ai-seo,chatgpt seo,10,0,LOW,,navigational
chatgpt prompts for seo optimization,ai-seo,chatgpt seo,10,0,HIGH,,commercial
chatgpt seo guide,ai-seo,chatgpt seo,10,0,HIGH,,commercial
seo en chatgpt,ai-seo,chatgpt seo,10,0,,,navigational
mastering chatgpt for seo content,ai-seo,chatgpt seo,10,0,,,commercial
small business seo audit,seo,small business seo,10,0,LOW,29,commercial
small business seo services uk,seo,small business seo,10,0,,43,commercial
best small business seo company in usa,seo,small business seo,10,0,,,commercial
organic seo for small business,seo,small business seo,10,0,LOW,,commercial
seo for small business melbourne,seo,small business seo,10,0,,,commercial
is seo worth it for small business reddit,seo,small business seo,10,0,,0,informational
seattle small business seo,seo,small business seo,10,0,LOW,57,commercial
small business seo services pricing,seo,small business seo,10,0,LOW,21,commercial
seo for my small business,seo,small business seo,10,0,HIGH,47,commercial
seo tips for small business websites,seo,small business seo,10,0,LOW,35,informational
seo for small business 2023,seo,small business seo,10,0,,14,commercial
small business seo australia,seo,small business seo,10,0,LOW,,commercial
seo marketing agency for small business,seo,small business seo,10,0,MEDIUM,,commercial
affordable small business seo service,seo,small business seo,10,0,,,commercial
seo for small business 2020,seo,small business seo,10,0,,58,commercial
why is local seo important for small business,seo,small business seo,10,0,LOW,,informational
small business seo los angeles,seo,small business seo,10,0,LOW,39,commercial
small business seo miami,seo,small business seo,10,0,LOW,0,commercial
seo for small business philadelphia,seo,small business seo,10,0,,,commercial
seo fundamentals for small business owners,seo,small business seo,10,0,LOW,,commercial
small business seo services usa,seo,small business seo,10,0,,,commercial
small business website seo services,seo,small business seo,10,0,,,commercial
seo for small business sydney,seo,small business seo,10,0,,,commercial
seo for small business 2024,seo,small business seo,10,0,,,commercial
why seo important for small business,seo,small business seo,10,0,LOW,,informational
small business seo melbourne,seo,small business seo,10,0,LOW,,commercial
small business seo jacksonville fl reviews,seo,small business seo,10,0,LOW,,commercial
small business seo sydney,seo,small business seo,10,0,LOW,,commercial
seo for local small business,seo,small business seo,10,0,LOW,8,commercial
small business seo company in india,seo,small business seo,10,0,,,commercial
utah small business seo,seo,small business seo,10,0,HIGH,36,commercial
los angeles small business seo,seo,small business seo,10,0,LOW,,commercial
benefits of local seo for small business,seo,small business seo,10,0,LOW,16,informational
simple seo tips for small business,seo,small business seo,10,0,LOW,,informational
small business seo plans,seo,small business seo,10,0,,12,commercial
seo for small business 2019,seo,small business seo,10,0,,,commercial
top seo company for small business,seo,small business seo,10,0,LOW,23,commercial
small business seo training,seo,small business seo,10,0,LOW,,commercial
seo for small business 2022,seo,small business seo,10,0,,49,commercial
is seo important for small business,seo,small business seo,10,0,MEDIUM,42,informational
small business seo toronto,seo,small business seo,10,0,LOW,,commercial
best small business seo services,seo,small business seo,10,0,LOW,23,commercial
small business seo company growmatic,seo,small business seo,10,0,,,commercial
seo course for small business,seo,small business seo,10,0,,,commercial
seo for small business 2018,seo,small business seo,10,0,,,commercial
small business seo in los angeles,seo,small business seo,10,0,,,commercial
small business seo florida,seo,small business seo,10,64.93,LOW,,commercial
seo best practices for small business,seo,small business seo,10,0,,,commercial
seo for small business australia,seo,small business seo,10,0,LOW,,commercial
best seo company in usa for small business,seo,small business seo,10,0,LOW,,commercial
top seo for small business,seo,small business seo,10,0,,,commercial
small business seo services australia,seo,small business seo,10,0,,,commercial
small business seo brisbane,seo,small business seo,10,0,LOW,,commercial
which seo company is best for small business,seo,small business seo,10,0,,52,commercial
low cost seo for small business,seo,small business seo,10,0,,,commercial
low cost seo service for small business,seo,small business seo,10,0,,,commercial
indianapolis small business seo firm,seo,small business seo,10,0,,1,commercial
small business seo services melbourne,seo,small business seo,10,0,,,commercial
small business seo case study,seo,small business seo,10,0,,5,commercial
small business web design perth,web-design,small business web design,10,0,LOW,,commercial
small business web design melbourne,web-design,small business web design,10,0,,74,commercial
web design and marketing for small business,web-design,small business web design,10,0,,50,commercial
small business web design inspiration,web-design,small business web design,10,0,MEDIUM,,informational
best web design software for small business,web-design,small business web design,10,0,HIGH,,commercial
small business web design ideas,web-design,small business web design,10,0,LOW,17,informational
branding and web design for small business,web-design,small business web design,10,0,LOW,15,commercial
logo and web design for small business,web-design,small business web design,10,0,LOW,,commercial
starting a small web design business,web-design,small business web design,10,0,HIGH,,commercial
small business web design boston,web-design,small business web design,10,0,,,commercial
small business web design brisbane,web-design,small business web design,10,0,LOW,,commercial
how to find a web design for small business,web-design,small business web design,10,0,,,informational
yahoo small business web design,web-design,small business web design,10,0,,49,navigational
small business web design manchester,web-design,small business web design,10,0,,,commercial
web design melbourne small business,web-design,small business web design,10,0,,74,commercial
small business web design seattle,web-design,small business web design,10,2.15,LOW,66,commercial
web design for small business owners,web-design,small business web design,10,0,,23,commercial
do it yourself web design for small business,web-design,small business web design,10,0,,,informational
web design software for small business,web-design,small business web design,10,0,,,commercial
small business web design los angeles,web-design,small business web design,10,0,LOW,25,commercial
small business web design software,web-design,small business web design,10,0,,,commercial
web design for small business uk,web-design,small business web design,10,0,LOW,89,commercial
small business web design london,web-design,small business web design,10,0,,,commercial
small business branding and web design,web-design,small business web design,10,0,,14,commercial
small business web design blog,web-design,small business web design,10,0,,,informational
small business web design jacksonville,web-design,small business web design,10,0,,65,commercial
small business web hosting and design,web-design,small business web design,10,0,,31,commercial
small business looking for web design,web-design,small business web design,10,0,,,commercial
web design agency small business,web-design,small business web design,10,0,,13,commercial
small business web design phoenix,web-design,small business web design,10,0,LOW,,navigational
small business web design nz,web-design,small business web design,10,0,LOW,100,commercial
small business web design kansas city,web-design,small business web design,10,14.33,LOW,100,commercial
small business web design auckland,web-design,small business web design,10,0,LOW,,commercial
small business web design uk,web-design,small business web design,10,0,LOW,,commercial
small business web design michigan,web-design,small business web design,10,0,,,commercial
philadelphia small business web design,web-design,small business web design,10,0,,52,commercial
best low cost web design company for small business,web-design,small business web design,10,0,,,commercial
web design small business melbourne,web-design,small business web design,10,0,,74,commercial
web design packages for small business,web-design,small business web design,10,0,HIGH,0,commercial
how to start a small web design business,web-design,small business web design,10,0,,,informational
small business web design sydney,web-design,small business web design,10,0,,59,commercial
small business web design vancouver,web-design,small business web design,10,0,,,commercial
chicago small business web design,web-design,small business web design,10,0,LOW,72,commercial
small business web design nyc,web-design,small business web design,10,0,LOW,56,commercial
small business web design australia,web-design,small business web design,10,0,,,commercial
cost-effective website design,web-design,website design cost,10,0,,,commercial
website design ireland cost,web-design,website design cost,10,0,,42,commercial
how much does a simple website design cost,web-design,website design cost,10,0,HIGH,,commercial
website design cost vancouver,web-design,website design cost,10,0,,43,commercial
website design and development cost in india,web-design,website design cost,10,0,HIGH,,commercial
average cost of website design for small business ireland,web-design,website design cost,10,0,,,commercial
website design toronto cost,web-design,website design cost,10,0,,43,commercial
fiverr website design cost,web-design,website design cost,10,0,HIGH,9,commercial
website design cost australia,web-design,website design cost,10,0,,42,commercial
average cost of website design uk,web-design,website design cost,10,0,,,commercial
how much is website design cost in philippines,web-design,website design cost,10,0,,,commercial
cost of website design ireland,web-design,website design cost,10,0,,,commercial
how much does a custom website design cost,web-design,website design cost,10,20.97,MEDIUM,,commercial
average cost of website design for small business australia,web-design,website design cost,10,0,,,commercial
what does it cost to design a website,web-design,website design cost,10,9.16,HIGH,,informational
website design cost in south africa,web-design,website design cost,10,0,LOW,,commercial
how much website design cost in india,web-design,website design cost,10,0,,,informational
website design cost calculator in india,web-design,website design cost,10,0,,42,commercial
average cost of professional website design,web-design,website design cost,10,0,MEDIUM,,commercial
website design cost in usa,web-design,website design cost,10,0,,,commercial
cost of website design and hosting,web-design,website design cost,10,72.21,HIGH,,commercial
website design cost in canada,web-design,website design cost,10,0,HIGH,43,commercial
website design per page cost in india,web-design,website design cost,10,0,,43,commercial
company website design cost,web-design,website design cost,10,6.69,MEDIUM,,commercial
website design cost in bangladesh,web-design,website design cost,10,0,,,commercial
website design in low cost,web-design,website design cost,10,0,,83,commercial
average cost of website design in india,web-design,website design cost,10,0,,,commercial
real estate website design cost,web-design,website design cost,10,0,LOW,,commercial
website design wix cost,web-design,website design cost,10,0,HIGH,30,commercial
ecommerce website design cost in india,web-design,website design cost,10,0,,,commercial
how much does website design cost in india,web-design,website design cost,10,0,,,informational
website design cost estimate,web-design,website design cost,10,0,LOW,32,commercial
business website design cost,web-design,website design cost,10,0,,,commercial
how to design a website free of cost,web-design,website design cost,10,0,,60,informational
website design and hosting cost,web-design,website design cost,10,0,HIGH,,commercial
how much is a website design cost,web-design,website design cost,10,21.93,MEDIUM,70,commercial
cost of website design australia,web-design,website design cost,10,0,,42,commercial
website design cost philippines,web-design,website design cost,10,33.72,LOW,,commercial
website design cost ireland,web-design,website design cost,10,0,,,commercial
what is the average cost of website design in india,web-design,website design cost,10,0,HIGH,42,commercial
cost to design a website in india,web-design,website design cost,10,0,,0,commercial
cms website design cost,web-design,website design cost,10,0,,,commercial
magento website design cost,web-design,website design cost,10,0,,,commercial
website banner design cost,web-design,website design cost,10,0,LOW,0,commercial
how much does website design cost in south africa,web-design,website design cost,10,0,,,commercial
bespoke website design cost,web-design,website design cost,10,0,,,commercial
website design cost per page,web-design,website design cost,10,0,MEDIUM,22,commercial
what does website design cost,web-design,website design cost,10,9.16,HIGH,,informational
how much it cost for website design in india,web-design,website design cost,10,0,,,informational
average cost of website design for small business in india,web-design,website design cost,10,0,,,commercial
website design cost estimate template,web-design,website design cost,10,0,LOW,0,commercial
website design cost in nepal,web-design,website design cost,10,0,,,commercial
cost of website design in south africa,web-design,website design cost,10,0,LOW,,commercial
average cost of website design for small business reddit,web-design,website design cost,10,6.86,MEDIUM,,commercial
static website design cost,web-design,website design cost,10,0,,,commercial
new website design cost,web-design,website design cost,10,0,,,commercial
how much cost to design a website,web-design,website design cost,10,0,LOW,29,informational
low cost website design company in chennai,web-design,website design cost,10,0,,,commercial
website design uk cost,web-design,website design cost,10,0,LOW,0,commercial
what is the cost of website design,web-design,website design cost,10,19.84,HIGH,63,informational
website design cost in hyderabad,web-design,website design cost,10,0,LOW,43,commercial
what is the cost for website design,web-design,website design cost,10,19.84,HIGH,,informational
website design cost in dubai,web-design,website design cost,10,0,,,commercial
corporate website design cost,web-design,website design cost,10,0,,,commercial
1 page website design cost,web-design,website design cost,10,0,LOW,,commercial
how much a website design cost,web-design,website design cost,10,21.82,MEDIUM,29,informational
how much does it cost to design an ecommerce website,web-design,website design cost,10,0,LOW,,informational
website design cost canada,web-design,website design cost,10,0,HIGH,43,commercial
how much cost for website design in india,web-design,website design cost,10,0,,,informational
website design dubai cost,web-design,website design cost,10,0,,42,commercial
cost to design website,web-design,website design cost,10,0,LOW,12,commercial
how much does a good website design cost,web-design,website design cost,10,0,,,informational
website design cost in coimbatore,web-design,website design cost,10,0,,42,commercial
one page website design cost,web-design,website design cost,10,0,LOW,,commercial
low cost website design company in india,web-design,website design cost,10,0,LOW,,commercial
cost of website design in canada,web-design,website design cost,10,0,HIGH,43,commercial
low cost website design in hyderabad,web-design,website design cost,10,0,,,commercial
website design nz cost,web-design,website design cost,10,0,,42,commercial
per page website design cost,web-design,website design cost,10,0,LOW,11,commercial
website design singapore cost,web-design,website design cost,10,0,HIGH,,commercial
website design cost calculator uk,web-design,website design cost,10,0,,42,commercial
website design freelance cost,web-design,website design cost,10,0,MEDIUM,0,commercial
how much does a new website design cost,web-design,website design cost,10,0,LOW,,commercial
low cost website design uk,web-design,website design cost,10,0,HIGH,,commercial
cost website design and development,web-design,website design cost,10,0,,14,commercial
singapore website design cost,web-design,website design cost,10,0,HIGH,,commercial
low cost website design in chennai,web-design,website design cost,10,0,,,commercial
how much should it cost to design a website,web-design,website design cost,10,0,,,informational
restaurant website design cost,web-design,website design cost,10,0,,,commercial
cost of website design uk,web-design,website design cost,10,0,LOW,7,commercial
website design cost in delhi,web-design,website design cost,10,0,,,commercial
website design cost in pakistan,web-design,website design cost,10,0,LOW,42,commercial
small website design cost,web-design,website design cost,10,0,HIGH,,commercial
website design cost malaysia,web-design,website design cost,10,0,,,commercial
website design cost new zealand,web-design,website design cost,10,0,,,commercial
average cost of website design and development,web-design,website design cost,10,0,,,commercial
website design cost toronto,web-design,website design cost,10,0,,,commercial
website design cost in australia,web-design,website design cost,10,0,,42,commercial
bom website redesign,web-design,website redesign,10,0,,,navigational
can ai redesign my website,web-design,website redesign,10,0,HIGH,,informational
ai redesign existing website,web-design,website redesign,10,4.31,MEDIUM,,navigational
website redesign launch plan,web-design,website redesign,10,0,LOW,45,informational
redesign your website with ai,web-design,website redesign,10,0,HIGH,,commercial
should i redesign my website,web-design,website redesign,10,0,,,informational
redesign my website with ai,web-design,website redesign,10,26.67,HIGH,,informational
yahoo website redesign,web-design,website redesign,10,0,LOW,,navigational
kpis for website redesign,web-design,website redesign,10,0,HIGH,,navigational
can you capitalize website redesign,web-design,website redesign,10,0,LOW,,informational
higher education website redesign,web-design,website redesign,10,0,MEDIUM,,navigational
press release website redesign,web-design,website redesign,10,0,,40,informational
ux case study website redesign,web-design,website redesign,10,0,,,navigational
use ai to redesign website,web-design,website redesign,10,0,LOW,,informational
home redesign website,web-design,website redesign,10,2.59,MEDIUM,,informational
website redesign launch,web-design,website redesign,10,0,,44,informational
website redesign process steps,web-design,website redesign,10,0,MEDIUM,53,informational
fidelity website redesign,web-design,website redesign,10,0,,,navigational
website redesign scope of work example,web-design,website redesign,10,0,LOW,0,informational
website redesign brief,web-design,website redesign,10,0,,,informational
redesign wordpress website,web-design,website redesign,10,0,MEDIUM,0,commercial
benefits of website redesign,web-design,website redesign,10,0,LOW,0,informational
real estate website redesign,web-design,website redesign,10,0,,,informational
harvard website redesign,web-design,website redesign,10,0,LOW,,navigational
website redesign survey questions,web-design,website redesign,10,0,MEDIUM,0,informational
goals of website redesign,web-design,website redesign,10,0,,0,informational
website redesign rfp example,web-design,website redesign,10,16.58,MEDIUM,45,informational
why redesign website,web-design,website redesign,10,0,LOW,12,informational
stakeholder interview questions website redesign,web-design,website redesign,10,0,,44,navigational
hubspot website redesign,web-design,website redesign,10,0,MEDIUM,58,navigational
how to redesign a website using wordpress,web-design,website redesign,10,0,,,informational
corporate website redesign,web-design,website redesign,10,0,HIGH,19,navigational
nike website redesign,web-design,website redesign,10,0,,,navigational
when should i redesign my website,web-design,website redesign,10,0,LOW,47,informational
apple website redesign,web-design,website redesign,10,0,LOW,,navigational
benefits of a website redesign,web-design,website redesign,10,0,,16,informational
cia website redesign,web-design,website redesign,10,0,LOW,52,navigational
verge website redesign,web-design,website redesign,10,0,,,navigational
when to redesign your website,web-design,website redesign,10,0,LOW,55,informational
website redesign email,web-design,website redesign,10,0,,43,commercial
website redesign frequency,web-design,website redesign,10,0,,45,informational
reddit website redesign,web-design,website redesign,10,0,,,informational
cost to redesign website,web-design,website redesign,10,0,HIGH,1,commercial
facebook website redesign,web-design,website redesign,10,0,,,navigational
website redesign ux case study,web-design,website redesign,10,0,LOW,18,navigational
goals for website redesign,web-design,website redesign,10,0,LOW,0,informational
sample proposal for website redesign,web-design,website redesign,10,0,,4,commercial
wordpress website redesign process,web-design,website redesign,10,0,,44,informational
how much should i charge to redesign a website,web-design,website redesign,10,0,MEDIUM,,informational
website redesign survey,web-design,website redesign,10,0,,17,informational
white house website redesign,web-design,website redesign,10,0,,,navigational
checklist for website redesign,web-design,website redesign,10,0,,0,informational
vertex ai memory bank agent development,ai-agent-dev,ai agent development,10,0,,,commercial
vertex ai agent development kit,ai-agent-dev,ai agent development,10,0,MEDIUM,,transactional
ai agent development jobs,ai-agent-dev,ai agent development,10,0,LOW,1,informational
best ide for ai agent development,ai-agent-dev,ai agent development,10,0,LOW,,commercial
google ai software agent development,ai-agent-dev,ai agent development,10,0,,,commercial
ai agent development python,ai-agent-dev,ai agent development,10,28.74,HIGH,,navigational
agent development tools in ai,ai-agent-dev,ai agent development,10,0,,36,commercial
google ai agent software development,ai-agent-dev,ai agent development,10,0,,,commercial
ai agent development lifecycle,ai-agent-dev,ai agent development,10,13.97,MEDIUM,,informational
ai agent system development,ai-agent-dev,ai agent development,10,0,,,commercial
ai coding agent development,ai-agent-dev,ai agent development,10,0,LOW,32,commercial
best ai agent for app development,ai-agent-dev,ai agent development,10,44.3,MEDIUM,,commercial
datastax ai agent development,ai-agent-dev,ai agent development,10,0,,,commercial
ai agent development roadmap,ai-agent-dev,ai agent development,10,0,LOW,,informational
ai agent development team,ai-agent-dev,ai agent development,10,0,MEDIUM,,navigational
ai agent for web development,ai-agent-dev,ai agent development,10,0,MEDIUM,,commercial
learn ai agent development,ai-agent-dev,ai agent development,10,17.48,HIGH,,informational
ai agent capability development,ai-agent-dev,ai agent development,10,0,,,informational
best ai agent for software development,ai-agent-dev,ai agent development,10,18.76,HIGH,,commercial
sap joule studio ai agent development,ai-agent-dev,ai agent development,10,0,,,transactional
ai agent development proposal,ai-agent-dev,ai agent development,10,0,HIGH,,commercial
mobile app development ai agent,ai-agent-dev,ai agent development,10,0,,,commercial
ai agent for frontend development,ai-agent-dev,ai agent development,10,0,LOW,,transactional
building agentic ai systems hands on agent development pdf,ai-agent-dev,ai agent development,10,0,LOW,,commercial
ai agent development company in usa,ai-agent-dev,ai agent development,10,16.4,LOW,,commercial
ai agent game development,ai-agent-dev,ai agent development,10,0,LOW,,commercial
ai agent for website development,ai-agent-dev,ai agent development,10,0,MEDIUM,,transactional
best ai agent for web development,ai-agent-dev,ai agent development,10,0,LOW,,commercial
business development ai agent,ai-agent-dev,ai agent development,10,40.25,HIGH,,commercial
embabel ai agent development java,ai-agent-dev,ai agent development,10,0,HIGH,,transactional
ai agent development course free,ai-agent-dev,ai agent development,10,6.23,HIGH,,commercial
ai automation agency pdf,ai-agent-dev,ai automation agency,10,0,,,navigational
ai automation agency meaning,ai-agent-dev,ai automation agency,10,0,LOW,,informational
ai automation agency reviews,ai-agent-dev,ai automation agency,10,0,LOW,,commercial
ai automation agency chatbot,ai-agent-dev,ai automation agency,10,0,LOW,,commercial
ai automation agency in usa,ai-agent-dev,ai automation agency,10,0,MEDIUM,,commercial
ai automation agency accelerator by liam ottley,ai-agent-dev,ai automation agency,10,0,,,commercial
ai automation agency nz,ai-agent-dev,ai automation agency,10,0,HIGH,,commercial
ai automation agency names,ai-agent-dev,ai automation agency,10,0,HIGH,,commercial
reddit ai automation agency,ai-agent-dev,ai automation agency,10,0,LOW,20,informational
ai automation agency ninjas,ai-agent-dev,ai automation agency,10,0,,,informational
ai automation agency malaysia,ai-agent-dev,ai automation agency,10,0,,,commercial
is ai automation agency saturated,ai-agent-dev,ai automation agency,10,0,LOW,,informational
ai automation digital agency,ai-agent-dev,ai automation agency,10,0,,,commercial
how to create an ai automation agency,ai-agent-dev,ai automation agency,10,16.81,HIGH,,informational
ai automation agency the real world,ai-agent-dev,ai automation agency,10,0,,,navigational
how to learn ai automation agency,ai-agent-dev,ai automation agency,10,0,,,informational
ai automation agency accelerator liam ottley,ai-agent-dev,ai automation agency,10,0,,,commercial
ai automation agency in dubai,ai-agent-dev,ai automation agency,10,0,,,commercial
digital marketing agency ai automation support,ai-agent-dev,ai automation agency,10,0,,,commercial
how to find clients for ai automation agency,ai-agent-dev,ai automation agency,10,0,MEDIUM,,commercial
ai automation agency indonesia,ai-agent-dev,ai automation agency,10,0,,,commercial
ai automation agency india,ai-agent-dev,ai automation agency,10,0,LOW,,navigational
corbin ai start a successful ai automation agency,ai-agent-dev,ai automation agency,10,0,LOW,,transactional
ai automation agency explained,ai-agent-dev,ai automation agency,10,0,HIGH,,transactional
ai automation agency hub reviews,ai-agent-dev,ai automation agency,10,0,LOW,,commercial
ai automation agency website template,ai-agent-dev,ai automation agency,10,0,HIGH,,navigational
ai automation agency real estate,ai-agent-dev,ai automation agency,10,0,,,navigational
ai automation agency blueprint,ai-agent-dev,ai automation agency,10,4.43,MEDIUM,,navigational
ai automation agency hub skool,ai-agent-dev,ai automation agency,10,0,LOW,,navigational
how much do ai automation agency make,ai-agent-dev,ai automation agency,10,0,LOW,,commercial
ai automation agency hub liam ottley,ai-agent-dev,ai automation agency,10,0,MEDIUM,,commercial
how to start an ai automation agency for free,ai-agent-dev,ai automation agency,10,0,,,commercial
how to start an ai automation agency step by step,ai-agent-dev,ai automation agency,10,5.5,MEDIUM,,informational
ai automation agency scam,ai-agent-dev,ai automation agency,10,0,,,informational
is ai automation agency legit,ai-agent-dev,ai automation agency,10,0,,0,informational
ai automation agency niche,ai-agent-dev,ai automation agency,10,0,LOW,,navigational
ai automation agency accelerator,ai-agent-dev,ai automation agency,10,0,,,commercial
real estate ai automation agency,ai-agent-dev,ai automation agency,10,0,,,commercial
ai automation agency in pakistan,ai-agent-dev,ai automation agency,10,0,,,commercial
ai automation agency how to start,ai-agent-dev,ai automation agency,10,0,HIGH,2,informational
ai automation agency ideas,ai-agent-dev,ai automation agency,10,0,,,commercial
ai automation agency là gì,ai-agent-dev,ai automation agency,10,0,,,navigational
ai automation agency 2025,ai-agent-dev,ai automation agency,10,0,,,commercial
is ai automation agency worth it reddit,ai-agent-dev,ai automation agency,10,0,LOW,,commercial
start ai automation agency,ai-agent-dev,ai automation agency,10,29.41,MEDIUM,,commercial
aaa ai automation agency,ai-agent-dev,ai automation agency,10,0,LOW,,navigational
ai automation agency examples,ai-agent-dev,ai automation agency,10,30.69,MEDIUM,,informational
ai automation agency by andrew tate,ai-agent-dev,ai automation agency,10,0,,,informational
ai and automation agency,ai-agent-dev,ai automation agency,10,0,,,navigational
the real world ai automation agency,ai-agent-dev,ai automation agency,10,0,,,navigational
ai automation agency niches,ai-agent-dev,ai automation agency,10,0,LOW,,navigational
ai automation agency full course,ai-agent-dev,ai automation agency,10,33.44,HIGH,,navigational
ai automation agency liam ottley,ai-agent-dev,ai automation agency,10,9.98,LOW,,navigational
ai automation agency dubai,ai-agent-dev,ai automation agency,10,0,LOW,,commercial
ai automation agency jobs,ai-agent-dev,ai automation agency,10,1.98,LOW,,navigational
ai automation agency tutorial,ai-agent-dev,ai automation agency,10,0,,,navigational
ai automation agency n8n,ai-agent-dev,ai automation agency,10,0,,,navigational
ai automation agency list,ai-agent-dev,ai automation agency,10,20.28,HIGH,,navigational
how to create ai automation agency,ai-agent-dev,ai automation agency,10,0,HIGH,,informational
ai automation agency in india,ai-agent-dev,ai automation agency,10,0,HIGH,,commercial
ai automation agency australia,ai-agent-dev,ai automation agency,10,0,LOW,,commercial
ai automation marketing agency,ai-agent-dev,ai automation agency,10,0,MEDIUM,,commercial
ai automation agency tools,ai-agent-dev,ai automation agency,10,0,MEDIUM,,commercial
ai automation agency discord,ai-agent-dev,ai automation agency,10,0,LOW,,navigational
liam ottley ai automation agency,ai-agent-dev,ai automation agency,10,7.47,MEDIUM,,navigational
trw ai automation agency,ai-agent-dev,ai automation agency,10,0,,,navigational
ai automation agency salary,ai-agent-dev,ai automation agency,10,0,LOW,,commercial
andrew tate ai automation agency,ai-agent-dev,ai automation agency,10,0,,,navigational
ai automation agency uk,ai-agent-dev,ai automation agency,10,0,LOW,,commercial
how to build ai automation agency,ai-agent-dev,ai automation agency,10,19.82,HIGH,,informational
skool ai automation agency hub,ai-agent-dev,ai automation agency,10,2.9,LOW,,navigational
ai business automation agency,ai-agent-dev,ai automation agency,10,14.04,HIGH,,commercial
ai automation agency 2024,ai-agent-dev,ai automation agency,10,0,,,informational
optimind ai automation agency,ai-agent-dev,ai automation agency,10,0,HIGH,,commercial
how to get clients for ai automation agency,ai-agent-dev,ai automation agency,10,24.14,HIGH,,commercial
how to start ai automation agency,ai-agent-dev,ai automation agency,10,19.24,MEDIUM,2,informational
build ai automation agency,ai-agent-dev,ai automation agency,10,0,,,commercial
ai automation agency usa,ai-agent-dev,ai automation agency,10,9.8,MEDIUM,,navigational
ai automation agency course free,ai-agent-dev,ai automation agency,10,10.12,HIGH,,informational
ai automation agency model,ai-agent-dev,ai automation agency,10,0,LOW,,commercial
what ai automation agency,ai-agent-dev,ai automation agency,10,0,,,informational
ai automation agency south africa,ai-agent-dev,ai automation agency,10,0,,,navigational
ai automation agency template,ai-agent-dev,ai automation agency,10,22.14,LOW,,navigational
ai automation agency skool,ai-agent-dev,ai automation agency,10,0,LOW,,navigational
meta capital ai automation agency,ai-agent-dev,ai automation agency,10,0,,,navigational
best niches for ai automation agency,ai-agent-dev,ai automation agency,10,0,MEDIUM,,commercial
ai automation agency websites,ai-agent-dev,ai automation agency,10,36.25,HIGH,,commercial
ai chatbot development tutorial,ai-agent-dev,ai chatbot development,10,0,,,informational
ai chatbot development course,ai-agent-dev,ai chatbot development,10,0,,,commercial
ai and chatbot development course,ai-agent-dev,ai chatbot development,10,0,,,commercial
what is ai chatbot development,ai-agent-dev,ai chatbot development,10,0,LOW,,informational
generative ai chatbot development,ai-agent-dev,ai chatbot development,10,0,LOW,,commercial
best ai chatbot for web development,ai-agent-dev,ai chatbot development,10,0,LOW,,commercial
ai based chatbot development,ai-agent-dev,ai chatbot development,10,0,,,commercial
building ai agents for small business,ai-agent-dev,ai agents for business,10,0,MEDIUM,,commercial
ai agents for business processes,ai-agent-dev,ai agents for business,10,0,LOW,,commercial
ai agents for your business,ai-agent-dev,ai agents for business,10,49.24,HIGH,,commercial
